id,rev_window,occ_days,real_vac,real_revenue_365,is_dormant
68398,1,60.0,0.7802,88081.32,0
271733,1,28.0,0.8974,44923.08,0
272314,0,0.0,1.0,0.0,1
289296,0,0.0,1.0,0.0,1
289298,1,60.0,0.7802,176082.42,0
333362,0,0.0,1.0,0.0,0
646629,31,186.0,0.3187,552072.53,0
718493,2,140.0,0.4872,282453.85,0
761561,4,40.0,0.8535,82198.53,0
869581,0,0.0,1.0,0.0,1
963051,0,0.0,1.0,0.0,1
983054,0,0.0,1.0,0.0,1
1015037,1,60.0,0.7802,112468.13,0
1037747,0,0.0,1.0,0.0,1
1072856,1,6.0,0.978,21731.54,0
1072857,11,66.0,0.7582,275579.01,0
1094125,5,190.73,0.3014,1198524.96,0
1097851,5,30.0,0.8901,121051.65,0
1120179,7,190.73,0.3014,532961.1,0
1126278,0,0.0,1.0,0.0,1
1139869,0,0.0,1.0,0.0,1
1259320,2,112.0,0.5897,632217.44,0
1297987,16,190.73,0.3014,591867.33,0
1599241,0,0.0,1.0,0.0,1
1618365,0,0.0,1.0,0.0,1
1631691,14,84.0,0.6923,164530.77,0
1664910,4,24.0,0.9121,56474.73,0
1671130,8,190.73,0.3014,326661.8,0
1689077,38,190.73,0.3014,373582.78,0
1701140,11,66.0,0.7582,115596.7,0
1718240,26,156.0,0.4286,536445.71,0
1804621,4,24.0,0.9121,108264.62,0
1805413,20,120.0,0.5604,231674.73,0
1805783,3,156.0,0.4286,1163828.57,0
1808483,25,150.0,0.4505,234642.86,0
1828204,4,24.0,0.9121,46334.95,0
1828230,8,48.0,0.8242,94017.58,0
1838199,0,0.0,1.0,0.0,1
1838528,0,0.0,1.0,0.0,0
1849010,0,0.0,1.0,0.0,1
1884880,0,0.0,1.0,0.0,0
1911361,0,0.0,1.0,0.0,1
1933639,0,0.0,1.0,0.0,0
1938837,5,70.0,0.7436,162097.44,0
1980573,1,10.0,0.9634,29413.92,0
2075962,0,0.0,1.0,0.0,1
2084454,0,0.0,1.0,0.0,1
2114695,0,0.0,1.0,0.0,1
2263430,0,0.0,1.0,0.0,1
2365294,0,0.0,1.0,0.0,1
2429479,0,0.0,1.0,0.0,1
2498582,0,0.0,1.0,0.0,1
2498747,0,0.0,1.0,0.0,1
2498893,0,0.0,1.0,0.0,1
2553760,0,0.0,1.0,0.0,1
2632210,26,190.73,0.3014,1289051.85,0
2637590,10,60.0,0.7802,103563.74,0
2678719,1,60.0,0.7802,26151.65,0
2753686,0,0.0,1.0,0.0,0
2808875,0,0.0,1.0,0.0,1
2969214,0,0.0,1.0,0.0,1
3028074,1,42.0,0.8462,129153.85,0
3062366,1,8.0,0.9707,74871.79,0
3070785,8,80.0,0.707,134448.35,0
3106555,4,48.0,0.8242,118596.92,0
3186548,25,150.0,0.4505,261516.48,0
3214180,19,114.0,0.5824,852166.7,0
3304239,1,76.0,0.7216,147641.83,0
3399891,1,62.0,0.7729,328259.34,0
3407985,0,0.0,1.0,0.0,1
3485675,0,0.0,1.0,0.0,0
3499060,0,0.0,1.0,0.0,1
3840606,27,190.73,0.3014,532706.1,0
3879242,24,144.0,0.4725,341543.74,0
3908056,0,0.0,1.0,0.0,1
3919250,0,0.0,1.0,0.0,0
3933100,0,0.0,1.0,0.0,1
3953759,0,0.0,1.0,0.0,1
3975942,4,190.73,0.3014,703814.66,0
4014018,15,150.0,0.4505,305436.81,0
4014179,2,24.0,0.9121,112307.69,0
4018116,14,112.0,0.5897,220123.08,0
4035563,0,0.0,1.0,0.0,0
4054999,14,112.0,0.5897,206346.67,0
4106145,0,0.0,1.0,0.0,1
4106431,0,0.0,1.0,0.0,1
4118004,0,0.0,1.0,0.0,1
4148503,0,0.0,1.0,0.0,0
4317397,0,0.0,1.0,0.0,0
4318191,0,0.0,1.0,0.0,1
4320299,0,0.0,1.0,0.0,1
4372441,0,0.0,1.0,0.0,1
4467294,0,0.0,1.0,0.0,0
4468613,0,0.0,1.0,0.0,1
4495681,0,0.0,1.0,0.0,1
4495844,0,0.0,1.0,0.0,1
4507773,0,0.0,1.0,0.0,1
4520900,0,0.0,1.0,0.0,1
4541617,0,0.0,1.0,0.0,1
4561084,0,0.0,1.0,0.0,1
4568861,3,180.0,0.3407,308284.62,0
4607827,0,0.0,1.0,0.0,1
4630004,0,0.0,1.0,0.0,1
4702288,0,0.0,1.0,0.0,1
4702374,0,0.0,1.0,0.0,1
4738149,0,0.0,1.0,0.0,1
4749034,0,0.0,1.0,0.0,1
4777225,2,120.0,0.5604,150010.99,0
4844292,3,90.0,0.6703,194452.75,0
4845099,0,0.0,1.0,0.0,0
4848637,0,0.0,1.0,0.0,1
4851830,38,190.73,0.3014,302946.31,0
4863470,0,0.0,1.0,0.0,1
4890403,0,0.0,1.0,0.0,1
4892246,0,0.0,1.0,0.0,1
4894283,0,0.0,1.0,0.0,1
4912003,0,0.0,1.0,0.0,1
4934107,0,0.0,1.0,0.0,0
4938261,0,0.0,1.0,0.0,0
4944433,0,0.0,1.0,0.0,1
4944559,6,190.73,0.3014,566621.8,0
4951590,0,0.0,1.0,0.0,0
4969123,0,0.0,1.0,0.0,1
4984328,0,0.0,1.0,0.0,0
5001526,15,150.0,0.4505,363796.7,0
5081030,0,0.0,1.0,0.0,1
5081189,0,0.0,1.0,0.0,1
5111903,25,150.0,0.4505,260914.84,0
5184999,3,18.0,0.9341,63606.26,0
5193504,12,96.0,0.6484,251184.18,0
5222553,2,80.0,0.707,235525.27,0
5290265,0,0.0,1.0,0.0,1
5352519,0,0.0,1.0,0.0,1
5369168,0,0.0,1.0,0.0,1
5392448,0,0.0,1.0,0.0,1
5395912,0,0.0,1.0,0.0,1
5448667,0,0.0,1.0,0.0,0
5472730,0,0.0,1.0,0.0,1
5475006,0,0.0,1.0,0.0,0
5475668,1,60.0,0.7802,147845.05,0
5515015,2,12.0,0.956,24868.13,0
5575829,14,84.0,0.6923,242023.08,0
5607149,0,0.0,1.0,0.0,0
5608812,0,0.0,1.0,0.0,1
5673023,0,0.0,1.0,0.0,0
5680005,1,6.0,0.978,21202.09,0
5731739,0,0.0,1.0,0.0,0
5770849,0,0.0,1.0,0.0,1
5848620,0,0.0,1.0,0.0,1
5854576,1,60.0,0.7802,187313.19,0
5966970,19,114.0,0.5824,391255.93,0
5976179,14,84.0,0.6923,266506.15,0
6008427,1,56.0,0.7949,53907.69,0
6023644,1,56.0,0.7949,52410.26,0
6046711,1,6.0,0.978,33178.9,0
6050738,0,0.0,1.0,0.0,1
6068270,25,150.0,0.4505,389667.58,0
6087214,2,120.0,0.5604,337564.84,0
6094681,0,0.0,1.0,0.0,1
6110481,0,0.0,1.0,0.0,0
6121089,0,0.0,1.0,0.0,0
6121199,10,60.0,0.7802,237691.21,0
6173828,0,0.0,1.0,0.0,1
6196233,7,190.73,0.3014,1032771.51,0
6217090,0,0.0,1.0,0.0,1
6224868,3,186.0,0.3187,571967.03,0
6234488,0,0.0,1.0,0.0,0
6243561,9,126.0,0.5385,366909.23,0
6314122,18,108.0,0.6044,263666.37,0
6377639,0,0.0,1.0,0.0,1
6380635,0,0.0,1.0,0.0,1
6380722,0,0.0,1.0,0.0,0
6380811,0,0.0,1.0,0.0,0
6380940,0,0.0,1.0,0.0,1
6386082,0,0.0,1.0,0.0,0
6400213,4,160.0,0.4139,515545.79,0
6405839,3,180.0,0.3407,283978.02,0
6511572,2,12.0,0.956,27114.29,0
6511868,0,0.0,1.0,0.0,1
6546414,0,0.0,1.0,0.0,1
6554371,3,18.0,0.9341,40671.43,0
6567840,0,0.0,1.0,0.0,0
6597813,0,0.0,1.0,0.0,0
6694505,2,12.0,0.956,25734.51,0
6753698,0,0.0,1.0,0.0,1
6771979,0,0.0,1.0,0.0,1
6816756,2,12.0,0.956,42404.18,0
6898486,1,60.0,0.7802,146721.98,0
6902353,2,112.0,0.5897,294695.38,0
6996925,0,0.0,1.0,0.0,0
7014236,0,0.0,1.0,0.0,1
7045673,0,0.0,1.0,0.0,0
7196744,1,6.0,0.978,13557.14,0
7236737,12,72.0,0.7363,593080.88,0
7283802,0,0.0,1.0,0.0,1
7312737,5,30.0,0.8901,100876.37,0
7319733,0,0.0,1.0,0.0,1
7351938,0,0.0,1.0,0.0,1
7370637,2,12.0,0.956,25124.84,0
7375824,2,12.0,0.956,30948.79,0
7658761,0,0.0,1.0,0.0,1
7724648,0,0.0,1.0,0.0,0
7725908,20,120.0,0.5604,420030.77,0
7797772,0,0.0,1.0,0.0,0
7848303,13,182.0,0.3333,652620.0,0
7861901,0,0.0,1.0,0.0,0
7864125,2,112.0,0.5897,97333.33,0
7922657,11,66.0,0.7582,635340.66,0
7931592,24,144.0,0.4725,568341.1,0
8002342,0,0.0,1.0,0.0,1
8118749,12,72.0,0.7363,85578.46,0
8137719,11,190.73,0.3014,1213825.28,0
8202791,0,0.0,1.0,0.0,0
8214630,0,0.0,1.0,0.0,1
8260269,23,184.0,0.326,1027818.61,0
8323680,17,102.0,0.6264,288430.22,0
8383669,7,42.0,0.8462,145494.62,0
8384357,0,0.0,1.0,0.0,1
8395269,0,0.0,1.0,0.0,1
8428125,0,0.0,1.0,0.0,0
8431901,11,66.0,0.7582,391440.44,0
8479555,8,48.0,0.8242,84776.26,0
8547900,19,114.0,0.5824,383330.22,0
8592007,0,0.0,1.0,0.0,1
8613386,4,24.0,0.9121,63534.07,0
8620493,0,0.0,1.0,0.0,0
8712419,2,120.0,0.5604,256382.42,0
8751539,28,168.0,0.3846,1446972.31,0
8781059,10,190.73,0.3014,528626.01,0
8880657,19,152.0,0.4432,374540.81,0
8893269,0,0.0,1.0,0.0,0
9051375,11,66.0,0.7582,120979.45,0
9053364,11,66.0,0.7582,120273.52,0
9054031,11,66.0,0.7582,149128.57,0
9121994,0,0.0,1.0,0.0,1
9144261,1,6.0,0.978,19549.56,0
9202653,10,60.0,0.7802,170467.03,0
9292277,2,56.0,0.7949,164867.69,0
9311543,17,136.0,0.5018,1688487.33,0
9372986,7,190.73,0.3014,479154.98,0
9413296,0,0.0,1.0,0.0,0
9419095,0,0.0,1.0,0.0,1
9438346,14,112.0,0.5897,297840.0,0
9457310,0,0.0,1.0,0.0,1
9466812,16,190.73,0.3014,1138088.7,0
9468976,0,0.0,1.0,0.0,0
9471108,3,18.0,0.9341,97611.43,0
9535176,0,0.0,1.0,0.0,0
9622276,0,0.0,1.0,0.0,1
9669477,1,14.0,0.9487,65512.82,0
9686963,0,0.0,1.0,0.0,1
9715354,5,30.0,0.8901,353287.91,0
9788632,0,0.0,1.0,0.0,0
9852663,14,190.73,0.3014,557951.62,0
9868533,0,0.0,1.0,0.0,1
9950852,6,190.73,0.3014,401123.35,0
9988638,1,60.0,0.7802,158915.38,0
10047044,2,12.0,0.956,29569.01,0
10096368,0,0.0,1.0,0.0,1
10150463,11,66.0,0.7582,131391.98,0
10150804,5,30.0,0.8901,79497.8,0
10151418,8,48.0,0.8242,116864.18,0
10167061,0,0.0,1.0,0.0,0
10196520,2,120.0,0.5604,130597.8,0
10232580,0,0.0,1.0,0.0,1
10254998,0,0.0,1.0,0.0,1
10296809,3,180.0,0.3407,202875.82,0
10301726,1,20.0,0.9267,85968.86,0
10448762,11,66.0,0.7582,467240.11,0
10463842,4,190.73,0.3014,209614.37,0
10483990,0,0.0,1.0,0.0,1
10530378,1,6.0,0.978,12434.07,0
10554878,1,6.0,0.978,7107.47,0
10558422,0,0.0,1.0,0.0,1
10559106,0,0.0,1.0,0.0,1
10560003,17,102.0,0.6264,303976.81,0
10576868,0,0.0,1.0,0.0,1
10578817,2,12.0,0.956,26729.23,0
10579389,4,24.0,0.9121,56667.25,0
10596335,0,0.0,1.0,0.0,1
10619369,16,96.0,0.6484,137978.02,0
10619401,0,0.0,1.0,0.0,1
10619884,2,12.0,0.956,19605.71,0
10620143,2,12.0,0.956,8342.86,0
10620342,5,30.0,0.8901,20857.14,0
10650328,35,190.73,0.3014,285605.95,0
10689015,13,78.0,0.7143,191781.43,0
10740773,0,0.0,1.0,0.0,0
10742557,0,0.0,1.0,0.0,1
10753725,9,54.0,0.8022,123241.65,0
10755410,2,12.0,0.956,27387.03,0
10755679,0,0.0,1.0,0.0,0
10758473,0,0.0,1.0,0.0,1
10844845,0,0.0,1.0,0.0,1
10845204,0,0.0,1.0,0.0,1
10845460,0,0.0,1.0,0.0,1
10846244,0,0.0,1.0,0.0,1
10847380,0,0.0,1.0,0.0,1
10847892,0,0.0,1.0,0.0,1
10848436,0,0.0,1.0,0.0,1
11007917,16,96.0,0.6484,217170.99,0
11024330,15,90.0,0.6703,91450.55,0
11026681,0,0.0,1.0,0.0,1
11129625,0,0.0,1.0,0.0,1
11140660,3,24.0,0.9121,76850.55,0
11183004,15,90.0,0.6703,146561.54,0
11246441,2,12.0,0.956,48934.07,0
11301973,4,24.0,0.9121,52720.44,0
11324283,4,24.0,0.9121,94370.55,0
11327928,11,66.0,0.7582,284844.4,0
11330930,8,48.0,0.8242,271720.44,0
11402960,12,72.0,0.7363,207448.35,0
11540482,0,0.0,1.0,0.0,0
11561837,2,112.0,0.5897,263848.21,0
11660562,19,114.0,0.5824,182901.1,0
11679874,26,156.0,0.4286,156220.0,0
11686801,0,0.0,1.0,0.0,1
11693088,10,60.0,0.7802,80219.78,0
11839710,15,90.0,0.6703,322242.86,0
11873875,0,0.0,1.0,0.0,1
11977286,9,54.0,0.8022,160423.52,0
11984141,0,0.0,1.0,0.0,1
12044977,0,0.0,1.0,0.0,1
12073442,3,180.0,0.3407,396606.59,0
12078891,0,0.0,1.0,0.0,0
12080926,0,0.0,1.0,0.0,1
12085043,4,24.0,0.9121,55030.77,0
12128820,22,132.0,0.5165,207897.58,0
12163734,1,6.0,0.978,13693.52,0
12177438,8,48.0,0.8242,147861.1,0
12195168,0,0.0,1.0,0.0,1
12221943,2,12.0,0.956,31879.34,0
12255487,0,0.0,1.0,0.0,0
12333661,0,0.0,1.0,0.0,1
12367961,1,6.0,0.978,16685.71,0
12396857,0,0.0,1.0,0.0,1
12473860,0,0.0,1.0,0.0,1
12482688,0,0.0,1.0,0.0,1
12482897,0,0.0,1.0,0.0,1
12482913,0,0.0,1.0,0.0,1
12483996,1,14.0,0.9487,65512.82,0
12559667,0,0.0,1.0,0.0,0
12617215,7,190.73,0.3014,1438994.97,0
12629735,0,0.0,1.0,0.0,1
12629805,0,0.0,1.0,0.0,1
12765506,1,14.0,0.9487,19597.69,0
12767952,28,168.0,0.3846,454396.92,0
12796531,0,0.0,1.0,0.0,1
12815108,0,0.0,1.0,0.0,1
12815941,0,0.0,1.0,0.0,0
12892380,0,0.0,1.0,0.0,1
12897349,24,144.0,0.4725,435304.62,0
12909519,6,156.0,0.4286,288871.43,0
12937970,5,100.0,0.6337,123805.86,0
12991166,0,0.0,1.0,0.0,1
12999941,1,20.0,0.9267,35858.24,0
13032793,1,6.0,0.978,35697.8,0
13034881,4,24.0,0.9121,107109.45,0
13132837,2,20.0,0.9267,133699.63,0
13155905,8,128.0,0.5311,466515.46,0
13227358,18,144.0,0.4725,951085.71,0
13273687,19,114.0,0.5824,411527.47,0
13316714,18,144.0,0.4725,675001.32,0
13324212,0,0.0,1.0,0.0,0
13364884,3,186.0,0.3187,246194.51,0
13380983,2,12.0,0.956,27114.29,0
13406169,11,66.0,0.7582,324553.19,0
13540710,0,0.0,1.0,0.0,0
13563942,0,0.0,1.0,0.0,0
13610279,4,190.73,0.3014,553616.53,0
13611755,0,0.0,1.0,0.0,1
13649155,11,66.0,0.7582,142510.44,0
13660847,3,180.0,0.3407,542686.81,0
13742219,20,120.0,0.5604,366925.27,0
13780908,0,0.0,1.0,0.0,1
13802886,0,0.0,1.0,0.0,1
13855114,5,40.0,0.8535,74016.12,0
13901288,0,0.0,1.0,0.0,1
13906407,0,0.0,1.0,0.0,0
13928722,0,0.0,1.0,0.0,0
13945956,9,72.0,0.7363,104831.21,0
14003706,0,0.0,1.0,0.0,1
14066109,0,0.0,1.0,0.0,1
14066252,0,0.0,1.0,0.0,0
14068043,10,60.0,0.7802,76529.67,0
14068140,3,18.0,0.9341,22958.9,0
14069575,0,0.0,1.0,0.0,0
14070634,1,6.0,0.978,7652.97,0
14071140,5,30.0,0.8901,38264.84,0
14119540,21,190.73,0.3014,823412.15,0
14158491,0,0.0,1.0,0.0,1
14188621,3,180.0,0.3407,326815.38,0
14214031,13,78.0,0.7143,219417.14,0
14241304,16,160.0,0.4139,707859.34,0
14305998,5,190.73,0.3014,472269.84,0
14322087,36,190.73,0.3014,417953.71,0
14322882,21,126.0,0.5385,429576.92,0
14396024,14,84.0,0.6923,384092.31,0
14397837,1,60.0,0.7802,135571.43,0
14421878,5,30.0,0.8901,113992.31,0
14529227,0,0.0,1.0,0.0,1
14541211,0,0.0,1.0,0.0,0
14559030,5,30.0,0.8901,15121.43,0
14569313,1,60.0,0.7802,87158.79,0
14582309,16,190.73,0.3014,419738.74,0
14623736,0,0.0,1.0,0.0,1
14757959,0,0.0,1.0,0.0,0
14893120,22,132.0,0.5165,234723.08,0
14944407,0,0.0,1.0,0.0,1
14964333,0,0.0,1.0,0.0,0
15035792,5,30.0,0.8901,102841.76,0
15044520,16,96.0,0.6484,595936.7,0
15107917,25,150.0,0.4505,496961.54,0
15141830,2,56.0,0.7949,118671.79,0
15148535,0,0.0,1.0,0.0,1
15215432,6,144.0,0.4725,430106.37,0
15274263,0,0.0,1.0,0.0,0
15305332,14,84.0,0.6923,160263.08,0
15364905,0,0.0,1.0,0.0,1
15379517,25,150.0,0.4505,183502.75,0
15415503,11,66.0,0.7582,382792.75,0
15455911,0,0.0,1.0,0.0,1
15457178,7,42.0,0.8462,49752.31,0
15523177,0,0.0,1.0,0.0,1
15526050,4,24.0,0.9121,63598.24,0
15527182,0,0.0,1.0,0.0,1
15539399,0,0.0,1.0,0.0,1
15572071,7,70.0,0.7436,303698.72,0
15707390,10,190.73,0.3014,480430.01,0
15709563,6,60.0,0.7802,211058.24,0
15736839,5,100.0,0.6337,119928.57,0
15754576,1,6.0,0.978,31093.19,0
15766267,0,0.0,1.0,0.0,1
15769019,1,6.0,0.978,30884.62,0
15769542,2,12.0,0.956,62186.37,0
15791078,0,0.0,1.0,0.0,1
15859205,18,190.73,0.3014,362107.54,0
15864975,9,190.73,0.3014,1020786.26,0
15891578,20,190.73,0.3014,418208.71,0
15911332,10,190.73,0.3014,383272.98,0
15934211,1,6.0,0.978,12674.73,0
15943600,1,6.0,0.978,13252.31,0
15948484,2,120.0,0.5604,245312.09,0
15954301,5,100.0,0.6337,283309.52,0
15964784,0,0.0,1.0,0.0,0
15966400,0,0.0,1.0,0.0,1
15966454,2,12.0,0.956,25349.45,0
16065284,40,190.73,0.3014,376387.84,0
16078176,13,78.0,0.7143,652620.0,0
16080061,2,12.0,0.956,87985.05,0
16089419,4,24.0,0.9121,135763.96,0
16138944,0,0.0,1.0,0.0,1
16142591,10,190.73,0.3014,404183.42,0
16149678,0,0.0,1.0,0.0,0
16194730,15,90.0,0.6703,810059.34,0
16203170,2,24.0,0.9121,82979.34,0
16215192,0,0.0,1.0,0.0,0
16235414,4,24.0,0.9121,96488.35,0
16275341,19,114.0,0.5824,402687.25,0
16340566,0,0.0,1.0,0.0,1
16369174,4,80.0,0.707,486666.67,0
16374348,7,42.0,0.8462,42676.92,0
16424173,1,60.0,0.7802,107253.85,0
16459905,15,190.73,0.3014,704324.67,0
16460912,14,84.0,0.6923,537953.85,0
16469777,0,0.0,1.0,0.0,0
16481066,16,190.73,0.3014,1611123.56,0
16526138,25,190.73,0.3014,236644.93,0
16550758,0,0.0,1.0,0.0,0
16552078,0,0.0,1.0,0.0,0
16553999,13,78.0,0.7143,166544.29,0
16581486,2,120.0,0.5604,183221.98,0
16593304,21,126.0,0.5385,806088.46,0
16739098,27,162.0,0.4066,721256.04,0
16820621,25,190.73,0.3014,1377028.68,0
16836349,2,80.0,0.707,246649.08,0
16860797,10,60.0,0.7802,592583.52,0
16877750,0,0.0,1.0,0.0,1
16916799,4,168.0,0.3846,370615.38,0
16965201,1,6.0,0.978,68307.14,0
16965572,0,0.0,1.0,0.0,1
17025316,0,0.0,1.0,0.0,1
17025907,0,0.0,1.0,0.0,1
17032186,14,84.0,0.6923,328949.23,0
17105691,0,0.0,1.0,0.0,0
17110793,0,0.0,1.0,0.0,1
17206882,0,0.0,1.0,0.0,0
17213225,0,0.0,1.0,0.0,1
17216033,0,0.0,1.0,0.0,1
17248878,18,108.0,0.6044,362866.15,0
17273007,3,18.0,0.9341,44931.1,0
17287805,0,0.0,1.0,0.0,1
17347962,24,144.0,0.4725,366379.78,0
17369769,0,0.0,1.0,0.0,0
17583027,22,132.0,0.5165,227487.25,0
17629624,2,120.0,0.5604,171028.57,0
17661973,0,0.0,1.0,0.0,0
17686934,0,0.0,1.0,0.0,1
17689778,9,54.0,0.8022,179267.14,0
17839590,0,0.0,1.0,0.0,1
17839907,0,0.0,1.0,0.0,1
17851610,0,0.0,1.0,0.0,1
17858551,28,168.0,0.3846,243932.31,0
17859630,25,150.0,0.4505,220604.4,0
17860965,17,102.0,0.6264,159829.89,0
17918107,8,48.0,0.8242,75214.07,0
17928951,4,190.73,0.3014,357772.45,0
17930233,0,0.0,1.0,0.0,1
17946966,14,84.0,0.6923,114778.46,0
17982233,0,0.0,1.0,0.0,1
18020148,0,0.0,1.0,0.0,1
18060986,3,168.0,0.3846,348827.69,0
18072488,29,174.0,0.3626,2492476.7,0
18182753,7,42.0,0.8462,72045.38,0
18201847,4,24.0,0.9121,112949.45,0
18203178,0,0.0,1.0,0.0,0
18219195,29,174.0,0.3626,951254.18,0
18233385,1,6.0,0.978,35272.64,0
18255479,20,190.73,0.3014,1229125.6,0
18258105,3,30.0,0.8901,140585.16,0
18297846,16,190.73,0.3014,920824.18,0
18421633,10,60.0,0.7802,129715.38,0
18423691,11,66.0,0.7582,102183.96,0
18433648,11,110.0,0.5971,474887.73,0
18469735,0,0.0,1.0,0.0,1
18473872,0,0.0,1.0,0.0,0
18492644,4,190.73,0.3014,972080.25,0
18584300,10,190.73,0.3014,498535.38,0
18587625,0,0.0,1.0,0.0,1
18596203,6,36.0,0.8681,56410.55,0
18604818,0,0.0,1.0,0.0,0
18621578,0,0.0,1.0,0.0,1
18622727,0,0.0,1.0,0.0,0
18639148,0,0.0,1.0,0.0,1
18641647,3,186.0,0.3187,654031.87,0
18676657,48,190.73,0.3014,320031.67,0
18710038,0,0.0,1.0,0.0,1
18766785,0,0.0,1.0,0.0,1
18794968,0,0.0,1.0,0.0,1
18795799,0,0.0,1.0,0.0,1
18796471,0,0.0,1.0,0.0,1
18798963,0,0.0,1.0,0.0,1
18799589,1,60.0,0.7802,96263.74,0
18799698,0,0.0,1.0,0.0,1
18800405,11,66.0,0.7582,259519.01,0
18801946,4,190.73,0.3014,338647.05,0
18818844,1,56.0,0.7949,86776.41,0
18849268,0,0.0,1.0,0.0,0
18865759,54,190.73,0.3014,1074082.37,0
18909518,0,0.0,1.0,0.0,0
18909751,0,0.0,1.0,0.0,0
18935800,0,0.0,1.0,0.0,1
18936182,0,0.0,1.0,0.0,1
18936196,0,0.0,1.0,0.0,0
18936207,0,0.0,1.0,0.0,1
18936218,0,0.0,1.0,0.0,1
18944766,0,0.0,1.0,0.0,1
18964686,0,0.0,1.0,0.0,0
19091146,36,190.73,0.3014,1099072.89,0
19103948,0,0.0,1.0,0.0,1
19144139,0,0.0,1.0,0.0,1
19147088,0,0.0,1.0,0.0,1
19155182,8,190.73,0.3014,693104.44,0
19163612,0,0.0,1.0,0.0,1
19170812,1,6.0,0.978,34245.82,0
19173551,0,0.0,1.0,0.0,1
19201503,0,0.0,1.0,0.0,1
19203083,0,0.0,1.0,0.0,1
19220529,24,190.73,0.3014,1249271.02,0
19241006,0,0.0,1.0,0.0,1
19257448,0,0.0,1.0,0.0,1
19296085,0,0.0,1.0,0.0,1
19305100,0,0.0,1.0,0.0,1
19315872,0,0.0,1.0,0.0,1
19387277,0,0.0,1.0,0.0,1
19459682,0,0.0,1.0,0.0,1
19482920,0,0.0,1.0,0.0,1
19496584,0,0.0,1.0,0.0,1
19508482,0,0.0,1.0,0.0,1
19513449,9,54.0,0.8022,169159.45,0
19583881,14,190.73,0.3014,559736.66,0
19627394,0,0.0,1.0,0.0,1
19631662,1,6.0,0.978,11688.02,0
19684277,8,190.73,0.3014,1397684.11,0
19832230,24,144.0,0.4725,462258.46,0
19842055,27,162.0,0.4066,423223.52,0
19842634,25,150.0,0.4505,372420.33,0
19927036,10,60.0,0.7802,243467.03,0
19980159,19,114.0,0.5824,167659.34,0
20002194,17,102.0,0.6264,282702.53,0
20022845,36,190.73,0.3014,597732.45,0
20043720,0,0.0,1.0,0.0,0
20057949,39,190.73,0.3014,487060.14,0
20058047,34,190.73,0.3014,488335.17,0
20059264,32,190.73,0.3014,744870.51,0
20060375,25,150.0,0.4505,486131.87,0
20065266,0,0.0,1.0,0.0,1
20074760,2,12.0,0.956,17431.76,0
20083682,30,180.0,0.3407,373021.98,0
20183528,8,48.0,0.8242,75599.12,0
20193815,0,0.0,1.0,0.0,0
20206353,0,0.0,1.0,0.0,1
20296253,64,190.73,0.3014,707639.74,0
20352146,0,0.0,1.0,0.0,1
20363597,1,6.0,0.978,13196.15,0
20428824,3,84.0,0.6923,68170.77,0
20442991,31,186.0,0.3187,438425.16,0
20461192,9,54.0,0.8022,151326.59,0
20492638,0,0.0,1.0,0.0,1
20517472,7,42.0,0.8462,161723.08,0
20559000,6,36.0,0.8681,49672.09,0
20699662,0,0.0,1.0,0.0,0
20700715,10,60.0,0.7802,328179.12,0
20701142,8,48.0,0.8242,222754.29,0
20743643,0,0.0,1.0,0.0,1
20767814,0,0.0,1.0,0.0,1
20777741,0,0.0,1.0,0.0,0
20791615,0,0.0,1.0,0.0,1
20807129,0,0.0,1.0,0.0,0
20810353,0,0.0,1.0,0.0,0
20813572,0,0.0,1.0,0.0,1
20894718,0,0.0,1.0,0.0,1
20902719,14,140.0,0.4872,1006464.1,0
20910737,26,156.0,0.4286,608611.43,0
20920033,0,0.0,1.0,0.0,1
20963326,0,0.0,1.0,0.0,0
20984231,18,108.0,0.6044,187858.68,0
20984907,19,190.0,0.304,624150.0,0
20985359,0,0.0,1.0,0.0,1
20988820,1,10.0,0.9634,29347.07,0
20989755,1,190.73,0.3014,626803.06,0
21049093,7,42.0,0.8462,93720.77,0
21059299,16,128.0,0.5311,379407.47,0
21061129,8,48.0,0.8242,283015.38,0
21068935,0,0.0,1.0,0.0,1
21071253,0,0.0,1.0,0.0,1
21083767,0,0.0,1.0,0.0,1
21084463,29,174.0,0.3626,287307.14,0
21100732,5,150.0,0.4505,87038.46,0
21133929,31,186.0,0.3187,943248.24,0
21177190,0,0.0,1.0,0.0,1
21245848,0,0.0,1.0,0.0,1
21245850,0,0.0,1.0,0.0,1
21245851,0,0.0,1.0,0.0,1
21274837,0,0.0,1.0,0.0,0
21393080,0,0.0,1.0,0.0,0
21435436,18,108.0,0.6044,234209.67,0
21552847,21,168.0,0.3846,468323.08,0
21553726,15,120.0,0.5604,335158.24,0
21561990,49,190.73,0.3014,408263.5,0
21568771,0,0.0,1.0,0.0,1
21606341,12,96.0,0.6484,284555.6,0
21626266,0,0.0,1.0,0.0,1
21636330,20,120.0,0.5604,298096.7,0
21650100,0,0.0,1.0,0.0,0
21692382,0,0.0,1.0,0.0,1
21702810,1,56.0,0.7949,112307.69,0
21703615,0,0.0,1.0,0.0,1
21718399,0,0.0,1.0,0.0,1
21759941,0,0.0,1.0,0.0,1
21761278,0,0.0,1.0,0.0,0
21806594,0,0.0,1.0,0.0,1
21853514,27,162.0,0.4066,430804.29,0
21853637,0,0.0,1.0,0.0,0
21853919,26,156.0,0.4286,387942.86,0
21854628,32,190.73,0.3014,717329.94,0
21854658,34,190.73,0.3014,708404.75,0
21856438,28,168.0,0.3846,256061.54,0
21859322,32,190.73,0.3014,317481.61,0
21875909,0,0.0,1.0,0.0,0
21884255,0,0.0,1.0,0.0,0
21908377,12,96.0,0.6484,1193285.27,0
21920700,27,190.73,0.3014,306006.37,0
21932834,0,0.0,1.0,0.0,1
21943689,3,24.0,0.9121,64400.44,0
22040354,0,0.0,1.0,0.0,1
22053491,20,120.0,0.5604,222208.79,0
22067127,0,0.0,1.0,0.0,1
22090275,17,102.0,0.6264,222152.64,0
22151874,0,0.0,1.0,0.0,1
22156573,0,0.0,1.0,0.0,1
22167179,1,62.0,0.7729,35064.07,0
22172055,24,144.0,0.4725,210432.53,0
22268700,0,0.0,1.0,0.0,1
22284072,19,152.0,0.4432,316825.35,0
22287146,0,0.0,1.0,0.0,1
22310998,0,0.0,1.0,0.0,1
22346072,5,40.0,0.8535,285047.62,0
22349059,0,0.0,1.0,0.0,0
22351014,0,0.0,1.0,0.0,1
22362603,2,12.0,0.956,70015.82,0
22380641,0,0.0,1.0,0.0,1
22417265,14,84.0,0.6923,141507.69,0
22457416,18,108.0,0.6044,219192.53,0
22457555,10,60.0,0.7802,143753.85,0
22472344,1,6.0,0.978,8715.88,0
22475902,1,6.0,0.978,4917.47,0
22481505,5,190.73,0.3014,1290836.89,0
22486515,0,0.0,1.0,0.0,1
22552790,0,0.0,1.0,0.0,1
22609995,1,60.0,0.7802,122174.73,0
22655969,0,0.0,1.0,0.0,1
22694293,30,180.0,0.3407,209132.97,0
22719837,0,0.0,1.0,0.0,0
22721597,0,0.0,1.0,0.0,1
22754904,0,0.0,1.0,0.0,1
22758392,18,180.0,0.3407,1376812.09,0
22858155,2,120.0,0.5604,151294.51,0
22859422,0,0.0,1.0,0.0,1
22868412,6,168.0,0.3846,236295.38,0
22869464,1,60.0,0.7802,120329.67,0
22869912,5,30.0,0.8901,70152.2,0
22891563,1,56.0,0.7949,89846.15,0
22894297,21,168.0,0.3846,268415.38,0
22946056,0,0.0,1.0,0.0,1
22986586,0,0.0,1.0,0.0,1
22995818,8,48.0,0.8242,185083.08,0
23045902,0,0.0,1.0,0.0,0
23050658,1,60.0,0.7802,68186.81,0
23084840,33,190.73,0.3014,1349743.11,0
23093178,9,72.0,0.7363,117634.29,0
23100152,0,0.0,1.0,0.0,1
23228459,16,96.0,0.6484,153251.87,0
23258620,3,126.0,0.5385,220516.15,0
23259274,1,42.0,0.8462,61320.0,0
23281011,3,18.0,0.9341,75639.23,0
23319648,3,18.0,0.9341,26147.64,0
23319845,39,190.73,0.3014,376642.84,0
23332802,5,30.0,0.8901,120650.55,0
23344386,1,6.0,0.978,46302.86,0
23361112,3,18.0,0.9341,12105.16,0
23419557,0,0.0,1.0,0.0,0
23424883,9,54.0,0.8022,265543.52,0
23467163,21,126.0,0.5385,763467.69,0
23551726,0,0.0,1.0,0.0,0
23555386,16,96.0,0.6484,312792.97,0
23577267,34,190.73,0.3014,735435.32,0
23616457,1,6.0,0.978,18827.58,0
23681472,25,150.0,0.4505,801796.7,0
23708394,30,180.0,0.3407,310209.89,0
23751860,12,190.73,0.3014,247355.15,0
23753753,0,0.0,1.0,0.0,1
23760253,33,190.73,0.3014,1468065.58,0
23802309,19,114.0,0.5824,506788.46,0
23886500,0,0.0,1.0,0.0,1
23893047,0,0.0,1.0,0.0,0
23904098,0,0.0,1.0,0.0,1
23904915,0,0.0,1.0,0.0,1
23907847,0,0.0,1.0,0.0,1
23913737,28,168.0,0.3846,231803.08,0
23928968,0,0.0,1.0,0.0,1
23947018,16,96.0,0.6484,336152.97,0
23951577,2,12.0,0.956,10348.35,0
23967400,0,0.0,1.0,0.0,0
23985166,27,162.0,0.4066,670356.59,0
24021587,15,190.73,0.3014,1275026.56,0
24027795,0,0.0,1.0,0.0,0
24044395,0,0.0,1.0,0.0,1
24091046,2,12.0,0.956,17423.74,0
24091324,4,24.0,0.9121,42901.54,0
24091419,22,132.0,0.5165,206838.68,0
24091621,15,90.0,0.6703,141026.37,0
24095440,11,66.0,0.7582,56915.93,0
24261113,0,0.0,1.0,0.0,0
24290990,0,0.0,1.0,0.0,1
24292042,0,0.0,1.0,0.0,1
24296252,0,0.0,1.0,0.0,1
24296597,0,0.0,1.0,0.0,1
24384566,14,84.0,0.6923,355566.15,0
24418893,14,190.73,0.3014,1871483.98,0
24438476,0,0.0,1.0,0.0,1
24438550,0,0.0,1.0,0.0,1
24501277,8,190.73,0.3014,813976.95,0
24507520,7,42.0,0.8462,42115.38,0
24534022,17,102.0,0.6264,172103.52,0
24534421,34,190.73,0.3014,383017.98,0
24550547,1,120.0,0.5604,174317.58,0
24585098,0,0.0,1.0,0.0,1
24585159,0,0.0,1.0,0.0,1
24585171,0,0.0,1.0,0.0,0
24585186,0,0.0,1.0,0.0,1
24612655,0,0.0,1.0,0.0,1
24613432,0,0.0,1.0,0.0,1
24616021,24,144.0,0.4725,211780.22,0
24634328,0,0.0,1.0,0.0,1
24684289,0,0.0,1.0,0.0,0
24704963,0,0.0,1.0,0.0,0
24738091,6,180.0,0.3407,303952.75,0
24740273,16,96.0,0.6484,399045.27,0
24742544,2,12.0,0.956,77524.4,0
24762910,5,60.0,0.7802,163487.91,0
24808520,0,0.0,1.0,0.0,1
24865860,1,28.0,0.8974,134769.23,0
24884689,26,156.0,0.4286,970900.0,0
24943872,0,0.0,1.0,0.0,1
25036369,0,0.0,1.0,0.0,1
25046318,0,0.0,1.0,0.0,1
25086508,0,0.0,1.0,0.0,1
25117247,1,6.0,0.978,9802.86,0
25168381,0,0.0,1.0,0.0,0
25202607,34,190.73,0.3014,636238.25,0
25218191,27,162.0,0.4066,1058275.38,0
25248826,18,108.0,0.6044,108296.7,0
25295259,24,144.0,0.4725,404307.69,0
25371205,43,190.73,0.3014,414128.63,0
25382058,10,60.0,0.7802,256141.76,0
25414070,4,160.0,0.4139,698232.97,0
25415869,32,190.73,0.3014,582942.14,0
25464974,12,72.0,0.7363,57758.24,0
25465270,0,0.0,1.0,0.0,0
25465485,6,36.0,0.8681,31045.05,0
25548912,0,0.0,1.0,0.0,1
25566294,1,6.0,0.978,5174.18,0
25593739,0,0.0,1.0,0.0,0
25698680,0,0.0,1.0,0.0,1
25748635,0,0.0,1.0,0.0,1
25748834,0,0.0,1.0,0.0,1
25749452,0,0.0,1.0,0.0,1
25749661,0,0.0,1.0,0.0,1
25749737,0,0.0,1.0,0.0,1
25749899,0,0.0,1.0,0.0,1
25831185,0,0.0,1.0,0.0,1
25844726,13,78.0,0.7143,268535.71,0
25849520,0,0.0,1.0,0.0,1
25920699,0,0.0,1.0,0.0,1
25949113,0,0.0,1.0,0.0,1
25994610,16,96.0,0.6484,538820.22,0
26052777,0,0.0,1.0,0.0,1
26054202,14,168.0,0.3846,433058.46,0
26112635,43,190.73,0.3014,880278.33,0
26318460,21,126.0,0.5385,339281.54,0
26338358,0,0.0,1.0,0.0,0
26443606,0,0.0,1.0,0.0,0
26612419,0,0.0,1.0,0.0,1
26746623,27,162.0,0.4066,335936.37,0
26904834,0,0.0,1.0,0.0,1
26925750,1,40.0,0.8535,96477.66,0
26986835,28,168.0,0.3846,282116.92,0
27101306,2,12.0,0.956,19573.63,0
27172939,4,112.0,0.5897,848896.41,0
27176084,13,130.0,0.5238,525078.57,0
27449633,10,60.0,0.7802,312295.6,0
27450089,6,36.0,0.8681,223813.19,0
27450769,3,18.0,0.9341,79225.05,0
27450963,3,18.0,0.9341,100090.22,0
27466662,3,180.0,0.3407,318392.31,0
27540766,41,190.73,0.3014,1554002.37,0
27563523,0,0.0,1.0,0.0,1
27617765,22,132.0,0.5165,322788.35,0
27668350,0,0.0,1.0,0.0,0
27766000,0,0.0,1.0,0.0,0
27766337,10,60.0,0.7802,51741.76,0
27771760,26,156.0,0.4286,302845.71,0
27800610,22,132.0,0.5165,826119.34,0
27818462,5,30.0,0.8901,97467.03,0
27846788,2,12.0,0.956,52720.44,0
27866055,3,168.0,0.3846,454621.54,0
27931870,0,0.0,1.0,0.0,0
28039073,5,30.0,0.8901,25870.88,0
28039885,17,102.0,0.6264,401074.84,0
28046611,49,190.73,0.3014,619662.91,0
28142373,0,0.0,1.0,0.0,0
28230980,0,0.0,1.0,0.0,1
28322575,0,0.0,1.0,0.0,1
28323286,4,24.0,0.9121,53650.99,0
28324203,0,0.0,1.0,0.0,1
28352185,0,0.0,1.0,0.0,1
28366424,0,0.0,1.0,0.0,0
28384288,42,190.73,0.3014,423818.83,0
28445276,0,0.0,1.0,0.0,1
28445613,0,0.0,1.0,0.0,1
28445909,0,0.0,1.0,0.0,1
28446160,0,0.0,1.0,0.0,1
28446231,0,0.0,1.0,0.0,1
28451387,2,84.0,0.6923,193281.54,0
28500779,13,78.0,0.7143,127437.14,0
28501419,5,30.0,0.8901,49014.29,0
28565895,0,0.0,1.0,0.0,1
28583845,18,144.0,0.4725,371385.49,0
28593440,0,0.0,1.0,0.0,1
28595038,0,0.0,1.0,0.0,1
28645855,0,0.0,1.0,0.0,1
28649132,30,180.0,0.3407,750375.82,0
28650752,21,126.0,0.5385,413404.62,0
28660683,6,190.73,0.3014,460794.6,0
28697457,16,96.0,0.6484,102938.02,0
28745633,14,84.0,0.6923,928335.38,0
28749013,1,42.0,0.8462,95012.31,0
28790125,11,190.73,0.3014,1358413.29,0
28991073,26,156.0,0.4286,185628.57,0
28991240,1,6.0,0.978,9802.86,0
28991272,1,6.0,0.978,9802.86,0
28991443,5,30.0,0.8901,71355.49,0
29003767,0,0.0,1.0,0.0,0
29019183,3,18.0,0.9341,42981.76,0
29039632,15,180.0,0.3407,463991.21,0
29083122,1,14.0,0.9487,48488.85,0
29095335,40,190.73,0.3014,452379.42,0
29190852,3,18.0,0.9341,87142.75,0
29191584,11,154.0,0.4359,673490.51,0
29242260,0,0.0,1.0,0.0,1
29275215,0,0.0,1.0,0.0,0
29325450,2,120.0,0.5604,495758.24,0
29347449,0,0.0,1.0,0.0,1
29376773,0,0.0,1.0,0.0,1
29377530,1,6.0,0.978,4412.09,0
29377699,4,24.0,0.9121,134993.85,0
29429545,0,0.0,1.0,0.0,0
29448053,0,0.0,1.0,0.0,0
29464958,0,0.0,1.0,0.0,1
29465094,0,0.0,1.0,0.0,1
29466291,0,0.0,1.0,0.0,1
29466557,0,0.0,1.0,0.0,1
29481861,26,156.0,0.4286,1622477.14,0
29510736,0,0.0,1.0,0.0,1
29578611,16,190.73,0.3014,216754.51,0
29641333,30,180.0,0.3407,281090.11,0
29645450,0,0.0,1.0,0.0,0
29647183,0,0.0,1.0,0.0,1
29695831,30,180.0,0.3407,392034.07,0
29772565,0,0.0,1.0,0.0,0
29834620,4,24.0,0.9121,108938.46,0
29834725,0,0.0,1.0,0.0,0
29834748,1,6.0,0.978,27174.45,0
29857924,0,0.0,1.0,0.0,1
29863158,21,126.0,0.5385,998303.08,0
29871898,15,90.0,0.6703,202875.82,0
29917320,3,168.0,0.3846,287507.69,0
29931374,0,0.0,1.0,0.0,1
29937883,4,190.73,0.3014,358792.47,0
29970232,0,0.0,1.0,0.0,1
29981990,25,150.0,0.4505,820046.7,0
29999814,8,64.0,0.7656,503138.46,0
30036552,0,0.0,1.0,0.0,1
30052352,0,0.0,1.0,0.0,1
30057319,0,0.0,1.0,0.0,0
30093962,3,18.0,0.9341,38601.76,0
30116094,0,0.0,1.0,0.0,0
30120316,1,10.0,0.9634,70580.04,0
30121481,17,170.0,0.3773,798240.29,0
30133964,0,0.0,1.0,0.0,1
30167163,6,190.73,0.3014,647968.5,0
30217644,18,108.0,0.6044,143384.84,0
30298244,0,0.0,1.0,0.0,0
30300464,0,0.0,1.0,0.0,1
30309446,46,190.73,0.3014,622212.96,0
30365916,0,0.0,1.0,0.0,0
30386138,38,190.73,0.3014,286370.96,0
30440658,10,60.0,0.7802,473617.58,0
30519766,23,138.0,0.4945,226757.25,0
30525204,0,0.0,1.0,0.0,1
30684355,2,12.0,0.956,52720.44,0
30718609,1,10.0,0.9634,36446.52,0
30723491,2,20.0,0.9267,67143.96,0
30732180,20,120.0,0.5604,205202.2,0
30750835,0,0.0,1.0,0.0,1
30752287,24,144.0,0.4725,423560.44,0
30759308,4,160.0,0.4139,148460.07,0
30773368,36,190.73,0.3014,526585.97,0
30775815,23,138.0,0.4945,661083.19,0
30777780,24,144.0,0.4725,262992.53,0
30778756,15,90.0,0.6703,164370.33,0
30782085,18,144.0,0.4725,349437.36,0
30783481,0,0.0,1.0,0.0,0
30797346,0,0.0,1.0,0.0,0
30801102,20,120.0,0.5604,486934.07,0
30801892,6,60.0,0.7802,250927.47,0
30803593,71,190.73,0.3014,413618.62,0
30805091,0,0.0,1.0,0.0,1
30810390,23,138.0,0.4945,217900.99,0
30811501,30,180.0,0.3407,1906021.98,0
30820468,24,144.0,0.4725,361374.07,0
30826101,17,102.0,0.6264,139782.97,0
30826397,18,108.0,0.6044,140208.13,0
30826623,23,138.0,0.4945,254248.57,0
30829362,21,168.0,0.3846,847698.46,0
30844169,0,0.0,1.0,0.0,1
30848036,1,6.0,0.978,29825.71,0
30872439,7,42.0,0.8462,110342.31,0
30872998,20,120.0,0.5604,421795.6,0
30893366,6,168.0,0.3846,1411707.69,0
30894549,16,190.73,0.3014,628588.09,0
30921383,34,190.73,0.3014,1438229.96,0
30942845,76,190.73,0.3014,373072.77,0
30943684,0,0.0,1.0,0.0,0
30960936,8,190.73,0.3014,528626.01,0
31032634,16,190.73,0.3014,1537427.02,0
31036502,1,6.0,0.978,43920.33,0
31047362,19,114.0,0.5824,273741.98,0
31066666,25,150.0,0.4505,228024.73,0
31067050,12,72.0,0.7363,113783.74,0
31069844,4,190.73,0.3014,251180.23,0
31075878,0,0.0,1.0,0.0,1
31096568,7,42.0,0.8462,164474.62,0
31131513,0,0.0,1.0,0.0,1
31223107,0,0.0,1.0,0.0,1
31322531,5,190.73,0.3014,1150838.97,0
31341976,0,0.0,1.0,0.0,1
31342736,13,78.0,0.7143,109917.14,0
31425654,0,0.0,1.0,0.0,0
31472281,17,102.0,0.6264,354707.8,0
31481417,27,162.0,0.4066,384236.7,0
31548380,15,120.0,0.5604,316868.13,0
31548460,4,190.73,0.3014,160653.35,0
31574896,3,186.0,0.3187,131055.05,0
31583098,31,186.0,0.3187,1379435.27,0
31587203,2,20.0,0.9267,50458.24,0
31588389,19,152.0,0.4432,804358.39,0
31603370,1,60.0,0.7802,221887.91,0
31636716,0,0.0,1.0,0.0,1
31651235,0,0.0,1.0,0.0,0
31654997,0,0.0,1.0,0.0,1
31655065,0,0.0,1.0,0.0,1
31655072,0,0.0,1.0,0.0,1
31655077,0,0.0,1.0,0.0,1
31663551,0,0.0,1.0,0.0,1
31689279,6,36.0,0.8681,264051.43,0
31772683,0,0.0,1.0,0.0,1
31814262,10,60.0,0.7802,215630.77,0
31814285,13,78.0,0.7143,186254.29,0
31940964,0,0.0,1.0,0.0,1
31948870,0,0.0,1.0,0.0,1
31962209,0,0.0,1.0,0.0,1
31994481,0,0.0,1.0,0.0,1
31997428,0,0.0,1.0,0.0,1
32041209,0,0.0,1.0,0.0,1
32057946,3,180.0,0.3407,1931291.21,0
32078377,21,126.0,0.5385,1535526.92,0
32153749,42,190.73,0.3014,618387.88,0
32197474,2,12.0,0.956,76513.63,0
32243987,19,114.0,0.5824,283191.87,0
32283138,0,0.0,1.0,0.0,1
32302715,0,0.0,1.0,0.0,0
32341732,0,0.0,1.0,0.0,0
32457413,0,0.0,1.0,0.0,1
32462591,0,0.0,1.0,0.0,1
32509143,3,18.0,0.9341,34558.68,0
32577066,7,42.0,0.8462,159589.23,0
32651464,0,0.0,1.0,0.0,0
32660141,0,0.0,1.0,0.0,1
32661173,0,0.0,1.0,0.0,1
32727202,0,0.0,1.0,0.0,1
32734463,18,108.0,0.6044,1183610.77,0
32769562,26,190.73,0.3014,417698.7,0
32795696,1,6.0,0.978,11992.86,0
32795795,1,6.0,0.978,5182.2,0
32795935,7,42.0,0.8462,37679.23,0
32796134,2,12.0,0.956,31253.63,0
32821959,9,54.0,0.8022,160062.53,0
32822019,0,0.0,1.0,0.0,1
32822052,6,36.0,0.8681,106708.35,0
32848222,3,180.0,0.3407,373021.98,0
32969621,0,0.0,1.0,0.0,1
33002482,17,102.0,0.6264,179467.69,0
33063738,22,132.0,0.5165,232252.31,0
33063759,16,96.0,0.6484,201768.79,0
33081068,0,0.0,1.0,0.0,1
33109150,21,126.0,0.5385,202153.85,0
33121758,9,72.0,0.7363,224198.24,0
33132555,28,168.0,0.3846,238990.77,0
33133564,18,144.0,0.4725,366379.78,0
33177268,15,190.73,0.3014,865233.02,0
33232203,0,0.0,1.0,0.0,1
33238225,45,190.73,0.3014,268010.58,0
33253029,16,96.0,0.6484,601327.47,0
33253254,2,124.0,0.5458,382969.23,0
33322475,0,0.0,1.0,0.0,1
33322540,0,0.0,1.0,0.0,0
33322577,0,0.0,1.0,0.0,0
33325593,0,0.0,1.0,0.0,1
33332077,8,48.0,0.8242,442428.13,0
33474988,0,0.0,1.0,0.0,1
33536980,9,190.73,0.3014,629863.12,0
33624785,0,0.0,1.0,0.0,1
33666617,0,0.0,1.0,0.0,1
33698861,2,124.0,0.5458,178718.97,0
33706729,0,0.0,1.0,0.0,1
33721411,0,0.0,1.0,0.0,1
33733132,17,102.0,0.6264,157920.66,0
33762326,10,190.73,0.3014,788221.42,0
33840458,5,30.0,0.8901,117963.19,0
33947510,23,138.0,0.4945,411262.75,0
33951132,0,0.0,1.0,0.0,1
34045581,24,144.0,0.4725,269538.46,0
34069448,9,72.0,0.7363,464761.32,0
34083082,0,0.0,1.0,0.0,1
34085448,18,108.0,0.6044,739594.29,0
34128413,0,0.0,1.0,0.0,0
34159694,0,0.0,1.0,0.0,1
34160586,0,0.0,1.0,0.0,0
34161395,0,0.0,1.0,0.0,1
34161813,0,0.0,1.0,0.0,1
34162211,0,0.0,1.0,0.0,1
34162410,0,0.0,1.0,0.0,1
34162658,0,0.0,1.0,0.0,1
34242609,4,190.73,0.3014,99197.07,0
34244190,33,190.73,0.3014,498280.38,0
34244447,24,144.0,0.4725,505769.67,0
34248422,6,36.0,0.8681,72294.07,0
34381521,0,0.0,1.0,0.0,0
34389513,11,66.0,0.7582,603220.66,0
34402355,0,0.0,1.0,0.0,0
34408209,8,112.0,0.5897,343212.31,0
34433541,0,0.0,1.0,0.0,1
34498530,26,156.0,0.4286,405254.29,0
34546616,0,0.0,1.0,0.0,1
34546782,0,0.0,1.0,0.0,1
34581872,0,0.0,1.0,0.0,1
34584520,0,0.0,1.0,0.0,1
34585766,0,0.0,1.0,0.0,1
34587256,0,0.0,1.0,0.0,1
34631751,3,180.0,0.3407,235124.18,0
34656239,0,0.0,1.0,0.0,1
34704789,31,190.73,0.3014,1351528.15,0
34706008,0,0.0,1.0,0.0,1
34708387,0,0.0,1.0,0.0,1
34742616,0,0.0,1.0,0.0,0
34759982,15,90.0,0.6703,173756.04,0
34829989,23,138.0,0.4945,492998.68,0
34876746,6,36.0,0.8681,498068.57,0
34897346,21,126.0,0.5385,398411.54,0
34911537,0,0.0,1.0,0.0,1
34916199,0,0.0,1.0,0.0,1
34917187,0,0.0,1.0,0.0,1
35082474,10,140.0,0.4872,891910.26,0
35102620,0,0.0,1.0,0.0,1
35131035,35,190.73,0.3014,1041951.7,0
35151208,0,0.0,1.0,0.0,1
35206331,0,0.0,1.0,0.0,0
35211573,13,78.0,0.7143,117530.0,0
35267317,0,0.0,1.0,0.0,1
35354880,0,0.0,1.0,0.0,1
35435235,192,190.73,0.3014,312126.5,0
35456258,14,84.0,0.6923,134769.23,0
35474740,0,0.0,1.0,0.0,1
35523563,2,12.0,0.956,10236.04,0
35527272,12,190.73,0.3014,604872.6,0
35583592,13,78.0,0.7143,100114.29,0
35584078,21,126.0,0.5385,198279.23,0
35585028,0,0.0,1.0,0.0,1
35608644,8,160.0,0.4139,161295.24,0
35642455,17,102.0,0.6264,562404.84,0
35651065,0,0.0,1.0,0.0,1
35776223,17,102.0,0.6264,283520.77,0
35810811,4,32.0,0.8828,117655.68,0
35812961,2,16.0,0.9414,50035.75,0
35813632,9,72.0,0.7363,177029.01,0
35819282,0,0.0,1.0,0.0,1
35820687,0,0.0,1.0,0.0,0
35821024,2,16.0,0.9414,32451.58,0
35822363,3,42.0,0.8462,78671.54,0
35826042,0,0.0,1.0,0.0,0
35851528,0,0.0,1.0,0.0,1
35851865,0,0.0,1.0,0.0,0
35858437,3,18.0,0.9341,28205.27,0
35886933,0,0.0,1.0,0.0,0
35920557,0,0.0,1.0,0.0,0
35923505,6,48.0,0.8242,92156.48,0
35961815,0,0.0,1.0,0.0,0
35978172,21,126.0,0.5385,229781.54,0
36115221,0,0.0,1.0,0.0,1
36139017,0,0.0,1.0,0.0,1
36141258,0,0.0,1.0,0.0,1
36242960,1,12.0,0.956,68828.57,0
36266781,6,36.0,0.8681,137175.82,0
36330554,14,84.0,0.6923,154760.0,0
36360947,41,190.73,0.3014,485785.12,0
36391069,1,56.0,0.7949,89846.15,0
36405754,2,120.0,0.5604,195575.82,0
36579371,6,190.73,0.3014,941479.61,0
36593080,3,30.0,0.8901,198784.62,0
36617687,1,60.0,0.7802,72117.58,0
36618830,2,120.0,0.5604,144235.16,0
36652170,0,0.0,1.0,0.0,1
36690786,0,0.0,1.0,0.0,1
36772802,0,0.0,1.0,0.0,0
36792797,3,18.0,0.9341,96841.32,0
36834831,15,90.0,0.6703,179772.53,0
36888456,2,120.0,0.5604,224615.38,0
36921817,5,40.0,0.8535,117388.28,0
37003376,0,0.0,1.0,0.0,0
37192372,0,0.0,1.0,0.0,0
37243459,0,0.0,1.0,0.0,0
37244197,0,0.0,1.0,0.0,1
37306040,38,190.73,0.3014,469974.79,0
37345859,38,190.73,0.3014,469974.79,0
37346630,37,190.73,0.3014,469974.79,0
37346999,40,190.73,0.3014,469974.79,0
37347210,43,190.73,0.3014,469974.79,0
37347465,33,190.73,0.3014,469974.79,0
37347732,30,180.0,0.3407,443535.16,0
37348285,45,190.73,0.3014,469974.79,0
37370190,0,0.0,1.0,0.0,0
37408936,5,30.0,0.8901,269057.14,0
37444566,44,190.73,0.3014,469974.79,0
37445494,51,190.73,0.3014,469974.79,0
37450086,35,190.73,0.3014,469974.79,0
37581850,41,190.73,0.3014,469974.79,0
37582997,29,174.0,0.3626,428750.66,0
37583183,0,0.0,1.0,0.0,0
37651075,13,78.0,0.7143,169881.43,0
37694427,4,190.73,0.3014,255005.31,0
37728897,21,126.0,0.5385,180085.38,0
37733212,1,60.0,0.7802,88241.76,0
37760838,1,6.0,0.978,14784.51,0
37791878,3,180.0,0.3407,312857.14,0
37792801,19,114.0,0.5824,483468.57,0
37876323,14,190.73,0.3014,450849.39,0
37976781,7,42.0,0.8462,58119.23,0
37976841,29,174.0,0.3626,680464.29,0
37977658,0,0.0,1.0,0.0,1
37977678,0,0.0,1.0,0.0,1
37977701,0,0.0,1.0,0.0,1
37977737,0,0.0,1.0,0.0,1
37977752,0,0.0,1.0,0.0,1
37977793,0,0.0,1.0,0.0,0
37977824,7,42.0,0.8462,61011.15,0
37977858,0,0.0,1.0,0.0,1
37977876,0,0.0,1.0,0.0,0
37978314,0,0.0,1.0,0.0,0
37978417,0,0.0,1.0,0.0,1
37992358,0,0.0,1.0,0.0,0
38006248,0,0.0,1.0,0.0,1
38006820,0,0.0,1.0,0.0,1
38007063,0,0.0,1.0,0.0,1
38007231,0,0.0,1.0,0.0,1
38007299,0,0.0,1.0,0.0,1
38007413,0,0.0,1.0,0.0,1
38083345,0,0.0,1.0,0.0,1
38083374,0,0.0,1.0,0.0,1
38083458,0,0.0,1.0,0.0,1
38083488,0,0.0,1.0,0.0,1
38083517,0,0.0,1.0,0.0,1
38088187,6,190.73,0.3014,235369.9,0
38118051,18,180.0,0.3407,833884.62,0
38270829,3,186.0,0.3187,151695.6,0
38341532,1,60.0,0.7802,60806.59,0
38345826,0,0.0,1.0,0.0,0
38351841,71,190.73,0.3014,819332.07,0
38364589,0,0.0,1.0,0.0,0
38473632,22,190.73,0.3014,1244425.92,0
38483189,0,0.0,1.0,0.0,0
38534653,0,0.0,1.0,0.0,1
38615185,0,0.0,1.0,0.0,1
38616645,0,0.0,1.0,0.0,1
38616864,0,0.0,1.0,0.0,1
38638117,0,0.0,1.0,0.0,1
38727191,4,24.0,0.9121,63020.66,0
38737126,26,156.0,0.4286,754820.0,0
38816655,29,174.0,0.3626,321504.84,0
38864059,2,80.0,0.707,291572.16,0
38871852,9,180.0,0.3407,1205703.3,0
38962582,12,72.0,0.7363,294374.51,0
38963285,0,0.0,1.0,0.0,0
38963376,0,0.0,1.0,0.0,1
39022896,0,0.0,1.0,0.0,0
39143921,2,12.0,0.956,55832.97,0
39157420,29,174.0,0.3626,1302769.23,0
39166465,5,190.73,0.3014,1967365.98,0
39168624,0,0.0,1.0,0.0,1
39172513,26,156.0,0.4286,254874.29,0
39180101,0,0.0,1.0,0.0,1
39207395,0,0.0,1.0,0.0,1
39210071,0,0.0,1.0,0.0,0
39346856,29,174.0,0.3626,518548.68,0
39358911,1,60.0,0.7802,115195.6,0
39378715,7,42.0,0.8462,144652.31,0
39379045,7,42.0,0.8462,317999.23,0
39380689,14,84.0,0.6923,422950.77,0
39381614,3,48.0,0.8242,31446.15,0
39401138,29,174.0,0.3626,1718492.2,0
39403539,12,72.0,0.7363,248938.02,0
39409321,2,120.0,0.5604,194292.31,0
39423910,3,180.0,0.3407,367246.15,0
39426504,15,90.0,0.6703,430178.57,0
39426944,14,84.0,0.6923,711020.0,0
39428970,2,120.0,0.5604,150973.63,0
39429814,0,0.0,1.0,0.0,0
39439508,2,120.0,0.5604,193169.23,0
39496821,1,60.0,0.7802,159236.26,0
39498043,1,60.0,0.7802,106772.53,0
39511622,3,180.0,0.3407,324168.13,0
39516233,1,60.0,0.7802,143192.31,0
39520591,0,0.0,1.0,0.0,1
39522137,27,162.0,0.4066,233054.51,0
39523820,28,168.0,0.3846,296267.69,0
39524157,22,132.0,0.5165,225192.97,0
39538798,0,0.0,1.0,0.0,0
39565705,2,120.0,0.5604,154663.74,0
39566070,0,0.0,1.0,0.0,0
39566337,2,120.0,0.5604,199265.93,0
39589698,0,0.0,1.0,0.0,0
39594976,20,120.0,0.5604,144876.92,0
39634853,0,0.0,1.0,0.0,0
39637334,0,0.0,1.0,0.0,0
39637838,0,0.0,1.0,0.0,1
39638150,3,180.0,0.3407,378075.82,0
39638416,0,0.0,1.0,0.0,0
39638768,3,180.0,0.3407,258708.79,0
39640095,1,60.0,0.7802,93456.04,0
39680853,2,12.0,0.956,75775.6,0
39707660,0,0.0,1.0,0.0,1
39711074,2,112.0,0.5897,149743.59,0
39736541,1,60.0,0.7802,101879.12,0
39737113,2,120.0,0.5604,230230.77,0
39758627,0,0.0,1.0,0.0,0
39864435,5,140.0,0.4872,428828.21,0
39872818,29,174.0,0.3626,744904.84,0
39887118,0,0.0,1.0,0.0,0
39988657,0,0.0,1.0,0.0,0
39999663,2,120.0,0.5604,224775.82,0
40017096,9,54.0,0.8022,77901.43,0
40142156,0,0.0,1.0,0.0,1
40146493,3,126.0,0.5385,753360.0,0
40161986,2,116.0,0.5751,124073.26,0
40167599,0,0.0,1.0,0.0,0
40168607,0,0.0,1.0,0.0,0
40183907,0,0.0,1.0,0.0,1
40210827,8,48.0,0.8242,71170.99,0
40235139,4,24.0,0.9121,146481.32,0
40243855,1,60.0,0.7802,80219.78,0
40287716,0,0.0,1.0,0.0,0
40330069,5,180.0,0.3407,510919.78,0
40383857,24,144.0,0.4725,886011.43,0
40435462,2,120.0,0.5604,104767.03,0
40454396,0,0.0,1.0,0.0,0
40454467,8,48.0,0.8242,71170.99,0
40456965,21,168.0,0.3846,377353.85,0
40472154,38,190.73,0.3014,323856.75,0
40520418,0,0.0,1.0,0.0,0
40540357,4,168.0,0.3846,303904.62,0
40545805,0,0.0,1.0,0.0,0
40545898,2,12.0,0.956,46062.2,0
40546047,10,60.0,0.7802,191324.18,0
40546226,1,6.0,0.978,27387.03,0
40623530,0,0.0,1.0,0.0,0
40626194,0,0.0,1.0,0.0,1
40688651,0,0.0,1.0,0.0,1
40699557,25,150.0,0.4505,1045865.38,0
40710555,0,0.0,1.0,0.0,1
40712061,0,0.0,1.0,0.0,1
40719920,10,120.0,0.5604,374786.81,0
40722729,0,0.0,1.0,0.0,0
40725612,9,54.0,0.8022,139774.95,0
40741334,0,0.0,1.0,0.0,1
40759979,3,84.0,0.6923,87263.08,0
40762751,0,0.0,1.0,0.0,0
40768674,0,0.0,1.0,0.0,1
40787503,3,18.0,0.9341,135202.42,0
40788129,18,108.0,0.6044,189880.22,0
40791818,12,72.0,0.7363,243643.52,0
40815219,0,0.0,1.0,0.0,1
40876586,0,0.0,1.0,0.0,1
40934739,24,144.0,0.4725,2400432.53,0
40959874,2,120.0,0.5604,362272.53,0
40993724,0,0.0,1.0,0.0,0
41018042,0,0.0,1.0,0.0,0
41047983,0,0.0,1.0,0.0,1
41067688,0,0.0,1.0,0.0,0
41067748,0,0.0,1.0,0.0,1
41099812,48,190.73,0.3014,575546.99,0
41103155,0,0.0,1.0,0.0,0
41141684,4,56.0,0.7949,57276.92,0
41141967,6,190.73,0.3014,116282.42,0
41207585,27,162.0,0.4066,403946.7,0
41218789,0,0.0,1.0,0.0,1
41269627,0,0.0,1.0,0.0,1
41301655,2,12.0,0.956,68379.34,0
41305522,9,72.0,0.7363,182419.78,0
41447976,9,54.0,0.8022,116960.44,0
41448819,8,48.0,0.8242,108585.49,0
41451338,0,0.0,1.0,0.0,0
41487133,1,6.0,0.978,275619.12,0
41489769,0,0.0,1.0,0.0,0
41500292,7,190.73,0.3014,447534.32,0
41510616,0,0.0,1.0,0.0,1
41595137,0,0.0,1.0,0.0,1
41595759,0,0.0,1.0,0.0,1
41596224,0,0.0,1.0,0.0,1
41596672,0,0.0,1.0,0.0,1
41598553,13,130.0,0.5238,598600.0,0
41653320,0,0.0,1.0,0.0,1
41845643,25,150.0,0.4505,256903.85,0
41846583,0,0.0,1.0,0.0,0
41850381,0,0.0,1.0,0.0,0
41987332,4,190.73,0.3014,216244.5,0
41987464,2,112.0,0.5897,123987.69,0
41988301,4,190.73,0.3014,889458.53,0
42025259,4,24.0,0.9121,148663.3,0
42077243,0,0.0,1.0,0.0,0
42144624,9,54.0,0.8022,85626.59,0
42165035,9,54.0,0.8022,313555.05,0
42187834,0,0.0,1.0,0.0,1
42198596,3,24.0,0.9121,79096.7,0
42209914,5,30.0,0.8901,129915.93,0
42243271,0,0.0,1.0,0.0,1
42300382,28,168.0,0.3846,436652.31,0
42320762,0,0.0,1.0,0.0,0
42322213,0,0.0,1.0,0.0,1
42322344,2,120.0,0.5604,227021.98,0
42322478,3,180.0,0.3407,550147.25,0
42461460,4,190.73,0.3014,709424.78,0
42503638,0,0.0,1.0,0.0,1
42527718,40,190.73,0.3014,415913.66,0
42527950,54,190.73,0.3014,402143.38,0
42528165,50,190.73,0.3014,395513.24,0
42528309,49,190.73,0.3014,393473.2,0
42530293,17,136.0,0.5018,348389.16,0
42575014,1,60.0,0.7802,208009.89,0
42667796,3,126.0,0.5385,271223.08,0
42695874,0,0.0,1.0,0.0,1
42725277,13,190.73,0.3014,472524.84,0
42752843,21,190.73,0.3014,519700.82,0
42766333,6,36.0,0.8681,159075.82,0
42905783,4,24.0,0.9121,35136.26,0
42920325,0,0.0,1.0,0.0,0
42920773,0,0.0,1.0,0.0,0
42925219,0,0.0,1.0,0.0,0
42925779,0,0.0,1.0,0.0,0
43002514,1,60.0,0.7802,39548.35,0
43012864,4,56.0,0.7949,35040.0,0
43080781,0,0.0,1.0,0.0,1
43082358,1,6.0,0.978,28381.76,0
43085445,1,60.0,0.7802,22942.86,0
43087794,0,0.0,1.0,0.0,1
43102878,10,100.0,0.6337,600979.85,0
43135153,1,14.0,0.9487,7356.15,0
43136107,4,56.0,0.7949,35938.46,0
43136668,2,28.0,0.8974,14974.36,0
43173520,0,0.0,1.0,0.0,0
43173879,0,0.0,1.0,0.0,1
43225361,0,0.0,1.0,0.0,1
43233588,4,190.73,0.3014,538826.22,0
43314389,0,0.0,1.0,0.0,1
43330618,4,190.73,0.3014,626803.06,0
43331656,10,120.0,0.5604,264083.52,0
43408241,0,0.0,1.0,0.0,0
43455535,0,0.0,1.0,0.0,1
43475850,6,36.0,0.8681,100354.95,0
43481183,0,0.0,1.0,0.0,0
43481374,0,0.0,1.0,0.0,0
43492183,0,0.0,1.0,0.0,0
43522223,11,154.0,0.4359,655783.33,0
43548104,0,0.0,1.0,0.0,1
43570062,3,18.0,0.9341,44353.52,0
43675160,0,0.0,1.0,0.0,1
43779776,0,0.0,1.0,0.0,0
43873637,1,28.0,0.8974,187179.49,0
43916818,7,190.73,0.3014,469974.79,0
43917341,10,190.73,0.3014,344257.17,0
43956761,0,0.0,1.0,0.0,1
43975304,2,120.0,0.5604,219160.44,0
43989236,0,0.0,1.0,0.0,1
44055182,0,0.0,1.0,0.0,1
44112279,1,80.0,0.707,162578.75,0
44197305,0,0.0,1.0,0.0,0
44198986,3,180.0,0.3407,660609.89,0
44201965,33,190.73,0.3014,676274.09,0
44239294,21,126.0,0.5385,1549340.77,0
44270933,0,0.0,1.0,0.0,0
44295663,0,0.0,1.0,0.0,1
44295666,0,0.0,1.0,0.0,1
44368083,8,190.73,0.3014,596712.43,0
44428429,12,120.0,0.5604,568758.24,0
44450894,3,18.0,0.9341,160014.4,0
44508427,18,108.0,0.6044,899873.41,0
44510389,2,120.0,0.5604,316386.81,0
44522783,0,0.0,1.0,0.0,1
44523614,7,42.0,0.8462,106636.15,0
44540853,14,84.0,0.6923,241012.31,0
44578947,28,168.0,0.3846,1152950.77,0
44625281,12,72.0,0.7363,262414.95,0
44633620,0,0.0,1.0,0.0,0
44635040,7,190.73,0.3014,433509.03,0
44648164,36,190.73,0.3014,460284.59,0
44648294,18,108.0,0.6044,659743.52,0
44652301,0,0.0,1.0,0.0,1
44663614,0,0.0,1.0,0.0,1
44678842,18,108.0,0.6044,159701.54,0
44761493,26,156.0,0.4286,1130874.29,0
45091723,11,132.0,0.5165,300551.43,0
45108410,0,0.0,1.0,0.0,0
45129832,0,0.0,1.0,0.0,1
45133788,4,190.73,0.3014,329211.86,0
45147637,4,190.73,0.3014,306006.37,0
45148175,3,186.0,0.3187,1080022.97,0
45148560,2,124.0,0.5458,280180.95,0
45148974,2,124.0,0.5458,212373.85,0
45151585,1,6.0,0.978,26360.22,0
45277809,0,0.0,1.0,0.0,0
45319365,8,48.0,0.8242,174814.95,0
45321253,0,0.0,1.0,0.0,0
45321456,0,0.0,1.0,0.0,0
45335235,3,18.0,0.9341,112387.91,0
45336547,1,60.0,0.7802,295208.79,0
45338261,21,190.73,0.3014,1592253.16,0
45339254,0,0.0,1.0,0.0,0
45376810,0,0.0,1.0,0.0,1
45387107,27,162.0,0.4066,680536.48,0
45420598,38,190.73,0.3014,1596333.25,0
45449438,20,120.0,0.5604,106692.31,0
45556555,12,144.0,0.4725,392370.99,0
45584368,29,174.0,0.3626,787942.75,0
45590120,8,190.73,0.3014,1037106.6,0
45711535,6,190.73,0.3014,1560632.51,0
46046231,50,190.73,0.3014,653323.61,0
46076984,15,120.0,0.5604,336441.76,0
46082283,0,0.0,1.0,0.0,0
46085394,8,190.73,0.3014,1777642.03,0
46087863,6,190.73,0.3014,1064647.17,0
46218549,3,18.0,0.9341,33018.46,0
46242085,10,60.0,0.7802,64175.82,0
46367120,2,120.0,0.5604,627318.68,0
46424197,6,190.73,0.3014,835652.41,0
46440572,5,70.0,0.7436,251288.46,0
46455542,0,0.0,1.0,0.0,1
46534284,0,0.0,1.0,0.0,1
46576104,24,144.0,0.4725,212935.38,0
46589200,15,90.0,0.6703,151374.73,0
46591518,2,12.0,0.956,41473.63,0
46682193,13,78.0,0.7143,452495.71,0
46698158,0,0.0,1.0,0.0,0
46698387,16,96.0,0.6484,734813.19,0
46698514,18,108.0,0.6044,429721.32,0
46698881,0,0.0,1.0,0.0,0
46699118,22,132.0,0.5165,775292.09,0
46699279,14,84.0,0.6923,363876.92,0
46699339,14,84.0,0.6923,363876.92,0
46699493,30,180.0,0.3407,1503639.56,0
46699726,5,30.0,0.8901,410845.6,0
46699922,0,0.0,1.0,0.0,0
46700482,13,78.0,0.7143,420062.86,0
46700962,18,108.0,0.6044,682846.81,0
46701535,13,78.0,0.7143,310354.29,0
46701867,16,96.0,0.6484,381974.51,0
46702492,19,114.0,0.5824,646555.38,0
46702750,22,132.0,0.5165,858239.34,0
46702947,12,72.0,0.7363,394200.0,0
46703747,0,0.0,1.0,0.0,0
46717951,13,78.0,0.7143,310354.29,0
46743812,9,108.0,0.6044,294278.24,0
46828091,4,190.73,0.3014,416423.67,0
46852523,16,96.0,0.6484,208699.78,0
46862710,0,0.0,1.0,0.0,0
46887732,0,0.0,1.0,0.0,0
46927129,18,108.0,0.6044,861464.18,0
46965777,0,0.0,1.0,0.0,0
47026234,7,42.0,0.8462,513302.31,0
47027039,9,54.0,0.8022,36748.68,0
47027044,15,90.0,0.6703,188676.92,0
47029362,0,0.0,1.0,0.0,1
47056106,8,112.0,0.5897,96434.87,0
47072033,2,12.0,0.956,8583.52,0
47084148,0,0.0,1.0,0.0,0
47102633,25,150.0,0.4505,847321.43,0
47145342,0,0.0,1.0,0.0,1
47175645,6,36.0,0.8681,212935.38,0
47236861,0,0.0,1.0,0.0,1
47243646,0,0.0,1.0,0.0,0
47282771,0,0.0,1.0,0.0,1
47344681,1,60.0,0.7802,235926.37,0
47509482,3,180.0,0.3407,1438902.2,0
47509486,7,190.73,0.3014,1295171.98,0
47518401,0,0.0,1.0,0.0,1
47571880,7,98.0,0.641,205972.31,0
47578638,1,60.0,0.7802,32569.23,0
47733513,13,78.0,0.7143,71748.57,0
47787884,0,0.0,1.0,0.0,0
47791228,0,0.0,1.0,0.0,1
47807162,4,32.0,0.8828,50014.36,0
47875395,5,70.0,0.7436,136828.21,0
47875587,5,70.0,0.7436,135424.36,0
47875814,5,70.0,0.7436,131587.18,0
47875983,6,84.0,0.6923,165429.23,0
47945642,3,174.0,0.3626,850987.47,0
47948810,11,88.0,0.6777,246723.96,0
47970655,16,96.0,0.6484,225513.85,0
48028374,21,126.0,0.5385,96696.92,0
48107393,4,24.0,0.9121,18514.73,0
48159574,33,190.73,0.3014,1146503.88,0
48159726,33,190.73,0.3014,844322.59,0
48159788,39,190.73,0.3014,1251056.06,0
48319728,3,180.0,0.3407,1022802.2,0
48326316,0,0.0,1.0,0.0,0
48370083,30,180.0,0.3407,369171.43,0
48371707,3,180.0,0.3407,376872.53,0
48502890,10,190.73,0.3014,378682.89,0
48535884,11,154.0,0.4359,643841.28,0
48632499,6,84.0,0.6923,234723.08,0
48855237,2,56.0,0.7949,121292.31,0
49139624,0,0.0,1.0,0.0,1
49230329,0,0.0,1.0,0.0,1
49239323,5,100.0,0.6337,625580.59,0
49241278,0,0.0,1.0,0.0,0
49301296,0,0.0,1.0,0.0,1
49432125,8,190.73,0.3014,1053426.94,0
49447773,4,112.0,0.5897,440395.9,0
49473465,0,0.0,1.0,0.0,1
49504778,0,0.0,1.0,0.0,0
49520247,0,0.0,1.0,0.0,1
49598081,0,0.0,1.0,0.0,0
49598256,1,6.0,0.978,10556.92,0
49598534,1,6.0,0.978,10556.92,0
49705129,0,0.0,1.0,0.0,0
49849801,0,0.0,1.0,0.0,0
49850094,0,0.0,1.0,0.0,0
49854610,6,36.0,0.8681,74604.4,0
49858745,0,0.0,1.0,0.0,0
49932015,19,114.0,0.5824,762087.91,0
49978869,0,0.0,1.0,0.0,0
49979233,0,0.0,1.0,0.0,0
50062582,0,0.0,1.0,0.0,0
50317203,0,0.0,1.0,0.0,1
50666432,14,190.73,0.3014,1020021.25,0
50744360,0,0.0,1.0,0.0,1
50819704,0,0.0,1.0,0.0,0
50867256,0,0.0,1.0,0.0,0
50891610,0,0.0,1.0,0.0,0
50995746,2,120.0,0.5604,288791.21,0
51154194,0,0.0,1.0,0.0,1
51332469,5,60.0,0.7802,151535.16,0
51476471,0,0.0,1.0,0.0,0
51476728,5,190.73,0.3014,256535.34,0
51476792,5,190.73,0.3014,253985.29,0
51476808,6,190.73,0.3014,283310.9,0
51656837,2,12.0,0.956,71395.6,0
51878214,1,12.0,0.956,19092.31,0
51896985,0,0.0,1.0,0.0,1
51964077,4,24.0,0.9121,45917.8,0
52097737,1,10.0,0.9634,25229.12,0
52181842,19,114.0,0.5824,161715.05,0
52182896,0,0.0,1.0,0.0,0
52252059,0,0.0,1.0,0.0,1
52261003,0,0.0,1.0,0.0,1
52330428,0,0.0,1.0,0.0,1
52339848,0,0.0,1.0,0.0,1
52394784,2,190.73,0.3014,337372.03,0
52431612,3,18.0,0.9341,19397.14,0
52436986,13,78.0,0.7143,47971.43,0
52538635,6,190.73,0.3014,383272.98,0
52551579,0,0.0,1.0,0.0,1
52555354,8,190.73,0.3014,664543.84,0
52780849,3,168.0,0.3846,321200.0,0
52782806,25,150.0,0.4505,421956.04,0
52800836,23,138.0,0.4945,847618.24,0
52915521,3,180.0,0.3407,586968.13,0
52947774,0,0.0,1.0,0.0,0
52983240,20,190.73,0.3014,1044246.75,0
53042831,0,0.0,1.0,0.0,1
53043788,0,0.0,1.0,0.0,0
53222567,0,0.0,1.0,0.0,1
53266572,32,190.73,0.3014,665308.86,0
53351002,0,0.0,1.0,0.0,1
53351231,0,0.0,1.0,0.0,1
53368573,0,0.0,1.0,0.0,0
53482153,0,0.0,1.0,0.0,1
53482756,0,0.0,1.0,0.0,1
53594149,0,0.0,1.0,0.0,0
53619835,4,24.0,0.9121,278715.6,0
53635027,2,12.0,0.956,63951.21,0
53711559,1,6.0,0.978,8715.88,0
53726879,27,162.0,0.4066,106347.36,0
53871538,0,0.0,1.0,0.0,1
53943067,1,6.0,0.978,29681.32,0
53943179,0,0.0,1.0,0.0,1
53943221,0,0.0,1.0,0.0,1
54007318,0,0.0,1.0,0.0,1
54015309,0,0.0,1.0,0.0,0
54030098,3,186.0,0.3187,159902.09,0
54202164,0,0.0,1.0,0.0,1
54232272,1,40.0,0.8535,158835.16,0
54233586,0,0.0,1.0,0.0,1
54375285,3,120.0,0.5604,403826.37,0
54375288,0,0.0,1.0,0.0,0
514294622514890301,0,0.0,1.0,0.0,1
543128115053691489,13,78.0,0.7143,796221.43,0
548127025278703399,0,0.0,1.0,0.0,1
548192714838912671,0,0.0,1.0,0.0,0
553799356522154464,15,90.0,0.6703,151856.04,0
558916297882079871,0,0.0,1.0,0.0,1
565300611287015148,0,0.0,1.0,0.0,1
565335882602857660,0,0.0,1.0,0.0,0
566922573675632024,0,0.0,1.0,0.0,1
567678549079369941,0,0.0,1.0,0.0,1
569237303659878526,0,0.0,1.0,0.0,1
569243179904948352,0,0.0,1.0,0.0,1
583067321148967409,0,0.0,1.0,0.0,1
584397169228651241,1,60.0,0.7802,135491.21,0
584987073519906652,3,180.0,0.3407,540280.22,0
585354074023616622,2,120.0,0.5604,320879.12,0
585594807835520946,0,0.0,1.0,0.0,1
585594887046717747,0,0.0,1.0,0.0,1
586049306480937872,0,0.0,1.0,0.0,0
586049538291581878,0,0.0,1.0,0.0,0
586116150277538889,7,190.73,0.3014,309321.44,0
588578447165226770,0,0.0,1.0,0.0,1
588587947911203277,0,0.0,1.0,0.0,1
592179386940120956,0,0.0,1.0,0.0,1
592374301340603977,0,0.0,1.0,0.0,1
595099964731233345,14,84.0,0.6923,105232.31,0
595198913752338079,8,112.0,0.5897,440395.9,0
597355672309763856,1,56.0,0.7949,185232.82,0
598418091492374057,6,108.0,0.6044,394633.19,0
599566144826569048,7,42.0,0.8462,95517.69,0
603149787093760445,0,0.0,1.0,0.0,1
603206616203878856,0,0.0,1.0,0.0,1
603212115285005212,10,60.0,0.7802,87840.66,0
606150273343087319,13,78.0,0.7143,137031.43,0
607392027274830714,0,0.0,1.0,0.0,1
607424808505975318,0,0.0,1.0,0.0,1
607988525046664723,6,36.0,0.8681,255820.88,0
608237838734598375,0,0.0,1.0,0.0,1
611105690830189126,3,18.0,0.9341,105962.31,0
611112364009512307,0,0.0,1.0,0.0,0
614112087293818612,9,54.0,0.8022,111906.59,0
621345722427642047,14,84.0,0.6923,193730.77,0
628052701577184108,0,0.0,1.0,0.0,1
631930303364678555,0,0.0,1.0,0.0,1
632289045924174760,0,0.0,1.0,0.0,1
632364417150708971,16,96.0,0.6484,377482.2,0
634380548147047814,3,42.0,0.8462,202153.85,0
638252082882106842,0,0.0,1.0,0.0,0
638256181307293063,0,0.0,1.0,0.0,1
638259421357519031,0,0.0,1.0,0.0,0
638265716430856737,0,0.0,1.0,0.0,1
638274417156399696,0,0.0,1.0,0.0,0
638278027588594255,0,0.0,1.0,0.0,0
638931724930557209,14,84.0,0.6923,122976.92,0
640442340503577089,3,180.0,0.3407,463269.23,0
643618390826795095,0,0.0,1.0,0.0,1
644925084925117398,14,84.0,0.6923,372300.0,0
644934431503211688,6,36.0,0.8681,151278.46,0
644938150695603541,4,24.0,0.9121,100852.31,0
644941598518737548,9,54.0,0.8022,693098.9,0
644944205779333886,3,18.0,0.9341,162276.59,0
645998241288036886,24,144.0,0.4725,791287.91,0
647410287754877444,0,0.0,1.0,0.0,0
648931913187650395,6,84.0,0.6923,232813.85,0
651306881198475509,15,90.0,0.6703,157631.87,0
654214816422260496,2,120.0,0.5604,145358.24,0
656508074691477793,0,0.0,1.0,0.0,1
659126174013366732,0,0.0,1.0,0.0,0
659591536555392305,8,48.0,0.8242,99472.53,0
664875548876406535,0,0.0,1.0,0.0,1
664944262083918209,0,0.0,1.0,0.0,0
665083527323753201,0,0.0,1.0,0.0,1
665557031941994592,0,0.0,1.0,0.0,0
665567846778985309,0,0.0,1.0,0.0,1
666812243213352523,0,0.0,1.0,0.0,0
667964819540426990,11,154.0,0.4359,345290.0,0
669821836622484365,11,154.0,0.4359,385440.0,0
670103698863156222,0,0.0,1.0,0.0,0
670180657736890309,0,0.0,1.0,0.0,1
671576731217735153,5,100.0,0.6337,938571.43,0
672106414675200448,0,0.0,1.0,0.0,1
672112171534218626,0,0.0,1.0,0.0,1
672892756922332037,0,0.0,1.0,0.0,1
673041255012263804,1,60.0,0.7802,87158.79,0
673741797107840347,17,170.0,0.3773,1090534.43,0
674176281975643357,0,0.0,1.0,0.0,1
674309469108588722,2,24.0,0.9121,87471.65,0
674328595364570660,1,60.0,0.7802,76369.23,0
674330602907373164,1,60.0,0.7802,114553.85,0
675628990624711206,0,0.0,1.0,0.0,0
675629054694787610,3,186.0,0.3187,956925.71,0
676314744320589919,0,0.0,1.0,0.0,1
676316945730805739,0,0.0,1.0,0.0,1
676318600549129622,0,0.0,1.0,0.0,1
676320769749369627,0,0.0,1.0,0.0,0
676322031131984077,0,0.0,1.0,0.0,1
676323849884029787,0,0.0,1.0,0.0,1
677089535704769382,1,60.0,0.7802,74363.74,0
678148533379699103,0,0.0,1.0,0.0,0
679334111960102780,0,0.0,1.0,0.0,1
684278933410633890,0,0.0,1.0,0.0,0
684411735813733700,9,54.0,0.8022,82810.88,0
687122858829855081,0,0.0,1.0,0.0,1
687388475327500363,1,6.0,0.978,8715.88,0
687617866299476193,0,0.0,1.0,0.0,0
687812462523210555,7,190.73,0.3014,1409924.37,0
687948176724953464,4,56.0,0.7949,299487.18,0
688712177975977398,0,0.0,1.0,0.0,0
688736936440590337,17,102.0,0.6264,425212.97,0
688828104267139090,2,120.0,0.5604,1132382.42,0
689519982404278943,23,138.0,0.4945,990610.0,0
690955889699049256,18,108.0,0.6044,650502.2,0
693336059359206247,4,190.73,0.3014,290451.05,0
693846133972752412,19,114.0,0.5824,728251.21,0
694628974140465599,2,88.0,0.6777,279196.92,0
695090151889877568,0,0.0,1.0,0.0,0
695274372602715621,0,0.0,1.0,0.0,0
696162776957066534,3,18.0,0.9341,32657.47,0
696897135220065762,0,0.0,1.0,0.0,1
696915478516401794,0,0.0,1.0,0.0,0
701004886049773403,18,108.0,0.6044,188147.47,0
701299807445830146,38,190.73,0.3014,1232440.67,0
701969473272438726,0,0.0,1.0,0.0,0
703310987286860293,0,0.0,1.0,0.0,1
703535284997320425,0,0.0,1.0,0.0,0
703940129692784348,5,190.73,0.3014,242255.05,0
704686504237754018,0,0.0,1.0,0.0,0
706151883780829353,0,0.0,1.0,0.0,0
706733785865870510,14,112.0,0.5897,335725.13,0
707650410073275342,0,0.0,1.0,0.0,1
707799502221059077,2,120.0,0.5604,415618.68,0
708410246517729999,10,60.0,0.7802,148727.47,0
709252807375274153,10,60.0,0.7802,116719.78,0
710692628032365451,0,0.0,1.0,0.0,1
713787241931578092,0,0.0,1.0,0.0,1
714165772860776576,16,96.0,0.6484,356304.18,0
714181964391902079,10,60.0,0.7802,162926.37,0
715422680137717460,0,0.0,1.0,0.0,1
715436172168651314,0,0.0,1.0,0.0,0
716277088192482239,0,0.0,1.0,0.0,0
716573734909516629,2,12.0,0.956,29569.01,0
720607063522548171,0,0.0,1.0,0.0,0
720648711829594394,2,120.0,0.5604,111505.49,0
720708919403928833,0,0.0,1.0,0.0,0
725206999412195262,31,186.0,0.3187,298666.26,0
726643190557177473,0,0.0,1.0,0.0,1
726726783980443638,0,0.0,1.0,0.0,0
728628894331477688,8,48.0,0.8242,161402.2,0
728669477726860545,21,126.0,0.5385,1424847.69,0
728809105503408048,0,0.0,1.0,0.0,1
729738649274767192,15,90.0,0.6703,336923.08,0
730031944070418305,1,6.0,0.978,52190.99,0
731000487224752907,0,0.0,1.0,0.0,0
731045483898367390,15,120.0,0.5604,320558.24,0
732595649644410995,32,190.73,0.3014,560756.68,0
733247867908789979,3,180.0,0.3407,225979.12,0
733851139018947507,0,0.0,1.0,0.0,0
734263669066060119,2,12.0,0.956,53265.93,0
735835299360389967,1,60.0,0.7802,61368.13,0
736451049728886446,1,6.0,0.978,9734.67,0
736451423462230070,0,0.0,1.0,0.0,1
736458047105464778,6,60.0,0.7802,100836.26,0
736463598057653151,0,0.0,1.0,0.0,1
736471911733463093,0,0.0,1.0,0.0,1
736642473925984409,1,6.0,0.978,14126.7,0
736903343908082911,0,0.0,1.0,0.0,0
737614403705512093,18,108.0,0.6044,147572.31,0
738100326869925778,20,120.0,0.5604,536991.21,0
738253037476770287,0,0.0,1.0,0.0,0
738322392665808067,3,190.73,0.3014,845597.61,0
738921152503701955,0,0.0,1.0,0.0,1
739062412391250822,6,36.0,0.8681,134769.23,0
739071795983218359,29,174.0,0.3626,771192.86,0
739357791917911928,0,0.0,1.0,0.0,0
739570691118054429,1,6.0,0.978,33571.98,0
739589574212136324,3,18.0,0.9341,86974.29,0
739936810328546480,5,190.73,0.3014,1672834.84,0
740753115740288570,0,0.0,1.0,0.0,0
740935647780263155,0,0.0,1.0,0.0,0
741149666843325702,1,60.0,0.7802,146641.76,0
741809503811848852,9,54.0,0.8022,265110.33,0
741809940172685821,15,90.0,0.6703,465916.48,0
741880528886192933,3,190.73,0.3014,3251572.73,0
744659259082631278,0,0.0,1.0,0.0,1
745359115520936637,24,144.0,0.4725,390830.77,0
746689408398265048,0,0.0,1.0,0.0,1
746760767374001479,0,0.0,1.0,0.0,1
747706181790282523,0,0.0,1.0,0.0,1
748094713283522579,0,0.0,1.0,0.0,1
749590556360903474,4,24.0,0.9121,26151.65,0
750294634491883836,13,78.0,0.7143,320991.43,0
750564164515703616,0,0.0,1.0,0.0,0
751642254831898888,11,66.0,0.7582,255548.13,0
751874717462268115,13,78.0,0.7143,146625.71,0
752427983531071380,5,190.73,0.3014,802501.71,0
753222264412770539,19,114.0,0.5824,500844.18,0
753544112614904465,3,168.0,0.3846,219224.62,0
754867452031803364,5,30.0,0.8901,147283.52,0
755660728518343819,3,18.0,0.9341,166680.66,0
756425164005312346,21,126.0,0.5385,522567.69,0
756439713557357649,16,96.0,0.6484,261580.66,0
756689464654399853,12,72.0,0.7363,180879.56,0
757249709744910332,0,0.0,1.0,0.0,1
758892129868375449,37,190.73,0.3014,465639.7,0
759688795816179015,4,190.73,0.3014,617367.86,0
759955130477168970,0,0.0,1.0,0.0,1
760446791657701349,0,0.0,1.0,0.0,1
760759839898653021,19,114.0,0.5824,240667.36,0
764076075281199303,0,0.0,1.0,0.0,0
764170415665769475,4,24.0,0.9121,85610.55,0
764366430758347565,0,0.0,1.0,0.0,0
764417656396759697,6,36.0,0.8681,77781.1,0
765114905464957816,0,0.0,1.0,0.0,1
765666159430378740,5,90.0,0.6703,188315.93,0
765686828534709613,16,96.0,0.6484,138748.13,0
766660591401043253,0,0.0,1.0,0.0,1
766872738189259095,1,60.0,0.7802,115516.48,0
766997271105978860,24,144.0,0.4725,1055628.13,0
767050547962981801,9,54.0,0.8022,211250.77,0
767223287445273719,16,96.0,0.6484,188548.57,0
767492888534656403,0,0.0,1.0,0.0,0
767742249471356609,14,84.0,0.6923,141844.62,0
767859207865234354,0,0.0,1.0,0.0,0
769133197471562323,4,190.73,0.3014,771901.08,0
770886565703934947,0,0.0,1.0,0.0,1
771196314247138835,8,190.73,0.3014,615327.82,0
771453366033899729,0,0.0,1.0,0.0,0
771502318386243187,4,24.0,0.9121,90776.7,0
771517637780134777,0,0.0,1.0,0.0,1
771997547745183083,69,190.73,0.3014,704834.68,0
772922018421214988,27,162.0,0.4066,320991.43,0
774156088516388979,5,30.0,0.8901,106251.1,0
774303345719257571,0,0.0,1.0,0.0,0
774348753017469436,0,0.0,1.0,0.0,1
774461088572748411,0,0.0,1.0,0.0,0
775050861943708893,0,0.0,1.0,0.0,0
775203954681206261,20,120.0,0.5604,299380.22,0
775597173120420984,12,72.0,0.7363,200517.36,0
776029613768329621,5,70.0,0.7436,126346.15,0
776321632106607811,2,116.0,0.5751,232637.36,0
776452042446940789,36,190.73,0.3014,320031.67,0
777228764749161343,0,0.0,1.0,0.0,0
777240168017089408,3,168.0,0.3846,442043.08,0
777509340887136606,0,0.0,1.0,0.0,1
778019075827523058,4,190.73,0.3014,501850.45,0
778083588407911598,4,190.73,0.3014,773941.12,0
778109580982919379,3,168.0,0.3846,446535.38,0
778124703439027267,4,190.73,0.3014,547751.41,0
778629689185029401,0,0.0,1.0,0.0,1
778695038602199348,0,0.0,1.0,0.0,1
778792739844731031,10,100.0,0.6337,415538.46,0
778955991202345096,0,0.0,1.0,0.0,1
780171287519992155,3,168.0,0.3846,660593.85,0
780198302197523711,5,190.73,0.3014,547751.41,0
780654284784791005,0,0.0,1.0,0.0,1
781079393287783665,0,0.0,1.0,0.0,1
781341240511319988,4,190.73,0.3014,547751.41,0
781362282203023655,3,168.0,0.3846,482473.85,0
781405547047326467,4,190.73,0.3014,501850.45,0
782179832792554982,21,126.0,0.5385,181938.46,0
782192266563228426,0,0.0,1.0,0.0,1
782834602027039637,0,0.0,1.0,0.0,1
782840096152179822,0,0.0,1.0,0.0,0
782843055516027102,0,0.0,1.0,0.0,0
782855869203493023,3,42.0,0.8462,241798.46,0
782867105307124390,0,0.0,1.0,0.0,1
782879938531342796,0,0.0,1.0,0.0,0
783035745230513649,18,108.0,0.6044,567185.93,0
783089256075100723,0,0.0,1.0,0.0,0
783146856966972334,12,120.0,0.5604,408158.24,0
783802583703061848,5,150.0,0.4505,404107.14,0
785219826851874003,7,190.73,0.3014,547751.41,0
785235612376331117,14,112.0,0.5897,325243.08,0
785356709980806102,0,0.0,1.0,0.0,1
785481775624078496,0,0.0,1.0,0.0,1
785866625104220150,13,78.0,0.7143,125560.0,0
786622837629714376,25,150.0,0.4505,158835.16,0
787233719654792282,16,96.0,0.6484,147861.1,0
787521294207739693,2,12.0,0.956,17568.13,0
787671960354198720,0,0.0,1.0,0.0,1
788113882772186228,0,0.0,1.0,0.0,0
788293621543254447,8,48.0,0.8242,93440.0,0
788314023347122848,12,72.0,0.7363,125335.38,0
788414928054130299,1,60.0,0.7802,146721.98,0
788791221922560465,5,30.0,0.8901,123297.8,0
789110893336073299,0,0.0,1.0,0.0,0
789303695096571247,0,0.0,1.0,0.0,0
790154502040960995,6,168.0,0.3846,357138.46,0
790291847531225062,1,60.0,0.7802,87158.79,0
790769972851552031,0,0.0,1.0,0.0,1
790793603396695603,0,0.0,1.0,0.0,1
790895426847015362,0,0.0,1.0,0.0,0
791106459766666709,0,0.0,1.0,0.0,1
791110453227217621,0,0.0,1.0,0.0,1
791122834220509286,0,0.0,1.0,0.0,1
791130103289817480,28,168.0,0.3846,271560.0,0
791201957047535610,1,58.0,0.7875,113992.31,0
791751689014073157,0,0.0,1.0,0.0,0
791985114383198714,0,0.0,1.0,0.0,0
792360317392877846,0,0.0,1.0,0.0,0
792641998280852003,23,138.0,0.4945,370856.04,0
793093597088024881,4,190.73,0.3014,744615.51,0
793219238971341589,23,138.0,0.4945,1060906.59,0
793741624098543387,5,190.73,0.3014,749970.62,0
793770653645558051,12,72.0,0.7363,136116.92,0
793784570034753335,6,190.73,0.3014,478899.97,0
793816111606658851,0,0.0,1.0,0.0,0
794039486287167788,12,72.0,0.7363,149208.79,0
794173792562785337,23,138.0,0.4945,178047.8,0
795874419761575041,0,0.0,1.0,0.0,0
796305572417883094,1,6.0,0.978,106716.37,0
796655579924412844,0,0.0,1.0,0.0,0
796662227700914545,0,0.0,1.0,0.0,0
797545799182831337,0,0.0,1.0,0.0,1
797658103362169479,30,180.0,0.3407,343661.54,0
797707006089923234,0,0.0,1.0,0.0,1
797797441057547307,0,0.0,1.0,0.0,1
799007721300681917,4,160.0,0.4139,614590.48,0
799090425284222438,15,90.0,0.6703,277841.21,0
799589928925338005,23,138.0,0.4945,595768.24,0
799761664847159156,3,18.0,0.9341,61993.85,0
799768861441566185,13,78.0,0.7143,396285.71,0
800568471384596881,2,28.0,0.8974,107178.97,0
800593816791970684,1,60.0,0.7802,418426.37,0
800622266866160165,0,0.0,1.0,0.0,1
800627125062437142,0,0.0,1.0,0.0,1
800634443750352524,0,0.0,1.0,0.0,0
800637374020330042,0,0.0,1.0,0.0,1
801046870921771613,0,0.0,1.0,0.0,1
802550803541818906,5,30.0,0.8901,16765.93,0
803080252890905011,0,0.0,1.0,0.0,1
804189013554564996,0,0.0,1.0,0.0,1
804444410502787267,0,0.0,1.0,0.0,0
804705062997872720,11,66.0,0.7582,137568.9,0
804802813404537858,0,0.0,1.0,0.0,0
805301484553952723,14,84.0,0.6923,318729.23,0
806089685986056697,0,0.0,1.0,0.0,0
806186664722906871,7,42.0,0.8462,103603.85,0
807351534870112863,23,138.0,0.4945,521412.53,0
807444655096061281,0,0.0,1.0,0.0,1
807799272978453601,0,0.0,1.0,0.0,1
807814621723862517,0,0.0,1.0,0.0,1
808236818177427659,3,180.0,0.3407,159316.48,0
808283336112502848,34,190.73,0.3014,286880.98,0
808660626616995904,19,114.0,0.5824,585283.52,0
809734614498400370,4,24.0,0.9121,133389.45,0
810370156712320665,3,18.0,0.9341,51501.1,0
810389003262735639,27,162.0,0.4066,403730.11,0
811842894648939585,4,24.0,0.9121,105216.26,0
811968958591129186,54,190.73,0.3014,349867.29,0
812294143218625814,24,144.0,0.4725,534648.79,0
814174795782589937,0,0.0,1.0,0.0,0
814375714526318800,0,0.0,1.0,0.0,0
814807307792115826,4,40.0,0.8535,98937.73,0
815504973316354649,1,10.0,0.9634,50712.27,0
815834228711518727,30,180.0,0.3407,324890.11,0
816271633628345141,0,0.0,1.0,0.0,1
816591171475699517,23,138.0,0.4945,337091.54,0
816932034070944042,5,30.0,0.8901,73922.53,0
817031122478771573,12,72.0,0.7363,311894.51,0
817738023098587222,13,190.73,0.3014,239704.99,0
817859538216529455,13,78.0,0.7143,132755.71,0
817887637379938423,0,0.0,1.0,0.0,0
818036469274849751,0,0.0,1.0,0.0,1
818046103147515103,1,60.0,0.7802,88241.76,0
818409481744980746,0,0.0,1.0,0.0,0
818463514273105605,0,0.0,1.0,0.0,1
818562774645646186,13,78.0,0.7143,143810.0,0
818751900169255700,8,48.0,0.8242,148502.86,0
819255839437331377,0,0.0,1.0,0.0,1
819367207449752010,0,0.0,1.0,0.0,0
819464615397816510,0,0.0,1.0,0.0,0
819978634019150176,0,0.0,1.0,0.0,0
820590905603889537,19,114.0,0.5824,365954.62,0
820674518251043070,2,120.0,0.5604,56153.85,0
820806171285339237,0,0.0,1.0,0.0,1
821330309358422819,21,126.0,0.5385,244269.23,0
822233060439308928,3,18.0,0.9341,34342.09,0
822243668690212331,0,0.0,1.0,0.0,1
822368167378149307,0,0.0,1.0,0.0,1
822368684647628774,0,0.0,1.0,0.0,1
822497992949608003,17,102.0,0.6264,496809.12,0
822887321192463895,0,0.0,1.0,0.0,1
822977762995914952,14,84.0,0.6923,218213.85,0
823791988635058949,17,102.0,0.6264,216834.07,0
823892157133735447,4,190.73,0.3014,642613.38,0
824241809807787529,0,0.0,1.0,0.0,1
824430199328579950,0,0.0,1.0,0.0,1
824470501971051065,0,0.0,1.0,0.0,1
824613643107856132,0,0.0,1.0,0.0,0
825196994193814898,0,0.0,1.0,0.0,0
825732849610679467,3,42.0,0.8462,152513.85,0
825933203087857473,0,0.0,1.0,0.0,0
825984882549752240,8,80.0,0.707,410832.23,0
826435067528873727,0,0.0,1.0,0.0,0
826731741034801702,5,190.73,0.3014,547751.41,0
827839812109065445,13,78.0,0.7143,196161.43,0
827865275903111186,13,78.0,0.7143,641252.86,0
828041166766378260,0,0.0,1.0,0.0,1
830096647457842088,5,190.73,0.3014,872373.17,0
830184796011091847,0,0.0,1.0,0.0,1
830640755491360484,4,190.73,0.3014,514855.72,0
830760856800710254,10,60.0,0.7802,287026.37,0
830933273716749346,0,0.0,1.0,0.0,0
831074071872726927,4,56.0,0.7949,121966.15,0
831175344019526348,6,190.73,0.3014,773941.12,0
831187601077066892,1,56.0,0.7949,220197.95,0
831198418309571828,1,56.0,0.7949,160824.62,0
831227729496951478,1,56.0,0.7949,140609.23,0
831438580449674186,0,0.0,1.0,0.0,0
832000176373451712,0,0.0,1.0,0.0,1
832277255092344958,5,190.73,0.3014,215989.5,0
833026327352911328,12,72.0,0.7363,98766.59,0
833122040995005647,14,84.0,0.6923,164980.0,0
833579819303898738,0,0.0,1.0,0.0,0
833758831806817991,19,114.0,0.5824,184120.44,0
833948905683235085,22,132.0,0.5165,241252.97,0
834224447168458467,16,96.0,0.6484,524829.89,0
835207271151392549,0,0.0,1.0,0.0,0
836045630406959183,26,156.0,0.4286,579202.86,0
836458338856844735,0,0.0,1.0,0.0,0
836458343968935792,0,0.0,1.0,0.0,0
836458347427905932,0,0.0,1.0,0.0,1
836458624676965928,0,0.0,1.0,0.0,0
836555248212842252,9,180.0,0.3407,842789.01,0
836766454646402642,0,0.0,1.0,0.0,0
836824636764760258,0,0.0,1.0,0.0,1
837382965313600549,15,90.0,0.6703,221767.58,0
837460734445812789,18,108.0,0.6044,298754.51,0
837573865423456759,0,0.0,1.0,0.0,1
837595604546676034,21,126.0,0.5385,613705.38,0
838149944081256120,0,0.0,1.0,0.0,0
838342467689295867,0,0.0,1.0,0.0,0
838854277148623869,0,0.0,1.0,0.0,0
839732520562468136,21,126.0,0.5385,637626.92,0
840328829630100239,12,72.0,0.7363,220058.9,0
840469656001077751,30,180.0,0.3407,318151.65,0
840742132427076238,9,190.73,0.3014,593652.36,0
841113545245406088,11,66.0,0.7582,100330.88,0
841117437658886593,0,0.0,1.0,0.0,1
841633725869447873,3,168.0,0.3846,482473.85,0
841653173546983658,5,190.73,0.3014,478899.97,0
841681412617443944,0,0.0,1.0,0.0,0
841743573732404992,0,0.0,1.0,0.0,0
841843184613126182,0,0.0,1.0,0.0,1
842480226463559009,1,60.0,0.7802,206646.15,0
842674424818904334,46,190.73,0.3014,828257.25,0
843031860935716096,10,60.0,0.7802,82145.05,0
843037717337314323,10,60.0,0.7802,92012.09,0
843865759868194434,0,0.0,1.0,0.0,1
843912797172852672,7,42.0,0.8462,87543.85,0
844086460212558447,30,180.0,0.3407,506347.25,0
844730109376698475,0,0.0,1.0,0.0,1
844956258963016012,0,0.0,1.0,0.0,0
845029327225401795,1,60.0,0.7802,150251.65,0
846112557784786546,2,56.0,0.7949,113206.15,0
846336997821396672,0,0.0,1.0,0.0,1
846631479995666079,4,24.0,0.9121,59138.02,0
846688247166668116,0,0.0,1.0,0.0,0
846742806515684699,0,0.0,1.0,0.0,1
846743245664276546,0,0.0,1.0,0.0,0
846971222642583051,1,60.0,0.7802,231514.29,0
846976805127720781,1,60.0,0.7802,249804.4,0
847350386467245337,0,0.0,1.0,0.0,1
847417528333279290,0,0.0,1.0,0.0,0
847422785443414483,0,0.0,1.0,0.0,1
847430072743293787,0,0.0,1.0,0.0,1
847466904040021871,0,0.0,1.0,0.0,1
847467217800081643,0,0.0,1.0,0.0,1
847536193583946722,0,0.0,1.0,0.0,1
847770363837429293,3,18.0,0.9341,54461.21,0
848167637040480211,2,100.0,0.6337,147069.6,0
848233602024306434,0,0.0,1.0,0.0,0
848272446425378808,0,0.0,1.0,0.0,1
848336782246526620,1,56.0,0.7949,177071.79,0
848746377117630450,5,30.0,0.8901,73922.53,0
848888282698024992,0,0.0,1.0,0.0,1
848901132077271725,0,0.0,1.0,0.0,1
848904976705486072,0,0.0,1.0,0.0,1
848976754315741127,0,0.0,1.0,0.0,0
849037419519892431,2,112.0,0.5897,122490.26,0
849052819142963850,0,0.0,1.0,0.0,0
849054567147634401,0,0.0,1.0,0.0,0
849092984779951736,17,102.0,0.6264,224061.87,0
849125150374328884,23,138.0,0.4945,268455.49,0
849152847693323412,0,0.0,1.0,0.0,0
849722004308227411,17,190.73,0.3014,273620.7,0
850279618805913693,0,0.0,1.0,0.0,1
850460131347955912,0,0.0,1.0,0.0,0
850491953666122174,12,96.0,0.6484,279806.59,0
850609834062625952,4,190.73,0.3014,255005.31,0
851126048791597115,16,96.0,0.6484,645480.44,0
851196323192342980,19,114.0,0.5824,557543.52,0
851197564640438176,13,104.0,0.619,417142.86,0
851295985954814156,5,190.73,0.3014,824942.18,0
851391408577324998,0,0.0,1.0,0.0,0
852761915848741718,17,102.0,0.6264,553949.67,0
853206766512168623,0,0.0,1.0,0.0,1
853886685959900445,0,0.0,1.0,0.0,1
854126526077679617,0,0.0,1.0,0.0,0
854258461809014830,28,168.0,0.3846,288406.15,0
854300354140139865,0,0.0,1.0,0.0,0
854691810709958585,17,102.0,0.6264,269065.16,0
854896424840372203,26,156.0,0.4286,255082.86,0
854995219049032141,5,70.0,0.7436,328593.59,0
855227467991490417,2,120.0,0.5604,176483.52,0
855615137042439261,16,128.0,0.5311,432630.62,0
856158393636596010,9,72.0,0.7363,393718.68,0
856254551051622033,3,30.0,0.8901,119206.59,0
856270654911840712,16,96.0,0.6484,360411.43,0
856275433320848565,17,102.0,0.6264,155056.81,0
856376392959375658,25,150.0,0.4505,521428.57,0
856855202516285282,2,120.0,0.5604,120329.67,0
856994334796007587,0,0.0,1.0,0.0,1
857441559647106545,2,12.0,0.956,29569.01,0
857450354966367636,0,0.0,1.0,0.0,0
857589251390948690,12,72.0,0.7363,401034.73,0
857592834369625400,2,12.0,0.956,66839.12,0
857616372547407484,40,190.73,0.3014,526075.96,0
857616376592393945,21,126.0,0.5385,286047.69,0
857616380618982745,21,126.0,0.5385,222032.31,0
857616384728237758,25,150.0,0.4505,424763.74,0
857616388408834717,22,132.0,0.5165,309199.12,0
857869225674963566,15,90.0,0.6703,155826.92,0
858368276947191163,7,42.0,0.8462,204624.62,0
858792167506177329,0,0.0,1.0,0.0,0
859166292796885643,3,18.0,0.9341,54870.33,0
859405688257653974,25,150.0,0.4505,365601.65,0
859682599543295746,32,190.73,0.3014,612012.75,0
859884565842201503,0,0.0,1.0,0.0,0
860578063306879586,0,0.0,1.0,0.0,1
860681112387418957,0,0.0,1.0,0.0,0
860778600877754458,14,84.0,0.6923,256735.38,0
861276230891195237,0,0.0,1.0,0.0,0
861459698065246900,16,96.0,0.6484,193810.99,0
861947185223352436,27,162.0,0.4066,496865.27,0
862000257827258086,0,0.0,1.0,0.0,0
862010998539605604,0,0.0,1.0,0.0,0
862020759495903945,2,120.0,0.5604,127549.45,0
862664690187933014,25,150.0,0.4505,314461.54,0
862868656072104958,10,140.0,0.4872,460461.54,0
862872706245820539,34,190.73,0.3014,344002.17,0
863050690084894211,5,150.0,0.4505,499568.68,0
863106660151798893,1,60.0,0.7802,116318.68,0
863320629163186251,0,0.0,1.0,0.0,0
863388038124424071,0,0.0,1.0,0.0,1
863422388428606117,20,120.0,0.5604,728074.73,0
863468921773993520,24,144.0,0.4725,193682.64,0
863504586146318331,16,96.0,0.6484,135796.04,0
863557754101501454,3,180.0,0.3407,703447.25,0
863992372183306401,11,66.0,0.7582,459563.08,0
864130098076579291,5,190.73,0.3014,671428.98,0
864165435549128685,28,168.0,0.3846,537280.0,0
864373578973980361,1,6.0,0.978,20792.97,0
864834268799410560,0,0.0,1.0,0.0,1
865593454711782334,2,12.0,0.956,35537.36,0
865701547632069272,7,70.0,0.7436,311560.26,0
865791735934449229,10,60.0,0.7802,110302.2,0
865796034989937990,21,126.0,0.5385,192046.15,0
866311865316211919,7,70.0,0.7436,246515.38,0
866318653088851090,0,0.0,1.0,0.0,1
866350227347516106,0,0.0,1.0,0.0,1
866390032965935729,0,0.0,1.0,0.0,1
866468215209471075,0,0.0,1.0,0.0,1
866510774507460891,1,60.0,0.7802,88241.76,0
866510786915946289,0,0.0,1.0,0.0,1
866570005551539653,3,30.0,0.8901,48131.87,0
866977128625278439,4,24.0,0.9121,96488.35,0
867198890420314116,33,190.73,0.3014,846107.62,0
867221816342771141,7,42.0,0.8462,103491.54,0
867240730429053963,20,120.0,0.5604,546296.7,0
867618196752415885,14,84.0,0.6923,687323.08,0
867659555714435538,0,0.0,1.0,0.0,0
867763700150385156,0,0.0,1.0,0.0,0
867788180197830582,0,0.0,1.0,0.0,0
867811806955488099,0,0.0,1.0,0.0,0
867832863114244942,19,114.0,0.5824,379519.78,0
868356645364024593,10,140.0,0.4872,508379.49,0
868380461918409249,0,0.0,1.0,0.0,1
868442675479826782,30,180.0,0.3407,433668.13,0
868457918751834211,0,0.0,1.0,0.0,1
868478288066317207,2,124.0,0.5458,215523.81,0
868591821487160610,0,0.0,1.0,0.0,0
869065856699125188,11,66.0,0.7582,129980.11,0
869199703463451374,0,0.0,1.0,0.0,1
869210360662209586,2,56.0,0.7949,38334.36,0
869213641243447639,3,42.0,0.8462,28133.08,0
869406224332664065,0,0.0,1.0,0.0,0
869406283362148853,0,0.0,1.0,0.0,0
869820608701978983,0,0.0,1.0,0.0,1
869935833333217089,0,0.0,1.0,0.0,0
869940830927508649,0,0.0,1.0,0.0,0
870461669589508072,18,108.0,0.6044,311894.51,0
870892998782839004,0,0.0,1.0,0.0,1
870909586530759660,17,102.0,0.6264,231426.04,0
870910972952537311,4,40.0,0.8535,67224.18,0
870921485206263676,16,96.0,0.6484,258756.92,0
871548544590677009,0,0.0,1.0,0.0,0
871557426173384012,0,0.0,1.0,0.0,0
871562017976150396,0,0.0,1.0,0.0,0
872108701014300284,0,0.0,1.0,0.0,0
872143713134769331,22,132.0,0.5165,481800.0,0
872277866248347613,0,0.0,1.0,0.0,1
872457415943677578,20,120.0,0.5604,338206.59,0
872650866758627785,0,0.0,1.0,0.0,0
873046747151304221,20,120.0,0.5604,221727.47,0
873060467154810150,0,0.0,1.0,0.0,0
873739619597268278,0,0.0,1.0,0.0,0
873835189327800311,14,84.0,0.6923,2056129.23,0
873848967636986076,0,0.0,1.0,0.0,1
874157758315751847,0,0.0,1.0,0.0,0
874476750427151610,0,0.0,1.0,0.0,0
874514945893816767,0,0.0,1.0,0.0,0
874634382323244050,0,0.0,1.0,0.0,0
875100781463266202,0,0.0,1.0,0.0,0
875276929498541624,0,0.0,1.0,0.0,1
875347107170932317,14,84.0,0.6923,216529.23,0
875355910782035906,21,126.0,0.5385,328836.92,0
875594311736773939,22,132.0,0.5165,228546.15,0
875603954548240363,11,66.0,0.7582,106507.8,0
875651044379077465,0,0.0,1.0,0.0,0
876447717231324276,0,0.0,1.0,0.0,0
876535386260071645,24,144.0,0.4725,776463.3,0
876606570799050635,37,190.73,0.3014,499300.4,0
876821418367671236,8,48.0,0.8242,90808.79,0
876987032092375540,0,0.0,1.0,0.0,0
877108248896005381,11,66.0,0.7582,340436.7,0
877181985282880593,0,0.0,1.0,0.0,0
877261998806381191,38,190.73,0.3014,444474.26,0
877309152275119599,23,138.0,0.4945,1026957.58,0
877346524664925592,7,190.73,0.3014,635728.24,0
877428739825652335,0,0.0,1.0,0.0,0
877821569854596323,0,0.0,1.0,0.0,1
877957450708260995,0,0.0,1.0,0.0,0
877968616771705738,0,0.0,1.0,0.0,0
877997520148434316,0,0.0,1.0,0.0,0
878123256674101279,4,40.0,0.8535,240659.34,0
878719847815814182,0,0.0,1.0,0.0,1
878751713559989709,36,190.73,0.3014,1326027.62,0
878827622041491430,1,60.0,0.7802,721.98,0
878879549849328438,15,90.0,0.6703,238373.08,0
879372473852964763,0,0.0,1.0,0.0,0
879378797430883334,2,120.0,0.5604,536991.21,0
880054435135090381,2,12.0,0.956,17199.12,0
880207387376546640,1,6.0,0.978,9353.63,0
880416627712568693,20,190.73,0.3014,961880.03,0
880838706371749308,4,40.0,0.8535,57758.24,0
881013841967488806,0,0.0,1.0,0.0,1
881390754752654518,0,0.0,1.0,0.0,0
881448316338860060,0,0.0,1.0,0.0,0
881523072000529881,0,0.0,1.0,0.0,0
881636059959111429,1,6.0,0.978,21603.19,0
881695487748043446,2,120.0,0.5604,96103.3,0
882246631174940828,2,12.0,0.956,44939.12,0
882256539208959778,18,108.0,0.6044,158546.37,0
882271233960815034,18,108.0,0.6044,271896.92,0
882951416842925418,18,108.0,0.6044,174285.49,0
883622298899491170,0,0.0,1.0,0.0,1
883665806653906430,4,24.0,0.9121,100691.87,0
883709562038530781,18,108.0,0.6044,282149.01,0
883778179166695887,5,70.0,0.7436,240432.05,0
883931980281253649,0,0.0,1.0,0.0,0
884305142367954652,1,56.0,0.7949,52560.0,0
884465314928642671,6,190.73,0.3014,454419.46,0
884473698468909190,4,190.73,0.3014,347317.23,0
885063497087900878,0,0.0,1.0,0.0,0
885066484418801744,0,0.0,1.0,0.0,0
885069556626862269,0,0.0,1.0,0.0,0
885114025053757760,5,30.0,0.8901,127268.68,0
885261234475194123,4,24.0,0.9121,43896.26,0
885918476168948005,0,0.0,1.0,0.0,1
886076352299778571,1,60.0,0.7802,54549.45,0
886531086249368403,30,180.0,0.3407,1273087.91,0
886572542188067678,0,0.0,1.0,0.0,0
886595904110411162,1,50.0,0.8168,106959.71,0
886597628683971992,2,12.0,0.956,45725.27,0
886677461847712664,0,0.0,1.0,0.0,0
886846448396724646,20,120.0,0.5604,160279.12,0
886920211711377402,8,48.0,0.8242,115259.78,0
886953475433750828,12,72.0,0.7363,217652.31,0
887244824672894897,0,0.0,1.0,0.0,0
887545652192657801,0,0.0,1.0,0.0,0
887553815683239849,5,30.0,0.8901,96604.67,0
887566213910413015,6,190.73,0.3014,288156.0,0
887571693210682543,0,0.0,1.0,0.0,0
888364563536107315,4,168.0,0.3846,493030.77,0
888407792697419526,23,138.0,0.4945,401483.96,0
888844392256502039,10,60.0,0.7802,73802.2,0
888848360089187632,12,72.0,0.7363,369171.43,0
888902223915557756,10,60.0,0.7802,247317.58,0
889026354593382937,9,190.73,0.3014,325641.78,0
890235444773720706,0,0.0,1.0,0.0,0
890293997415303401,18,108.0,0.6044,550869.23,0
890474451583002817,9,126.0,0.5385,994596.92,0
891010552342740939,5,190.73,0.3014,677804.12,0
891016890439845794,0,0.0,1.0,0.0,0
891039173042582175,7,190.73,0.3014,722685.05,0
891256255710900456,0,0.0,1.0,0.0,1
891697191075233900,0,0.0,1.0,0.0,1
891768711511261139,7,42.0,0.8462,173290.77,0
891775807575719314,13,78.0,0.7143,371048.57,0
891786309660977474,10,80.0,0.707,999966.3,0
891970192799388418,8,48.0,0.8242,88883.52,0
891994489322355969,0,0.0,1.0,0.0,0
892045639818491703,19,114.0,0.5824,432713.52,0
892355267058832902,0,0.0,1.0,0.0,0
892403042458775904,0,0.0,1.0,0.0,1
892414096851600861,24,144.0,0.4725,258179.34,0
892483266177544670,0,0.0,1.0,0.0,0
892504815320708661,5,190.73,0.3014,1163079.23,0
892530968113443638,33,190.73,0.3014,640828.35,0
892531282736167270,24,190.73,0.3014,346807.22,0
892678758248278288,11,66.0,0.7582,162629.56,0
893146919676525885,17,102.0,0.6264,686641.21,0
893148643009210144,0,0.0,1.0,0.0,0
893295045441404182,0,0.0,1.0,0.0,1
893366469113921783,1,120.0,0.5604,304835.16,0
893865329641749306,4,190.73,0.3014,896343.67,0
893869904057323315,7,140.0,0.4872,460087.18,0
894073327144157828,2,12.0,0.956,45051.43,0
894127328398980924,4,24.0,0.9121,83428.57,0
894133522359798033,10,60.0,0.7802,165493.41,0
894137245264947798,12,72.0,0.7363,242103.3,0
894590786552738349,0,0.0,1.0,0.0,1
894596865958367673,0,0.0,1.0,0.0,1
894643008754362134,10,60.0,0.7802,223251.65,0
894691722688510819,8,48.0,0.8242,312857.14,0
894821210048733653,0,0.0,1.0,0.0,1
894905629501664435,0,0.0,1.0,0.0,1
895235743791816021,0,0.0,1.0,0.0,0
895486770909642084,14,190.73,0.3014,308556.43,0
895564653944453106,18,108.0,0.6044,208940.44,0
895587837597427233,0,0.0,1.0,0.0,1
895847349975664729,30,180.0,0.3407,299861.54,0
895895447048027417,0,0.0,1.0,0.0,0
897391699074953884,12,72.0,0.7363,93375.82,0
898023935109466417,0,0.0,1.0,0.0,1
898196662366121223,0,0.0,1.0,0.0,0
898285895183186184,0,0.0,1.0,0.0,1
898390831125208956,0,0.0,1.0,0.0,0
898500374809807457,0,0.0,1.0,0.0,0
898569434496683059,0,0.0,1.0,0.0,0
898706311661556134,16,96.0,0.6484,1130521.32,0
898808190277364244,0,0.0,1.0,0.0,0
898877506085938037,21,126.0,0.5385,235509.23,0
898901782539596769,1,6.0,0.978,14479.67,0
899043639539168031,0,0.0,1.0,0.0,0
899056183374568597,0,0.0,1.0,0.0,1
899064055404494504,0,0.0,1.0,0.0,1
899075515490756515,0,0.0,1.0,0.0,1
899087925051388732,0,0.0,1.0,0.0,1
899097488600165611,0,0.0,1.0,0.0,1
899102651235050902,0,0.0,1.0,0.0,0
899168783309762744,17,102.0,0.6264,291021.32,0
899652004408126264,4,24.0,0.9121,89332.75,0
899659583284548713,0,0.0,1.0,0.0,1
899722630695952910,0,0.0,1.0,0.0,0
899911828441074253,18,108.0,0.6044,288791.21,0
900348227913757449,0,0.0,1.0,0.0,0
900450895826025252,20,120.0,0.5604,463830.77,0
900959212755266757,0,0.0,1.0,0.0,1
900973163823586987,0,0.0,1.0,0.0,0
900982805790523193,39,190.73,0.3014,696929.52,0
901135244279017498,0,0.0,1.0,0.0,0
901420295632505177,0,0.0,1.0,0.0,0
901801525542708113,0,0.0,1.0,0.0,0
901814699045517924,0,0.0,1.0,0.0,0
902000785193572639,6,84.0,0.6923,42789.23,0
902513945419670987,0,0.0,1.0,0.0,0
902587772530544863,7,42.0,0.8462,108433.08,0
902602739482681065,7,42.0,0.8462,111690.0,0
902623363572529025,31,186.0,0.3187,447875.05,0
902623715860445832,6,36.0,0.8681,91691.21,0
902628421138168160,13,130.0,0.5238,597904.76,0
902645863513871220,2,28.0,0.8974,21375.9,0
902722372882319613,6,36.0,0.8681,65844.4,0
902755905295109719,46,190.73,0.3014,782866.31,0
902767524283426911,6,36.0,0.8681,89043.96,0
902902084635686106,23,138.0,0.4945,305541.1,0
902903100929880426,16,96.0,0.6484,200998.68,0
903127284776667470,27,162.0,0.4066,191901.76,0
903259162848642042,12,72.0,0.7363,121099.78,0
903302485988570238,10,60.0,0.7802,91209.89,0
903464566051509112,0,0.0,1.0,0.0,1
903480085191248022,3,18.0,0.9341,27603.63,0
903570578837536248,0,0.0,1.0,0.0,0
903605793890347504,0,0.0,1.0,0.0,0
903639277064394882,20,120.0,0.5604,261837.36,0
903952095477755422,6,36.0,0.8681,231273.63,0
904026688315931746,19,114.0,0.5824,365802.2,0
904053767941123318,8,48.0,0.8242,117377.58,0
904103825231098906,15,90.0,0.6703,483965.93,0
904222802956553796,5,30.0,0.8901,345105.49,0
904265004059267048,19,114.0,0.5824,215213.63,0
904677218513875520,26,156.0,0.4286,804042.86,0
904807129953791883,0,0.0,1.0,0.0,0
904948491486302171,0,0.0,1.0,0.0,1
905024031025433673,0,0.0,1.0,0.0,0
905361058879483621,0,0.0,1.0,0.0,0
905503721565462688,25,150.0,0.4505,415137.36,0
905550614727092831,23,138.0,0.4945,239488.13,0
905593286536854555,15,90.0,0.6703,184946.7,0
905605983611822824,26,156.0,0.4286,219208.57,0
907110251824473533,0,0.0,1.0,0.0,0
907498032332835939,23,138.0,0.4945,672338.02,0
907513210444899182,4,24.0,0.9121,58592.53,0
908207491928320671,33,190.73,0.3014,406733.47,0
908368945165044148,0,0.0,1.0,0.0,0
908684626081587334,0,0.0,1.0,0.0,1
909111677186797564,10,60.0,0.7802,223973.63,0
909444390450659565,23,138.0,0.4945,222698.13,0
909705761384538452,6,36.0,0.8681,156524.84,0
910054565873484864,6,36.0,0.8681,177125.27,0
910430450627650283,0,0.0,1.0,0.0,1
910588130310122230,0,0.0,1.0,0.0,0
911315797800647176,5,190.73,0.3014,1170219.37,0
911344141849720310,8,80.0,0.707,347298.17,0
912690145259224990,0,0.0,1.0,0.0,1
912694659033920116,0,0.0,1.0,0.0,0
912743466137776087,1,6.0,0.978,20857.14,0
912859569900622254,15,90.0,0.6703,541242.86,0
913070040451759289,0,0.0,1.0,0.0,1
913745315137688960,13,78.0,0.7143,641878.57,0
914262059580346106,15,120.0,0.5604,361309.89,0
914297258526572784,44,190.73,0.3014,1172259.42,0
914354369038778974,0,0.0,1.0,0.0,1
914798790063539563,0,0.0,1.0,0.0,1
914874460132082126,19,114.0,0.5824,1416264.18,0
915071410175081970,15,90.0,0.6703,247758.79,0
915100924333356258,0,0.0,1.0,0.0,0
916701586661050208,18,144.0,0.4725,195030.33,0
917161009032015065,0,0.0,1.0,0.0,0
917198602078933780,0,0.0,1.0,0.0,0
917276958297661042,0,0.0,1.0,0.0,0
917397004283969046,11,66.0,0.7582,306728.35,0
917784379272109057,0,0.0,1.0,0.0,1
918313950722504072,0,0.0,1.0,0.0,1
918342520298962655,0,0.0,1.0,0.0,1
918396628537702770,0,0.0,1.0,0.0,0
918399349266578632,15,90.0,0.6703,508392.86,0
918563163592475882,11,66.0,0.7582,333730.33,0
918729209161867930,12,72.0,0.7363,175970.11,0
918767455277341358,0,0.0,1.0,0.0,1
918837327382771550,16,96.0,0.6484,154920.44,0
918843779217261570,18,108.0,0.6044,225545.93,0
919510354432582610,0,0.0,1.0,0.0,0
919560026854189197,13,104.0,0.619,298535.24,0
919579979966705196,14,112.0,0.5897,291101.54,0
919594426465509504,12,96.0,0.6484,258628.57,0
919929123814267563,0,0.0,1.0,0.0,0
920734863460425164,0,0.0,1.0,0.0,0
920830686185067242,21,126.0,0.5385,307947.69,0
921386665297426102,23,138.0,0.4945,314766.37,0
921465023686052669,20,120.0,0.5604,267613.19,0
922140368590046982,0,0.0,1.0,0.0,0
922236823600766622,1,6.0,0.978,19324.95,0
922453021380974840,25,150.0,0.4505,411928.57,0
923187417986001215,0,0.0,1.0,0.0,0
924299077684350660,4,190.73,0.3014,478899.97,0
924501560240370607,7,42.0,0.8462,301153.08,0
924904317045916919,3,30.0,0.8901,140384.62,0
924910597700499616,0,0.0,1.0,0.0,1
925105158339077276,37,190.73,0.3014,527860.99,0
925722812381259994,0,0.0,1.0,0.0,0
926057143770486714,0,0.0,1.0,0.0,0
926341057043792844,31,186.0,0.3187,309110.88,0
926355630717930060,29,174.0,0.3626,877042.86,0
926467617876631214,7,42.0,0.8462,149369.23,0
926511623762245360,18,144.0,0.4725,422597.8,0
926636200156137211,21,126.0,0.5385,193899.23,0
926740624909503771,0,0.0,1.0,0.0,0
926751290763488662,2,120.0,0.5604,165413.19,0
927088811781486623,0,0.0,1.0,0.0,1
927299940589274953,7,190.73,0.3014,335331.98,0
927406569305235413,0,0.0,1.0,0.0,0
927502990804131142,18,108.0,0.6044,283592.97,0
927604681960377103,0,0.0,1.0,0.0,1
927664848482256765,11,66.0,0.7582,117714.51,0
927825367843614642,3,180.0,0.3407,312857.14,0
927920430786111193,6,36.0,0.8681,363491.87,0
928060094648452535,1,6.0,0.978,9329.56,0
929315997729322048,0,0.0,1.0,0.0,0
929476315067481218,28,168.0,0.3846,669129.23,0
929600426483879714,9,54.0,0.8022,68371.32,0
930319058114336316,8,64.0,0.7656,225898.9,0
930867604942991225,0,0.0,1.0,0.0,1
931050694548504201,17,102.0,0.6264,253109.45,0
931080966816046131,0,0.0,1.0,0.0,1
931541062888884181,7,42.0,0.8462,393357.69,0
931628980694094424,1,56.0,0.7949,201929.23,0
932323219108190418,20,120.0,0.5604,207127.47,0
932341188700094052,0,0.0,1.0,0.0,1
932377772688880148,1,56.0,0.7949,97108.72,0
932530025864330666,17,102.0,0.6264,197469.01,0
933043478838319339,0,0.0,1.0,0.0,1
933060188478545805,3,180.0,0.3407,241862.64,0
933193612272139280,0,0.0,1.0,0.0,0
933439803371682687,10,60.0,0.7802,117201.1,0
933671867452918515,0,0.0,1.0,0.0,1
933912436919806984,25,150.0,0.4505,204159.34,0
934456645398256970,5,30.0,0.8901,119647.8,0
934523332681476977,3,120.0,0.5604,259912.09,0
934699431014975597,0,0.0,1.0,0.0,0
935019977376374116,1,60.0,0.7802,301706.59,0
935111920422896118,0,0.0,1.0,0.0,0
935119989307352615,4,190.73,0.3014,415403.65,0
935147530957063080,20,120.0,0.5604,494956.04,0
935417703376808105,0,0.0,1.0,0.0,0
935480596905669691,18,108.0,0.6044,213416.7,0
935486043230676880,20,120.0,0.5604,236327.47,0
935487824161566102,24,144.0,0.4725,375236.04,0
936072971000282277,36,190.73,0.3014,1786312.21,0
936343456379405576,0,0.0,1.0,0.0,1
937319170724881699,0,0.0,1.0,0.0,0
937422681201823205,3,180.0,0.3407,288791.21,0
937469990938373946,0,0.0,1.0,0.0,0
937567432902597908,1,60.0,0.7802,161402.2,0
937610037102570511,34,190.73,0.3014,437079.1,0
938072647698899854,0,0.0,1.0,0.0,0
938131750761320209,8,48.0,0.8242,204720.88,0
938143326219311822,0,0.0,1.0,0.0,0
938249089305985887,0,0.0,1.0,0.0,0
938259013083040171,11,66.0,0.7582,192720.0,0
938259175240553344,0,0.0,1.0,0.0,1
938310579447246850,1,6.0,0.978,9626.37,0
938318777772448534,16,96.0,0.6484,264019.34,0
938713066229455692,0,0.0,1.0,0.0,0
938963700856790265,6,36.0,0.8681,60357.36,0
938980161030273634,33,190.73,0.3014,1890354.37,0
939137601852612499,10,60.0,0.7802,183382.42,0
939418152410410046,5,30.0,0.8901,234602.75,0
939528430089956361,27,162.0,0.4066,1149244.62,0
940122923352824697,5,30.0,0.8901,164691.21,0
940142651428634009,21,126.0,0.5385,1228926.92,0
940199017736750823,10,60.0,0.7802,204079.12,0
940253941048211897,3,180.0,0.3407,1275494.51,0
940457805073174051,12,72.0,0.7363,246916.48,0
940716162826618702,17,136.0,0.5018,305476.92,0
941074552341541123,18,108.0,0.6044,324890.11,0
941619876305459607,12,190.73,0.3014,530411.05,0
941649651874264259,8,190.73,0.3014,1032771.51,0
941690682039506577,5,190.73,0.3014,493435.28,0
941769468734169853,11,190.73,0.3014,514090.71,0
941827238568476753,8,190.73,0.3014,493435.28,0
941842732108097163,7,190.73,0.3014,378682.89,0
941885505615305732,8,190.73,0.3014,344257.17,0
941894329371283257,9,190.73,0.3014,537806.2,0
941916641474916334,7,190.73,0.3014,485275.11,0
941934634386267834,8,190.73,0.3014,481960.04,0
942154028962873695,0,0.0,1.0,0.0,0
942246111392560771,23,190.73,0.3014,421778.78,0
942269733700371721,18,190.73,0.3014,608187.67,0
942442757876966609,0,0.0,1.0,0.0,1
942658912734003450,21,126.0,0.5385,180422.31,0
943048898493055560,0,0.0,1.0,0.0,1
943471368141557845,30,180.0,0.3407,773960.44,0
943663509873623074,1,56.0,0.7949,224615.38,0
943698279298138268,0,0.0,1.0,0.0,0
944059133338717467,5,30.0,0.8901,72398.35,0
944490798474124575,29,174.0,0.3626,339185.27,0
944611288876930064,0,0.0,1.0,0.0,0
945369322707964400,0,0.0,1.0,0.0,0
945614851153280599,41,190.73,0.3014,547496.4,0
947048011837833983,20,120.0,0.5604,408318.68,0
947419509809418322,18,108.0,0.6044,448059.56,0
947649246755044693,2,12.0,0.956,49944.84,0
947663270415776250,2,12.0,0.956,56298.24,0
947716902043021118,0,0.0,1.0,0.0,1
948699490811513277,0,0.0,1.0,0.0,1
948964955880487874,1,60.0,0.7802,104285.71,0
949245601354578116,30,180.0,0.3407,618975.82,0
949264396095831091,32,190.73,0.3014,587022.23,0
949631536058547619,3,180.0,0.3407,271945.05,0
949682337242838340,0,0.0,1.0,0.0,1
949691204442639809,0,0.0,1.0,0.0,1
949716634950306144,0,0.0,1.0,0.0,0
949726301056818041,16,96.0,0.6484,270308.57,0
949757633192959218,0,0.0,1.0,0.0,0
950082507036212855,0,0.0,1.0,0.0,0
950302295335454305,0,0.0,1.0,0.0,1
950392095299401891,0,0.0,1.0,0.0,0
950467067435888249,10,190.73,0.3014,1081987.54,0
950496676845525960,15,90.0,0.6703,141748.35,0
951346217354960765,21,126.0,0.5385,176042.31,0
951891391169084223,8,190.73,0.3014,381487.95,0
952363811281854258,1,60.0,0.7802,124260.44,0
952883898392814488,32,190.73,0.3014,686984.31,0
952915475563639947,44,190.73,0.3014,596202.42,0
953279954843429758,16,96.0,0.6484,307017.14,0
953324631039181935,1,60.0,0.7802,239536.26,0
953352445543034028,27,162.0,0.4066,448348.35,0
953357822482001617,1,10.0,0.9634,50538.46,0
953365910316301756,1,10.0,0.9634,54148.35,0
953621537965403626,26,156.0,0.4286,461568.57,0
954051610379112633,0,0.0,1.0,0.0,0
954248929898514237,5,30.0,0.8901,185668.68,0
954260602833884819,9,54.0,0.8022,191901.76,0
954703110273312634,13,78.0,0.7143,261131.43,0
955057142489706917,0,0.0,1.0,0.0,0
955651692143927322,5,30.0,0.8901,124862.09,0
955707490931741496,18,108.0,0.6044,235509.23,0
956181997996763373,6,60.0,0.7802,309247.25,0
956214865072227582,26,156.0,0.4286,455311.43,0
956230092492974762,13,78.0,0.7143,144540.0,0
956246144952957129,32,190.73,0.3014,862427.96,0
956474227844181862,0,0.0,1.0,0.0,0
957104285010490068,15,120.0,0.5604,360989.01,0
957194059389080785,36,190.73,0.3014,651283.57,0
957416316141090596,8,48.0,0.8242,496014.95,0
957558618360086515,17,102.0,0.6264,152056.59,0
957592578065764874,22,132.0,0.5165,213015.6,0
957749678163169834,32,190.73,0.3014,489610.2,0
958026683550567813,1,70.0,0.7436,1003375.64,0
958283901045641760,0,0.0,1.0,0.0,0
958606342494637048,0,0.0,1.0,0.0,1
958717554146192971,19,114.0,0.5824,312303.63,0
959076538307510008,0,0.0,1.0,0.0,1
959142524465128196,15,190.73,0.3014,2648995.17,0
959818104071857840,7,42.0,0.8462,217427.69,0
959955553780429813,3,180.0,0.3407,550628.57,0
960467772362222144,0,0.0,1.0,0.0,0
960620701897590136,0,0.0,1.0,0.0,0
960828314910328279,5,40.0,0.8535,102841.76,0
960838114569160096,19,114.0,0.5824,201496.04,0
961488632640228604,13,78.0,0.7143,138387.14,0
961610728171463900,20,120.0,0.5604,287828.57,0
962122601834220406,0,0.0,1.0,0.0,1
962185508111219929,0,0.0,1.0,0.0,1
962568433414314899,0,0.0,1.0,0.0,0
962691178282818866,0,0.0,1.0,0.0,0
962702059998563738,0,0.0,1.0,0.0,0
962708449640986686,0,0.0,1.0,0.0,0
962718071952453043,0,0.0,1.0,0.0,0
962732119360762156,0,0.0,1.0,0.0,0
963013428906194127,0,0.0,1.0,0.0,0
963598835146454354,0,0.0,1.0,0.0,0
963619029613526074,15,90.0,0.6703,195054.4,0
963849439398375439,0,0.0,1.0,0.0,0
964279052667151186,3,180.0,0.3407,628842.86,0
964284523666895313,0,0.0,1.0,0.0,0
964770122339310475,4,24.0,0.9121,86188.13,0
964960032258089936,5,50.0,0.8168,123471.61,0
965580501232906325,22,132.0,0.5165,298963.08,0
965888993166389537,0,0.0,1.0,0.0,0
966494641041889721,11,154.0,0.4359,600808.72,0
966608829749158757,5,30.0,0.8901,55271.43,0
966624362805243130,13,78.0,0.7143,236832.86,0
967396108804077964,26,156.0,0.4286,396702.86,0
967963390936448068,33,190.73,0.3014,331251.9,0
968041139903058926,0,0.0,1.0,0.0,1
969342052845830337,5,30.0,0.8901,80701.1,0
969756552427884797,0,0.0,1.0,0.0,1
970038001303679609,0,0.0,1.0,0.0,1
970053352854140091,1,6.0,0.978,13324.51,0
970187675517732846,7,42.0,0.8462,145494.62,0
970564271109436452,15,90.0,0.6703,121171.98,0
970620699246677711,0,0.0,1.0,0.0,0
970687143116076626,0,0.0,1.0,0.0,1
970772628644159244,46,190.73,0.3014,781336.27,0
970907129656264590,8,48.0,0.8242,220251.43,0
971418647146605129,8,48.0,0.8242,90295.38,0
972095119370840179,19,190.0,0.304,909424.91,0
972129153462784995,18,180.0,0.3407,337404.4,0
972135945179475872,0,0.0,1.0,0.0,1
972170771664699212,12,144.0,0.4725,361759.12,0
972226062796077736,12,120.0,0.5604,225738.46,0
972249748780686255,18,180.0,0.3407,339089.01,0
972339644743678158,26,156.0,0.4286,1219308.57,0
972493565911263504,0,0.0,1.0,0.0,0
972698136742622739,5,190.73,0.3014,636493.26,0
972765780713566585,0,0.0,1.0,0.0,1
972802213929092230,20,190.73,0.3014,361852.54,0
972818636425730081,12,168.0,0.3846,358486.15,0
972872970193918872,19,114.0,0.5824,377995.6,0
972968553456394944,21,126.0,0.5385,268190.77,0
973103245827455630,2,12.0,0.956,114265.05,0
973107916934742929,0,0.0,1.0,0.0,0
973134984006728651,0,0.0,1.0,0.0,0
973493508207497475,38,190.73,0.3014,1062352.13,0
973586514600846144,20,120.0,0.5604,285421.98,0
973619293263300611,1,10.0,0.9634,60164.84,0
973638432912446498,10,100.0,0.6337,441208.79,0
973649267917150744,6,60.0,0.7802,192527.47,0
973668420841901834,0,0.0,1.0,0.0,0
973788300822513012,5,30.0,0.8901,154743.96,0
973853962042583754,31,186.0,0.3187,909676.26,0
973860991825138621,0,0.0,1.0,0.0,0
974141813093389843,8,48.0,0.8242,100563.52,0
974291017051442383,0,0.0,1.0,0.0,0
974539806123356513,39,190.73,0.3014,394493.22,0
974944739614851135,1,10.0,0.9634,36446.52,0
974953211216896407,20,120.0,0.5604,188997.8,0
975143423453402381,0,0.0,1.0,0.0,0
975158491478831403,0,0.0,1.0,0.0,0
975197758539345125,32,190.73,0.3014,298101.21,0
975200798881709715,0,0.0,1.0,0.0,0
975214734902641296,7,70.0,0.7436,117642.31,0
975309633713191050,0,0.0,1.0,0.0,0
975319837182456903,0,0.0,1.0,0.0,0
976663083938173624,18,108.0,0.6044,477227.47,0
977257779717858306,0,0.0,1.0,0.0,1
977270367540438029,0,0.0,1.0,0.0,1
977340428901420280,16,96.0,0.6484,159284.4,0
977598002170072217,11,66.0,0.7582,136774.73,0
977964047103118994,2,12.0,0.956,47056.92,0
978009822711511515,5,30.0,0.8901,119326.92,0
978161638047434652,0,0.0,1.0,0.0,0
978495248609707670,2,120.0,0.5604,544692.31,0
978520817216565911,0,0.0,1.0,0.0,0
978522568115034398,29,174.0,0.3626,650919.34,0
978690523469561478,7,42.0,0.8462,84904.62,0
978698332139764692,0,0.0,1.0,0.0,0
978698415015704986,0,0.0,1.0,0.0,0
978859756973288891,10,100.0,0.6337,959562.27,0
978897767807206549,5,190.73,0.3014,590847.31,0
978902968309539353,0,0.0,1.0,0.0,0
978905823174746209,7,42.0,0.8462,88723.08,0
978969514353517480,29,174.0,0.3626,520875.05,0
979307246287078291,19,114.0,0.5824,123153.41,0
979332587071827589,0,0.0,1.0,0.0,0
979454391380100017,0,0.0,1.0,0.0,1
979624056374097471,1,14.0,0.9487,26953.85,0
979627103570523787,0,0.0,1.0,0.0,0
979630579876656919,1,6.0,0.978,10107.69,0
980145702903490978,9,54.0,0.8022,211756.15,0
980164260228276246,1,6.0,0.978,9626.37,0
980173774345205706,2,12.0,0.956,25349.45,0
980188284735662063,0,0.0,1.0,0.0,0
980193077889068844,5,30.0,0.8901,48131.87,0
980265839302121700,5,50.0,0.8168,78214.29,0
980268208990264753,1,6.0,0.978,7941.76,0
980273319988726584,1,40.0,0.8535,86637.36,0
980371690201504711,24,144.0,0.4725,966872.97,0
980589756819959448,0,0.0,1.0,0.0,1
980768807384857210,0,0.0,1.0,0.0,0
980809254134446591,0,0.0,1.0,0.0,0
980931626362283015,2,12.0,0.956,47730.77,0
981443881050069230,0,0.0,1.0,0.0,0
981453929745885070,1,6.0,0.978,9867.03,0
981526648646688434,5,30.0,0.8901,114674.18,0
981528967631705004,0,0.0,1.0,0.0,1
981649105491101973,1,6.0,0.978,19164.51,0
981823968535015045,0,0.0,1.0,0.0,0
981927957185297263,0,0.0,1.0,0.0,1
982682657175832778,0,0.0,1.0,0.0,0
982921336723953869,0,0.0,1.0,0.0,0
983073895297856845,0,0.0,1.0,0.0,1
983103397610401070,0,0.0,1.0,0.0,0
983219946704826117,0,0.0,1.0,0.0,0
983224179492528952,0,0.0,1.0,0.0,0
983231432200751416,0,0.0,1.0,0.0,0
983331642452158992,0,0.0,1.0,0.0,0
983626893056327416,4,24.0,0.9121,301112.97,0
983803484232387326,0,0.0,1.0,0.0,1
983915948718702997,0,0.0,1.0,0.0,1
984081016356331063,0,0.0,1.0,0.0,0
984094558963923271,1,60.0,0.7802,41714.29,0
984104337621808890,1,60.0,0.7802,33732.42,0
984140340561991919,0,0.0,1.0,0.0,0
984366278226487906,0,0.0,1.0,0.0,0
984658360659955011,3,18.0,0.9341,73136.37,0
984709009301538223,25,150.0,0.4505,259109.89,0
984837120726743737,9,54.0,0.8022,201720.66,0
985079317040024987,4,24.0,0.9121,104478.24,0
985107062884252717,26,156.0,0.4286,102617.14,0
985110598337621135,0,0.0,1.0,0.0,0
985117137374884196,0,0.0,1.0,0.0,0
985193212951175784,16,96.0,0.6484,73032.09,0
985221912955038619,14,84.0,0.6923,76481.54,0
985312724329805529,0,0.0,1.0,0.0,0
985355312324438249,37,190.73,0.3014,584727.18,0
985403199024508186,24,144.0,0.4725,1051585.05,0
985745707501545953,22,132.0,0.5165,474564.18,0
985767126773361862,30,180.0,0.3407,275314.29,0
985846910945605386,1,60.0,0.7802,146721.98,0
986478133415395310,2,12.0,0.956,5711.65,0
986635683922032895,14,84.0,0.6923,313900.0,0
986703176325719638,16,128.0,0.5311,363320.73,0
986814400812804284,33,190.73,0.3014,656893.68,0
986874590990744912,27,162.0,0.4066,495565.71,0
987272697028921167,21,126.0,0.5385,2207520.0,0
987518973158856019,0,0.0,1.0,0.0,0
988072452257612166,0,0.0,1.0,0.0,0
988132054056332255,0,0.0,1.0,0.0,1
988341827551776016,0,0.0,1.0,0.0,0
988373289520573243,4,24.0,0.9121,51469.01,0
988400172329889628,0,0.0,1.0,0.0,0
988835011020398008,14,84.0,0.6923,561538.46,0
989167292540335595,0,0.0,1.0,0.0,0
989533185907487591,0,0.0,1.0,0.0,0
989596693470995018,1,6.0,0.978,16790.0,0
989686843867595573,0,0.0,1.0,0.0,1
990102083720496721,0,0.0,1.0,0.0,1
990356974061549416,0,0.0,1.0,0.0,1
990369347797131216,17,102.0,0.6264,69005.05,0
990565569140981821,24,144.0,0.4725,420672.53,0
990986273595034061,1,28.0,0.8974,43800.0,0
991533091753017178,3,84.0,0.6923,59860.0,0
991701262352030276,0,0.0,1.0,0.0,0
991706538707348738,0,0.0,1.0,0.0,0
991709061630546347,1,6.0,0.978,15626.81,0
991711794626349143,1,6.0,0.978,15626.81,0
991793201329019692,0,0.0,1.0,0.0,0
992038957609989393,18,108.0,0.6044,251103.96,0
992539384807516200,0,0.0,1.0,0.0,1
992539598631013369,0,0.0,1.0,0.0,1
992558861795955686,0,0.0,1.0,0.0,1
992601568389672823,1,6.0,0.978,24081.98,0
993237892812314688,0,0.0,1.0,0.0,1
993303335252162907,0,0.0,1.0,0.0,0
993436715128600518,15,90.0,0.6703,548582.97,0
993902361265253036,2,124.0,0.5458,99472.53,0
993969755182962638,0,0.0,1.0,0.0,0
994120435894432899,0,0.0,1.0,0.0,1
994628678513941652,32,190.73,0.3014,526585.97,0
994739334454277769,4,24.0,0.9121,233856.7,0
994756147294303278,2,80.0,0.707,363663.0,0
994782541405370426,5,190.73,0.3014,244805.1,0
995180102551638814,0,0.0,1.0,0.0,0
995616903779735134,0,0.0,1.0,0.0,0
995639527707544606,19,114.0,0.5824,327088.13,0
995747420116360068,14,112.0,0.5897,283764.1,0
996140822575146404,8,48.0,0.8242,200100.22,0
996395792051561495,12,72.0,0.7363,158931.43,0
996798277377168168,3,18.0,0.9341,13597.25,0
996832683674488874,8,48.0,0.8242,34269.89,0
996877533899802077,0,0.0,1.0,0.0,1
998188888349103925,35,190.73,0.3014,354202.38,0
998985290853647144,19,114.0,0.5824,183358.35,0
1000539780592771744,0,0.0,1.0,0.0,1
1000550819580439695,0,0.0,1.0,0.0,0
1001224284695786467,0,0.0,1.0,0.0,0
1001729145765607109,16,96.0,0.6484,694639.12,0
1002214522537872749,0,0.0,1.0,0.0,0
1002605811167073412,3,90.0,0.6703,589615.38,0
1002633741276039635,0,0.0,1.0,0.0,0
1002690301316539906,37,190.73,0.3014,313401.53,0
1002776053066536133,33,190.73,0.3014,2924655.92,0
1003434989566309047,22,132.0,0.5165,252018.46,0
1003620729535045332,25,150.0,0.4505,462868.13,0
1003632814436983180,17,102.0,0.6264,339433.96,0
1003856312893389347,23,138.0,0.4945,193730.77,0
1004037540986591064,23,184.0,0.326,290288.64,0
1004834224390251624,3,180.0,0.3407,984778.02,0
1004989405092665404,14,84.0,0.6923,211812.31,0
1005484683216593285,2,20.0,0.9267,96263.74,0
1005721888761545215,1,26.0,0.9048,118225.24,0
1005821799582461312,29,174.0,0.3626,842147.25,0
1006268305336635242,4,24.0,0.9121,38505.49,0
1006286912957770613,3,18.0,0.9341,28879.12,0
1006681105161617042,5,190.73,0.3014,219559.57,0
1007118035596553973,0,0.0,1.0,0.0,0
1007674841701589806,0,0.0,1.0,0.0,1
1007968374838862276,41,190.73,0.3014,581412.11,0
1008224938812921570,10,60.0,0.7802,96263.74,0
1008546413309746273,5,190.73,0.3014,700244.58,0
1008596341053918220,19,114.0,0.5824,317485.82,0
1008676359377059102,1,64.0,0.7656,34227.11,0
1008915700353868678,0,0.0,1.0,0.0,0
1008982570199654785,7,42.0,0.8462,525206.92,0
1009058544574012253,0,0.0,1.0,0.0,0
1009080717280638585,4,24.0,0.9121,44602.2,0
1009354812885560011,0,0.0,1.0,0.0,0
1009374056496528542,0,0.0,1.0,0.0,0
1009744520291592786,0,0.0,1.0,0.0,0
1009782159639120398,0,0.0,1.0,0.0,0
1009798989303543476,0,0.0,1.0,0.0,0
1009802184796891668,0,0.0,1.0,0.0,0
1009841819435267208,4,190.73,0.3014,1508356.42,0
1010084457952260072,13,104.0,0.619,221780.95,0
1010394993611420046,20,120.0,0.5604,1022802.2,0
1011356037812546230,0,0.0,1.0,0.0,0
1011370804887081447,2,12.0,0.956,27001.98,0
1011398074243746599,0,0.0,1.0,0.0,0
1011429204576275071,11,66.0,0.7582,156982.09,0
1011443230669790507,5,50.0,0.8168,90915.75,0
1011617612667516206,0,0.0,1.0,0.0,1
1012064971585321822,14,84.0,0.6923,475735.38,0
1012716780695871080,57,190.73,0.3014,768586.01,0
1012724414926033790,0,0.0,1.0,0.0,0
1012783072523130365,2,120.0,0.5604,144395.6,0
1012961448381184923,0,0.0,1.0,0.0,0
1013298954514014357,0,0.0,1.0,0.0,1
1013448105348526028,2,12.0,0.956,21707.47,0
1013482100151360829,3,18.0,0.9341,59924.18,0
1013509217214411757,3,18.0,0.9341,59924.18,0
1013535451111930585,0,0.0,1.0,0.0,0
1013614101206809274,3,180.0,0.3407,652668.13,0
1013712387221006488,0,0.0,1.0,0.0,0
1014129224746048528,8,48.0,0.8242,80027.25,0
1014173767856812126,6,190.73,0.3014,1466280.54,0
1014211319496325932,7,42.0,0.8462,170258.46,0
1014213573900836315,0,0.0,1.0,0.0,1
1014229518959601867,0,0.0,1.0,0.0,1
1014231999795572856,0,0.0,1.0,0.0,0
1014233238052684186,1,6.0,0.978,35545.38,0
1014886883536741524,0,0.0,1.0,0.0,1
1015674314218419930,6,84.0,0.6923,135330.77,0
1015841238556042519,13,78.0,0.7143,196787.14,0
1015879296984047476,26,156.0,0.4286,616954.29,0
1015889402472152166,0,0.0,1.0,0.0,1
1015925132668303279,12,72.0,0.7363,209084.84,0
1016245287188450357,1,6.0,0.978,10556.92,0
1016251033539948404,1,6.0,0.978,19533.52,0
1016252696217945922,0,0.0,1.0,0.0,1
1016252792676157274,0,0.0,1.0,0.0,1
1016259311812876558,1,60.0,0.7802,231032.97,0
1016539142755808205,13,78.0,0.7143,193137.14,0
1016597320406452742,17,102.0,0.6264,270019.78,0
1017077534467425283,20,120.0,0.5604,219802.2,0
1017303464683386024,22,132.0,0.5165,522038.24,0
1017770900024718342,8,48.0,0.8242,126618.9,0
1018017310177915376,0,0.0,1.0,0.0,0
1018148385394811512,26,156.0,0.4286,484094.29,0
1018647325752135773,42,190.73,0.3014,368227.67,0
1018736001440349796,21,126.0,0.5385,311990.77,0
1019097404745079978,0,0.0,1.0,0.0,0
1019146227622109995,0,0.0,1.0,0.0,1
1019232554153182805,1,6.0,0.978,34109.45,0
1019462902959538841,9,126.0,0.5385,282004.62,0
1019934336424810536,0,0.0,1.0,0.0,0
1020004151793945794,0,0.0,1.0,0.0,0
1020053789878393462,0,0.0,1.0,0.0,1
1020729078657092653,0,0.0,1.0,0.0,0
1020834431798752701,5,30.0,0.8901,112107.14,0
1020923173658724756,30,180.0,0.3407,447385.71,0
1021300118785204228,0,0.0,1.0,0.0,1
1021359185541922179,14,84.0,0.6923,210015.38,0
1021450200852935217,24,144.0,0.4725,325756.48,0
1021513123839684597,1,6.0,0.978,9626.37,0
1021518823466328888,9,126.0,0.5385,369773.08,0
1021913991728315814,2,28.0,0.8974,18006.67,0
1022063323655728987,1,40.0,0.8535,178087.91,0
1022708750562003444,0,0.0,1.0,0.0,0
1022715497100175098,0,0.0,1.0,0.0,0
1022721991523212681,13,78.0,0.7143,232452.86,0
1022945022814737657,22,132.0,0.5165,321729.45,0
1023203910577826791,23,138.0,0.4945,378420.77,0
1023474288819585404,26,156.0,0.4286,691414.29,0
1023485795378328007,3,120.0,0.5604,577582.42,0
1023715725582993439,24,190.73,0.3014,679589.15,0
1023767256955799657,15,150.0,0.4505,532659.34,0
1023922220033017356,0,0.0,1.0,0.0,0
1024200207782193915,50,190.73,0.3014,440139.17,0
1024219856684082042,4,190.73,0.3014,377407.86,0
1024264218513104076,6,36.0,0.8681,92028.13,0
1024858812025599050,0,0.0,1.0,0.0,1
1024973964838671726,16,96.0,0.6484,495180.66,0
1025005515169940980,16,96.0,0.6484,366700.66,0
1025094486990265825,36,190.73,0.3014,454929.48,0
1025197680419567434,0,0.0,1.0,0.0,1
1025197716206036816,0,0.0,1.0,0.0,0
1025789923512555667,3,18.0,0.9341,71572.09,0
1025796593864500313,40,190.73,0.3014,454929.48,0
1026069434708026118,1,28.0,0.8974,86589.23,0
1026400409022768314,0,0.0,1.0,0.0,0
1026444917177953035,0,0.0,1.0,0.0,0
1026647732664754342,0,0.0,1.0,0.0,0
1026917892510064298,7,42.0,0.8462,147740.77,0
1027433751578189271,0,0.0,1.0,0.0,0
1027801843425128134,0,0.0,1.0,0.0,1
1027868891200270700,0,0.0,1.0,0.0,0
1028084782685740069,3,150.0,0.4505,1403846.15,0
1028198863415615228,8,48.0,0.8242,208763.96,0
1028223747593974449,0,0.0,1.0,0.0,0
1028508419522998768,55,190.73,0.3014,454929.48,0
1028699118337531717,1,14.0,0.9487,22461.54,0
1028710218489433915,3,18.0,0.9341,28879.12,0
1028719070335630064,4,56.0,0.7949,89846.15,0
1028729020014107246,1,6.0,0.978,10107.69,0
1028849355551030661,7,70.0,0.7436,174732.05,0
1028969886712528678,33,190.73,0.3014,504910.52,0
1029223594166196433,0,0.0,1.0,0.0,1
1029281975887135493,0,0.0,1.0,0.0,1
1029338649524024248,0,0.0,1.0,0.0,0
1029399936145868763,6,60.0,0.7802,288791.21,0
1029534344900098508,14,84.0,0.6923,128704.62,0
1029545680808325711,6,36.0,0.8681,75952.09,0
1029659950508046718,11,190.73,0.3014,396533.26,0
1029969643717182655,20,120.0,0.5604,647052.75,0
1030039175587602277,0,0.0,1.0,0.0,0
1030137931339018933,36,190.73,0.3014,282290.88,0
1030142292519751315,8,190.73,0.3014,1524676.76,0
1030152034405903179,1,10.0,0.9634,40109.89,0
1030165009776184983,2,56.0,0.7949,100852.31,0
1030193589336798529,2,12.0,0.956,37590.99,0
1030211844599582299,37,190.73,0.3014,721410.03,0
1030259429863551098,0,0.0,1.0,0.0,1
1030262716069332692,6,36.0,0.8681,124517.14,0
1030268170606727352,14,112.0,0.5897,268789.74,0
1030329344215015926,6,36.0,0.8681,74411.87,0
1030338103974032531,11,66.0,0.7582,137921.87,0
1030341499086695061,0,0.0,1.0,0.0,1
1030685967688119429,0,0.0,1.0,0.0,1
1030724954910495942,0,0.0,1.0,0.0,0
1030732128963083736,0,0.0,1.0,0.0,1
1030945918461796529,13,78.0,0.7143,354571.43,0
1030982187278825708,9,54.0,0.8022,123747.03,0
1031059021248628518,0,0.0,1.0,0.0,1
1031064123715695270,3,120.0,0.5604,253494.51,0
1031252524271879434,15,90.0,0.6703,126947.8,0
1031620278084640278,0,0.0,1.0,0.0,0
1031775889614993351,10,60.0,0.7802,109580.22,0
1032281220481177573,0,0.0,1.0,0.0,0
1032391463953859890,0,0.0,1.0,0.0,0
1032504081733276323,5,190.73,0.3014,513580.7,0
1032598820725400329,0,0.0,1.0,0.0,0
1033072507144868006,0,0.0,1.0,0.0,0
1033622014339287431,27,162.0,0.4066,386402.64,0
1033756956036136217,0,0.0,1.0,0.0,0
1033760602885012863,0,0.0,1.0,0.0,1
1033763891740841357,0,0.0,1.0,0.0,1
1034324587126291219,44,190.73,0.3014,454929.48,0
1034332869505020485,34,190.73,0.3014,448299.34,0
1034548768673207678,0,0.0,1.0,0.0,0
1034607254171015096,3,18.0,0.9341,32922.2,0
1034779622613502674,0,0.0,1.0,0.0,0
1035035276492263871,1,42.0,0.8462,161330.0,0
1035900573552167946,11,190.73,0.3014,816527.01,0
1036148087679093039,20,120.0,0.5604,414896.7,0
1036682584585807398,11,66.0,0.7582,314934.84,0
1036808450747332298,26,156.0,0.4286,304097.14,0
1036953570800866913,18,108.0,0.6044,339185.27,0
1037043644643953095,0,0.0,1.0,0.0,0
1037648424556356515,20,120.0,0.5604,271784.62,0
1037659446498343785,20,120.0,0.5604,222690.11,0
1038284635971264000,22,132.0,0.5165,523450.11,0
1038732105475528733,0,0.0,1.0,0.0,1
1038757136450972545,0,0.0,1.0,0.0,0
1039651183453950187,5,100.0,0.6337,546296.7,0
1040137842090240648,39,190.73,0.3014,454929.48,0
1040339067709709433,20,120.0,0.5604,2325731.87,0
1040560420042082748,1,8.0,0.9707,20653.92,0
1040834223147028818,42,190.73,0.3014,456714.51,0
1041232487629103501,10,60.0,0.7802,245231.87,0
1041249311451412825,8,48.0,0.8242,111345.05,0
1041624571041917580,0,0.0,1.0,0.0,1
1041675522590314537,9,54.0,0.8022,1063329.23,0
1041675768259435493,17,102.0,0.6264,209742.64,0
1041707281957920101,0,0.0,1.0,0.0,1
1041760514130925527,10,100.0,0.6337,525439.56,0
1041777795379966755,24,144.0,0.4725,1075650.99,0
1041804335192716770,28,168.0,0.3846,490784.62,0
1041930172008549643,4,24.0,0.9121,42676.92,0
1043020888078140923,0,0.0,1.0,0.0,0
1043213853648935774,0,0.0,1.0,0.0,1
1043686817139503465,0,0.0,1.0,0.0,1
1044098309097164130,0,0.0,1.0,0.0,0
1044540514793418685,0,0.0,1.0,0.0,1
1044560707858479939,7,42.0,0.8462,99111.54,0
1044564379535615503,8,48.0,0.8242,915596.48,0
1044573470617117132,5,190.73,0.3014,613287.77,0
1044577331359218994,2,120.0,0.5604,174317.58,0
1045014768525517889,0,0.0,1.0,0.0,0
1045475019126559671,12,72.0,0.7363,284555.6,0
1046090676588533273,0,0.0,1.0,0.0,0
1046133188157621604,0,0.0,1.0,0.0,0
1046156197041625053,0,0.0,1.0,0.0,0
1046156638610608421,5,40.0,0.8535,176964.84,0
1046662697222400355,0,0.0,1.0,0.0,0
1046766763244605022,0,0.0,1.0,0.0,1
1046767316219764965,0,0.0,1.0,0.0,0
1046785272633036244,23,138.0,0.4945,361446.26,0
1046785821170126981,31,186.0,0.3187,461801.21,0
1046871414355726401,7,42.0,0.8462,100346.92,0
1047532627208704603,35,190.73,0.3014,367207.65,0
1048508424758462163,19,114.0,0.5824,303006.15,0
1048829107746902951,33,190.73,0.3014,498535.38,0
1048994655076258414,0,0.0,1.0,0.0,0
1049053718439414271,0,0.0,1.0,0.0,0
1050297598561709145,22,132.0,0.5165,300904.4,0
1050356446213317733,9,54.0,0.8022,122880.66,0
1050364224468999499,0,0.0,1.0,0.0,0
1050438075237693745,0,0.0,1.0,0.0,1
1050443260789181478,2,120.0,0.5604,838938.46,0
1050449343860915961,0,0.0,1.0,0.0,0
1050455907556722610,4,24.0,0.9121,164065.49,0
1050592875199089980,34,190.73,0.3014,683924.25,0
1050600708721709173,27,162.0,0.4066,341784.4,0
1050620261634011189,13,78.0,0.7143,392010.0,0
1050638248752710375,23,138.0,0.4945,464953.85,0
1050656930208179260,22,190.73,0.3014,479920.0,0
1050701025301029594,1,60.0,0.7802,59041.76,0
1051057647509200277,15,90.0,0.6703,253414.29,0
1051063855566202669,9,54.0,0.8022,698802.53,0
1051127322410455570,17,190.73,0.3014,682139.21,0
1051272692636723348,17,102.0,0.6264,200741.98,0
1051441569633767724,0,0.0,1.0,0.0,0
1051576479357652547,32,190.73,0.3014,510775.64,0
1051654556839568766,8,48.0,0.8242,109548.13,0
1051783607628385880,9,72.0,0.7363,273196.48,0
1051801422496193243,7,70.0,0.7436,154329.49,0
1051856919141115344,32,190.73,0.3014,622722.97,0
1052032243311522725,17,102.0,0.6264,142101.32,0
1052048104313320362,20,120.0,0.5604,735615.38,0
1052082377217952767,7,42.0,0.8462,137464.62,0
1052084434367148159,17,102.0,0.6264,175512.86,0
1052252314631663566,12,72.0,0.7363,399879.56,0
1052381500287623162,13,78.0,0.7143,96568.57,0
1052462067449161253,0,0.0,1.0,0.0,1
1052530077783495299,22,132.0,0.5165,769997.58,0
1052536491370136526,0,0.0,1.0,0.0,0
1052609767338245958,0,0.0,1.0,0.0,0
1052912958271383612,16,96.0,0.6484,700158.24,0
1053177623405711093,7,42.0,0.8462,137464.62,0
1053291233015999209,0,0.0,1.0,0.0,1
1053351629730509152,8,48.0,0.8242,83941.98,0
1053359446108790383,1,60.0,0.7802,63293.41,0
1053377424317239923,18,108.0,0.6044,882545.93,0
1053538038990110742,12,72.0,0.7363,134095.38,0
1053601251929164116,2,84.0,0.6923,328724.62,0
1054141667542381263,0,0.0,1.0,0.0,0
1054582121378216366,15,90.0,0.6703,105890.11,0
1054705441550381946,2,12.0,0.956,67384.62,0
1054781122533614135,0,0.0,1.0,0.0,1
1054815313019317445,25,150.0,0.4505,264925.82,0
1054831852152740353,2,12.0,0.956,41329.23,0
1054834407210946032,0,0.0,1.0,0.0,1
1054838920511045916,0,0.0,1.0,0.0,0
1054839732025797959,7,42.0,0.8462,267573.08,0
1055038336649696990,0,0.0,1.0,0.0,1
1055325209873503260,0,0.0,1.0,0.0,0
1055395021169506332,0,0.0,1.0,0.0,1
1055432352490262424,23,184.0,0.326,958198.53,0
1055466876036571674,0,0.0,1.0,0.0,0
1055471764115481541,11,66.0,0.7582,575953.96,0
1055683087654930697,0,0.0,1.0,0.0,1
1055723859560827675,12,72.0,0.7363,313627.25,0
1055742232681977002,27,162.0,0.4066,176523.63,0
1055754560323572135,0,0.0,1.0,0.0,0
1056078034805184913,0,0.0,1.0,0.0,0
1056152845093200253,18,108.0,0.6044,793742.64,0
1056239488908081735,26,156.0,0.4286,248617.14,0
1056365823931793866,0,0.0,1.0,0.0,0
1056381275530428968,13,78.0,0.7143,254352.86,0
1056437338102851770,17,102.0,0.6264,299203.74,0
1056456995163630426,13,78.0,0.7143,241734.29,0
1056492046104692062,26,156.0,0.4286,666177.14,0
1056505315334017683,0,0.0,1.0,0.0,1
1056918457170463411,10,80.0,0.707,193810.99,0
1057081602128421075,1,6.0,0.978,11736.15,0
1057281349360841500,0,0.0,1.0,0.0,1
1057519438669939029,0,0.0,1.0,0.0,1
1057583382864322455,0,0.0,1.0,0.0,1
1057596715467522258,0,0.0,1.0,0.0,1
1057915438571614072,33,190.73,0.3014,327936.83,0
1059090526139648698,0,0.0,1.0,0.0,0
1059335253050355354,0,0.0,1.0,0.0,0
1059367544935181389,0,0.0,1.0,0.0,0
1059434155818203921,2,12.0,0.956,29569.01,0
1060371280313891168,0,0.0,1.0,0.0,1
1060851710437391793,19,114.0,0.5824,275113.74,0
1061356056100098848,0,0.0,1.0,0.0,0
1061599504463340804,12,72.0,0.7363,328933.19,0
1061622119845673206,16,96.0,0.6484,350143.3,0
1062017076652158218,33,190.73,0.3014,367972.66,0
1062641429332645221,14,84.0,0.6923,382295.38,0
1063016175981893637,0,0.0,1.0,0.0,1
1063352825995786495,17,170.0,0.3773,555040.66,0
1063354391370580809,30,180.0,0.3407,136213.19,0
1063491875557202193,0,0.0,1.0,0.0,1
1063543341047981309,3,18.0,0.9341,91041.43,0
1063561701857507641,0,0.0,1.0,0.0,1
1063566471508329315,12,72.0,0.7363,134384.18,0
1063592562524435096,0,0.0,1.0,0.0,1
1063598353088740139,0,0.0,1.0,0.0,1
1063620793173522369,9,90.0,0.6703,326815.38,0
1064148625996539032,1,40.0,0.8535,101611.72,0
1064168109610102284,0,0.0,1.0,0.0,0
1064169953229994265,30,180.0,0.3407,740268.13,0
1064174139088798641,1,40.0,0.8535,101611.72,0
1064266145634323679,15,90.0,0.6703,328981.32,0
1064287644465796710,1,60.0,0.7802,272747.25,0
1064303837529538144,0,0.0,1.0,0.0,0
1064899670677236677,20,120.0,0.5604,199426.37,0
1064905407845313360,0,0.0,1.0,0.0,0
1064905704171371007,0,0.0,1.0,0.0,0
1065423691471158415,6,168.0,0.3846,709784.62,0
1065452187797668732,0,0.0,1.0,0.0,1
1065767534858028488,30,180.0,0.3407,349678.02,0
1065829993246688213,0,0.0,1.0,0.0,0
1065853160436418713,0,0.0,1.0,0.0,0
1065888968403986005,0,0.0,1.0,0.0,0
1066419814980005889,32,190.73,0.3014,488080.17,0
1066430640877092516,17,102.0,0.6264,520810.88,0
1066482328838147734,0,0.0,1.0,0.0,1
1066585243812848352,22,132.0,0.5165,277961.54,0
1067760951761771544,2,116.0,0.5751,111665.93,0
1067945523338502752,19,114.0,0.5824,630094.29,0
1068056395727126034,2,112.0,0.5897,501790.77,0
1068056997682109783,4,56.0,0.7949,220197.95,0
1068082121926688750,20,120.0,0.5604,854019.78,0
1069296323356400906,0,0.0,1.0,0.0,1
1069315560755073879,0,0.0,1.0,0.0,1
1069891503209402274,3,84.0,0.6923,317606.15,0
1069961155824786702,0,0.0,1.0,0.0,1
1070084054703920850,0,0.0,1.0,0.0,0
1070245024102913502,52,190.73,0.3014,658678.72,0
1070688473291767785,0,0.0,1.0,0.0,0
1070830231495559813,0,0.0,1.0,0.0,0
1070900516866014171,2,64.0,0.7656,200485.27,0
1070913429574021660,7,42.0,0.8462,92541.54,0
1071499701742742068,0,0.0,1.0,0.0,1
1071629607807600356,0,0.0,1.0,0.0,0
1071638816135636217,1,6.0,0.978,27507.36,0
1072174876348726908,10,80.0,0.707,271677.66,0
1072201129766944088,0,0.0,1.0,0.0,1
1072201473579958213,0,0.0,1.0,0.0,0
1072201539987101802,22,132.0,0.5165,371321.32,0
1072210889459271417,0,0.0,1.0,0.0,0
1072212785851833881,0,0.0,1.0,0.0,0
1072219304259737987,1,6.0,0.978,21803.74,0
1072241541735802872,5,70.0,0.7436,112307.69,0
1072242783645451666,3,42.0,0.8462,33860.77,0
1072847792930824231,3,18.0,0.9341,28879.12,0
1072862452039223262,0,0.0,1.0,0.0,0
1073043639068554187,5,190.73,0.3014,598497.47,0
1073148886337755305,2,16.0,0.9414,13476.92,0
1073220340948399608,1,14.0,0.9487,104315.13,0
1074055950153270628,12,72.0,0.7363,356945.93,0
1074409130305168000,13,78.0,0.7143,391071.43,0
1074477276642544327,26,156.0,0.4286,1640414.29,0
1074480426381577665,27,162.0,0.4066,1773900.0,0
1074482610126273509,23,138.0,0.4945,1208880.0,0
1074645625749045385,36,190.73,0.3014,927964.33,0
1075363050091186351,0,0.0,1.0,0.0,0
1075680468180556891,0,0.0,1.0,0.0,0
1075701713370022237,25,150.0,0.4505,866373.63,0
1075776707447782050,26,156.0,0.4286,915420.0,0
1075810029197445742,5,190.73,0.3014,414128.63,0
1076554252430000869,0,0.0,1.0,0.0,1
1076566839141157718,18,108.0,0.6044,183960.0,0
1076662626489908546,25,150.0,0.4505,277760.99,0
1077445191953830255,21,126.0,0.5385,339955.38,0
1077816682526979677,11,110.0,0.5971,364438.46,0
1078031610720661207,3,168.0,0.3846,1617230.77,0
1078152445346935744,23,138.0,0.4945,1117734.29,0
1078588791525096115,1,6.0,0.978,11920.66,0
1078832712180057097,16,96.0,0.6484,161851.43,0
1078845976902088367,14,84.0,0.6923,397120.0,0
1079304734753698267,6,36.0,0.8681,267901.98,0
1079313461298925073,4,24.0,0.9121,35136.26,0
1079482238870405988,8,48.0,0.8242,272362.2,0
1079504339994760618,0,0.0,1.0,0.0,0
1079641906493385687,10,60.0,0.7802,81503.3,0
1080081016923589321,0,0.0,1.0,0.0,0
1080173765251632749,0,0.0,1.0,0.0,0
1080279187805828666,2,36.0,0.8681,173274.73,0
1080301059191970653,2,84.0,0.6923,144652.31,0
1080319297938155290,18,144.0,0.4725,287058.46,0
1080407555813101909,11,132.0,0.5165,1099315.82,0
1080463732651434949,35,190.73,0.3014,723705.07,0
1080625156290007049,0,0.0,1.0,0.0,0
1080824104983799406,3,180.0,0.3407,1438902.2,0
1080893312810960060,17,102.0,0.6264,588724.95,0
1081548045496656278,4,24.0,0.9121,38280.88,0
1081622276517113424,17,102.0,0.6264,149329.12,0
1081673182898646183,28,168.0,0.3846,249323.08,0
1081820400339374612,68,190.73,0.3014,298101.21,0
1081873227073014235,0,0.0,1.0,0.0,0
1082280778148041643,23,184.0,0.326,639373.04,0
1082341736690398261,3,180.0,0.3407,312857.14,0
1082415699992425221,1,6.0,0.978,21563.08,0
1082442329126963909,27,162.0,0.4066,282221.21,0
1082468972754603668,34,190.73,0.3014,686984.31,0
1082740563656663356,11,88.0,0.6777,564747.25,0
1083014129038003629,1,6.0,0.978,26175.71,0
1083209554100313702,11,66.0,0.7582,97860.11,0
1083304932142999195,0,0.0,1.0,0.0,0
1083322502572760272,11,66.0,0.7582,161570.66,0
1083759270821241701,0,0.0,1.0,0.0,0
1084570380677199189,7,42.0,0.8462,84230.77,0
1085333173893461399,6,36.0,0.8681,155129.01,0
1085388751110367655,27,162.0,0.4066,559893.96,0
1085411813203606322,5,30.0,0.8901,52142.86,0
1085768036716974111,0,0.0,1.0,0.0,1
1085842002797799999,0,0.0,1.0,0.0,1
1085943797485583269,0,0.0,1.0,0.0,1
1085972111180515083,0,0.0,1.0,0.0,0
1086082326842384505,0,0.0,1.0,0.0,0
1086090651800469206,0,0.0,1.0,0.0,1
1086496473451025424,0,0.0,1.0,0.0,0
1086829254322658005,0,0.0,1.0,0.0,0
1086836240625212432,7,42.0,0.8462,247526.15,0
1086906083372627259,22,132.0,0.5165,689697.58,0
1086928887788654553,27,162.0,0.4066,534552.53,0
1086938216665347355,30,180.0,0.3407,593947.25,0
1086962325436602081,0,0.0,1.0,0.0,1
1087301830191521533,0,0.0,1.0,0.0,1
1087369977709688110,0,0.0,1.0,0.0,0
1088035472559059459,0,0.0,1.0,0.0,0
1088055771074427685,1,6.0,0.978,10428.57,0
1088061108112569639,2,120.0,0.5604,551270.33,0
1088063250763764648,6,36.0,0.8681,62571.43,0
1088067250276214057,0,0.0,1.0,0.0,1
1088069074367344151,1,60.0,0.7802,290395.6,0
1088085049412349127,2,124.0,0.5458,107761.9,0
1088094519977352195,0,0.0,1.0,0.0,1
1088096028845513749,2,124.0,0.5458,116051.28,0
1088213144791451207,0,0.0,1.0,0.0,1
1089809633688989134,19,152.0,0.4432,367631.21,0
1090290891629924544,6,36.0,0.8681,76240.88,0
1090957941658269587,1,6.0,0.978,14888.79,0
1091373020901926907,12,72.0,0.7363,128704.62,0
1091413803642755134,24,144.0,0.4725,657096.26,0
1092390530640533879,6,36.0,0.8681,169039.12,0
1093073292536742514,26,156.0,0.4286,443422.86,0
1093228471411920690,21,126.0,0.5385,347536.15,0
1093282070111148082,24,144.0,0.4725,1067949.89,0
1093803252459931569,1,6.0,0.978,35561.43,0
1093813583884151474,0,0.0,1.0,0.0,0
1094008480512300183,0,0.0,1.0,0.0,1
1094031400118053167,49,190.73,0.3014,666838.89,0
1094035106179061003,2,12.0,0.956,22910.77,0
1094499933265957430,19,114.0,0.5824,449174.62,0
1094591518958494628,13,78.0,0.7143,521845.71,0
1094607616602007913,0,0.0,1.0,0.0,0
1094652589357103412,8,48.0,0.8242,160311.21,0
1094688167317471020,16,128.0,0.5311,307188.28,0
1094798849403415186,0,0.0,1.0,0.0,0
1095007529062544923,3,60.0,0.7802,465274.73,0
1095307166988771371,2,12.0,0.956,141234.95,0
1095317701171079584,23,138.0,0.4945,513294.29,0
1095516486684895426,0,0.0,1.0,0.0,1
1095675078942556988,22,132.0,0.5165,149305.05,0
1095962655592564092,0,0.0,1.0,0.0,1
1095970582633622340,4,24.0,0.9121,35489.23,0
1095985919827018581,0,0.0,1.0,0.0,1
1096128632366484429,11,190.73,0.3014,1065667.2,0
1096420348017156838,0,0.0,1.0,0.0,0
1096708074805710385,14,84.0,0.6923,222593.85,0
1097432393274280207,13,78.0,0.7143,197100.0,0
1097620509670009295,44,190.73,0.3014,732120.25,0
1097747693422334122,0,0.0,1.0,0.0,1
1097776362237737479,7,42.0,0.8462,131961.54,0
1098143935149459252,0,0.0,1.0,0.0,0
1098454139348199868,26,190.73,0.3014,381232.94,0
1098749265620629508,16,96.0,0.6484,135154.29,0
1098984577495429748,27,162.0,0.4066,332904.07,0
1099486435447938506,0,0.0,1.0,0.0,0
1099489379796917380,0,0.0,1.0,0.0,1
1099506294651378786,0,0.0,1.0,0.0,0
1099589624507838310,0,0.0,1.0,0.0,0
1099793967081746079,14,84.0,0.6923,176435.38,0
1099855268266269503,11,66.0,0.7582,218839.56,0
1099926035776787619,29,190.73,0.3014,603597.57,0
1100363064608333821,0,0.0,1.0,0.0,0
1100472504742216302,9,54.0,0.8022,437951.87,0
1100534472210397286,2,120.0,0.5604,292160.44,0
1100650170613097190,48,190.73,0.3014,295041.15,0
1101009758971652933,31,190.73,0.3014,460794.6,0
1101029260246038733,40,190.73,0.3014,460794.6,0
1101038440644542696,35,190.73,0.3014,447534.32,0
1101116812925102665,0,0.0,1.0,0.0,0
1101142430607491585,0,0.0,1.0,0.0,0
1101305086767519210,16,96.0,0.6484,436909.01,0
1101397487004155983,30,180.0,0.3407,363636.26,0
1101435358664013054,9,126.0,0.5385,368593.85,0
1101537578466981935,0,0.0,1.0,0.0,0
1101690911813093789,0,0.0,1.0,0.0,0
1101744655940863508,1,6.0,0.978,19894.51,0
1101907706747623910,2,12.0,0.956,66325.71,0
1101995012402943953,29,174.0,0.3626,689071.87,0
1102911353570193972,0,0.0,1.0,0.0,0
1103222651917776094,31,186.0,0.3187,2631545.71,0
1103260416483449423,33,190.73,0.3014,321051.69,0
1103368472002721297,10,60.0,0.7802,288791.21,0
1103405905227854369,21,126.0,0.5385,246459.23,0
1103501668764779164,6,36.0,0.8681,78118.02,0
1103615017695408002,13,182.0,0.3333,533143.33,0
1103993023479559379,32,190.73,0.3014,674999.06,0
1104046647780885254,15,90.0,0.6703,148246.15,0
1104098954622589547,51,190.73,0.3014,715289.9,0
1104343287405574839,19,114.0,0.5824,334251.76,0
1104658545016558365,0,0.0,1.0,0.0,0
1104956549797535318,18,108.0,0.6044,386691.43,0
1105542121319358812,2,12.0,0.956,52463.74,0
1105573199231694791,0,0.0,1.0,0.0,0
1105794390947061629,27,162.0,0.4066,364526.7,0
1105797887989225866,33,190.73,0.3014,319776.66,0
1106164820422157102,0,0.0,1.0,0.0,0
1106263823380342055,0,0.0,1.0,0.0,0
1106278026468466271,13,78.0,0.7143,213472.86,0
1106473985202399574,23,138.0,0.4945,316980.44,0
1106482851204093782,0,0.0,1.0,0.0,0
1106489562891408939,0,0.0,1.0,0.0,1
1106512037156179565,21,126.0,0.5385,406329.23,0
1106914585362685044,2,120.0,0.5604,514690.11,0
1106935544196130275,2,120.0,0.5604,500571.43,0
1106940537402858730,37,190.73,0.3014,479664.99,0
1106974359984010503,13,78.0,0.7143,286055.71,0
1106978611631762782,13,78.0,0.7143,190738.57,0
1107001467543086755,0,0.0,1.0,0.0,1
1107199815486861459,0,0.0,1.0,0.0,0
1107210030855597212,57,190.73,0.3014,324366.76,0
1107264617876666639,28,168.0,0.3846,413966.15,0
1107614429945708735,20,120.0,0.5604,616087.91,0
1107662771121941977,47,190.73,0.3014,317736.62,0
1107694064743695140,0,0.0,1.0,0.0,0
1107719614962673540,2,12.0,0.956,26007.25,0
1107817059754846756,13,78.0,0.7143,647718.57,0
1108293716047072322,0,0.0,1.0,0.0,0
1108374405772106629,0,0.0,1.0,0.0,1
1108392798064005987,7,42.0,0.8462,334789.23,0
1108604457022692387,28,190.73,0.3014,439374.15,0
1108610634509849313,0,0.0,1.0,0.0,1
1108722364007823686,27,162.0,0.4066,268792.42,0
1108733513236571490,23,138.0,0.4945,315319.89,0
1109038225516065318,19,114.0,0.5824,393542.2,0
1109082657504955607,0,0.0,1.0,0.0,0
1109132163693170689,0,0.0,1.0,0.0,0
1109150631903489134,4,190.73,0.3014,339157.06,0
1109220051028029691,3,18.0,0.9341,114577.91,0
1109249219604327113,11,110.0,0.5971,144275.27,0
1109281385889507382,30,190.73,0.3014,816782.01,0
1109353004732320636,29,174.0,0.3626,492725.93,0
1110060642731972734,0,0.0,1.0,0.0,0
1110124836935472319,12,72.0,0.7363,133999.12,0
1110483896750986029,0,0.0,1.0,0.0,1
1110689397223626637,9,190.73,0.3014,1295171.98,0
1110860204030256397,0,0.0,1.0,0.0,0
1111195201058719837,0,0.0,1.0,0.0,1
1111283950760426504,2,12.0,0.956,48484.84,0
1111320991600360847,4,24.0,0.9121,292224.62,0
1111500323343932567,8,48.0,0.8242,166857.14,0
1112233616990454231,0,0.0,1.0,0.0,0
1112604161535796115,1,6.0,0.978,8715.88,0
1112781815585145163,3,96.0,0.6484,462065.93,0
1112984651972967189,2,28.0,0.8974,53683.08,0
1113375795361711465,11,66.0,0.7582,363203.08,0
1113408524522175463,9,54.0,0.8022,226701.1,0
1113442191585617416,6,36.0,0.8681,117682.42,0
1113442711814271694,2,12.0,0.956,88530.55,0
1113507737395575511,3,18.0,0.9341,64809.56,0
1113887850275874381,20,160.0,0.4139,417570.7,0
1114104597070999080,13,78.0,0.7143,384292.86,0
1114114570300646392,24,144.0,0.4725,362721.76,0
1114243113509422210,27,190.73,0.3014,464364.67,0
1114248769639124764,26,156.0,0.4286,391280.0,0
1114302377575664535,26,156.0,0.4286,390237.14,0
1114321496018309105,3,168.0,0.3846,212710.77,0
1114330528083203761,26,156.0,0.4286,392322.86,0
1114370222848738697,22,132.0,0.5165,335848.13,0
1114378607843759565,1,60.0,0.7802,278523.08,0
1114494314051420964,1,6.0,0.978,61632.86,0
1114836932239473897,32,190.73,0.3014,517405.78,0
1114978659961680527,1,28.0,0.8974,54057.44,0
1115136871943427207,8,48.0,0.8242,210881.76,0
1115436656840270968,1,28.0,0.8974,24108.72,0
1115594730608800736,8,190.73,0.3014,371797.74,0
1115602966457733640,13,190.73,0.3014,303201.32,0
1115696702305343491,2,12.0,0.956,54998.68,0
1115794194819979203,28,168.0,0.3846,384990.77,0
1115845921057361166,0,0.0,1.0,0.0,0
1116161269024802062,0,0.0,1.0,0.0,1
1116336782980727647,1,60.0,0.7802,195656.04,0
1116395081158382941,12,72.0,0.7363,1027422.86,0
1116417312024938432,0,0.0,1.0,0.0,0
1116439859807869045,16,96.0,0.6484,1001014.51,0
1116441466656424664,17,102.0,0.6264,908930.22,0
1116442323848299171,29,174.0,0.3626,1413271.98,0
1116611241379441514,11,66.0,0.7582,175248.13,0
1116683458776188311,19,114.0,0.5824,328155.05,0
1117059206211720455,26,156.0,0.4286,293668.57,0
1117108161924192159,7,42.0,0.8462,877179.23,0
1117134347573696925,0,0.0,1.0,0.0,0
1117247535552724891,22,132.0,0.5165,1305448.57,0
1117671991203098427,13,104.0,0.619,240830.48,0
1117684745787812842,13,190.73,0.3014,1071277.31,0
1118145384136303283,0,0.0,1.0,0.0,0
1118425500985999610,0,0.0,1.0,0.0,0
1118532541078523624,2,120.0,0.5604,239536.26,0
1118663869965586903,2,120.0,0.5604,226540.66,0
1118680379059640935,0,0.0,1.0,0.0,0
1118704538595393352,0,0.0,1.0,0.0,1
1118760848523341456,0,0.0,1.0,0.0,1
1118765919650215232,0,0.0,1.0,0.0,1
1118769017720071363,0,0.0,1.0,0.0,1
1119936520213595447,0,0.0,1.0,0.0,1
1119936652201100228,0,0.0,1.0,0.0,1
1120084659176492417,0,0.0,1.0,0.0,0
1120230192082647573,20,160.0,0.4139,371791.94,0
1120306157189542899,1,28.0,0.8974,100328.21,0
1120647101106371280,2,84.0,0.6923,174301.54,0
1120661364151895394,3,126.0,0.5385,193562.31,0
1120664217335346957,3,186.0,0.3187,152192.97,0
1120674756250725398,0,0.0,1.0,0.0,0
1120681963641877685,0,0.0,1.0,0.0,1
1120813514669136055,1,60.0,0.7802,228867.03,0
1120830473383580976,2,56.0,0.7949,104071.79,0
1120943754329641514,0,0.0,1.0,0.0,0
1121048658502724775,11,66.0,0.7582,292256.7,0
1121709519770146384,0,0.0,1.0,0.0,1
1122128880367955293,16,96.0,0.6484,305348.57,0
1122506693409060363,0,0.0,1.0,0.0,0
1122560696833796541,19,114.0,0.5824,338671.87,0
1122978977159659077,1,6.0,0.978,25758.57,0
1123049596355748122,3,186.0,0.3187,264596.92,0
1123090415804711125,8,190.73,0.3014,183603.82,0
1123123360310209374,1,62.0,0.7729,51974.4,0
1123321420385696018,13,78.0,0.7143,545518.57,0
1123648380735380360,25,150.0,0.4505,232837.91,0
1124184969407315691,21,126.0,0.5385,352084.62,0
1124933556625295796,4,24.0,0.9121,46174.51,0
1124947794855335298,0,0.0,1.0,0.0,0
1125060161086772702,8,48.0,0.8242,122062.42,0
1125277315310659502,21,126.0,0.5385,191540.77,0
1125336806071509732,16,96.0,0.6484,306503.74,0
1125763756049631540,0,0.0,1.0,0.0,0
1125840898506164189,0,0.0,1.0,0.0,1
1125944540654043447,0,0.0,1.0,0.0,1
1125969165020279093,1,6.0,0.978,29159.89,0
1126339147058872166,5,190.73,0.3014,165753.45,0
1126497547097826669,6,36.0,0.8681,64159.78,0
1126547005360147933,0,0.0,1.0,0.0,0
1126595817595177511,2,12.0,0.956,50907.47,0
1127317523958093344,0,0.0,1.0,0.0,0
1127463851263841047,0,0.0,1.0,0.0,0
1127604966213151944,31,186.0,0.3187,254649.67,0
1127867614119748141,5,190.73,0.3014,573251.94,0
1128108931742706459,32,190.73,0.3014,754305.71,0
1128111936245986924,37,190.73,0.3014,359047.48,0
1128127074774303917,1,6.0,0.978,26817.47,0
1128498779784215383,24,144.0,0.4725,176162.64,0
1128734028574063668,11,66.0,0.7582,301345.6,0
1128739863300075648,7,42.0,0.8462,100290.77,0
1128745759380890269,7,42.0,0.8462,97483.08,0
1128846757384861752,3,18.0,0.9341,59154.07,0
1128857385729502490,7,42.0,0.8462,136060.77,0
1128859993300713935,5,30.0,0.8901,100515.38,0
1129317827026227463,0,0.0,1.0,0.0,1
1129344612405833048,19,114.0,0.5824,126963.85,0
1129345063657412920,12,72.0,0.7363,170194.29,0
1129555418582756308,0,0.0,1.0,0.0,0
1129569195943906923,2,28.0,0.8974,102050.26,0
1129620946924887879,30,180.0,0.3407,1117381.32,0
1129674222072988715,17,102.0,0.6264,125327.36,0
1129705564739173801,0,0.0,1.0,0.0,1
1129708597979476523,32,190.73,0.3014,303456.32,0
1129714301798599737,23,138.0,0.4945,214948.9,0
1129720873517103656,5,30.0,0.8901,183623.08,0
1130046144283485077,0,0.0,1.0,0.0,0
1130169912459422769,1,6.0,0.978,33684.29,0
1130463850210928733,0,0.0,1.0,0.0,1
1130469297974557487,14,112.0,0.5897,283764.1,0
1130482657640504267,14,112.0,0.5897,285860.51,0
1130830326049192122,7,190.73,0.3014,749970.62,0
1130878597043254629,30,180.0,0.3407,705372.53,0
1130912515290372350,0,0.0,1.0,0.0,0
1131036217997718914,17,102.0,0.6264,118099.56,0
1131069195009541056,0,0.0,1.0,0.0,1
1131070299603714925,0,0.0,1.0,0.0,0
1131310230017270679,12,72.0,0.7363,239311.65,0
1131650620744861577,4,24.0,0.9121,44249.23,0
1131772651320662442,33,190.73,0.3014,339412.07,0
1132131282056480108,0,0.0,1.0,0.0,1
1132206022203770864,1,60.0,0.7802,164290.11,0
1132232979461739160,0,0.0,1.0,0.0,0
1132331172804412273,4,24.0,0.9121,38505.49,0
1132493440809951710,1,10.0,0.9634,38505.49,0
1132626718920980970,0,0.0,1.0,0.0,0
1132948948082011758,2,16.0,0.9414,51747.11,0
1133332554650213073,26,156.0,0.4286,326622.86,0
1133336942070486466,30,180.0,0.3407,760483.52,0
1133821298256603315,0,0.0,1.0,0.0,0
1134421471606215912,11,66.0,0.7582,179660.22,0
1134459222820984883,0,0.0,1.0,0.0,0
1134588073274890251,3,18.0,0.9341,70031.87,0
1134695954293901298,2,12.0,0.956,120474.07,0
1134708488231370776,19,114.0,0.5824,215518.46,0
1135099545134561420,0,0.0,1.0,0.0,1
1135165331753198495,3,126.0,0.5385,349220.77,0
1135209481810736796,6,36.0,0.8681,60742.42,0
1135455833587257291,2,12.0,0.956,76786.37,0
1135922827139957454,0,0.0,1.0,0.0,0
1136155071260044482,0,0.0,1.0,0.0,1
1136164195132646518,0,0.0,1.0,0.0,0
1136560257168861240,23,138.0,0.4945,492076.15,0
1136637776103037143,0,0.0,1.0,0.0,0
1136641807205177631,0,0.0,1.0,0.0,1
1136751423185098733,14,84.0,0.6923,329286.15,0
1136889834911900656,0,0.0,1.0,0.0,0
1137272268715840456,0,0.0,1.0,0.0,1
1137339265985198603,0,0.0,1.0,0.0,1
1137357063274458281,0,0.0,1.0,0.0,1
1137367535224846001,0,0.0,1.0,0.0,1
1137374968358380280,0,0.0,1.0,0.0,1
1137383791133211435,0,0.0,1.0,0.0,1
1137406623931136165,14,84.0,0.6923,135218.46,0
1137429132030403479,13,78.0,0.7143,175512.86,0
1138166672052090677,22,132.0,0.5165,155658.46,0
1138229019612977067,0,0.0,1.0,0.0,0
1138555324379342693,0,0.0,1.0,0.0,1
1138775842650954743,46,190.73,0.3014,858347.88,0
1138781824241291941,3,18.0,0.9341,62571.43,0
1138985726141153980,21,126.0,0.5385,540761.54,0
1139308576936529656,1,6.0,0.978,19597.69,0
1139604296061959776,27,162.0,0.4066,528487.91,0
1139846798651146505,0,0.0,1.0,0.0,0
1140185770320577637,0,0.0,1.0,0.0,0
1140212959961943936,55,190.73,0.3014,332526.93,0
1140537402399474471,12,72.0,0.7363,127068.13,0
1140587020334138886,0,0.0,1.0,0.0,0
1140986586722494269,0,0.0,1.0,0.0,1
1141054135821927756,15,90.0,0.6703,286264.29,0
1141220592545465923,15,90.0,0.6703,147163.19,0
1141260155904869096,0,0.0,1.0,0.0,0
1141963956361400693,0,0.0,1.0,0.0,0
1142017009752374933,24,144.0,0.4725,183093.63,0
1142636645536782804,0,0.0,1.0,0.0,0
1142719720612800605,0,0.0,1.0,0.0,0
1143084287974001675,0,0.0,1.0,0.0,1
1143164392511489093,0,0.0,1.0,0.0,1
1143176484009426650,4,190.73,0.3014,510010.62,0
1143329697313415883,21,168.0,0.3846,556821.54,0
1143460743345238289,8,48.0,0.8242,89011.87,0
1143538285603256264,9,54.0,0.8022,93784.95,0
1143550737234732626,12,72.0,0.7363,115805.27,0
1143834058718015258,12,72.0,0.7363,103387.25,0
1143862979564220419,20,120.0,0.5604,339810.99,0
1143995565698168478,0,0.0,1.0,0.0,0
1144685721047856492,13,78.0,0.7143,196787.14,0
1144734277572427531,0,0.0,1.0,0.0,0
1145017825994524090,0,0.0,1.0,0.0,0
1145181777292622588,13,78.0,0.7143,292730.0,0
1145399262414892576,25,150.0,0.4505,513005.49,0
1145705063426679283,18,108.0,0.6044,561121.32,0
1145959497034976686,0,0.0,1.0,0.0,0
1145976247876539611,0,0.0,1.0,0.0,1
1145985092366825648,3,18.0,0.9341,26592.86,0
1146025576703198218,3,180.0,0.3407,288791.21,0
1146069005870000015,0,0.0,1.0,0.0,0
1146137970033622152,0,0.0,1.0,0.0,0
1146167098851404692,0,0.0,1.0,0.0,0
1146893643026883577,0,0.0,1.0,0.0,0
1146985253131890099,5,40.0,0.8535,176483.52,0
1147035436576177616,13,78.0,0.7143,206172.86,0
1147158847532669559,0,0.0,1.0,0.0,0
1147495692595390346,0,0.0,1.0,0.0,0
1147504365915132451,3,18.0,0.9341,49864.62,0
1148134709392262139,18,144.0,0.4725,252596.04,0
1148264817722200992,10,60.0,0.7802,288791.21,0
1150314359704864588,7,42.0,0.8462,215967.69,0
1150315309890159375,0,0.0,1.0,0.0,1
1150360743083362450,0,0.0,1.0,0.0,1
1150661770876104673,0,0.0,1.0,0.0,0
1150689168336646299,1,6.0,0.978,11856.48,0
1151052989355897485,9,54.0,0.8022,244894.95,0
1151338043107117869,0,0.0,1.0,0.0,0
1152084732629240927,0,0.0,1.0,0.0,0
1152102453754717912,0,0.0,1.0,0.0,0
1152110586297709235,0,0.0,1.0,0.0,0
1152119134945159258,36,190.73,0.3014,994520.71,0
1152489199286926244,0,0.0,1.0,0.0,0
1153272971219474574,9,54.0,0.8022,180711.1,0
1153363655885240010,0,0.0,1.0,0.0,0
1153541989854211064,4,40.0,0.8535,79631.5,0
1153602780058982513,12,190.73,0.3014,751500.65,0
1153914392952848910,0,0.0,1.0,0.0,0
1153997315898772598,0,0.0,1.0,0.0,0
1154091613707726143,8,190.73,0.3014,257810.37,0
1154244224408618055,0,0.0,1.0,0.0,0
1154272558941255666,6,36.0,0.8681,79080.66,0
1154855238410077569,0,0.0,1.0,0.0,0
1154913368534058150,0,0.0,1.0,0.0,0
1154972450569249562,6,36.0,0.8681,89621.54,0
1155030457909486269,0,0.0,1.0,0.0,0
1155473436658687341,0,0.0,1.0,0.0,0
1155636349511493302,0,0.0,1.0,0.0,1
1155705296742511233,0,0.0,1.0,0.0,0
1156312113078106422,2,12.0,0.956,19252.75,0
1156790001575343937,0,0.0,1.0,0.0,0
1156956183056905059,32,190.73,0.3014,757365.77,0
1156966973372577325,10,60.0,0.7802,98108.79,0
1156970062315343265,0,0.0,1.0,0.0,0
1157137774815887189,3,30.0,0.8901,87279.12,0
1157561539439406154,9,126.0,0.5385,121629.23,0
1157568929507147964,23,190.73,0.3014,1505041.35,0
1157682143193378490,0,0.0,1.0,0.0,0
1157822380351913243,37,190.73,0.3014,1423184.64,0
1157891835204455625,0,0.0,1.0,0.0,0
1157900728841129620,0,0.0,1.0,0.0,1
1157900816046875555,0,0.0,1.0,0.0,1
1157925289742702710,0,0.0,1.0,0.0,0
1157952847282963442,0,0.0,1.0,0.0,1
1157957830783157504,29,174.0,0.3626,241942.86,0
1158474409414105020,7,42.0,0.8462,98325.38,0
1158592536019247470,0,0.0,1.0,0.0,1
1158600254858021303,24,144.0,0.4725,221214.07,0
1158603579800222610,7,42.0,0.8462,59466.92,0
1158793663756231470,18,108.0,0.6044,691799.34,0
1158888103265201795,24,144.0,0.4725,243162.2,0
1159164216531511813,0,0.0,1.0,0.0,0
1159335905677815084,24,190.73,0.3014,242255.05,0
1159409875789716961,6,36.0,0.8681,59442.86,0
1159846595323259002,0,0.0,1.0,0.0,0
1160047399672529871,0,0.0,1.0,0.0,0
1160509010028048640,0,0.0,1.0,0.0,1
1160638803334282962,1,60.0,0.7802,271142.86,0
1160828199686393777,22,132.0,0.5165,240370.55,0
1161299977073742096,7,42.0,0.8462,61600.77,0
1161303320457674502,6,36.0,0.8681,122976.92,0
1161319299830240630,3,18.0,0.9341,26400.33,0
1161325463684741847,9,54.0,0.8022,203670.0,0
1161381821705999160,35,190.73,0.3014,1164354.25,0
1161433247474835768,28,168.0,0.3846,949000.0,0
1161471740345344281,11,66.0,0.7582,276373.19,0
1161490615024042654,18,108.0,0.6044,329943.96,0
1161497363362484425,0,0.0,1.0,0.0,0
1161507867608212619,0,0.0,1.0,0.0,0
1161713217453552010,0,0.0,1.0,0.0,0
1161921643366284291,30,180.0,0.3407,301064.84,0
1162090783633503634,0,0.0,1.0,0.0,0
1162182041239225121,0,0.0,1.0,0.0,0
1162526699844564102,0,0.0,1.0,0.0,1
1162663002118134608,12,190.73,0.3014,621192.94,0
1162685665060896217,0,0.0,1.0,0.0,0
1162691483295426840,0,0.0,1.0,0.0,1
1162818469243648923,18,108.0,0.6044,714902.64,0
1162819624900106640,0,0.0,1.0,0.0,1
1162822497485624137,0,0.0,1.0,0.0,1
1162825964631278830,0,0.0,1.0,0.0,1
1162843613160246365,0,0.0,1.0,0.0,0
1162914898755506613,17,102.0,0.6264,462306.59,0
1163527843405474409,0,0.0,1.0,0.0,0
1164141764692399016,3,180.0,0.3407,613200.0,0
1164182316978940216,25,150.0,0.4505,370815.93,0
1164775879039219954,30,180.0,0.3407,688285.71,0
1164878044412835943,11,190.73,0.3014,1180419.59,0
1164971993625792838,18,108.0,0.6044,272474.51,0
1164992372515559227,0,0.0,1.0,0.0,1
1165018139498648481,0,0.0,1.0,0.0,1
1165024890164812458,0,0.0,1.0,0.0,1
1165129461606871675,0,0.0,1.0,0.0,0
1165597414584447669,9,54.0,0.8022,200926.48,0
1165602848545242856,27,162.0,0.4066,346982.64,0
1165734595702819528,38,190.73,0.3014,825962.2,0
1165766184581664037,4,190.73,0.3014,236389.92,0
1165904744406687455,0,0.0,1.0,0.0,1
1165963199935894188,0,0.0,1.0,0.0,0
1165999113882016071,10,60.0,0.7802,135009.89,0
1166168763193282186,6,36.0,0.8681,183334.29,0
1166180688661273678,0,0.0,1.0,0.0,0
1166224861718653273,2,16.0,0.9414,15102.71,0
1166405941461149479,3,18.0,0.9341,26640.99,0
1166997668922210031,0,0.0,1.0,0.0,0
1167014502006378153,0,0.0,1.0,0.0,0
1167025140139032819,0,0.0,1.0,0.0,0
1167080812177064273,16,96.0,0.6484,211908.57,0
1167099101964321189,2,120.0,0.5604,481318.68,0
1167150278846815661,7,42.0,0.8462,132466.92,0
1167173484403450412,0,0.0,1.0,0.0,0
1167176705076498749,0,0.0,1.0,0.0,1
1167192076141925638,18,108.0,0.6044,595054.29,0
1167261726679470670,0,0.0,1.0,0.0,0
1167346319355725827,0,0.0,1.0,0.0,1
1167718450789960977,0,0.0,1.0,0.0,1
1167719626830280854,31,186.0,0.3187,1591809.12,0
1168044496694720680,3,180.0,0.3407,212742.86,0
1168657500363108203,0,0.0,1.0,0.0,1
1168805110766056894,0,0.0,1.0,0.0,0
1169153383640833898,1,10.0,0.9634,24854.76,0
1169410800525223850,20,120.0,0.5604,559131.87,0
1169455534534701343,2,120.0,0.5604,437358.24,0
1169854297062590576,0,0.0,1.0,0.0,1
1169864651635166380,0,0.0,1.0,0.0,1
1169873246928215132,0,0.0,1.0,0.0,1
1170021140420672921,21,126.0,0.5385,276108.46,0
1170190943318526105,5,30.0,0.8901,169063.19,0
1170808356968330025,4,24.0,0.9121,42259.78,0
1170836700951503193,42,190.73,0.3014,726765.14,0
1171022019266935445,29,174.0,0.3626,772123.41,0
1171041309503595496,36,190.73,0.3014,776236.17,0
1171243971849824643,16,96.0,0.6484,490046.59,0
1171270306497167926,13,78.0,0.7143,267492.86,0
1171322165007641853,18,108.0,0.6044,773382.86,0
1171443236338330713,0,0.0,1.0,0.0,1
1171460466711394106,0,0.0,1.0,0.0,1
1172383056125058669,0,0.0,1.0,0.0,0
1172397237557260573,0,0.0,1.0,0.0,0
1172444915124362797,22,132.0,0.5165,553275.82,0
1172843466953153796,0,0.0,1.0,0.0,0
1172873115369179556,2,120.0,0.5604,241942.86,0
1172897061713560902,0,0.0,1.0,0.0,1
1172902030416102917,0,0.0,1.0,0.0,0
1172952395102970048,0,0.0,1.0,0.0,0
1172958963014825528,0,0.0,1.0,0.0,0
1173033343163558454,8,190.73,0.3014,431979.0,0
1173238618085410573,28,168.0,0.3846,1342526.15,0
1173528314719175704,0,0.0,1.0,0.0,1
1173680108127840864,18,108.0,0.6044,515347.91,0
1173706452370382888,13,78.0,0.7143,1351542.86,0
1174615280560330421,0,0.0,1.0,0.0,1
1175079135146180304,23,138.0,0.4945,340043.63,0
1175482164143259578,0,0.0,1.0,0.0,0
1176384288444360784,0,0.0,1.0,0.0,0
1176550201911356640,0,0.0,1.0,0.0,1
1176563813158908265,0,0.0,1.0,0.0,0
1177257144955586111,0,0.0,1.0,0.0,0
1177513373796512138,2,12.0,0.956,71491.87,0
1178231718595112074,0,0.0,1.0,0.0,1
1178573454548449035,1,6.0,0.978,10035.49,0
1178627391586613020,0,0.0,1.0,0.0,0
1178875511022415193,21,126.0,0.5385,377016.92,0
1179323034588035021,1,6.0,0.978,31029.01,0
1179465276131653820,0,0.0,1.0,0.0,0
1179662028216864294,4,190.73,0.3014,782356.3,0
1180186369791454939,28,168.0,0.3846,277400.0,0
1180429125016402095,0,0.0,1.0,0.0,0
1180676891252917286,2,60.0,0.7802,232476.92,0
1180945410783953690,0,0.0,1.0,0.0,0
1181099263415099420,0,0.0,1.0,0.0,0
1181194364004478658,18,108.0,0.6044,223524.4,0
1181213350589185143,25,150.0,0.4505,213384.62,0
1181700524759108266,1,24.0,0.9121,89685.71,0
1181874613868441428,22,132.0,0.5165,965717.8,0
1182132820288414531,1,60.0,0.7802,71074.73,0
1182142871335015339,0,0.0,1.0,0.0,0
1182356290649392878,14,168.0,0.3846,414864.62,0
1182418161949220646,0,0.0,1.0,0.0,0
1182524021854999578,0,0.0,1.0,0.0,1
1182836520720797850,0,0.0,1.0,0.0,1
1183126710995743577,1,60.0,0.7802,88081.32,0
1185110234592514745,3,18.0,0.9341,130894.62,0
1185210237823048654,13,190.73,0.3014,243275.07,0
1185253003692682689,11,190.73,0.3014,193804.04,0
1185481873592358541,0,0.0,1.0,0.0,1
1185508464111496911,14,84.0,0.6923,263923.08,0
1185783427866628789,27,162.0,0.4066,381204.4,0
1185858703806630374,0,0.0,1.0,0.0,1
1186007442337422411,7,42.0,0.8462,127076.15,0
1186651668249073651,0,0.0,1.0,0.0,1
1186747640072632966,10,190.73,0.3014,391178.15,0
1186816926635912102,20,120.0,0.5604,133646.15,0
1187083820251503407,21,126.0,0.5385,441874.62,0
1187244279740532761,4,190.73,0.3014,828767.26,0
1187268150474310605,2,60.0,0.7802,265607.69,0
1187381885966398266,0,0.0,1.0,0.0,0
1187389141888629232,0,0.0,1.0,0.0,1
1187398674743848670,0,0.0,1.0,0.0,0
1187598202898480161,22,132.0,0.5165,415795.16,0
1187662139534240183,0,0.0,1.0,0.0,1
1187673239984874803,0,0.0,1.0,0.0,1
1187689305345917235,0,0.0,1.0,0.0,1
1187691687769633315,0,0.0,1.0,0.0,1
1188407426232935152,0,0.0,1.0,0.0,1
1188425854284655465,0,0.0,1.0,0.0,1
1188434963248873778,0,0.0,1.0,0.0,1
1188440054540582947,0,0.0,1.0,0.0,1
1188705247338906867,0,0.0,1.0,0.0,1
1188848671880306442,11,110.0,0.5971,344142.86,0
1188855155049193836,13,104.0,0.619,335243.81,0
1189551284441164463,11,66.0,0.7582,113214.18,0
1190221480865307574,2,60.0,0.7802,251809.89,0
1190841640428093857,0,0.0,1.0,0.0,0
1190953481414590449,0,0.0,1.0,0.0,0
1191003297256322750,19,190.0,0.304,194840.48,0
1191065272717393295,4,190.73,0.3014,983300.48,0
1191065471736048608,0,0.0,1.0,0.0,0
1191099016857167338,0,0.0,1.0,0.0,0
1191154368060423325,0,0.0,1.0,0.0,0
1191166044622553521,0,0.0,1.0,0.0,1
1191210381237989619,10,190.73,0.3014,375367.82,0
1191234108107211094,0,0.0,1.0,0.0,0
1191340941929957437,20,120.0,0.5604,450514.29,0
1191604237010040029,0,0.0,1.0,0.0,0
1191773398808252169,5,30.0,0.8901,77371.98,0
1191787089998189908,0,0.0,1.0,0.0,0
1191789647150246680,22,132.0,0.5165,309905.05,0
1191914079694604219,4,24.0,0.9121,40527.03,0
1191919049594267954,15,90.0,0.6703,272667.03,0
1191954133382587602,0,0.0,1.0,0.0,0
1192039754598851106,0,0.0,1.0,0.0,0
1192047036271015654,18,144.0,0.4725,299957.8,0
1192335826841210886,2,120.0,0.5604,191885.71,0
1192787265541172367,8,48.0,0.8242,85931.43,0
1193012015856173836,4,32.0,0.8828,30205.42,0
1193064631812053497,4,32.0,0.8828,54292.75,0
1193160524984020171,18,180.0,0.3407,520546.15,0
1193337617715979480,5,30.0,0.8901,211499.45,0
1193346484639258740,14,84.0,0.6923,297503.08,0
1193528621614562240,0,0.0,1.0,0.0,1
1193536490419974052,0,0.0,1.0,0.0,1
1193540973376713503,0,0.0,1.0,0.0,1
1194050969749071100,5,30.0,0.8901,75807.69,0
1194062200743759032,8,80.0,0.707,238947.99,0
1194632861024127153,12,72.0,0.7363,299091.43,0
1194722196625637191,7,42.0,0.8462,220179.23,0
1195266057370730398,34,190.73,0.3014,473544.86,0
1195495512303417492,0,0.0,1.0,0.0,0
1195613078296215983,0,0.0,1.0,0.0,1
1195734490970564180,0,0.0,1.0,0.0,1
1196001777713386992,15,90.0,0.6703,442692.86,0
1196105875635221790,0,0.0,1.0,0.0,1
1196163931980773243,0,0.0,1.0,0.0,1
1196168290839686174,0,0.0,1.0,0.0,1
1196169395639397716,0,0.0,1.0,0.0,1
1196176880837709415,0,0.0,1.0,0.0,0
1196178081350913612,0,0.0,1.0,0.0,1
1196191504037492015,0,0.0,1.0,0.0,1
1196195161666157480,0,0.0,1.0,0.0,1
1196195718690759442,0,0.0,1.0,0.0,1
1196198587613710001,0,0.0,1.0,0.0,1
1196200128174084808,0,0.0,1.0,0.0,1
1196207559132436760,0,0.0,1.0,0.0,1
1196216222931417360,0,0.0,1.0,0.0,1
1196220994675237493,0,0.0,1.0,0.0,1
1196223600474754355,0,0.0,1.0,0.0,1
1196224805299935725,0,0.0,1.0,0.0,1
1196819837175385019,0,0.0,1.0,0.0,0
1196950254182353982,0,0.0,1.0,0.0,1
1196987313128479538,10,60.0,0.7802,87840.66,0
1197486889760720104,1,6.0,0.978,401098.9,0
1197605250142909981,11,66.0,0.7582,246635.71,0
1197667862368907162,14,190.73,0.3014,381487.95,0
1197801656239821746,14,190.73,0.3014,212419.42,0
1198139200386218031,0,0.0,1.0,0.0,1
1198458355028452737,2,12.0,0.956,80540.66,0
1198468421564174226,25,190.73,0.3014,928219.33,0
1198470884148170698,0,0.0,1.0,0.0,1
1198501889560208573,24,190.73,0.3014,813211.94,0
1198902079124513388,0,0.0,1.0,0.0,0
1198911922071163732,0,0.0,1.0,0.0,0
1198919126879290288,0,0.0,1.0,0.0,0
1198928984290992590,0,0.0,1.0,0.0,0
1199042834911299854,0,0.0,1.0,0.0,1
1199095494046543973,0,0.0,1.0,0.0,0
1201026600457528155,14,84.0,0.6923,155433.85,0
1201280635516665067,13,78.0,0.7143,137657.14,0
1201292263712823055,22,132.0,0.5165,253430.33,0
1201448670364188717,0,0.0,1.0,0.0,1
1201636173103685481,0,0.0,1.0,0.0,0
1201643597462336974,0,0.0,1.0,0.0,1
1201889532818065968,0,0.0,1.0,0.0,1
1201897126924508470,0,0.0,1.0,0.0,1
1202137508197942524,0,0.0,1.0,0.0,1
1202150305084073406,0,0.0,1.0,0.0,0
1202165888162176782,0,0.0,1.0,0.0,1
1202171341380999736,2,120.0,0.5604,553997.8,0
1202987441883724695,21,126.0,0.5385,583887.69,0
1203310008535752867,0,0.0,1.0,0.0,0
1203391980875494784,45,190.73,0.3014,842537.55,0
1203968520250166775,15,90.0,0.6703,351964.29,0
1204066968372892001,0,0.0,1.0,0.0,0
1205060740698260392,0,0.0,1.0,0.0,1
1205496548374627193,0,0.0,1.0,0.0,1
1205637171756497875,0,0.0,1.0,0.0,1
1206376218864159342,0,0.0,1.0,0.0,0
1206638201788760364,20,120.0,0.5604,692457.14,0
1206717432205812276,0,0.0,1.0,0.0,1
1206991336607209225,30,180.0,0.3407,769147.25,0
1207042193919974807,24,144.0,0.4725,540617.14,0
1207050229648847527,23,138.0,0.4945,487463.52,0
1207065103814095395,8,48.0,0.8242,152674.29,0
1207167275412669594,24,144.0,0.4725,245087.47,0
1207305980845065552,4,80.0,0.707,340345.79,0
1207928358789344012,24,144.0,0.4725,553131.43,0
1207933831645368279,7,42.0,0.8462,190024.62,0
1207954441607462393,20,120.0,0.5604,812947.25,0
1208035983256187072,15,90.0,0.6703,495517.58,0
1208074652960107815,21,126.0,0.5385,161723.08,0
1208492890218499381,0,0.0,1.0,0.0,1
1208492971005412650,30,180.0,0.3407,650742.86,0
1208497939483600717,0,0.0,1.0,0.0,1
1208501487509511209,0,0.0,1.0,0.0,1
1208534670299482357,15,90.0,0.6703,336682.42,0
1209102778916645351,0,0.0,1.0,0.0,0
1209984858977404049,0,0.0,1.0,0.0,0
1210113033968774179,0,0.0,1.0,0.0,1
1211268223140117804,0,0.0,1.0,0.0,0
1211903908874462211,8,48.0,0.8242,261580.66,0
1212133166878291336,1,8.0,0.9707,21391.94,0
1212186370792571760,0,0.0,1.0,0.0,1
1212228143460319887,0,0.0,1.0,0.0,0
1212244036084005554,1,8.0,0.9707,21391.94,0
1212345921558249641,0,0.0,1.0,0.0,1
1212709478950493189,2,16.0,0.9414,42783.88,0
1212717828134684643,41,190.73,0.3014,629863.12,0
1212834280281391649,0,0.0,1.0,0.0,1
1212837832653087917,0,0.0,1.0,0.0,1
1212923626936294231,0,0.0,1.0,0.0,0
1213046546747912457,21,126.0,0.5385,309126.92,0
1213465907806026338,0,0.0,1.0,0.0,1
1213470961124479692,0,0.0,1.0,0.0,1
1213476574450515950,0,0.0,1.0,0.0,0
1213531931224461868,10,190.73,0.3014,466404.71,0
1213735119322868542,8,48.0,0.8242,257537.58,0
1213749838306253800,0,0.0,1.0,0.0,1
1213822297299863039,2,20.0,0.9267,88482.42,0
1214146874739195717,5,190.73,0.3014,1524676.76,0
1214262238360235909,1,8.0,0.9707,31456.85,0
1214315646875370758,40,190.73,0.3014,1126358.46,0
1214541592994091844,0,0.0,1.0,0.0,1
1214901876908944354,24,144.0,0.4725,390445.71,0
1215752036378127246,2,120.0,0.5604,253654.95,0
1216192120899356603,0,0.0,1.0,0.0,0
1216328413107644652,2,120.0,0.5604,212582.42,0
1216348862045459463,0,0.0,1.0,0.0,0
1216394916266370282,0,0.0,1.0,0.0,1
1216437851737134577,1,60.0,0.7802,106371.43,0
1216449470865658768,3,180.0,0.3407,355453.85,0
1216456131845047700,5,190.73,0.3014,381232.94,0
1216464066956824718,0,0.0,1.0,0.0,0
1216623277782476805,20,120.0,0.5604,756793.41,0
1217047922911331942,0,0.0,1.0,0.0,1
1217226568083908258,9,54.0,0.8022,221575.05,0
1217464833580061070,8,48.0,0.8242,69438.24,0
1217627800601236969,21,126.0,0.5385,189687.69,0
1217988562506902895,0,0.0,1.0,0.0,0
1218626304055678948,4,112.0,0.5897,502240.0,0
1218811066584518642,23,138.0,0.4945,926217.58,0
1219236636198058705,0,0.0,1.0,0.0,0
1219266718372533544,0,0.0,1.0,0.0,0
1219284312879105176,0,0.0,1.0,0.0,0
1219304643824755645,1,60.0,0.7802,93857.14,0
1219304748853802533,0,0.0,1.0,0.0,0
1219315993950598695,26,190.73,0.3014,1092697.76,0
1220017040505116289,0,0.0,1.0,0.0,1
1220025015580440064,0,0.0,1.0,0.0,0
1220030580034180510,26,156.0,0.4286,1344660.0,0
1220340744868408716,13,78.0,0.7143,251641.43,0
1222054234110841279,64,190.73,0.3014,960095.0,0
1222058922870343685,181,190.73,0.3014,876963.27,0
1222369075227647667,0,0.0,1.0,0.0,0
1222430896156507857,20,120.0,0.5604,187393.41,0
1222438954642728320,29,174.0,0.3626,228449.89,0
1222442070522214406,22,132.0,0.5165,184601.76,0
1222443815847606279,8,48.0,0.8242,66036.92,0
1224327764207628546,2,120.0,0.5604,224615.38,0
1224401677978257214,19,114.0,0.5824,655700.44,0
1224566974492198172,0,0.0,1.0,0.0,0
1224567863877530927,8,48.0,0.8242,92220.66,0
1224613170276386686,2,12.0,0.956,20263.52,0
1225049650342845823,0,0.0,1.0,0.0,1
1225684862393527808,11,66.0,0.7582,77652.75,0
1225822489860744186,29,174.0,0.3626,476906.59,0
1225822918684199293,33,190.73,0.3014,640318.34,0
1225866157244571338,0,0.0,1.0,0.0,0
1225879322761930497,17,190.73,0.3014,451869.41,0
1225889536973778060,0,0.0,1.0,0.0,1
1225906837062729292,7,42.0,0.8462,41441.54,0
1226000472902148770,10,60.0,0.7802,232316.48,0
1226041914023513593,26,156.0,0.4286,1005940.0,0
1226104798100188046,6,36.0,0.8681,51212.31,0
1226105546464126076,8,48.0,0.8242,36516.04,0
1226106148691303225,3,18.0,0.9341,80019.23,0
1226510797747869641,0,0.0,1.0,0.0,1
1226599987650264449,0,0.0,1.0,0.0,0
1226787173582957836,27,162.0,0.4066,570940.22,0
1227211395840665402,19,114.0,0.5824,324497.03,0
1227340600867911779,0,0.0,1.0,0.0,1
1227356714110016454,8,160.0,0.4139,1176556.78,0
1227362899907143572,0,0.0,1.0,0.0,1
1227480003624481612,0,0.0,1.0,0.0,0
1227538000566255331,2,60.0,0.7802,247076.92,0
1227556017582833783,0,0.0,1.0,0.0,1
1227869359962238916,0,0.0,1.0,0.0,0
1228231160171346742,20,120.0,0.5604,214186.81,0
1228785129412342131,1,80.0,0.707,308043.96,0
1228807912720731266,3,18.0,0.9341,35954.51,0
1229293197198445354,11,66.0,0.7582,426031.21,0
1230144003317344583,6,36.0,0.8681,176740.22,0
1230234902346592627,7,42.0,0.8462,133140.77,0
1231655981453169633,56,190.73,0.3014,314166.54,0
1231834046946820788,0,0.0,1.0,0.0,0
1231898252415838999,3,18.0,0.9341,45003.3,0
1232429805523298287,0,0.0,1.0,0.0,0
1233097967170802435,0,0.0,1.0,0.0,0
1233111064818351570,0,0.0,1.0,0.0,0
1233618458732006664,6,36.0,0.8681,67192.09,0
1233804835893842384,3,180.0,0.3407,501293.41,0
1234034234811262971,5,190.73,0.3014,3641220.84,0
1234064072893661349,31,190.73,0.3014,450339.38,0
1234508250055488987,0,0.0,1.0,0.0,0
1235067097210399812,20,120.0,0.5604,301305.49,0
1235315932877643684,19,114.0,0.5824,581930.33,0
1235384286710391545,2,120.0,0.5604,283336.26,0
1235526154395054573,8,48.0,0.8242,245023.3,0
1235689176520458507,15,90.0,0.6703,225979.12,0
1235824438431804990,7,42.0,0.8462,181601.54,0
1235979348169765107,0,0.0,1.0,0.0,0
1236783301087667455,0,0.0,1.0,0.0,0
1236783462416197992,0,0.0,1.0,0.0,0
1237386897443928591,0,0.0,1.0,0.0,0
1237392668450209397,0,0.0,1.0,0.0,0
1237400638169878953,4,24.0,0.9121,50153.41,0
1237409471978203682,0,0.0,1.0,0.0,0
1237413807392641237,0,0.0,1.0,0.0,0
1237422933174429376,0,0.0,1.0,0.0,0
1237425971438397322,0,0.0,1.0,0.0,0
1237428524809915417,3,18.0,0.9341,42115.38,0
1237431542741396008,0,0.0,1.0,0.0,0
1237603078755418416,6,36.0,0.8681,123458.24,0
1237641005724188315,30,190.73,0.3014,752010.66,0
1238171917735542274,0,0.0,1.0,0.0,1
1238177921722867360,0,0.0,1.0,0.0,1
1238182862689322253,1,6.0,0.978,23143.41,0
1238191600909986736,0,0.0,1.0,0.0,1
1238194880174786808,0,0.0,1.0,0.0,1
1238202705641931205,0,0.0,1.0,0.0,0
1238215311659724234,13,78.0,0.7143,182500.0,0
1239000747538995040,21,126.0,0.5385,212261.54,0
1239036290619997999,0,0.0,1.0,0.0,0
1239436503458039916,0,0.0,1.0,0.0,0
1239476855350044951,16,96.0,0.6484,697976.26,0
1239483001555945300,0,0.0,1.0,0.0,0
1239506164697428978,3,18.0,0.9341,117874.95,0
1239570667264060818,17,102.0,0.6264,265928.57,0
1240299879628958768,13,78.0,0.7143,156428.57,0
1240360092249389035,14,190.73,0.3014,524800.93,0
1240380902668420251,10,140.0,0.4872,376605.13,0
1240389988613920782,11,110.0,0.5971,515037.73,0
1241023330695181640,8,48.0,0.8242,88049.23,0
1241219755827738200,2,120.0,0.5604,445701.1,0
1241771495480619504,21,168.0,0.3846,242584.62,0
1241878720644372113,20,120.0,0.5604,1080400.0,0
1241934581277203696,0,0.0,1.0,0.0,0
1241978944709829156,6,190.73,0.3014,349867.29,0
1241979686537524384,11,66.0,0.7582,251312.53,0
1241986863177156864,0,0.0,1.0,0.0,1
1241991973986580197,0,0.0,1.0,0.0,1
1241997212002619058,0,0.0,1.0,0.0,1
1242000079883726766,0,0.0,1.0,0.0,1
1242683878073145234,35,190.73,0.3014,386333.05,0
1242693190528357264,18,108.0,0.6044,197533.19,0
1242693268340760578,31,186.0,0.3187,292449.23,0
1242844677477758673,15,90.0,0.6703,305998.35,0
1243008134217717615,1,6.0,0.978,12979.56,0
1243200133577696887,5,30.0,0.8901,135812.09,0
1243361179453435074,21,126.0,0.5385,337596.92,0
1243405224179810260,17,102.0,0.6264,421121.76,0
1243530769881494410,16,128.0,0.5311,534113.99,0
1243951822069959134,0,0.0,1.0,0.0,0
1244194548080152824,0,0.0,1.0,0.0,0
1244436595199987277,0,0.0,1.0,0.0,0
1244503188938987406,37,190.73,0.3014,555656.57,0
1244667917253372183,45,190.73,0.3014,551576.49,0
1244673248394712020,15,90.0,0.6703,347391.76,0
1244674601887183746,43,190.73,0.3014,736200.33,0
1244675721021808701,22,132.0,0.5165,502801.54,0
1244676698750437001,124,190.73,0.3014,854522.8,0
1244679668871615978,37,190.73,0.3014,961370.02,0
1246094729692799798,0,0.0,1.0,0.0,0
1246385646423182463,29,174.0,0.3626,895188.57,0
1246397820615609477,9,54.0,0.8022,180711.1,0
1246446476808599087,1,28.0,0.8974,120730.77,0
1246770359704387919,17,102.0,0.6264,133373.41,0
1247577850836913305,8,48.0,0.8242,164161.76,0
1247587270753545349,0,0.0,1.0,0.0,0
1247779678123683031,0,0.0,1.0,0.0,0
1248576084191555737,1,8.0,0.9707,12835.16,0
1248896903691292980,0,0.0,1.0,0.0,0
1249027271273018505,17,102.0,0.6264,230471.43,0
1249059504399520508,0,0.0,1.0,0.0,0
1249067444693727304,0,0.0,1.0,0.0,1
1249227725751223630,0,0.0,1.0,0.0,1
1249234258627980629,0,0.0,1.0,0.0,1
1249238803934486654,0,0.0,1.0,0.0,1
1249247471678899510,1,6.0,0.978,23745.05,0
1249254681539015428,0,0.0,1.0,0.0,1
1249257921513398403,0,0.0,1.0,0.0,1
1249261149818083336,0,0.0,1.0,0.0,0
1249263063363452792,0,0.0,1.0,0.0,1
1249281897429432511,9,54.0,0.8022,81655.71,0
1249332556316698431,27,162.0,0.4066,312760.88,0
1249349839248249170,0,0.0,1.0,0.0,0
1249570645468581161,5,190.73,0.3014,421778.78,0
1249734905786511974,0,0.0,1.0,0.0,0
1249770838659101762,0,0.0,1.0,0.0,0
1249775078494637893,0,0.0,1.0,0.0,1
1249781764904831724,0,0.0,1.0,0.0,1
1250431398514130481,1,8.0,0.9707,16043.96,0
1250492890344839830,0,0.0,1.0,0.0,0
1250499327600443028,2,16.0,0.9414,42783.88,0
1250504265819199785,0,0.0,1.0,0.0,1
1250509084346706411,0,0.0,1.0,0.0,1
1250519194417034911,0,0.0,1.0,0.0,0
1250525467885007607,0,0.0,1.0,0.0,0
1250530915977326640,4,32.0,0.8828,85567.77,0
1250572449909514630,0,0.0,1.0,0.0,0
1250578659811139410,0,0.0,1.0,0.0,1
1250587598850440863,0,0.0,1.0,0.0,1
1250598114028299542,1,8.0,0.9707,12835.16,0
1250603948412578718,0,0.0,1.0,0.0,0
1251343895844859879,38,190.73,0.3014,297591.2,0
1251386048296562889,0,0.0,1.0,0.0,0
1251391040313697723,0,0.0,1.0,0.0,0
1251591263095794152,1,60.0,0.7802,160439.56,0
1251762026451140011,0,0.0,1.0,0.0,0
1251770571477130806,0,0.0,1.0,0.0,1
1251824071024796711,0,0.0,1.0,0.0,1
1251830729963037732,0,0.0,1.0,0.0,0
1251833004081929816,0,0.0,1.0,0.0,0
1251835972017816563,0,0.0,1.0,0.0,0
1251839886540475887,0,0.0,1.0,0.0,0
1251844346169337321,0,0.0,1.0,0.0,0
1252092529574613976,51,190.73,0.3014,738240.38,0
1252125112743006946,7,42.0,0.8462,50201.54,0
1252144282522154138,20,120.0,0.5604,548863.74,0
1252572341033231863,13,78.0,0.7143,191260.0,0
1252878516750212817,1,24.0,0.9121,100242.64,0
1252998140121932873,16,96.0,0.6484,118340.22,0
1253227677735246077,0,0.0,1.0,0.0,0
1253330955486140598,4,32.0,0.8828,59897.44,0
1253375035445408666,1,8.0,0.9707,21391.94,0
1253463561876067707,4,24.0,0.9121,73000.0,0
1253560659048164888,0,0.0,1.0,0.0,0
1253991022333595167,0,0.0,1.0,0.0,1
1254092519317082913,19,114.0,0.5824,232894.07,0
1254510092843192073,0,0.0,1.0,0.0,0
1254530568519371604,12,72.0,0.7363,316226.37,0
1254828127240288623,8,48.0,0.8242,300021.98,0
1254890128659311652,34,190.73,0.3014,723450.07,0
1255657894120447290,7,42.0,0.8462,214620.0,0
1256807341598301821,34,190.73,0.3014,848657.68,0
1257105147226401752,0,0.0,1.0,0.0,1
1257140347726835737,21,126.0,0.5385,228770.77,0
1257184442872447945,0,0.0,1.0,0.0,0
1257670172496754537,31,186.0,0.3187,799510.44,0
1257747870607997106,3,18.0,0.9341,30611.87,0
1258314694073776254,0,0.0,1.0,0.0,1
1259028274584337674,0,0.0,1.0,0.0,0
1259622694841310112,5,150.0,0.4505,633736.26,0
1259952438645274455,20,120.0,0.5604,444257.14,0
1260114257787770428,0,0.0,1.0,0.0,1
1260653325679696284,0,0.0,1.0,0.0,1
1261969298106420336,0,0.0,1.0,0.0,1
1262119043798616931,0,0.0,1.0,0.0,1
1262387547686804710,4,24.0,0.9121,138266.81,0
1262708827496001673,17,102.0,0.6264,401347.58,0
1262714546286046736,0,0.0,1.0,0.0,0
1262716526933323877,20,120.0,0.5604,472173.63,0
1262778760046730650,0,0.0,1.0,0.0,0
1262967967010458282,7,42.0,0.8462,50931.54,0
1263425104602002567,3,18.0,0.9341,89838.13,0
1263426987739340924,0,0.0,1.0,0.0,0
1263652859525451203,7,190.73,0.3014,272345.67,0
1265161380884374701,3,180.0,0.3407,389868.13,0
1265173977432786745,0,0.0,1.0,0.0,1
1265234450164646211,34,190.73,0.3014,851972.75,0
1265331124076340702,4,190.73,0.3014,423308.82,0
1266451213217689335,4,190.73,0.3014,472269.84,0
1266491507097844259,0,0.0,1.0,0.0,0
1266597923889106071,10,60.0,0.7802,221085.71,0
1266711635952959416,15,120.0,0.5604,417142.86,0
1267130611527178625,0,0.0,1.0,0.0,0
1267633286869306344,0,0.0,1.0,0.0,0
1267839305823963151,0,0.0,1.0,0.0,1
1268105608760348457,2,120.0,0.5604,161241.76,0
1268457166037918117,2,120.0,0.5604,192527.47,0
1268502571858118062,0,0.0,1.0,0.0,0
1269379742332834394,0,0.0,1.0,0.0,0
1269518667679767915,24,144.0,0.4725,1336333.19,0
1269530459797807373,1,60.0,0.7802,112307.69,0
1270185657518805656,25,190.73,0.3014,439374.15,0
1270308558201468247,2,120.0,0.5604,128351.65,0
1270311577777021356,23,184.0,0.326,1070623.88,0
1270851241063358413,25,150.0,0.4505,465274.73,0
1270958184629930373,7,70.0,0.7436,253253.85,0
1271369132974063746,0,0.0,1.0,0.0,0
1271396877317251161,3,126.0,0.5385,183286.15,0
1271595233692080867,35,190.73,0.3014,684944.27,0
1272520464017058054,0,0.0,1.0,0.0,0
1272810062209649155,7,140.0,0.4872,1164630.77,0
1272899689754114741,0,0.0,1.0,0.0,0
1272997007026297784,1,56.0,0.7949,258756.92,0
1273019160357709967,0,0.0,1.0,0.0,1
1273109724736174916,0,0.0,1.0,0.0,0
1273542284027486298,2,12.0,0.956,20054.95,0
1273698326609751034,0,0.0,1.0,0.0,0
1273701739167435485,0,0.0,1.0,0.0,0
1273805722500398699,24,144.0,0.4725,216978.46,0
1273866351014464783,0,0.0,1.0,0.0,0
1273874087939550905,0,0.0,1.0,0.0,0
1273898649589157795,0,0.0,1.0,0.0,0
1274027532421144095,0,0.0,1.0,0.0,0
1274277705408798957,1,60.0,0.7802,69791.21,0
1274582015261270380,0,0.0,1.0,0.0,0
1274858775185416919,0,0.0,1.0,0.0,1
1275246775006201144,4,88.0,0.6777,381204.4,0
1275852113678816976,0,0.0,1.0,0.0,1
1275935274053252070,0,0.0,1.0,0.0,0
1275935295116833933,0,0.0,1.0,0.0,0
1275991375750919506,0,0.0,1.0,0.0,1
1275994587941913214,0,0.0,1.0,0.0,1
1276090949920481075,2,12.0,0.956,33018.46,0
1276270441289973059,1,8.0,0.9707,29200.0,0
1276497094624882426,0,0.0,1.0,0.0,0
1276529163959076284,0,0.0,1.0,0.0,0
1276529199612074962,0,0.0,1.0,0.0,0
1276542394745011911,5,30.0,0.8901,179010.44,0
1276682101598087512,0,0.0,1.0,0.0,0
1276699141353942786,34,190.73,0.3014,749715.62,0
1277127524301503892,0,0.0,1.0,0.0,0
1277178728964737553,3,180.0,0.3407,293604.4,0
1277302694407215127,0,0.0,1.0,0.0,1
1277339029174222630,0,0.0,1.0,0.0,1
1277362072494235932,45,190.73,0.3014,514090.71,0
1277362118166484616,0,0.0,1.0,0.0,1
1277380577598567917,0,0.0,1.0,0.0,1
1277402650196332543,36,190.73,0.3014,392963.18,0
1278002684057986688,0,0.0,1.0,0.0,0
1278110912503307938,26,156.0,0.4286,1235994.29,0
1278293099595114271,0,0.0,1.0,0.0,0
1279026385085347145,0,0.0,1.0,0.0,0
1279067055467212524,14,84.0,0.6923,243483.08,0
1279694255602962513,2,120.0,0.5604,352806.59,0
1280033889957969166,1,6.0,0.978,21354.51,0
1280206251601747952,29,190.73,0.3014,1764636.75,0
1280338520170726383,15,120.0,0.5604,386338.46,0
1280961946983051860,28,168.0,0.3846,292000.0,0
1281589066192021958,0,0.0,1.0,0.0,1
1281870261689359343,0,0.0,1.0,0.0,0
1282247791034442802,0,0.0,1.0,0.0,0
1282271837480943248,15,90.0,0.6703,301305.49,0
1282299413835315042,0,0.0,1.0,0.0,0
1282340218634367672,3,180.0,0.3407,623428.02,0
1282403514049723610,0,0.0,1.0,0.0,0
1282587458691181041,4,24.0,0.9121,185660.66,0
1282592068959255561,0,0.0,1.0,0.0,1
1282599272066701019,0,0.0,1.0,0.0,1
1283078226201736395,0,0.0,1.0,0.0,0
1283082445875986112,1,62.0,0.7729,33157.51,0
1283158349478280587,0,0.0,1.0,0.0,0
1283274447333991831,0,0.0,1.0,0.0,0
1283312924737382135,2,12.0,0.956,59442.86,0
1283318578659923823,7,42.0,0.8462,148976.15,0
1283339744685266611,39,190.73,0.3014,340687.1,0
1283833246546312654,10,60.0,0.7802,154102.2,0
1283884579590832238,0,0.0,1.0,0.0,1
1284024095096161054,17,102.0,0.6264,147829.01,0
1284204885773416338,3,18.0,0.9341,151543.19,0
1284776994681422323,10,60.0,0.7802,182901.1,0
1285287817509016172,9,54.0,0.8022,240418.68,0
1285347335375554322,1,62.0,0.7729,83888.5,0
1285480213816587111,0,0.0,1.0,0.0,1
1285598926023497235,22,132.0,0.5165,322611.87,0
1285882164971340178,0,0.0,1.0,0.0,0
1285995673271607186,0,0.0,1.0,0.0,1
1286040379038339366,23,184.0,0.326,1275055.97,0
1286223631484119026,5,190.73,0.3014,510010.62,0
1286288214624620020,8,48.0,0.8242,105954.29,0
1286791076283341283,43,190.73,0.3014,311616.49,0
1287390568641276957,20,120.0,0.5604,787116.48,0
1287485454406401940,0,0.0,1.0,0.0,0
1287518447497602424,0,0.0,1.0,0.0,0
1287615876783355154,0,0.0,1.0,0.0,0
1287661290408445189,0,0.0,1.0,0.0,0
1287690851746398758,0,0.0,1.0,0.0,0
1288041649686635732,3,18.0,0.9341,162685.71,0
1288088167347621355,0,0.0,1.0,0.0,0
1288238263602593992,17,102.0,0.6264,189559.34,0
1288302441987346982,17,102.0,0.6264,381164.29,0
1288522737118758333,0,0.0,1.0,0.0,0
1288730191834158203,0,0.0,1.0,0.0,1
1288796384834903277,0,0.0,1.0,0.0,1
1288827888037181198,6,36.0,0.8681,205474.95,0
1288850378490590728,2,12.0,0.956,81743.96,0
1288907847614876826,6,36.0,0.8681,158161.32,0
1288927654377593877,0,0.0,1.0,0.0,0
1288929969680837008,0,0.0,1.0,0.0,1
1288981880726722596,0,0.0,1.0,0.0,1
1289123980504878250,0,0.0,1.0,0.0,1
1289161615658913537,0,0.0,1.0,0.0,0
1289789385303706769,0,0.0,1.0,0.0,1
1290161378401102461,0,0.0,1.0,0.0,1
1290244988649645243,11,66.0,0.7582,223251.65,0
1290333261600484954,0,0.0,1.0,0.0,1
1290347400040939290,0,0.0,1.0,0.0,1
1290599086849757169,41,190.73,0.3014,830042.29,0
1290679178260833155,5,30.0,0.8901,211780.22,0
1291029610398215864,0,0.0,1.0,0.0,1
1291251024319177084,0,0.0,1.0,0.0,1
1291282623781125180,0,0.0,1.0,0.0,1
1291286443592678958,7,42.0,0.8462,96696.92,0
1291312586407269960,3,24.0,0.9121,140288.35,0
1291879099142992238,0,0.0,1.0,0.0,0
1291896999246204462,0,0.0,1.0,0.0,0
1291993578855502479,5,190.73,0.3014,854012.79,0
1292030613036926438,1,60.0,0.7802,206646.15,0
1292338031564436160,38,190.73,0.3014,435294.07,0
1292408143687836594,14,84.0,0.6923,255163.08,0
1292469147299043011,5,30.0,0.8901,102159.89,0
1292703474953031747,7,42.0,0.8462,245897.69,0
1293592656090355162,25,150.0,0.4505,350560.44,0
1294531324622021620,8,80.0,0.707,243012.45,0
1294722218602508356,0,0.0,1.0,0.0,0
1294728703175931663,0,0.0,1.0,0.0,1
1294850334060957620,9,54.0,0.8022,282798.79,0
1294879243091183285,0,0.0,1.0,0.0,0
1294880042809996900,36,190.73,0.3014,1195464.9,0
1294952969017536068,0,0.0,1.0,0.0,0
1294998922145847658,0,0.0,1.0,0.0,1
1295003823403209944,0,0.0,1.0,0.0,1
1295289737461608863,31,186.0,0.3187,484928.57,0
1295995899777843145,0,0.0,1.0,0.0,0
1296047104312036642,0,0.0,1.0,0.0,0
1296062124668946011,0,0.0,1.0,0.0,0
1296073120306973976,0,0.0,1.0,0.0,0
1296083237179552675,0,0.0,1.0,0.0,0
1296275364094961578,28,168.0,0.3846,1017507.69,0
1296294207567111798,0,0.0,1.0,0.0,0
1296295831321479206,14,140.0,0.4872,718956.41,0
1296368375728061085,13,78.0,0.7143,224005.71,0
1296395682465400083,0,0.0,1.0,0.0,0
1296405023491979795,0,0.0,1.0,0.0,0
1297046042519534962,18,108.0,0.6044,373840.22,0
1297500109960701912,14,84.0,0.6923,592198.46,0
1297828692765091206,0,0.0,1.0,0.0,1
1298017001229443560,0,0.0,1.0,0.0,1
1298222669407417094,10,190.73,0.3014,560756.68,0
1298307066626178014,0,0.0,1.0,0.0,1
1298512005170804339,19,114.0,0.5824,436523.96,0
1298513975769076438,0,0.0,1.0,0.0,1
1298593464885841071,30,180.0,0.3407,388183.52,0
1298980942073464483,1,60.0,0.7802,293203.3,0
1299030866718369998,0,0.0,1.0,0.0,1
1299650758923042322,17,102.0,0.6264,143055.93,0
1299748998713393114,0,0.0,1.0,0.0,0
1299778975984272584,22,132.0,0.5165,697109.89,0
1300113681271216955,4,190.73,0.3014,365932.62,0
1300114733694076182,31,186.0,0.3187,817912.86,0
1300618831185223436,1,8.0,0.9707,21391.94,0
1301141472787380482,0,0.0,1.0,0.0,1
1301455976521437961,28,168.0,0.3846,1179006.15,0
1302023062845505007,0,0.0,1.0,0.0,1
1302318999583543865,18,144.0,0.4725,379856.7,0
1302744717599483679,24,144.0,0.4725,696949.45,0
1302820097221298047,0,0.0,1.0,0.0,1
1302833828450434515,0,0.0,1.0,0.0,1
1302925069704373799,13,78.0,0.7143,251641.43,0
1302970586249657347,0,0.0,1.0,0.0,1
1302988799796695352,0,0.0,1.0,0.0,1
1303179298936211222,14,84.0,0.6923,173852.31,0
1303253342285039592,0,0.0,1.0,0.0,0
1303264212429150032,0,0.0,1.0,0.0,0
1303313312427627131,0,0.0,1.0,0.0,1
1304077082231520339,29,174.0,0.3626,774915.05,0
1304139359010380512,27,162.0,0.4066,868106.37,0
1304169474356447402,0,0.0,1.0,0.0,0
1304196488045928854,0,0.0,1.0,0.0,0
1304376827501668392,3,30.0,0.8901,50418.13,0
1304380734749180095,22,132.0,0.5165,399382.2,0
1304757685373572928,1,6.0,0.978,38112.42,0
1304784897576551360,9,54.0,0.8022,133060.55,0
1304825781535791730,30,180.0,0.3407,1204981.32,0
1304839839745163061,1,6.0,0.978,72422.42,0
1304856680244465006,11,66.0,0.7582,135362.86,0
1304935540219636787,26,156.0,0.4286,622794.29,0
1304965945821998255,0,0.0,1.0,0.0,0
1305011287948483034,18,108.0,0.6044,341351.21,0
1305089372083269415,0,0.0,1.0,0.0,0
1305408009759869636,21,126.0,0.5385,662390.77,0
1305414523783704994,17,102.0,0.6264,555177.03,0
1305558170341843439,17,102.0,0.6264,249290.99,0
1305645155490944689,9,54.0,0.8022,98766.59,0
1305799280208179132,22,132.0,0.5165,649459.34,0
1306222077762025973,31,186.0,0.3187,303639.89,0
1306237178529193140,0,0.0,1.0,0.0,1
1306284580674419753,17,136.0,0.5018,321478.1,0
1306294336111684071,9,54.0,0.8022,55303.52,0
1306372164944825819,20,120.0,0.5604,308525.27,0
1306381549759331353,0,0.0,1.0,0.0,1
1307078011285176782,0,0.0,1.0,0.0,0
1307243058767993767,16,190.73,0.3014,998345.79,0
1307376659631623435,0,0.0,1.0,0.0,0
1307378749619293065,0,0.0,1.0,0.0,0
1307603804807530818,0,0.0,1.0,0.0,1
1307739953600803745,3,180.0,0.3407,841345.05,0
1308001387385362923,27,162.0,0.4066,439034.84,0
1308167790461480324,13,104.0,0.619,237632.38,0
1308449631825545222,12,96.0,0.6484,228465.93,0
1308685528732244137,18,108.0,0.6044,495276.92,0
1309016813655620293,3,18.0,0.9341,60164.84,0
1309142433330222886,0,0.0,1.0,0.0,0
1309250857916481782,3,18.0,0.9341,37302.2,0
1309251989007373872,0,0.0,1.0,0.0,0
1309409289330122483,12,72.0,0.7363,588363.96,0
1309850167293840627,1,62.0,0.7729,102705.38,0
1309930624623287283,0,0.0,1.0,0.0,0
1309971685200139732,0,0.0,1.0,0.0,0
1309987545351051968,0,0.0,1.0,0.0,0
1310023617592433647,23,138.0,0.4945,284691.98,0
1310753546166512300,0,0.0,1.0,0.0,1
1310886377676796448,0,0.0,1.0,0.0,0
1311236467729478954,20,120.0,0.5604,293123.08,0
1311281510445359608,0,0.0,1.0,0.0,0
1311382508458844628,3,18.0,0.9341,38264.84,0
1311418879911818409,5,190.73,0.3014,820352.09,0
1312042685290504380,0,0.0,1.0,0.0,0
1312104433850098189,7,42.0,0.8462,27290.77,0
1312420675966861182,15,90.0,0.6703,117923.08,0
1312871053299724375,37,190.73,0.3014,1135793.66,0
1313039785626238429,4,24.0,0.9121,94370.55,0
1313411463107102931,0,0.0,1.0,0.0,1
1313413525866716679,0,0.0,1.0,0.0,0
1313466139568368567,0,0.0,1.0,0.0,1
1313478020822955802,0,0.0,1.0,0.0,1
1313491794997345814,0,0.0,1.0,0.0,1
1313499267526408964,0,0.0,1.0,0.0,1
1313537496738562733,6,190.73,0.3014,749970.62,0
1313599072422949893,0,0.0,1.0,0.0,0
1313649543300307613,0,0.0,1.0,0.0,0
1313712852522197290,0,0.0,1.0,0.0,0
1313714908331535544,0,0.0,1.0,0.0,0
1313727780317417214,1,6.0,0.978,8760.0,0
1313733718402008734,4,24.0,0.9121,27723.96,0
1313752865710375076,0,0.0,1.0,0.0,1
1313769898702261696,0,0.0,1.0,0.0,1
1313818956403029445,0,0.0,1.0,0.0,0
1313850232843227773,0,0.0,1.0,0.0,0
1313851801546478206,0,0.0,1.0,0.0,0
1313852606229869620,0,0.0,1.0,0.0,0
1313853529115426998,0,0.0,1.0,0.0,0
1314165757278162591,0,0.0,1.0,0.0,0
1314168295547979544,0,0.0,1.0,0.0,0
1314168381681652376,0,0.0,1.0,0.0,1
1314168482482146153,0,0.0,1.0,0.0,0
1314168833787141009,0,0.0,1.0,0.0,0
1314198727599654348,4,24.0,0.9121,87888.79,0
1314203927367563620,5,30.0,0.8901,140785.71,0
1314222023827649566,14,84.0,0.6923,761558.46,0
1314242468419873374,0,0.0,1.0,0.0,1
1314274521034636934,2,120.0,0.5604,471852.75,0
1314398167435881708,49,190.73,0.3014,592122.33,0
1314436172934402968,0,0.0,1.0,0.0,0
1314459452483359226,11,66.0,0.7582,242664.84,0
1314500805138047641,0,0.0,1.0,0.0,0
1314508905820795649,1,14.0,0.9487,57239.49,0
1314514622141687871,0,0.0,1.0,0.0,1
1314520644836564125,0,0.0,1.0,0.0,0
1314800205730555245,0,0.0,1.0,0.0,1
1314835611815029605,2,120.0,0.5604,91771.43,0
1314911687891642912,0,0.0,1.0,0.0,0
1314929393983593951,1,8.0,0.9707,21391.94,0
1315151312853646632,0,0.0,1.0,0.0,1
1315184885434442817,0,0.0,1.0,0.0,1
1315237934053942196,2,12.0,0.956,145711.21,0
1315248868616944561,0,0.0,1.0,0.0,0
1315259299767138311,0,0.0,1.0,0.0,0
1315697674029294598,19,114.0,0.5824,682373.52,0
1315700113897540538,0,0.0,1.0,0.0,0
1315713105511217558,12,72.0,0.7363,339907.25,0
1315757543496094870,16,96.0,0.6484,318312.09,0
1315946031569883507,33,190.73,0.3014,500575.43,0
1315955345191076785,33,190.73,0.3014,305751.37,0
1315960337458538051,28,168.0,0.3846,399815.38,0
1316260718102597819,0,0.0,1.0,0.0,0
1316303449136573922,15,90.0,0.6703,273389.01,0
1316429427978596083,4,24.0,0.9121,21883.96,0
1316717295732547679,8,48.0,0.8242,48131.87,0
1317073951485113210,0,0.0,1.0,0.0,1
1317088706262106969,1,6.0,0.978,13797.8,0
1317172605029205323,24,144.0,0.4725,741230.77,0
1317347122106460984,22,132.0,0.5165,1073196.26,0
1317424492055855712,0,0.0,1.0,0.0,0
1317720229950770896,14,84.0,0.6923,199683.08,0
1317786349827183121,0,0.0,1.0,0.0,0
1317800578997269910,0,0.0,1.0,0.0,1
1317954055927654824,0,0.0,1.0,0.0,1
1317954116429969214,8,48.0,0.8242,663898.9,0
1318035720098058637,1,60.0,0.7802,80219.78,0
1318089601729665185,35,190.73,0.3014,314931.56,0
1318184543894719134,0,0.0,1.0,0.0,0
1318490790591538869,16,96.0,0.6484,528680.44,0
1318513695060600288,10,190.73,0.3014,307026.39,0
1318574019459709265,23,138.0,0.4945,289489.12,0
1319196538917108220,19,152.0,0.4432,209726.59,0
1319219831441393325,0,0.0,1.0,0.0,1
1319227366520765910,0,0.0,1.0,0.0,0
1319227847924865037,0,0.0,1.0,0.0,1
1319230934849809121,8,64.0,0.7656,88819.34,0
1319244965788549872,2,16.0,0.9414,21498.9,0
1319263245186558629,8,190.73,0.3014,246845.14,0
1319269810796254119,1,60.0,0.7802,115115.38,0
1319273916638654960,0,0.0,1.0,0.0,1
1319276615058621170,0,0.0,1.0,0.0,1
1319279163139015463,0,0.0,1.0,0.0,1
1319611180008637190,2,120.0,0.5604,90327.47,0
1319617899769332234,3,186.0,0.3187,105192.2,0
1319623178269389351,0,0.0,1.0,0.0,0
1319884925333000797,0,0.0,1.0,0.0,0
1319946964413633991,4,24.0,0.9121,35842.2,0
1319981858807024505,0,0.0,1.0,0.0,1
1319990154207372821,1,60.0,0.7802,80219.78,0
1319994192250852246,0,0.0,1.0,0.0,1
1319997877632821979,0,0.0,1.0,0.0,1
1320004758426320709,0,0.0,1.0,0.0,1
1320010274374393215,1,60.0,0.7802,189278.57,0
1320014564339490561,0,0.0,1.0,0.0,1
1320028087726562353,0,0.0,1.0,0.0,0
1320029145788590079,0,0.0,1.0,0.0,0
1320131011257958913,20,120.0,0.5604,319274.73,0
1320137945588224932,12,72.0,0.7363,113494.95,0
1320259169962986287,0,0.0,1.0,0.0,0
1320388036033527659,0,0.0,1.0,0.0,0
1320616316462208479,0,0.0,1.0,0.0,0
1320760102931608987,22,132.0,0.5165,844826.59,0
1320887648149713926,0,0.0,1.0,0.0,0
1320897533016945673,4,32.0,0.8828,43853.48,0
1320903555965790536,8,64.0,0.7656,82572.89,0
1320905856505931288,0,0.0,1.0,0.0,0
1321052173155995338,0,0.0,1.0,0.0,0
1321579610964235376,0,0.0,1.0,0.0,1
1321771891190495716,16,128.0,0.5311,118939.19,0
1321816908275218467,21,126.0,0.5385,609830.77,0
1322044102220159458,0,0.0,1.0,0.0,1
1322103639897104802,0,0.0,1.0,0.0,0
1322168927449752927,1,190.73,0.3014,749970.62,0
1322170784530667504,0,0.0,1.0,0.0,1
1322186230416822418,0,0.0,1.0,0.0,0
1322190916673678083,0,0.0,1.0,0.0,1
1322445214697278550,1,8.0,0.9707,20942.71,0
1322764556147115702,18,108.0,0.6044,447770.77,0
1322820122143701409,0,0.0,1.0,0.0,1
1322870558084656967,0,0.0,1.0,0.0,1
1322895199789495916,1,60.0,0.7802,110061.54,0
1322936154616082821,0,0.0,1.0,0.0,0
1322990321703312471,0,0.0,1.0,0.0,0
1323073552313381088,9,54.0,0.8022,65194.62,0
1323572828655941570,0,0.0,1.0,0.0,0
1323743079728131190,0,0.0,1.0,0.0,0
1324471212468583336,4,24.0,0.9121,83941.98,0
1324623588271554802,15,120.0,0.5604,391151.65,0
1325072481872257660,0,0.0,1.0,0.0,1
1325154347520817868,0,0.0,1.0,0.0,0
1325719145487941225,23,138.0,0.4945,461263.74,0
1325743930639696417,1,30.0,0.8901,63534.07,0
1325965162692646097,0,0.0,1.0,0.0,0
1326066178502774997,0,0.0,1.0,0.0,1
1326718385368495264,4,56.0,0.7949,97857.44,0
1326752609263911951,1,20.0,0.9267,52891.58,0
1327486897707971822,3,18.0,0.9341,24065.93,0
1327796062815476058,3,72.0,0.7363,326141.54,0
1327896779241199468,24,144.0,0.4725,942999.56,0
1327934038613436850,0,0.0,1.0,0.0,1
1327987411880339109,11,66.0,0.7582,128391.76,0
1328061569314162449,1,60.0,0.7802,94900.0,0
1328323844948970854,2,16.0,0.9414,41136.7,0
1328556263464823159,0,0.0,1.0,0.0,0
1328713474972448999,1,60.0,0.7802,85434.07,0
1329615651002880207,12,72.0,0.7363,162781.98,0
1329677671268986829,0,0.0,1.0,0.0,0
1329688628859281486,0,0.0,1.0,0.0,0
1329694015690440138,10,100.0,0.6337,817305.86,0
1330059975634686348,10,60.0,0.7802,84391.21,0
1330333449247726446,6,168.0,0.3846,578833.85,0
1330365094038889496,0,0.0,1.0,0.0,1
1330970031315164079,0,0.0,1.0,0.0,1
1331008286569322583,0,0.0,1.0,0.0,0
1331639155614439464,7,190.73,0.3014,642613.38,0
1331805449864924185,26,156.0,0.4286,516422.86,0
1331830334761537418,0,0.0,1.0,0.0,0
1332396380054879948,3,18.0,0.9341,45797.47,0
1333653862807302049,0,0.0,1.0,0.0,0
1333783953504309405,0,0.0,1.0,0.0,0
1333894071399607317,32,190.73,0.3014,362872.56,0
1334369782087460818,0,0.0,1.0,0.0,1
1334374422379049301,0,0.0,1.0,0.0,1
1334375982797317210,1,62.0,0.7729,93918.64,0
1334377532067214270,0,0.0,1.0,0.0,0
1334390017147660089,4,112.0,0.5897,283015.38,0
1334396618070204153,0,0.0,1.0,0.0,0
1334523627692755895,0,0.0,1.0,0.0,0
1334540483294626235,0,0.0,1.0,0.0,1
1334563003243935184,0,0.0,1.0,0.0,1
1334582444372317890,11,66.0,0.7582,227575.49,0
1334778893973629207,15,120.0,0.5604,394360.44,0
1334788427374645400,22,132.0,0.5165,496624.62,0
1335239963215804866,9,54.0,0.8022,96889.45,0
1335378191603775031,3,168.0,0.3846,627350.77,0
1335400315670999801,32,190.73,0.3014,350632.3,0
1335496065960975780,0,0.0,1.0,0.0,0
1335882982484798645,0,0.0,1.0,0.0,1
1335916752164475578,0,0.0,1.0,0.0,1
1335931226255392096,1,6.0,0.978,14214.95,0
1335941620119981026,14,140.0,0.4872,457279.49,0
1335987024303379346,0,0.0,1.0,0.0,1
1335989174726216085,2,100.0,0.6337,120329.67,0
1336019650602882195,0,0.0,1.0,0.0,1
1336025714282132141,0,0.0,1.0,0.0,1
1336036241003162042,0,0.0,1.0,0.0,1
1336097320112972734,0,0.0,1.0,0.0,1
1336129631424153939,21,126.0,0.5385,328500.0,0
1336159955216859311,1,6.0,0.978,23063.19,0
1336162941929972034,1,6.0,0.978,16685.71,0
1336324264325525092,0,0.0,1.0,0.0,1
1336415325396174530,1,8.0,0.9707,36965.27,0
1336804064363333163,0,0.0,1.0,0.0,0
1336832793216315484,0,0.0,1.0,0.0,0
1336859786699121414,1,60.0,0.7802,36098.9,0
1336965293510224018,0,0.0,1.0,0.0,1
1336988379857481446,0,0.0,1.0,0.0,1
1337467605411430732,0,0.0,1.0,0.0,1
1337474226496435485,1,60.0,0.7802,36098.9,0
1337479476649672134,0,0.0,1.0,0.0,1
1337562452764449213,0,0.0,1.0,0.0,1
1337567225846550361,0,0.0,1.0,0.0,1
1338145832567456406,0,0.0,1.0,0.0,0
1338179970714667333,39,190.73,0.3014,677294.11,0
1338459005996216223,26,190.73,0.3014,469209.77,0
1338780320287886104,3,18.0,0.9341,78406.81,0
1338951563581099040,25,150.0,0.4505,1424502.75,0
1339033994534955594,6,36.0,0.8681,135250.55,0
1339038375165340176,0,0.0,1.0,0.0,0
1339043630778443777,0,0.0,1.0,0.0,1
1339048201721264252,0,0.0,1.0,0.0,1
1339052071139175813,0,0.0,1.0,0.0,1
1339056187809679186,0,0.0,1.0,0.0,1
1339061722810844318,0,0.0,1.0,0.0,1
1339065050276343397,0,0.0,1.0,0.0,0
1339069792701932190,0,0.0,1.0,0.0,1
1339092938883051380,1,60.0,0.7802,26953.85,0
1339100406945816024,0,0.0,1.0,0.0,0
1339106170021696573,1,60.0,0.7802,31365.93,0
1339110246731160700,0,0.0,1.0,0.0,1
1339115851879264119,0,0.0,1.0,0.0,0
1339546867884838766,0,0.0,1.0,0.0,1
1339646422013529709,0,0.0,1.0,0.0,0
1339779974091579727,2,120.0,0.5604,32729.67,0
1339790344574511569,0,0.0,1.0,0.0,1
1339796667829196964,0,0.0,1.0,0.0,1
1339799252377412026,0,0.0,1.0,0.0,0
1339808926103890725,0,0.0,1.0,0.0,1
1339813638908425160,0,0.0,1.0,0.0,1
1340147045395738376,4,112.0,0.5897,103023.59,0
1340201028693828370,0,0.0,1.0,0.0,0
1340372136278068972,9,54.0,0.8022,251537.14,0
1340960411711676166,5,30.0,0.8901,147885.16,0
1340970060291983087,1,6.0,0.978,33924.95,0
1341048988157546936,6,84.0,0.6923,181489.23,0
1341090637783834720,1,6.0,0.978,5759.78,0
1341134352865505296,1,6.0,0.978,5759.78,0
1341178373103621792,0,0.0,1.0,0.0,0
1341454895787200866,7,56.0,0.7949,262051.28,0
1341567756021071802,0,0.0,1.0,0.0,0
1341778665235589172,24,144.0,0.4725,271848.79,0
1341824744385264724,19,190.0,0.304,1607751.47,0
1342470114985868867,0,0.0,1.0,0.0,1
1342513025350310048,0,0.0,1.0,0.0,1
1342539220797553245,0,0.0,1.0,0.0,1
1342546492520170660,2,12.0,0.956,20632.53,0
1342552500070581153,0,0.0,1.0,0.0,0
1342554723137528718,0,0.0,1.0,0.0,1
1342559062682977139,0,0.0,1.0,0.0,1
1342561393815530556,0,0.0,1.0,0.0,1
1342562908467031074,0,0.0,1.0,0.0,1
1342566046621866877,0,0.0,1.0,0.0,1
1342568677153642584,0,0.0,1.0,0.0,1
1342571125532293671,0,0.0,1.0,0.0,1
1342572976380005254,0,0.0,1.0,0.0,1
1342590215007994160,12,72.0,0.7363,274640.44,0
1342624043956890175,0,0.0,1.0,0.0,0
1343271167432540941,17,102.0,0.6264,362617.47,0
1343295305313856332,17,102.0,0.6264,453305.93,0
1343536275160652377,0,0.0,1.0,0.0,1
1344979854454053381,0,0.0,1.0,0.0,0
1345034197301908621,17,102.0,0.6264,238653.85,0
1345243127076599519,5,30.0,0.8901,112307.69,0
1345336196979414197,0,0.0,1.0,0.0,0
1345884918333482221,1,6.0,0.978,18250.0,0
1346215038457297855,14,84.0,0.6923,342426.15,0
1346334907851351087,24,144.0,0.4725,452632.09,0
1346776752318198084,8,80.0,0.707,74337.0,0
1347512375404838956,0,0.0,1.0,0.0,1
1347706979437150654,10,60.0,0.7802,105408.79,0
1348559537256433268,0,0.0,1.0,0.0,1
1348563773863032209,0,0.0,1.0,0.0,0
1349057522378509256,0,0.0,1.0,0.0,0
1349182292570740752,8,64.0,0.7656,361780.51,0
1349342304043754830,13,78.0,0.7143,70914.29,0
1349646035116535048,0,0.0,1.0,0.0,0
1349650555282823947,0,0.0,1.0,0.0,0
1349659669319300242,0,0.0,1.0,0.0,0
1349705273457417907,0,0.0,1.0,0.0,0
1349708612682035283,0,0.0,1.0,0.0,0
1349712102633495215,0,0.0,1.0,0.0,0
1349754456228019352,0,0.0,1.0,0.0,0
1349944539669286177,0,0.0,1.0,0.0,0
1350679814364079309,0,0.0,1.0,0.0,1
1350804620595667502,0,0.0,1.0,0.0,0
1350807219332556605,46,190.73,0.3014,484765.1,0
1351141440483221555,16,96.0,0.6484,45436.48,0
1351312092036160685,16,160.0,0.4139,935255.68,0
1351331877814169424,0,0.0,1.0,0.0,0
1351942960529326502,0,0.0,1.0,0.0,0
1351954099024082023,0,0.0,1.0,0.0,0
1352569152039224462,21,126.0,0.5385,490223.08,0
1352960410897194291,1,6.0,0.978,80211.76,0
1352964605905887159,3,18.0,0.9341,60237.03,0
1352977459321059485,1,6.0,0.978,80211.76,0
1352981095917788968,7,42.0,0.8462,561482.31,0
1352986805245752548,0,0.0,1.0,0.0,1
1353278747614022945,0,0.0,1.0,0.0,0
1353283961539518322,0,0.0,1.0,0.0,0
1353364566516995882,0,0.0,1.0,0.0,0
1353412203445630231,3,42.0,0.8462,169472.31,0
1353415402514086267,0,0.0,1.0,0.0,1
1353604043218931810,31,186.0,0.3187,1110362.09,0
1354047370965957939,0,0.0,1.0,0.0,0
1354079478000310246,8,48.0,0.8242,185018.9,0
1354188612441516964,26,156.0,0.4286,589631.43,0
1354314306444199970,0,0.0,1.0,0.0,0
1354675311776597075,9,54.0,0.8022,349581.76,0
1354838921617904489,0,0.0,1.0,0.0,0
1355151266115701941,0,0.0,1.0,0.0,0
1355341496948371756,0,0.0,1.0,0.0,0
1356148258248933364,1,6.0,0.978,20576.37,0
1356159092482964713,0,0.0,1.0,0.0,1
1356177442322068221,0,0.0,1.0,0.0,1
1356254920435719876,8,80.0,0.707,609670.33,0
1356315253285310219,13,78.0,0.7143,311397.14,0
1356570565486599436,0,0.0,1.0,0.0,0
1357140500481878648,30,180.0,0.3407,766500.0,0
1357284451468190381,4,24.0,0.9121,22461.54,0
1357642610606165229,2,12.0,0.956,17600.22,0
1357681713120015538,7,42.0,0.8462,58119.23,0
1357685784091667740,10,60.0,0.7802,241942.86,0
1357701244787916850,8,48.0,0.8242,69309.89,0
1357715583550659500,12,72.0,0.7363,322194.73,0
1357724276693706960,0,0.0,1.0,0.0,0
1357752713675183971,21,126.0,0.5385,291775.38,0
1357857642442718690,0,0.0,1.0,0.0,1
1357869100139112731,0,0.0,1.0,0.0,1
1357973459349274671,1,60.0,0.7802,91450.55,0
1358072909361869584,19,114.0,0.5824,622625.82,0
1358434519661960690,1,6.0,0.978,23063.19,0
1358434562811482124,0,0.0,1.0,0.0,1
1358444437370404404,5,30.0,0.8901,150813.19,0
1358444452091019553,0,0.0,1.0,0.0,0
1358444465831672999,4,24.0,0.9121,105248.35,0
1358444477310013037,0,0.0,1.0,0.0,0
1359117115886384920,6,36.0,0.8681,122447.47,0
1359165708019964790,10,190.73,0.3014,419738.74,0
1359189328291316539,7,42.0,0.8462,161891.54,0
1359192316735917452,7,42.0,0.8462,91137.69,0
1359220166784968434,26,156.0,0.4286,564602.86,0
1359307970463385223,1,14.0,0.9487,28301.54,0
1359764963365552378,0,0.0,1.0,0.0,1
1359830925827880826,0,0.0,1.0,0.0,1
1359872368875140546,5,30.0,0.8901,96424.18,0
1359892582150477299,4,24.0,0.9121,68090.55,0
1359899737992079605,2,12.0,0.956,64304.18,0
1359899752946018231,7,42.0,0.8462,173066.15,0
1359928650702224177,4,24.0,0.9121,86958.24,0
1360134846153558938,3,180.0,0.3407,308284.62,0
1360641207696114235,17,102.0,0.6264,901429.67,0
1360641222222537912,3,18.0,0.9341,138764.18,0
1360653687508944239,20,120.0,0.5604,671600.0,0
1360677321440767450,25,190.73,0.3014,749970.62,0
1360890775176462289,20,120.0,0.5604,182098.9,0
1360900191922425445,28,168.0,0.3846,278073.85,0
1360916652431948104,0,0.0,1.0,0.0,0
1361223152952554379,13,156.0,0.4286,829697.14,0
1361330313421428369,0,0.0,1.0,0.0,1
1361342149671937866,47,190.73,0.3014,1041186.69,0
1361400588609943202,0,0.0,1.0,0.0,0
1361586635292135823,0,0.0,1.0,0.0,0
1362996633416839751,18,190.73,0.3014,817037.02,0
1363499728073541404,4,190.73,0.3014,162438.38,0
1363552827772581215,0,0.0,1.0,0.0,1
1363565587067255218,0,0.0,1.0,0.0,1
1363706811577260499,25,150.0,0.4505,448428.57,0
1363748786387628101,0,0.0,1.0,0.0,0
1363791897499465274,13,104.0,0.619,573988.57,0
1364124530904470275,28,168.0,0.3846,1066923.08,0
1364582413587924386,10,100.0,0.6337,259912.09,0
1364886694527608721,0,0.0,1.0,0.0,1
1364956706027049457,1,6.0,0.978,25164.95,0
1365169164612565485,0,0.0,1.0,0.0,1
1365949893166653791,20,120.0,0.5604,1546637.36,0
1366428961612774375,2,12.0,0.956,6048.57,0
1366679425024327535,0,0.0,1.0,0.0,0
1367215167168976226,0,0.0,1.0,0.0,0
1367885610019202539,0,0.0,1.0,0.0,0
1367931960282382997,0,0.0,1.0,0.0,0
1368584941877569391,0,0.0,1.0,0.0,0
1368644457005040086,0,0.0,1.0,0.0,0
1368900897143159001,20,120.0,0.5604,931191.21,0
1369322364909361650,0,0.0,1.0,0.0,0
1369333457934268902,0,0.0,1.0,0.0,0
1369342939212481175,0,0.0,1.0,0.0,1
1369346493126207705,0,0.0,1.0,0.0,1
1369350811794077035,0,0.0,1.0,0.0,1
1369396810931049904,1,60.0,0.7802,191564.84,0
1369450106755633333,0,0.0,1.0,0.0,0
1369510626778768693,0,0.0,1.0,0.0,1
1369516799447346282,9,90.0,0.6703,234642.86,0
1369539434967879180,0,0.0,1.0,0.0,1
1370694214728184183,25,150.0,0.4505,1561076.92,0
1371489903513786700,3,18.0,0.9341,56458.68,0
1371489916556226020,3,18.0,0.9341,70392.86,0
1371508094487399716,0,0.0,1.0,0.0,0
1371701241972057054,32,190.73,0.3014,484765.1,0
1372132665641917001,4,24.0,0.9121,98894.95,0
1372132697811873545,7,42.0,0.8462,236295.38,0
1372132730099867546,3,18.0,0.9341,103940.77,0
1372188484969260867,0,0.0,1.0,0.0,0
1372240034033926344,0,0.0,1.0,0.0,1
1372306020958693590,0,0.0,1.0,0.0,0
1372913977517611947,0,0.0,1.0,0.0,0
1372937731031496560,0,0.0,1.0,0.0,0
1372942018379450460,0,0.0,1.0,0.0,0
1373177365301729674,23,138.0,0.4945,965886.26,0
1373191684051075241,0,0.0,1.0,0.0,0
1373487179380602994,0,0.0,1.0,0.0,0
1373578675346696379,22,132.0,0.5165,539686.59,0
1373600828134886162,2,120.0,0.5604,369010.99,0
1373678629406627489,4,24.0,0.9121,198271.21,0
1374278463972136597,0,0.0,1.0,0.0,0
1374548433893898270,0,0.0,1.0,0.0,0
1374574805123859057,0,0.0,1.0,0.0,0
1375141588846994875,0,0.0,1.0,0.0,0
1375156025391107278,17,102.0,0.6264,173330.88,0
1375202851311944387,31,186.0,0.3187,333232.97,0
1375220945205654922,19,114.0,0.5824,1217206.81,0
1375753863378272264,0,0.0,1.0,0.0,0
1375960206225201170,12,190.73,0.3014,1138088.7,0
1376434983182182189,0,0.0,1.0,0.0,0
1376451229781334787,0,0.0,1.0,0.0,1
1376453983345883836,0,0.0,1.0,0.0,1
1376456204843161671,1,56.0,0.7949,187104.62,0
1376500021388296534,2,12.0,0.956,48516.92,0
1376557783431171443,2,120.0,0.5604,176162.64,0
1376627059097216274,5,30.0,0.8901,143071.98,0
1376781834586067978,0,0.0,1.0,0.0,0
1377454307647150349,19,114.0,0.5824,166592.42,0
1377684828526525172,0,0.0,1.0,0.0,1
1377924907899002613,0,0.0,1.0,0.0,1
1377938429262495005,4,24.0,0.9121,131111.21,0
1377938688144540153,0,0.0,1.0,0.0,1
1377958411535269740,0,0.0,1.0,0.0,0
1378085293631260021,2,120.0,0.5604,681868.13,0
1378099322751033231,29,174.0,0.3626,618815.38,0
1378270268222585877,10,60.0,0.7802,128431.87,0
1378297330854595409,17,102.0,0.6264,158329.78,0
1378330975258051006,15,90.0,0.6703,110101.65,0
1378837314467026006,2,120.0,0.5604,193650.55,0
1379027051776324564,2,120.0,0.5604,220123.08,0
1379433430567549628,5,30.0,0.8901,101999.45,0
1379455853726287754,0,0.0,1.0,0.0,1
1379458078306518663,0,0.0,1.0,0.0,1
1379471036223798357,0,0.0,1.0,0.0,1
1379478966047177539,0,0.0,1.0,0.0,1
1379484686455608308,0,0.0,1.0,0.0,0
1379495183743773788,0,0.0,1.0,0.0,1
1379665749095868415,0,0.0,1.0,0.0,0
1379694530745856481,0,0.0,1.0,0.0,0
1379701822258626651,0,0.0,1.0,0.0,0
1379731771884110952,31,190.73,0.3014,472524.84,0
1380038580104678234,1,60.0,0.7802,348554.95,0
1380152921845873847,0,0.0,1.0,0.0,0
1380195639608118889,0,0.0,1.0,0.0,1
1380207225782051720,42,190.73,0.3014,2627574.73,0
1380510518087290670,0,0.0,1.0,0.0,0
1380914408228878382,2,124.0,0.5458,99472.53,0
1381019059020730001,0,0.0,1.0,0.0,0
1381165393202971555,0,0.0,1.0,0.0,1
1381495781883485797,19,114.0,0.5824,278314.51,0
1381605875474601681,20,120.0,0.5604,793052.75,0
1381763783442931155,2,120.0,0.5604,494153.85,0
1381869861896330194,0,0.0,1.0,0.0,0
1382295250979562532,1,60.0,0.7802,46206.59,0
1382330804029160378,0,0.0,1.0,0.0,1
1382333591745914852,0,0.0,1.0,0.0,0
1382344913005168941,1,60.0,0.7802,96263.74,0
1382643886879528242,0,0.0,1.0,0.0,0
1383071330903319991,9,126.0,0.5385,440190.0,0
1383122430853259440,21,126.0,0.5385,527790.0,0
1383165182545936880,1,6.0,0.978,24948.35,0
1383166539850383952,20,190.73,0.3014,362872.56,0
1383181231545188180,34,190.73,0.3014,1038381.63,0
1383769652913432484,0,0.0,1.0,0.0,0
1383778235243870457,27,162.0,0.4066,941098.35,0
1383833693532056354,34,190.73,0.3014,1494586.13,0
1383836675815250644,26,156.0,0.4286,1619557.14,0
1383922787996050132,0,0.0,1.0,0.0,0
1384029173741834977,1,60.0,0.7802,235926.37,0
1384114293758424180,0,0.0,1.0,0.0,1
1384216088732285300,12,72.0,0.7363,278972.31,0
1384360277057991679,0,0.0,1.0,0.0,1
1384452116318993324,5,30.0,0.8901,851131.87,0
1384491600513296743,0,0.0,1.0,0.0,1
1384504526753335225,0,0.0,1.0,0.0,1
1384521480878999582,0,0.0,1.0,0.0,0
1384531514435475198,0,0.0,1.0,0.0,0
1384614491370926768,0,0.0,1.0,0.0,0
1384720103878203184,27,162.0,0.4066,255363.63,0
1384961848097014761,17,102.0,0.6264,130236.81,0
1384994697484401478,12,72.0,0.7363,155465.93,0
1385105780689461142,0,0.0,1.0,0.0,1
1385110356372218891,19,114.0,0.5824,193417.91,0
1385120913525402863,0,0.0,1.0,0.0,1
1385309529558389589,0,0.0,1.0,0.0,1
1385538263797754338,0,0.0,1.0,0.0,1
1385543017815035248,0,0.0,1.0,0.0,0
1385964034467072480,0,0.0,1.0,0.0,1
1385971521280632396,23,138.0,0.4945,462186.26,0
1386228669898919915,0,0.0,1.0,0.0,0
1386234811900417321,0,0.0,1.0,0.0,0
1386419204859400853,0,0.0,1.0,0.0,1
1386729540250136089,30,180.0,0.3407,1152998.9,0
1386737129775274934,26,156.0,0.4286,517257.14,0
1386777645220197463,1,60.0,0.7802,99071.43,0
1386778936621000124,0,0.0,1.0,0.0,0
1386990741734083593,0,0.0,1.0,0.0,0
1387160687688373432,17,102.0,0.6264,264701.21,0
1387177888048147007,12,72.0,0.7363,176162.64,0
1387462108840977705,22,132.0,0.5165,331789.01,0
1387649282631107974,2,120.0,0.5604,216593.41,0
1387697220799271566,1,60.0,0.7802,61448.35,0
1387989954891937280,19,114.0,0.5824,302396.48,0
1388184559979509171,19,114.0,0.5824,357571.65,0
1388303834286260797,21,126.0,0.5385,476577.69,0
1388389404020150985,0,0.0,1.0,0.0,1
1388995612187171781,1,60.0,0.7802,146000.0,0
1389080480468898606,9,54.0,0.8022,91691.21,0
1389138617737008575,7,42.0,0.8462,52560.0,0
1389453496187670961,0,0.0,1.0,0.0,1
1389466553855902782,0,0.0,1.0,0.0,1
1389538303425504397,8,48.0,0.8242,58720.88,0
1389566414453506521,7,42.0,0.8462,43350.77,0
1389590691698292760,0,0.0,1.0,0.0,0
1389600289778680636,9,54.0,0.8022,271319.34,0
1389613468281961532,0,0.0,1.0,0.0,0
1389621538142484752,0,0.0,1.0,0.0,0
1389656980776382438,0,0.0,1.0,0.0,0
1389663574245849155,0,0.0,1.0,0.0,0
1390173565214861844,0,0.0,1.0,0.0,1
1390197218935322921,16,96.0,0.6484,790774.51,0
1390198673261840623,0,0.0,1.0,0.0,0
1390205625713710859,0,0.0,1.0,0.0,0
1390211692665597328,0,0.0,1.0,0.0,0
1390212106655378883,0,0.0,1.0,0.0,0
1390220923689410483,33,190.73,0.3014,2238691.63,0
1390282124604961985,0,0.0,1.0,0.0,0
1390335851528307234,0,0.0,1.0,0.0,0
1390369711569776345,25,150.0,0.4505,654994.51,0
1390412301793163637,25,150.0,0.4505,750456.04,0
1390444222147656886,0,0.0,1.0,0.0,1
1390464623350090729,0,0.0,1.0,0.0,0
1390547599965393515,39,190.73,0.3014,579372.07,0
1390565728303167410,0,0.0,1.0,0.0,0
1390914728976144349,1,6.0,0.978,13689.51,0
1390941940560931627,0,0.0,1.0,0.0,0
1390947870604744674,0,0.0,1.0,0.0,0
1390990482912729051,0,0.0,1.0,0.0,0
1390996145480272275,0,0.0,1.0,0.0,0
1391186412804332252,41,190.73,0.3014,547751.41,0
1391210141754711757,31,186.0,0.3187,716202.2,0
1391261464171612600,32,190.73,0.3014,608442.67,0
1391274404328874615,34,190.73,0.3014,653068.6,0
1391287170113206670,36,190.73,0.3014,572231.92,0
1391299286098717399,22,132.0,0.5165,306375.38,0
1391312909970034440,22,132.0,0.5165,259077.8,0
1391384461180611300,16,96.0,0.6484,243611.43,0
1391397400701497875,0,0.0,1.0,0.0,0
1391639713373265130,0,0.0,1.0,0.0,0
1391645879578824127,0,0.0,1.0,0.0,1
1391648556562512630,0,0.0,1.0,0.0,0
1391674269809025385,0,0.0,1.0,0.0,0
1391675314811089375,0,0.0,1.0,0.0,1
1391709398679108836,0,0.0,1.0,0.0,0
1391717701572625290,0,0.0,1.0,0.0,0
1391732378186494847,0,0.0,1.0,0.0,0
1391767396442032329,0,0.0,1.0,0.0,1
1391826000274438774,0,0.0,1.0,0.0,1
1391883859173768648,26,156.0,0.4286,581080.0,0
1391943145899399537,26,156.0,0.4286,357908.57,0
1391946128181994426,20,120.0,0.5604,343821.98,0
1391993617208611667,36,190.73,0.3014,439629.16,0
1392152058065765216,5,30.0,0.8901,161161.54,0
1392156983031281357,4,24.0,0.9121,92766.15,0
1392159186703510548,3,18.0,0.9341,79056.59,0
1392161109931888837,3,18.0,0.9341,96696.92,0
1392656437526763834,27,190.73,0.3014,311361.49,0
1392770466103733093,27,162.0,0.4066,425606.04,0
1392792323838685901,18,108.0,0.6044,408495.16,0
1392808425219032204,21,126.0,0.5385,350400.0,0
1392812873905269761,0,0.0,1.0,0.0,0
1392817096672832051,17,102.0,0.6264,296749.01,0
1393226233636400929,18,108.0,0.6044,145839.56,0
1393263066744197581,20,120.0,0.5604,301626.37,0
1393296388225482457,0,0.0,1.0,0.0,0
1393451138462038877,27,162.0,0.4066,237169.78,0
1393649817507393955,21,126.0,0.5385,371626.15,0
1393803678279889741,0,0.0,1.0,0.0,1
1393821473474245983,0,0.0,1.0,0.0,1
1393848944971253272,0,0.0,1.0,0.0,0
1393861013034746242,0,0.0,1.0,0.0,1
1393876291451191174,12,96.0,0.6484,416501.1,0
1393891117009759391,14,112.0,0.5897,937095.38,0
1393943219305520191,14,140.0,0.4872,225364.1,0
1393952509137443661,0,0.0,1.0,0.0,1
1394055448668640263,0,0.0,1.0,0.0,0
1394068787687816365,14,84.0,0.6923,196538.46,0
1394078085957534225,16,96.0,0.6484,759841.76,0
1394087924372258104,17,102.0,0.6264,796694.73,0
1394094851635909156,0,0.0,1.0,0.0,0
1394120753600443269,19,152.0,0.4432,347715.31,0
1394130457827163600,17,102.0,0.6264,329069.56,0
1394175441328577702,30,180.0,0.3407,529450.55,0
1394525697796501982,0,0.0,1.0,0.0,0
1394708801057664960,30,180.0,0.3407,624029.67,0
1394742883761294555,0,0.0,1.0,0.0,0
1394827146998625704,38,190.73,0.3014,597732.45,0
1394837062356116745,0,0.0,1.0,0.0,0
1394861033496202563,0,0.0,1.0,0.0,1
1394861103039513039,0,0.0,1.0,0.0,1
1395094574445963061,0,0.0,1.0,0.0,0
1395193699363511685,0,0.0,1.0,0.0,0
1395279273607048684,0,0.0,1.0,0.0,1
1395292342717858822,0,0.0,1.0,0.0,1
1395308460380010651,0,0.0,1.0,0.0,1
1395554248209049519,14,84.0,0.6923,907670.77,0
1395597905909429254,0,0.0,1.0,0.0,1
1396249388984584475,15,190.73,0.3014,676274.09,0
1396277581646434798,3,60.0,0.7802,401901.1,0
1396369970384347711,35,190.73,0.3014,884103.41,0
1396464684513169931,0,0.0,1.0,0.0,1
1396747149799762209,0,0.0,1.0,0.0,1
1397023476721613818,0,0.0,1.0,0.0,0
1397030053554648965,0,0.0,1.0,0.0,0
1397032104747002932,0,0.0,1.0,0.0,0
1397053366135298755,18,108.0,0.6044,264821.54,0
1397062250788526001,24,144.0,0.4725,259912.09,0
1397063041528432943,9,54.0,0.8022,102448.68,0
1397063560506351315,3,18.0,0.9341,40238.24,0
1397740147891904968,22,132.0,0.5165,454092.09,0
1397763816420996031,24,144.0,0.4725,792443.08,0
1397896109147231429,0,0.0,1.0,0.0,1
1398015595747681554,0,0.0,1.0,0.0,0
1398277456320695653,0,0.0,1.0,0.0,1
1398334038924467061,0,0.0,1.0,0.0,0
1398901053674156089,4,80.0,0.707,266436.63,0
1398921911655920549,35,190.73,0.3014,1217140.35,0
1399011431424414608,0,0.0,1.0,0.0,0
1399094487082833674,0,0.0,1.0,0.0,0
1399101695846994923,11,88.0,0.6777,270137.44,0
1399274681216342484,12,72.0,0.7363,215534.51,0
1399632805242501683,9,180.0,0.3407,386739.56,0
1399788602045648156,0,0.0,1.0,0.0,0
1399796041789090020,0,0.0,1.0,0.0,0
1399802402486862797,0,0.0,1.0,0.0,0
1399847453946740925,0,0.0,1.0,0.0,1
1399850590926169708,67,190.73,0.3014,857837.87,0
1399928526530391501,73,190.73,0.3014,875433.23,0
1399973230872584000,61,190.73,0.3014,1293641.94,0
1400646126048937246,3,18.0,0.9341,57950.77,0
1400753301382014808,2,12.0,0.956,17728.57,0
1400756579488181348,4,24.0,0.9121,38762.2,0
1400760834656352874,3,18.0,0.9341,24210.33,0
1401037161641178530,8,48.0,0.8242,95236.92,0
1401078398700173177,0,0.0,1.0,0.0,0
1401098157223934439,13,78.0,0.7143,300968.57,0
1401242122187945739,0,0.0,1.0,0.0,0
1401254305342630709,4,112.0,0.5897,368369.23,0
1401364193734695370,0,0.0,1.0,0.0,1
1401802195934903855,0,0.0,1.0,0.0,0
1401818111942529251,0,0.0,1.0,0.0,0
1401850337006791106,0,0.0,1.0,0.0,0
1401851328126982249,13,78.0,0.7143,194492.86,0
1401914977913520927,9,54.0,0.8022,124324.62,0
1401937586707182863,0,0.0,1.0,0.0,0
1401967064078602754,32,190.73,0.3014,360322.5,0
1401983749479475796,36,190.73,0.3014,833102.35,0
1402050300125949360,22,132.0,0.5165,235958.46,0
1402180339940025954,0,0.0,1.0,0.0,1
1402208955852575502,16,96.0,0.6484,179435.6,0
1402209602487266381,19,114.0,0.5824,250269.67,0
1402711931290434058,11,66.0,0.7582,269666.81,0
1402948086183472918,39,190.73,0.3014,399083.31,0
1403261185606646537,0,0.0,1.0,0.0,0
1403333889773331608,25,150.0,0.4505,347552.2,0
1403363999175338344,22,132.0,0.5165,399558.68,0
1403368669886174461,33,190.73,0.3014,541631.28,0
1403369922265656382,6,36.0,0.8681,43992.53,0
1403495648395998634,0,0.0,1.0,0.0,1
1403514099223591507,0,0.0,1.0,0.0,0
1403632179372943657,0,0.0,1.0,0.0,0
1403701070962430502,22,132.0,0.5165,172424.4,0
1403993979530657887,28,168.0,0.3846,227310.77,0
1404008893607354384,8,80.0,0.707,134448.35,0
1404075355431994890,0,0.0,1.0,0.0,0
1404610489026087424,9,126.0,0.5385,764141.54,0
1404661049426841783,12,168.0,0.3846,1331295.38,0
1404722155804161195,34,190.73,0.3014,280250.84,0
1405068288783964246,0,0.0,1.0,0.0,0
1405111977312137473,0,0.0,1.0,0.0,0
1405416841534418202,0,0.0,1.0,0.0,0
1405442756676817610,0,0.0,1.0,0.0,1
1405454932671198642,0,0.0,1.0,0.0,1
1405463838013763476,0,0.0,1.0,0.0,1
1405466975486480693,0,0.0,1.0,0.0,1
1405466994939902725,0,0.0,1.0,0.0,1
1405470256233424360,0,0.0,1.0,0.0,1
1405474329794244586,0,0.0,1.0,0.0,1
1405522822932780621,0,0.0,1.0,0.0,1
1405522840405762077,0,0.0,1.0,0.0,0
1405526062302982612,0,0.0,1.0,0.0,0
1405529213140018578,0,0.0,1.0,0.0,1
1405569228983536007,0,0.0,1.0,0.0,1
1405912052546255601,16,96.0,0.6484,422790.33,0
1405915381024422419,2,12.0,0.956,43735.82,0
1406135594931194132,0,0.0,1.0,0.0,0
1406186672859964112,0,0.0,1.0,0.0,1
1406192281506528692,4,56.0,0.7949,156856.41,0
1406204623480036794,7,56.0,0.7949,210240.0,0
1406271375956961627,1,62.0,0.7729,49984.95,0
1406342980284377449,0,0.0,1.0,0.0,1
1406358409064418931,0,0.0,1.0,0.0,1
1406864024142489335,18,108.0,0.6044,389001.76,0
1406917863210100475,28,168.0,0.3846,734941.54,0
1406956475942654478,36,190.73,0.3014,987890.58,0
1407138788614718213,0,0.0,1.0,0.0,0
1407150017505787063,0,0.0,1.0,0.0,1
1407672454711592831,6,36.0,0.8681,166632.53,0
1407760902625233150,3,42.0,0.8462,45990.0,0
1407959658694637186,21,126.0,0.5385,188171.54,0
1408004419474902071,12,72.0,0.7363,84615.82,0
1408009204988003403,26,156.0,0.4286,153508.57,0
1408051506890917799,8,48.0,0.8242,49543.74,0
1408317829829375321,0,0.0,1.0,0.0,0
1408841951858862706,10,60.0,0.7802,150732.97,0
1408929272390002454,19,114.0,0.5824,309712.53,0
1409153987116896804,0,0.0,1.0,0.0,1
1409784114846116567,0,0.0,1.0,0.0,1
1409918860503026396,40,190.73,0.3014,811426.9,0
1409977248018868557,0,0.0,1.0,0.0,0
1410054383458339543,0,0.0,1.0,0.0,0
1410085235351488281,26,156.0,0.4286,613825.71,0
1410135879240014588,25,150.0,0.4505,872991.76,0
1410184211298597343,0,0.0,1.0,0.0,0
1410200410823011128,17,102.0,0.6264,292112.31,0
1410516676917990334,16,128.0,0.5311,613692.01,0
1410666951452274702,11,66.0,0.7582,189455.05,0
1410738499724875344,0,0.0,1.0,0.0,1
1410774656576814504,0,0.0,1.0,0.0,1
1411222375419005823,29,190.73,0.3014,952189.83,0
1411301050177577522,1,8.0,0.9707,29200.0,0
1411412457544336433,1,6.0,0.978,7685.05,0
1411487014783066824,5,50.0,0.8168,133231.68,0
1411504308379192568,8,48.0,0.8242,46334.95,0
1411521019399784192,0,0.0,1.0,0.0,1
1411570597136686384,31,186.0,0.3187,632893.96,0
1412829216953930547,0,0.0,1.0,0.0,1
1412938257282422024,2,16.0,0.9414,53180.37,0
1412944920633491966,3,24.0,0.9121,75727.47,0
1413125600108348075,0,0.0,1.0,0.0,0
1413129377359401052,26,156.0,0.4286,525391.43,0
1413553118066256855,34,190.73,0.3014,367717.66,0
1413553156696922312,0,0.0,1.0,0.0,0
1413626280890846612,0,0.0,1.0,0.0,0
1413749168605262935,3,72.0,0.7363,273389.01,0
1414153906567898685,56,190.73,0.3014,542141.29,0
1414175179813955609,24,144.0,0.4725,504807.03,0
1414227729564016638,32,190.73,0.3014,1508101.41,0
1414459162709893613,8,80.0,0.707,268575.82,0
1414480382214567356,0,0.0,1.0,0.0,0
1414823327626601007,0,0.0,1.0,0.0,0
1414853745045156843,2,120.0,0.5604,369010.99,0
1414858675453880662,0,0.0,1.0,0.0,1
1414861340851975643,0,0.0,1.0,0.0,0
1415037748701671677,18,108.0,0.6044,1300860.0,0
1415041191351877920,29,174.0,0.3626,462715.71,0
1415213197038868261,3,84.0,0.6923,368930.77,0
1415349711305015297,17,102.0,0.6264,204560.44,0
1415670135846961181,0,0.0,1.0,0.0,0
1415734014060655518,7,42.0,0.8462,192944.62,0
1415736982079874634,22,132.0,0.5165,425325.27,0
1415761009857316524,13,78.0,0.7143,223380.0,0
1415764185987227284,1,56.0,0.7949,202977.44,0
1415764843551798096,32,190.73,0.3014,869568.11,0
1415767094356778420,34,190.73,0.3014,594927.39,0
1415771291852051442,32,190.73,0.3014,594927.39,0
1415776055461222256,22,132.0,0.5165,348731.43,0
1415781161499936431,34,190.73,0.3014,503890.5,0
1415784200481938938,31,186.0,0.3187,447129.01,0
1415787740573796488,17,102.0,0.6264,245199.78,0
1415788975871190463,1,30.0,0.8901,126346.15,0
1415792535083988551,21,126.0,0.5385,363034.62,0
1415798030273304422,10,60.0,0.7802,183943.96,0
1415801631934300380,17,102.0,0.6264,274929.23,0
1415803517512883857,0,0.0,1.0,0.0,0
1415829888279939921,17,102.0,0.6264,320478.02,0
1415833109623867068,15,90.0,0.6703,413452.75,0
1415836231468154927,19,114.0,0.5824,523706.81,0
1415841029826541467,7,42.0,0.8462,192944.62,0
1415844098452115112,18,108.0,0.6044,519679.78,0
1415847782788886191,11,66.0,0.7582,496801.1,0
1415859350863077648,15,90.0,0.6703,388063.19,0
1415862043319833595,13,78.0,0.7143,317550.0,0
1415864882899862548,15,90.0,0.6703,295529.67,0
1415867200875490235,25,150.0,0.4505,649780.22,0
1415869041907264930,17,102.0,0.6264,286111.87,0
1415870145167544884,10,60.0,0.7802,157230.77,0
1415871829944040338,17,102.0,0.6264,226925.71,0
1415952570966826586,1,60.0,0.7802,197180.22,0
1415996448610356032,22,132.0,0.5165,282903.08,0
1416011109179289565,16,96.0,0.6484,220251.43,0
1416020714690657035,14,84.0,0.6923,242360.0,0
1416482532426219681,0,0.0,1.0,0.0,1
1416541637401771905,5,190.73,0.3014,1098562.88,0
1416553474312027673,0,0.0,1.0,0.0,0
1416639016359934744,34,190.73,0.3014,311871.5,0
1416652460420181378,1,6.0,0.978,51100.0,0
1416722687280117387,0,0.0,1.0,0.0,1
1417115015471373732,0,0.0,1.0,0.0,1
1417200498828941008,39,190.73,0.3014,287901.0,0
1417252830065558870,19,114.0,0.5824,218566.81,0
1417437657131218660,37,190.73,0.3014,787201.4,0
1417448924180102860,34,190.73,0.3014,877473.28,0
1417511396816335334,1,6.0,0.978,11575.71,0
1417953027149021764,0,0.0,1.0,0.0,1
1418136410348971418,17,102.0,0.6264,243290.55,0
1418326351561490515,0,0.0,1.0,0.0,0
1418762231367687189,2,12.0,0.956,23809.23,0
1419186537393168241,0,0.0,1.0,0.0,1
1419228173956432112,0,0.0,1.0,0.0,0
1419298294550551191,1,14.0,0.9487,30192.05,0
1419505561265127712,10,60.0,0.7802,145679.12,0
1419546878353378266,0,0.0,1.0,0.0,0
1419553774618527886,1,14.0,0.9487,43219.74,0
1419562384575018005,0,0.0,1.0,0.0,1
1419573338183012493,0,0.0,1.0,0.0,1
1419582044567908895,10,60.0,0.7802,201191.21,0
1419863464738533513,14,84.0,0.6923,289304.62,0
1420043953025643567,17,102.0,0.6264,348434.62,0
1420067645503941191,4,24.0,0.9121,57084.4,0
1420154276529017394,23,138.0,0.4945,322884.62,0
1420214726628937852,14,112.0,0.5897,203052.31,0
1420220366600164720,0,0.0,1.0,0.0,0
1420626628602895406,1,60.0,0.7802,352967.03,0
1420650822927314851,0,0.0,1.0,0.0,1
1420754142024555762,0,0.0,1.0,0.0,1
1420792551656095896,16,190.73,0.3014,918784.14,0
1420822117976825624,1,60.0,0.7802,197180.22,0
1421017952936561457,13,78.0,0.7143,748354.29,0
1421022626935357762,6,36.0,0.8681,98189.01,0
1421342722254849976,9,54.0,0.8022,132410.77,0
1421490540683523984,35,190.73,0.3014,612012.75,0
1421600090396360647,0,0.0,1.0,0.0,0
1421680836914370088,0,0.0,1.0,0.0,0
1421688010862255797,0,0.0,1.0,0.0,0
1421719426782608940,10,60.0,0.7802,167739.56,0
1421810930528078017,18,108.0,0.6044,379616.04,0
1421824533081711452,7,42.0,0.8462,123482.31,0
1421870980153189268,1,6.0,0.978,21121.87,0
1421918175779936235,0,0.0,1.0,0.0,0
1422211825848816462,0,0.0,1.0,0.0,0
1422272654841226659,0,0.0,1.0,0.0,0
1422786312343832084,22,132.0,0.5165,190778.68,0
1422994173749552836,0,0.0,1.0,0.0,1
1423207145350039514,14,112.0,0.5897,250371.28,0
1423673105037930981,5,30.0,0.8901,43158.24,0
1423716041778105994,1,60.0,0.7802,172632.97,0
1423754630314623237,0,0.0,1.0,0.0,1
1424193060660928586,2,80.0,0.707,500464.47,0
1424309191018694821,1,8.0,0.9707,22621.98,0
1424389115098276838,70,190.73,0.3014,1603473.4,0
1424400039497361229,0,0.0,1.0,0.0,1
1424446410708226295,0,0.0,1.0,0.0,1
1424483982553433147,0,0.0,1.0,0.0,0
1424646395863793071,1,60.0,0.7802,70914.29,0
1425122481005483776,11,66.0,0.7582,116214.4,0
1425376766631682726,19,114.0,0.5824,126354.18,0
1425396048606829580,15,90.0,0.6703,183502.75,0
1425409726546194481,15,90.0,0.6703,132362.64,0
1425415337540800335,0,0.0,1.0,0.0,1
1425650082998669507,29,174.0,0.3626,774449.78,0
1425774485607079407,0,0.0,1.0,0.0,0
1425813430110952016,0,0.0,1.0,0.0,0
1425902209065819791,0,0.0,1.0,0.0,0
1425990313405485257,8,48.0,0.8242,113206.15,0
1426004463741724902,16,96.0,0.6484,222048.35,0
1426008982736833907,7,42.0,0.8462,101582.31,0
1426010974925383066,7,42.0,0.8462,106130.77,0
1426012968545374163,6,36.0,0.8681,84952.75,0
1426015302603401449,12,72.0,0.7363,163167.03,0
1426019969600164515,13,78.0,0.7143,190321.43,0
1426022476717875258,4,24.0,0.9121,34783.3,0
1426026825771520810,2,12.0,0.956,23055.16,0
1426070350157058563,15,90.0,0.6703,165332.97,0
1426076497206508862,10,60.0,0.7802,88081.32,0
1426078885172129308,7,42.0,0.8462,76200.77,0
1426080195746151417,23,138.0,0.4945,790790.55,0
1426081447794893118,4,24.0,0.9121,55800.88,0
1426617299293433769,1,6.0,0.978,26833.52,0
1426732262153745887,23,184.0,0.326,262735.82,0
1426764506647146244,2,120.0,0.5604,502978.02,0
1426889315482620241,0,0.0,1.0,0.0,1
1426906127217852339,2,16.0,0.9414,37072.23,0
1427271909427679721,0,0.0,1.0,0.0,0
1427275268040274856,11,190.73,0.3014,367207.65,0
1427292739701017883,17,102.0,0.6264,226243.85,0
1427299717401347644,9,54.0,0.8022,119776.15,0
1427301133846620528,6,36.0,0.8681,101510.11,0
1427303143653704555,0,0.0,1.0,0.0,0
1427654357735424095,5,30.0,0.8901,79578.02,0
1427964069909179177,1,28.0,0.8974,28376.41,0
1428222985776400672,29,174.0,0.3626,547163.08,0
1428361943619188406,20,160.0,0.4139,809257.14,0
1428735018032170144,1,50.0,0.8168,80219.78,0
1428923541717677884,2,60.0,0.7802,168461.54,0
1429247995650427429,5,30.0,0.8901,53626.92,0
1429291764157223626,7,42.0,0.8462,184633.85,0
1429388619984521293,0,0.0,1.0,0.0,1
1429468939942039723,1,8.0,0.9707,15894.21,0
1429475586223026462,39,190.73,0.3014,750990.64,0
1429493431604133036,0,0.0,1.0,0.0,0
1429503303929255919,4,32.0,0.8828,85567.77,0
1429520807617998629,4,32.0,0.8828,85567.77,0
1429566273007568177,0,0.0,1.0,0.0,0
1429662754485405779,10,60.0,0.7802,73641.76,0
1429820552812537021,23,138.0,0.4945,318087.47,0
1429923759341655066,0,0.0,1.0,0.0,1
1430145357875817077,0,0.0,1.0,0.0,0
1430179424924160742,0,0.0,1.0,0.0,1
1430259186548266262,13,78.0,0.7143,233078.57,0
1430417340398601321,27,190.73,0.3014,832082.33,0
1430463409490701464,17,136.0,0.5018,510582.86,0
1430742994745263081,14,84.0,0.6923,248649.23,0
1430760372391062432,17,102.0,0.6264,301931.21,0
1430806173279680174,5,30.0,0.8901,88642.86,0
1430827018199668780,13,78.0,0.7143,240170.0,0
1430891046673779439,19,114.0,0.5824,329679.23,0
1430976048380926047,1,60.0,0.7802,235926.37,0
1430987079461364834,0,0.0,1.0,0.0,1
1431033654759565959,0,0.0,1.0,0.0,0
1431074468742528228,4,24.0,0.9121,65266.81,0
1431283037127415587,18,144.0,0.4725,558137.14,0
1431558739173721347,0,0.0,1.0,0.0,0
1431705063007002849,0,0.0,1.0,0.0,0
1431764847267922187,2,120.0,0.5604,167659.34,0
1432385033258468386,2,112.0,0.5897,319702.56,0
1432660742251228674,16,96.0,0.6484,177253.63,0
1433025851684375766,10,80.0,0.707,292427.84,0
1433067255483105505,2,28.0,0.8974,166140.51,0
1433077325858270425,3,18.0,0.9341,57710.11,0
1433092724278381080,4,80.0,0.707,644539.19,0
1433098263973910501,0,0.0,1.0,0.0,1
1433304019333130254,13,78.0,0.7143,128480.0,0
1433826049582871897,1,20.0,0.9267,74871.79,0
1433921154913441106,3,180.0,0.3407,657000.0,0
1433927582485435488,0,0.0,1.0,0.0,1
1434120378098442218,2,12.0,0.956,15466.37,0
1434155174831841217,18,108.0,0.6044,293411.87,0
1434606832502169578,10,60.0,0.7802,206405.49,0
1434686373673902576,19,114.0,0.5824,501149.01,0
1434737946699135812,0,0.0,1.0,0.0,0
1434814731540683160,0,0.0,1.0,0.0,0
1435212245127377246,0,0.0,1.0,0.0,1
1435238200966478772,17,102.0,0.6264,360162.75,0
1435252704388238986,0,0.0,1.0,0.0,1
1435511250209312065,0,0.0,1.0,0.0,1
1435825500578957870,14,84.0,0.6923,425870.77,0
1436085135930169929,0,0.0,1.0,0.0,1
1436091105463572214,0,0.0,1.0,0.0,1
1436710335577142813,0,0.0,1.0,0.0,1
1436727573815400134,1,8.0,0.9707,21391.94,0
1436959631599207261,9,54.0,0.8022,216521.21,0
1437258544755100231,0,0.0,1.0,0.0,0
1437337522740402737,12,72.0,0.7363,95012.31,0
1437545509883260022,17,102.0,0.6264,293885.16,0
1437618404701875114,30,180.0,0.3407,641357.14,0
1438188711660546258,1,8.0,0.9707,21391.94,0
1438880647253681992,0,0.0,1.0,0.0,1
1438969858782359586,0,0.0,1.0,0.0,1
1438978494554400002,0,0.0,1.0,0.0,0
1439035027327942414,0,0.0,1.0,0.0,1
1439503216574207486,0,0.0,1.0,0.0,0
1439504841640923304,1,6.0,0.978,40278.35,0
1439583045076073154,0,0.0,1.0,0.0,1
1439608431866947744,3,180.0,0.3407,323446.15,0
1439618755003157481,144,190.73,0.3014,206299.3,0
1439708991314273202,0,0.0,1.0,0.0,0
1439727175746107428,0,0.0,1.0,0.0,0
1439788244115919951,20,120.0,0.5604,288470.33,0
1439794483259881667,0,0.0,1.0,0.0,1
1439794864454046610,4,24.0,0.9121,126843.52,0
1439899414486063347,0,0.0,1.0,0.0,0
1439905743428686463,0,0.0,1.0,0.0,0
1440168697126688176,0,0.0,1.0,0.0,1
1440241972892514293,0,0.0,1.0,0.0,1
1440318427192611603,35,190.73,0.3014,339667.07,0
1440351797394242470,0,0.0,1.0,0.0,1
1440438931776921954,41,190.73,0.3014,362872.56,0
1440467709672898876,0,0.0,1.0,0.0,0
1440497548581980178,0,0.0,1.0,0.0,1
1440981882147390388,67,190.73,0.3014,607677.66,0
1440987248362616834,62,190.73,0.3014,777001.18,0
1440991674467250251,37,190.73,0.3014,638023.29,0
1440994778901076062,40,190.73,0.3014,444219.25,0
1440997714581729174,30,180.0,0.3407,392274.73,0
1441000213775144175,44,190.73,0.3014,437844.12,0
1441005148174818337,0,0.0,1.0,0.0,1
1441081817040037753,0,0.0,1.0,0.0,1
1441102278206608777,0,0.0,1.0,0.0,1
1441131219598190569,18,108.0,0.6044,537873.63,0
1441131823068894322,0,0.0,1.0,0.0,0
1441137500701206030,0,0.0,1.0,0.0,0
1441141939974157756,19,114.0,0.5824,565621.65,0
1441142075940695575,0,0.0,1.0,0.0,0
1441144225390866081,0,0.0,1.0,0.0,0
1441145585786071159,23,138.0,0.4945,684699.89,0
1441149947822303895,19,114.0,0.5824,358181.32,0
1441162462456010402,0,0.0,1.0,0.0,1
1441187543941632255,0,0.0,1.0,0.0,1
1441288870648748186,0,0.0,1.0,0.0,0
1441371109117054667,25,150.0,0.4505,252090.66,0
1441381139953789351,38,190.73,0.3014,708149.75,0
1441727160279478546,8,48.0,0.8242,118981.98,0
1441738545895850278,16,96.0,0.6484,179178.9,0
1441767826030348232,0,0.0,1.0,0.0,0
1442002815442795144,1,6.0,0.978,19405.16,0
1442005841798252252,5,30.0,0.8901,94699.45,0
1442223561708374334,0,0.0,1.0,0.0,1
1442248259373019814,4,32.0,0.8828,71705.79,0
1442545858144948862,0,0.0,1.0,0.0,1
1442595246772443311,0,0.0,1.0,0.0,1
1442843079018592470,0,0.0,1.0,0.0,1
1443197499034476943,1,60.0,0.7802,236006.59,0
1443268241033863583,0,0.0,1.0,0.0,0
1443280557668802437,13,78.0,0.7143,258628.57,0
1443950312698954743,0,0.0,1.0,0.0,0
1444078674937884160,17,102.0,0.6264,399029.23,0
1444554115799490256,0,0.0,1.0,0.0,0
1444572126161732782,0,0.0,1.0,0.0,0
1444578441725593494,0,0.0,1.0,0.0,0
1444588920300929100,0,0.0,1.0,0.0,0
1444593554270464400,0,0.0,1.0,0.0,0
1444600042014093099,0,0.0,1.0,0.0,0
1444637335517500496,0,0.0,1.0,0.0,0
1444641571276630471,0,0.0,1.0,0.0,0
1444646156478962658,0,0.0,1.0,0.0,0
1444658796487815455,0,0.0,1.0,0.0,1
1444709854563079994,0,0.0,1.0,0.0,1
1444716315531567192,0,0.0,1.0,0.0,1
1444749046736786298,4,24.0,0.9121,83556.92,0
1444956177303298516,76,190.73,0.3014,769096.02,0
1444990164090660522,5,40.0,0.8535,190495.24,0
1445305715576343518,0,0.0,1.0,0.0,0
1445318707397264319,0,0.0,1.0,0.0,0
1445325244447316714,0,0.0,1.0,0.0,0
1445329628615111864,0,0.0,1.0,0.0,0
1445350115652923286,0,0.0,1.0,0.0,0
1445352919475313211,0,0.0,1.0,0.0,0
1445419009682556242,0,0.0,1.0,0.0,0
1445429928012836891,0,0.0,1.0,0.0,0
1445512323961885003,0,0.0,1.0,0.0,0
1445621340685090488,32,190.73,0.3014,290706.05,0
1445648228103104854,2,120.0,0.5604,208571.43,0
1445943993596299612,0,0.0,1.0,0.0,1
1445971326734636042,37,190.73,0.3014,805051.77,0
1446167432571870007,0,0.0,1.0,0.0,0
1446172832955419337,0,0.0,1.0,0.0,0
1446178249336415233,0,0.0,1.0,0.0,0
1446181430075587215,0,0.0,1.0,0.0,0
1446184441741759176,0,0.0,1.0,0.0,0
1446712113092802904,19,114.0,0.5824,151350.66,0
1446716300650514015,0,0.0,1.0,0.0,0
1446721765452586697,0,0.0,1.0,0.0,0
1446731733618916744,0,0.0,1.0,0.0,0
1446736987062563705,0,0.0,1.0,0.0,0
1446740602497801233,0,0.0,1.0,0.0,0
1446834393883625375,0,0.0,1.0,0.0,0
1446952513821648422,24,144.0,0.4725,496913.41,0
1446982414897429144,28,168.0,0.3846,354443.08,0
1447050211814568822,32,190.73,0.3014,469974.79,0
1447067105625757117,23,138.0,0.4945,215502.42,0
1447458884629248452,37,190.73,0.3014,601812.53,0
1447478164654162528,35,190.73,0.3014,789751.45,0
1447485145469212619,11,66.0,0.7582,104654.73,0
1447594841550128115,27,162.0,0.4066,409361.54,0
1447600251830174499,32,190.73,0.3014,940714.59,0
1447818346272313121,36,190.73,0.3014,351652.32,0
1448338067511086377,16,190.73,0.3014,1168434.34,0
1448421985219894264,5,190.73,0.3014,867018.06,0
1448433529990672430,0,0.0,1.0,0.0,0
1448580444670945230,0,0.0,1.0,0.0,0
1448589959653778273,11,66.0,0.7582,209574.18,0
1448687273727823520,0,0.0,1.0,0.0,0
1448852388218539054,33,190.73,0.3014,591867.33,0
1449050777325612810,14,84.0,0.6923,269538.46,0
1449309951255721732,10,60.0,0.7802,224134.07,0
1449390127941924993,0,0.0,1.0,0.0,0
1449432160143965503,0,0.0,1.0,0.0,1
1449474438460500576,28,168.0,0.3846,243932.31,0
1449733628859701845,4,160.0,0.4139,434256.41,0
1449751459067476665,33,190.73,0.3014,564326.75,0
1449861175840000925,0,0.0,1.0,0.0,1
1450024198826855106,0,0.0,1.0,0.0,1
1450394199603368619,8,48.0,0.8242,62571.43,0
1450426511589573710,39,190.73,0.3014,484510.09,0
1450499682342778937,2,120.0,0.5604,280929.67,0
1450608876843312759,9,54.0,0.8022,345538.68,0
1450655628648769175,28,168.0,0.3846,621286.15,0
1450728564981767639,10,190.73,0.3014,250670.22,0
1450800586764865685,27,162.0,0.4066,426255.82,0
1451098394512602660,26,156.0,0.4286,234225.71,0
1451228952062925013,0,0.0,1.0,0.0,1
1451246994424716102,0,0.0,1.0,0.0,1
1451287511667123211,3,180.0,0.3407,1030743.96,0
1451347341381183351,28,168.0,0.3846,413966.15,0
1451393953997410853,31,186.0,0.3187,339201.32,0
1451402407543266171,21,126.0,0.5385,388809.23,0
1451402494623157462,28,168.0,0.3846,680135.38,0
1451411800370371071,1,6.0,0.978,20046.92,0
1451413560687100782,0,0.0,1.0,0.0,1
1451417458672363563,0,0.0,1.0,0.0,1
1451497903016381689,0,0.0,1.0,0.0,1
1451509457195910570,26,156.0,0.4286,376471.43,0
1451516290544107894,27,162.0,0.4066,286553.08,0
1451521794272489092,23,138.0,0.4945,252957.03,0
1451525709986671891,24,144.0,0.4725,237578.9,0
1451528975678120761,29,174.0,0.3626,849824.29,0
1451947154442349073,20,120.0,0.5604,425325.27,0
1451981173527909618,26,156.0,0.4286,614034.29,0
1452142184202332646,34,190.73,0.3014,825962.2,0
1452220762302354066,31,186.0,0.3187,393413.85,0
1452311358925310851,5,190.73,0.3014,339922.08,0
1452765413713897530,4,190.73,0.3014,957544.94,0
1452768952929419787,3,180.0,0.3407,706575.82,0
1452905825938003862,1,28.0,0.8974,112195.38,0
1452924648204246866,27,162.0,0.4066,375789.56,0
1453604579817915358,23,138.0,0.4945,397793.85,0
1453640919602491239,17,102.0,0.6264,371209.01,0
1453659416582737228,14,190.73,0.3014,570956.89,0
1453671448256446742,17,102.0,0.6264,392074.18,0
1453688673687293759,0,0.0,1.0,0.0,0
1453765774744240226,0,0.0,1.0,0.0,0
1453794306555397749,0,0.0,1.0,0.0,0
1454159200596935870,1,26.0,0.9048,105676.19,0
1454266598948210655,0,0.0,1.0,0.0,1
1454384549238263871,0,0.0,1.0,0.0,1
1454482302995910736,0,0.0,1.0,0.0,0
1454739116056656798,0,0.0,1.0,0.0,1
1454783997070680546,0,0.0,1.0,0.0,0
1454874964118269922,0,0.0,1.0,0.0,1
1454881837962756222,0,0.0,1.0,0.0,0
1454886772900351393,0,0.0,1.0,0.0,1
1454897010964317993,0,0.0,1.0,0.0,1
1454901305464199390,25,150.0,0.4505,670035.71,0
1454924465710415435,9,54.0,0.8022,215366.04,0
1455065542708012221,1,14.0,0.9487,35751.28,0
1455424986547411658,0,0.0,1.0,0.0,1
1455642503129123196,0,0.0,1.0,0.0,1
1455693561653852932,9,190.73,0.3014,380722.93,0
1456128119226357025,21,190.73,0.3014,1113353.19,0
1456203168711071233,0,0.0,1.0,0.0,0
1456211978747418370,0,0.0,1.0,0.0,0
1456218332648455145,0,0.0,1.0,0.0,0
1456305647669749968,0,0.0,1.0,0.0,0
1456310484288230057,0,0.0,1.0,0.0,0
1456337367764783132,0,0.0,1.0,0.0,0
1456341002289541221,0,0.0,1.0,0.0,0
1456555015735609806,16,96.0,0.6484,281475.16,0
1456568740783562317,14,84.0,0.6923,311316.92,0
1456960108421463202,0,0.0,1.0,0.0,1
1457009718708153504,0,0.0,1.0,0.0,0
1457013459843848314,0,0.0,1.0,0.0,0
1457015689187794589,0,0.0,1.0,0.0,1
1457022068787069328,0,0.0,1.0,0.0,0
1457032026507546398,0,0.0,1.0,0.0,0
1457036239289097967,0,0.0,1.0,0.0,0
1457040347017522341,0,0.0,1.0,0.0,0
1457045073307139758,0,0.0,1.0,0.0,0
1457049505874917205,0,0.0,1.0,0.0,0
1457283027208067784,0,0.0,1.0,0.0,0
1457285805599088255,5,40.0,0.8535,143432.97,0
1457626502312988817,0,0.0,1.0,0.0,0
1457629859459338266,0,0.0,1.0,0.0,0
1457632968488439274,0,0.0,1.0,0.0,0
1457636947524869242,0,0.0,1.0,0.0,0
1457644979884837397,0,0.0,1.0,0.0,0
1457650933729789831,0,0.0,1.0,0.0,0
1457653641930319554,0,0.0,1.0,0.0,0
1457657157992143208,0,0.0,1.0,0.0,0
1457844708202186584,0,0.0,1.0,0.0,1
1457854153019848158,0,0.0,1.0,0.0,1
1457857103370218955,15,90.0,0.6703,121412.64,0
1457858049040950116,0,0.0,1.0,0.0,1
1457863319402989746,0,0.0,1.0,0.0,1
1458024132341280524,12,72.0,0.7363,181745.93,0
1458415601371219907,0,0.0,1.0,0.0,1
1458560423105813427,1,56.0,0.7949,56303.59,0
1459235700847368536,16,96.0,0.6484,189960.44,0
1459345482144657341,0,0.0,1.0,0.0,1
1459375544389581870,0,0.0,1.0,0.0,0
1459949513942959143,0,0.0,1.0,0.0,0
1459954861175200047,0,0.0,1.0,0.0,0
1459957998004744018,0,0.0,1.0,0.0,0
1459961751992424509,0,0.0,1.0,0.0,0
1459965507746384214,0,0.0,1.0,0.0,0
1459968857128034542,0,0.0,1.0,0.0,0
1459976868151763769,0,0.0,1.0,0.0,0
1460021919803912490,0,0.0,1.0,0.0,1
1460140090467991980,39,190.73,0.3014,163968.42,0
1460480852799339451,0,0.0,1.0,0.0,0
1460492722573669803,0,0.0,1.0,0.0,0
1460499930118113603,0,0.0,1.0,0.0,0
1460526158897409473,18,108.0,0.6044,375428.57,0
1460649526196863116,0,0.0,1.0,0.0,1
1460708256462028674,17,170.0,0.3773,381164.29,0
1460863364214685409,0,0.0,1.0,0.0,0
1460879031192300892,0,0.0,1.0,0.0,0
1461263144416881916,0,0.0,1.0,0.0,1
1461272258892373519,1,14.0,0.9487,28526.15,0
1461276654194647151,0,0.0,1.0,0.0,1
1461291901982804537,0,0.0,1.0,0.0,1
1461368326085521435,0,0.0,1.0,0.0,0
1461397923056506386,9,54.0,0.8022,273990.66,0
1461487041412928740,0,0.0,1.0,0.0,1
1461569242154778833,39,190.73,0.3014,318246.63,0
1462231457468972486,24,144.0,0.4725,482473.85,0
1462247835920498794,3,180.0,0.3407,365080.22,0
1462273332064109131,30,180.0,0.3407,301546.15,0
1462789449803657139,10,80.0,0.707,642506.96,0
1462808209002259568,0,0.0,1.0,0.0,0
1462817629545107867,27,162.0,0.4066,238469.34,0
1462877190113108359,0,0.0,1.0,0.0,1
1462881026053815856,0,0.0,1.0,0.0,0
1462891447847177008,9,54.0,0.8022,1281438.79,0
1463789763556364919,0,0.0,1.0,0.0,1
1464032891324275382,3,18.0,0.9341,151013.74,0
1464561779715087050,0,0.0,1.0,0.0,1
1464568493269965302,34,190.73,0.3014,1243150.89,0
1464623790431441264,0,0.0,1.0,0.0,0
1464971995136039102,0,0.0,1.0,0.0,0
1465017003626584789,7,42.0,0.8462,64408.46,0
1465039256241285944,7,42.0,0.8462,65026.15,0
1465205656973890343,8,80.0,0.707,179371.43,0
1465560751983010750,0,0.0,1.0,0.0,0
1465720279159749483,0,0.0,1.0,0.0,0
1465745235473925807,6,36.0,0.8681,132843.96,0
1465867717598381869,37,190.73,0.3014,528881.02,0
1465981204077006679,36,190.73,0.3014,980495.42,0
1466109714709869844,0,0.0,1.0,0.0,1
1466461078154578135,0,0.0,1.0,0.0,0
1466541076328219936,13,130.0,0.5238,233773.81,0
1466670590414528350,1,20.0,0.9267,97333.33,0
1466687615711464846,41,190.73,0.3014,837947.45,0
1467133846471617171,0,0.0,1.0,0.0,1
1467139511596114595,22,132.0,0.5165,550628.57,0
1467204570900231912,0,0.0,1.0,0.0,1
1467216085944309514,0,0.0,1.0,0.0,1
1467217643652362099,28,168.0,0.3846,603766.15,0
1467224378690730007,0,0.0,1.0,0.0,0
1467398064267511860,35,190.73,0.3014,784906.35,0
1467695026848857668,0,0.0,1.0,0.0,0
1467804622576362936,5,30.0,0.8901,44241.21,0
1467809364806955976,8,48.0,0.8242,71748.57,0
1467812865990075908,2,12.0,0.956,18001.32,0
1467814583279615616,1,6.0,0.978,8880.33,0
1467817352793388972,17,102.0,0.6264,150420.11,0
1467821229079191098,20,120.0,0.5604,180654.95,0
1467846222299024013,18,108.0,0.6044,495132.53,0
1467847527855514791,13,78.0,0.7143,336112.86,0
1467962243819762318,2,12.0,0.956,171750.55,0
1468043743108233620,43,190.73,0.3014,681374.19,0
1468214444191586336,10,100.0,0.6337,413265.57,0
1468248060688467629,15,90.0,0.6703,282654.4,0
1468291000694561333,12,72.0,0.7363,369171.43,0
1468499560547103502,3,18.0,0.9341,26472.53,0
1468521907276367595,2,12.0,0.956,17648.35,0
1468538583240974635,0,0.0,1.0,0.0,1
1468549980105060331,23,138.0,0.4945,198158.9,0
1468552201387432920,7,42.0,0.8462,60702.31,0
1468677455331578057,36,190.73,0.3014,395513.24,0
1468833312890428489,0,0.0,1.0,0.0,1
1468889894520628327,0,0.0,1.0,0.0,1
1468978973849084148,16,96.0,0.6484,211908.57,0
1469353516603750995,0,0.0,1.0,0.0,0
1469511177069526502,9,54.0,0.8022,81583.52,0
1469555912187891298,9,54.0,0.8022,628842.86,0
1469563799862258385,2,12.0,0.956,129009.45,0
1469937531442229079,0,0.0,1.0,0.0,0
1470132844533796629,47,190.73,0.3014,605127.6,0
1470743140954290556,0,0.0,1.0,0.0,0
1470779977166519163,0,0.0,1.0,0.0,1
1470797597262337860,61,190.73,0.3014,641593.36,0
1470837321633095256,18,108.0,0.6044,542349.89,0
1470950872103287701,0,0.0,1.0,0.0,0
1471002481871034073,29,174.0,0.3626,295682.09,0
1471085431353888858,47,190.73,0.3014,261380.44,0
1471102803951837767,24,144.0,0.4725,1130713.85,0
1471522035278375841,14,84.0,0.6923,233487.69,0
1471522411512305524,1,14.0,0.9487,79158.21,0
1471536694652680199,7,42.0,0.8462,104109.23,0
1471547845792754192,14,84.0,0.6923,242809.23,0
1471764985025369870,2,28.0,0.8974,77679.49,0
1471823087028943816,21,126.0,0.5385,255050.77,0
1471831673461631977,12,72.0,0.7363,205041.76,0
1471858906444823036,0,0.0,1.0,0.0,0
1472523362236534196,0,0.0,1.0,0.0,0
1472541872812079901,22,132.0,0.5165,697462.86,0
1472547054986877954,0,0.0,1.0,0.0,0
1472553437581002903,0,0.0,1.0,0.0,0
1472854022404500326,38,190.73,0.3014,348082.25,0
1472946259319187866,28,168.0,0.3846,659920.0,0
1472959512119462305,0,0.0,1.0,0.0,1
1472980833694194085,2,28.0,0.8974,95761.03,0
1473013775957895093,0,0.0,1.0,0.0,1
1473279286485137938,0,0.0,1.0,0.0,1
1473537074425724278,38,190.73,0.3014,423053.81,0
1473621861122874238,0,0.0,1.0,0.0,0
1473624044716353657,0,0.0,1.0,0.0,0
1473632501781859453,0,0.0,1.0,0.0,0
1473714517746359622,20,120.0,0.5604,345265.93,0
1473747460564283249,0,0.0,1.0,0.0,1
1473753496315304341,0,0.0,1.0,0.0,1
1474411035194346963,6,190.73,0.3014,197119.11,0
1474461113428611488,6,36.0,0.8681,63437.8,0
1474727428934657563,0,0.0,1.0,0.0,0
1475120404707810572,7,98.0,0.641,292318.21,0
1475148523965281190,5,30.0,0.8901,41593.96,0
1475154886929954682,0,0.0,1.0,0.0,0
1475162054068250207,31,186.0,0.3187,1124785.6,0
1475185793964313267,0,0.0,1.0,0.0,1
1475329188135198052,0,0.0,1.0,0.0,1
1475983214871357541,6,36.0,0.8681,82353.63,0
1476018522429147327,0,0.0,1.0,0.0,1
1476805930912257040,0,0.0,1.0,0.0,0
1477274525345217641,0,0.0,1.0,0.0,1
1477357111887354010,4,24.0,0.9121,92926.59,0
1477455801801249551,37,190.73,0.3014,708404.75,0
1478750150837122125,35,190.73,0.3014,1507081.39,0
1479504759442702450,19,114.0,0.5824,417624.18,0
1479747682952784554,0,0.0,1.0,0.0,1
1480258886064642951,4,112.0,0.5897,327189.74,0
1480268935978085487,3,150.0,0.4505,437598.9,0
1480378994140513230,30,180.0,0.3407,423319.78,0
1480386592086229653,0,0.0,1.0,0.0,0
1480409925799381676,28,168.0,0.3846,253815.38,0
1480804193036277303,0,0.0,1.0,0.0,1
1480845710096354059,0,0.0,1.0,0.0,1
1480907578010101568,9,72.0,0.7363,66133.19,0
1481070745572806801,23,138.0,0.4945,239119.12,0
1481086050418252155,29,174.0,0.3626,518781.32,0
1481162293522527764,1,14.0,0.9487,23790.51,0
1481189968873444896,14,84.0,0.6923,151503.08,0
1481193162291667789,0,0.0,1.0,0.0,0
1481655501972984810,37,190.73,0.3014,345022.19,0
1481720534817123202,22,132.0,0.5165,499448.35,0
1481725655887076122,0,0.0,1.0,0.0,1
1481892649424549692,0,0.0,1.0,0.0,0
1482624825714372406,13,78.0,0.7143,102512.86,0
1482637056001010246,0,0.0,1.0,0.0,1
1482668937366646989,2,20.0,0.9267,40323.81,0
1482826471380086175,47,190.73,0.3014,315441.57,0
1483098740145099406,0,0.0,1.0,0.0,0
1483154737800748116,0,0.0,1.0,0.0,0
1483187784027386661,30,180.0,0.3407,358101.1,0
1484253250949325815,0,0.0,1.0,0.0,0
1484577379587301256,26,156.0,0.4286,537280.0,0
1484624289458740734,14,112.0,0.5897,341415.38,0
1484636393559173426,5,30.0,0.8901,591901.65,0
1484679858647983714,0,0.0,1.0,0.0,1
1484686397960264990,0,0.0,1.0,0.0,1
1484816114638172401,10,60.0,0.7802,125142.86,0
1484834613384698580,6,36.0,0.8681,88129.45,0
1485517314995581463,0,0.0,1.0,0.0,1
1485594701317338376,31,186.0,0.3187,431462.09,0
1485621573415710258,0,0.0,1.0,0.0,0
1485632385507878382,0,0.0,1.0,0.0,0
1485657008412894489,23,138.0,0.4945,896696.7,0
1486147638301800739,3,30.0,0.8901,45083.52,0
1486587560914249731,2,16.0,0.9414,15209.67,0
1486610564350924651,9,72.0,0.7363,67865.93,0
1486663486078577608,10,80.0,0.707,69095.97,0
1486669882767782472,0,0.0,1.0,0.0,0
1486740654831419843,15,120.0,0.5604,105729.67,0
1486755334410728333,7,56.0,0.7949,53458.46,0
1486761955476283008,6,48.0,0.8242,40623.3,0
1486775408003150654,4,32.0,0.8828,30462.12,0
1486799549687440506,5,40.0,0.8535,38345.05,0
1486917688143476805,4,40.0,0.8535,73000.0,0
1486925726980444695,2,16.0,0.9414,12535.68,0
1486962192945771434,6,48.0,0.8242,46334.95,0
1486962493027623858,29,174.0,0.3626,339185.27,0
1486993396322243886,11,66.0,0.7582,81711.87,0
1487003108434182094,23,138.0,0.4945,473994.62,0
1487016850825955519,0,0.0,1.0,0.0,0
1487326264350437695,1,56.0,0.7949,104820.51,0
1487330803065516352,0,0.0,1.0,0.0,1
1487383875560642835,0,0.0,1.0,0.0,1
1487386689347931481,0,0.0,1.0,0.0,1
1487452896529066816,0,0.0,1.0,0.0,1
1487535111551743843,26,156.0,0.4286,305974.29,0
1488146204553285411,0,0.0,1.0,0.0,0
1488289428814168989,29,174.0,0.3626,1106888.57,0
1488412281446095789,0,0.0,1.0,0.0,1
1489021577647996012,25,150.0,0.4505,657000.0,0
1489271181799492740,0,0.0,1.0,0.0,1
1489476503079423197,14,84.0,0.6923,664300.0,0
1489497763220619906,23,138.0,0.4945,671600.0,0
1489563607441669370,0,0.0,1.0,0.0,1
1489684115882300296,0,0.0,1.0,0.0,1
1490425749833998935,0,0.0,1.0,0.0,1
1490474547123078247,7,42.0,0.8462,105120.0,0
1491209524288442825,21,126.0,0.5385,655146.92,0
1491259066288182451,1,60.0,0.7802,208571.43,0
1491298342803152663,16,96.0,0.6484,621478.68,0
1491328799482778454,0,0.0,1.0,0.0,1
1491416672071415428,0,0.0,1.0,0.0,1
1491522296867374610,0,0.0,1.0,0.0,1
1491561083552032105,0,0.0,1.0,0.0,1
1491612998665199364,0,0.0,1.0,0.0,1
1491776585195822570,0,0.0,1.0,0.0,1
1491832971085587474,0,0.0,1.0,0.0,1
1491841711480118124,0,0.0,1.0,0.0,1
1491848700599916694,0,0.0,1.0,0.0,1
1491894785092740111,0,0.0,1.0,0.0,1
1492555057245241964,0,0.0,1.0,0.0,1
1492648247580334327,0,0.0,1.0,0.0,1
1492662781295842253,5,40.0,0.8535,37703.3,0
1492674469088139909,0,0.0,1.0,0.0,1
1492721268025380221,2,16.0,0.9414,6332.01,0
1492736799680189846,7,56.0,0.7949,22162.05,0
1493095979060485702,18,108.0,0.6044,316948.35,0
1493125424369763380,0,0.0,1.0,0.0,1
1493256063134858708,0,0.0,1.0,0.0,1
1493267399258050438,0,0.0,1.0,0.0,1
1493388866370590562,0,0.0,1.0,0.0,0
1493514573305325179,0,0.0,1.0,0.0,1
1493523535427504998,0,0.0,1.0,0.0,1
1493527972269469029,0,0.0,1.0,0.0,1
1493531842296425076,0,0.0,1.0,0.0,1
1493539252051747277,8,160.0,0.4139,757488.64,0
1493829419017624173,0,0.0,1.0,0.0,1
1494003928259975479,0,0.0,1.0,0.0,1
1494695729619546897,0,0.0,1.0,0.0,1
1494777577636965763,10,190.73,0.3014,530411.05,0
1494918039571679172,0,0.0,1.0,0.0,1
1494918823612241469,0,0.0,1.0,0.0,1
1494930138812977619,0,0.0,1.0,0.0,1
1494933593838255589,1,18.0,0.9341,25389.56,0
1494943656571177396,1,18.0,0.9341,27170.44,0
1495489300484891786,26,156.0,0.4286,393157.14,0
1495542993854694608,4,112.0,0.5897,509128.21,0
1495545009404594331,5,70.0,0.7436,147591.03,0
1495670695851013221,0,0.0,1.0,0.0,1
1495703391007384830,0,0.0,1.0,0.0,1
1496102004831829197,8,96.0,0.6484,456675.16,0
1496178579474557425,0,0.0,1.0,0.0,1
1496306599964039235,3,24.0,0.9121,9498.02,0
1496356950607744562,2,16.0,0.9414,6332.01,0
1496358306511621891,19,114.0,0.5824,404516.26,0
1496375988421035580,10,80.0,0.707,77545.79,0
1496394038113347622,1,8.0,0.9707,3166.01,0
1496400722564234364,0,0.0,1.0,0.0,1
1496454979919517753,0,0.0,1.0,0.0,1
1496698416069829769,0,0.0,1.0,0.0,1
1496713989085294844,9,72.0,0.7363,28494.07,0
1496725260336086871,3,24.0,0.9121,9498.02,0
1496734568010260012,3,24.0,0.9121,9498.02,0
1496766990684161644,0,0.0,1.0,0.0,1
1496793670901922792,0,0.0,1.0,0.0,0
1496849048342322064,0,0.0,1.0,0.0,0
1496949827906487266,30,180.0,0.3407,766740.66,0
1497543452605818537,5,40.0,0.8535,35243.22,0
1497614179286337512,0,0.0,1.0,0.0,1
1497631809357229993,4,32.0,0.8828,12193.41,0
1497669505632066852,3,24.0,0.9121,11166.59,0
1497697848041207684,6,36.0,0.8681,196811.21,0
1497713891147216016,1,8.0,0.9707,3112.53,0
1497823265409734671,1,8.0,0.9707,3711.5,0
1498019382916535856,0,0.0,1.0,0.0,1
1498043577222255613,0,0.0,1.0,0.0,1
1498046280963400251,0,0.0,1.0,0.0,1
1498145292841542524,3,24.0,0.9121,9080.88,0
1498270759104675795,11,66.0,0.7582,789675.49,0
1498295121745885571,2,16.0,0.9414,7423.0,0
1498298588132702736,0,0.0,1.0,0.0,1
1498308230639101170,6,48.0,0.8242,21370.55,0
1498323690389634375,0,0.0,1.0,0.0,1
1498358417517385398,3,24.0,0.9121,9080.88,0
1498369670008814827,0,0.0,1.0,0.0,1
1498379071554014894,2,16.0,0.9414,5626.08,0
1498447370487152857,2,16.0,0.9414,5626.08,0
1498466992779364264,4,32.0,0.8828,11252.16,0
1498514451660140280,0,0.0,1.0,0.0,1
1498566180292295783,0,0.0,1.0,0.0,1
1498626742891720683,1,8.0,0.9707,3465.49,0
1498718453042116907,14,84.0,0.6923,211026.15,0
1498732795305735603,13,78.0,0.7143,186671.43,0
1498842634914650091,3,24.0,0.9121,10075.6,0
1498953348105465585,0,0.0,1.0,0.0,1
1499188304775859817,0,0.0,1.0,0.0,1
1499224960237923065,11,190.73,0.3014,378682.89,0
1499290261460655601,0,0.0,1.0,0.0,1
1499360799825915612,0,0.0,1.0,0.0,1
1499663434704905016,4,24.0,0.9121,216368.79,0
1499802541027293684,0,0.0,1.0,0.0,1
1499820715429248975,6,48.0,0.8242,16878.24,0
1499852243122945115,0,0.0,1.0,0.0,0
1499925999491402292,4,112.0,0.5897,530092.31,0
1500347794616561795,0,0.0,1.0,0.0,1
1500373495125094791,3,54.0,0.8022,136814.84,0
1500384509115317617,0,0.0,1.0,0.0,1
1500441339576469336,0,0.0,1.0,0.0,1
1500448806810547408,0,0.0,1.0,0.0,1
1500460238314023699,2,12.0,0.956,22926.81,0
1500462296909422399,4,24.0,0.9121,51436.92,0
1500546105718746227,7,42.0,0.8462,93271.54,0
1500679647837111315,11,66.0,0.7582,117449.78,0
1500686550318597967,0,0.0,1.0,0.0,1
1500714273993253063,0,0.0,1.0,0.0,1
1500767888413689820,0,0.0,1.0,0.0,1
1501055450092853377,4,32.0,0.8828,11252.16,0
1501073791753216370,0,0.0,1.0,0.0,1
1501186115024793842,20,120.0,0.5604,178248.35,0
1501253414917909563,0,0.0,1.0,0.0,1
1501268748892150719,0,0.0,1.0,0.0,1
1501273399772537977,0,0.0,1.0,0.0,1
1501276438551951634,0,0.0,1.0,0.0,1
1501324857093267782,13,78.0,0.7143,186671.43,0
1501328285810134791,2,16.0,0.9414,15594.73,0
1501363246670457730,0,0.0,1.0,0.0,1
1501420142821040430,1,8.0,0.9707,7765.27,0
1501440293464892199,7,56.0,0.7949,53308.72,0
1501594141290471914,10,60.0,0.7802,132442.86,0
1501612726061240242,8,48.0,0.8242,120586.37,0
1501779790791255349,3,24.0,0.9121,9498.02,0
1501784991071089286,2,120.0,0.5604,1090989.01,0
1501795204260478230,3,24.0,0.9121,11647.91,0
1501805259570799430,4,32.0,0.8828,12664.03,0
1501912209817073780,21,168.0,0.3846,621960.0,0
1502115998833944999,36,190.73,0.3014,721665.03,0
1502372472144201414,16,96.0,0.6484,215759.12,0
1502380237450042943,0,0.0,1.0,0.0,1
1502396751788254186,0,0.0,1.0,0.0,1
1502666255808151242,0,0.0,1.0,0.0,1
1502896042997124401,15,120.0,0.5604,543248.35,0
1502908012503996475,0,0.0,1.0,0.0,1
1502913685851640758,0,0.0,1.0,0.0,1
1502918698290771662,1,18.0,0.9341,45749.34,0
1502924656963132148,1,18.0,0.9341,38120.44,0
1502930939251526356,0,0.0,1.0,0.0,1
1502993218377089287,0,0.0,1.0,0.0,1
1503268594084799927,22,132.0,0.5165,363909.01,0
1503390015610732910,6,190.73,0.3014,413108.6,0
1504051028351073398,2,12.0,0.956,15017.14,0
1504180218396070001,15,90.0,0.6703,138018.13,0
1504288352652873159,0,0.0,1.0,0.0,1
1504295857222328183,0,0.0,1.0,0.0,1
1504317543290079045,1,18.0,0.9341,38698.02,0
1504328068172315155,0,0.0,1.0,0.0,1
1504342362975397147,2,36.0,0.8681,85530.33,0
1504346381948908834,0,0.0,1.0,0.0,0
1504349440179969635,0,0.0,1.0,0.0,1
1504363156181264198,0,0.0,1.0,0.0,1
1504784357916122049,0,0.0,1.0,0.0,0
1505397325107365982,0,0.0,1.0,0.0,1
1505823993738749949,52,190.73,0.3014,1582307.96,0
1505826212341833359,26,156.0,0.4286,333088.57,0
1505978195708893456,7,42.0,0.8462,149650.0,0
1506194865472114907,29,174.0,0.3626,208443.08,0
1506256740241221445,0,0.0,1.0,0.0,1
1506293457154058216,0,0.0,1.0,0.0,1
1506608177676370466,22,132.0,0.5165,289609.45,0
1507099179976167985,19,114.0,0.5824,1267809.45,0
1507270895327785889,8,48.0,0.8242,98189.01,0
1507752149389130935,0,0.0,1.0,0.0,1
1507812292683132647,32,190.73,0.3014,456459.51,0
1507857938287151341,0,0.0,1.0,0.0,1
1508314168460999840,8,80.0,0.707,421742.12,0
1508417548493353247,1,60.0,0.7802,127228.57,0
1508430128255472741,0,0.0,1.0,0.0,1
1508590671714138879,0,0.0,1.0,0.0,1
1508608291600899968,12,120.0,0.5604,540360.44,0
1508640140867273223,0,0.0,1.0,0.0,1
1508689125530518442,5,190.73,0.3014,2571218.55,0
1508980455435650362,3,18.0,0.9341,14632.09,0
1509144019806731146,8,80.0,0.707,294887.91,0
1509209346332171123,0,0.0,1.0,0.0,1
1509227244685703671,0,0.0,1.0,0.0,1
1509417190729769633,4,112.0,0.5897,473189.74,0
1509655446427609805,0,0.0,1.0,0.0,1
1509673950183411524,0,0.0,1.0,0.0,1
1509909039930845483,1,6.0,0.978,20817.03,0
1509916962635970876,0,0.0,1.0,0.0,1
1510061714543751530,0,0.0,1.0,0.0,1
1510123446910280469,35,190.73,0.3014,874413.21,0
1510513857136845818,0,0.0,1.0,0.0,0
1510722560822632269,0,0.0,1.0,0.0,1
1510803546149479265,0,0.0,1.0,0.0,1
1510895097468838810,0,0.0,1.0,0.0,1
1510901219126536012,0,0.0,1.0,0.0,1
1510902020909392302,0,0.0,1.0,0.0,1
1510907385850838856,1,18.0,0.9341,37494.73,0
1511131873523338756,4,24.0,0.9121,51725.71,0
1511266899245411683,25,150.0,0.4505,307041.21,0
1511538770159702897,0,0.0,1.0,0.0,1
1511562483758543428,26,156.0,0.4286,852222.86,0
1511635165285336505,26,156.0,0.4286,325788.57,0
1511641783677375594,0,0.0,1.0,0.0,1
1511642814041716101,0,0.0,1.0,0.0,1
1511649216878432602,1,18.0,0.9341,39997.58,0
1511653921751263933,0,0.0,1.0,0.0,1
1511779138032880885,0,0.0,1.0,0.0,1
1512426263085525469,15,90.0,0.6703,205763.74,0
1512848663726752782,3,30.0,0.8901,75486.81,0
1512869914857846839,0,0.0,1.0,0.0,1
1512919849782468151,0,0.0,1.0,0.0,1
1512926984144515208,0,0.0,1.0,0.0,0
1513030212006999684,0,0.0,1.0,0.0,1
1513058651734420212,2,36.0,0.8681,61512.53,0
1513062006094971620,0,0.0,1.0,0.0,1
1513068621374885523,1,18.0,0.9341,38096.37,0
1513071798350956848,1,18.0,0.9341,38385.16,0
1513082339606348203,0,0.0,1.0,0.0,1
1513126054551487157,2,12.0,0.956,15562.64,0
1513132140184736420,0,0.0,1.0,0.0,1
1513134455725269198,2,12.0,0.956,138330.99,0
1513342760441405180,0,0.0,1.0,0.0,1
1513391835394095320,0,0.0,1.0,0.0,1
1513730952968138700,0,0.0,1.0,0.0,1
1513855503235680380,0,0.0,1.0,0.0,1
1514027066831950527,2,16.0,0.9414,6332.01,0
1514196059153806634,0,0.0,1.0,0.0,1
1514597041932816205,8,64.0,0.7656,391044.69,0
1514894109207042006,0,0.0,1.0,0.0,1
1514939342093062390,3,186.0,0.3187,126330.11,0
1515619005921912093,24,144.0,0.4725,317285.27,0
1515634895201120699,0,0.0,1.0,0.0,1
1515656807935316820,0,0.0,1.0,0.0,1
1515678028061506001,1,18.0,0.9341,36820.88,0
1515718656026347806,1,18.0,0.9341,33283.19,0
1515815123651562811,8,64.0,0.7656,50827.25,0
1515924423369411654,0,0.0,1.0,0.0,1
1515955933964367070,0,0.0,1.0,0.0,1
1516013143302437358,17,102.0,0.6264,205651.43,0
1516016549700227121,0,0.0,1.0,0.0,1
1516257210297983736,15,90.0,0.6703,760363.19,0
1516427182632585621,0,0.0,1.0,0.0,1
1516541838837053711,30,180.0,0.3407,801636.26,0
1516562928257904814,15,90.0,0.6703,400818.13,0
1516685216062297626,0,0.0,1.0,0.0,1
1516754368077266042,22,132.0,0.5165,520096.92,0
1516757847964680333,0,0.0,1.0,0.0,1
1517253247374957184,0,0.0,1.0,0.0,1
1517951500218669301,0,0.0,1.0,0.0,1
1517958350026006622,0,0.0,1.0,0.0,1
1518150867409946450,0,0.0,1.0,0.0,1
1518732350564024084,9,54.0,0.8022,353480.44,0
1518737907279350086,11,66.0,0.7582,154334.84,0
1518783124112547210,2,12.0,0.956,43286.59,0
1518787315802820219,7,42.0,0.8462,153131.54,0
1518912522829564599,2,12.0,0.956,123442.2,0
1518914964936396669,13,78.0,0.7143,510582.86,0
1518921804842359895,9,54.0,0.8022,252547.91,0
1518924830700557118,16,96.0,0.6484,448974.07,0
1518927959915358319,13,78.0,0.7143,182395.71,0
1518939864269480032,0,0.0,1.0,0.0,1
1519167213817189920,16,96.0,0.6484,168782.42,0
1519410366821963984,0,0.0,1.0,0.0,1
1519487046941064382,28,168.0,0.3846,1617230.77,0
1519646777176793559,0,0.0,1.0,0.0,1
1519941794761556205,0,0.0,1.0,0.0,1
1519959147541017492,0,0.0,1.0,0.0,1
1519964655036817237,0,0.0,1.0,0.0,1
1519972439178033709,0,0.0,1.0,0.0,1
1520154138910122194,0,0.0,1.0,0.0,1
1520161774082704426,0,0.0,1.0,0.0,1
1520166287030776472,0,0.0,1.0,0.0,1
1520267716900054959,73,190.73,0.3014,868803.1,0
