id,property_type_code,photo_design_sense
68398,11,0.5
271733,11,0.5
272314,11,0.5
289296,11,0.5
289298,11,0.5
333362,5,0.5
646629,5,0.5
718493,11,0.5
761561,11,0.5
869581,5,0.5
963051,23,0.5
983054,28,0.5
1015037,11,0.5
1037747,11,0.5
1072856,37,0.5
1072857,38,0.5
1094125,11,0.5
1097851,5,0.5
1120179,11,0.5
1126278,17,0.5
1139869,9,0.5
1259320,5,0.5
1297987,11,0.5
1599241,28,0.5
1618365,28,0.5
1631691,11,0.5
1664910,5,0.5
1671130,5,0.5
1689077,11,0.5
1701140,11,0.5
1718240,5,0.5
1804621,11,0.5
1805413,11,0.5
1805783,11,0.5
1808483,8,0.5
1828204,11,0.5
1828230,11,0.5
1838199,11,0.5
1838528,28,0.5
1849010,28,0.5
1884880,11,0.5
1911361,28,0.5
1933639,39,0.5
1938837,11,0.5
1980573,5,0.5
2075962,11,0.5
2084454,19,0.5
2114695,28,0.5
2263430,11,0.5
2365294,28,0.5
2429479,23,0.5
2498582,28,0.5
2498747,28,0.5
2498893,46,0.5
2553760,28,0.5
2632210,11,0.5
2637590,11,0.5
2678719,46,0.5
2753686,9,0.5
2808875,11,0.5
2969214,11,0.5
3028074,5,0.5
3062366,5,0.5
3070785,28,0.5
3106555,8,0.5
3186548,5,0.5
3214180,5,0.5
3304239,11,0.5
3399891,9,0.5
3407985,19,0.5
3485675,28,0.5
3499060,28,0.5
3840606,11,0.5
3879242,5,0.5
3908056,5,0.5
3919250,11,0.5
3933100,11,0.5
3953759,11,0.5
3975942,11,0.5
4014018,5,0.5
4014179,8,0.5
4018116,5,0.5
4035563,28,0.5
4054999,5,0.5
4106145,11,0.5
4106431,11,0.5
4118004,8,0.5
4148503,11,0.5
4317397,8,0.5
4318191,8,0.5
4320299,11,0.5
4372441,11,0.5
4467294,44,0.5
4468613,40,0.5
4495681,23,0.5
4495844,11,0.5
4507773,8,0.5
4520900,11,0.5
4541617,9,0.5
4561084,23,0.5
4568861,9,0.5
4607827,28,0.5
4630004,8,0.5
4702288,8,0.5
4702374,23,0.5
4738149,28,0.5
4749034,8,0.5
4777225,11,0.5
4844292,9,0.5
4845099,14,0.5
4848637,23,0.5
4851830,11,0.5
4863470,23,0.5
4890403,28,0.5
4892246,23,0.5
4894283,23,0.5
4912003,28,0.5
4934107,31,0.5
4938261,31,0.5
4944433,31,0.5
4944559,31,0.5
4951590,9,0.5
4969123,13,0.5
4984328,11,0.5
5001526,11,0.5
5081030,11,0.5
5081189,11,0.5
5111903,28,0.5
5184999,11,0.5
5193504,11,0.5
5222553,5,0.5
5290265,11,0.5
5352519,11,0.5
5369168,11,0.5
5392448,11,0.5
5395912,38,0.5
5448667,28,0.5
5472730,23,0.5
5475006,28,0.5
5475668,28,0.5
5515015,31,0.5
5575829,9,0.5
5607149,31,0.5
5608812,28,0.5
5673023,31,0.5
5680005,11,0.5
5731739,11,0.5
5770849,11,0.5
5848620,23,0.5
5854576,11,0.5
5966970,11,0.5
5976179,5,0.5
6008427,28,0.5
6023644,28,0.5
6046711,23,0.5
6050738,9,0.5
6068270,9,0.5
6087214,8,0.5
6094681,28,0.5
6110481,5,0.5
6121089,31,0.5
6121199,12,0.5
6173828,28,0.5
6196233,9,0.5
6217090,28,0.5
6224868,8,0.5
6234488,5,0.5
6243561,5,0.5
6314122,11,0.5
6377639,11,0.5
6380635,31,0.5
6380722,31,0.5
6380811,31,0.5
6380940,31,0.5
6386082,24,0.5
6400213,5,0.5
6405839,11,0.5
6511572,11,0.5
6511868,11,0.5
6546414,11,0.5
6554371,11,0.5
6567840,9,0.5
6597813,11,0.5
6694505,11,0.5
6753698,28,0.5
6771979,11,0.5
6816756,11,0.5
6898486,5,0.5
6902353,11,0.5
6996925,11,0.5
7014236,37,0.5
7045673,9,0.5
7196744,5,0.5
7236737,5,0.5
7283802,28,0.5
7312737,11,0.5
7319733,11,0.5
7351938,28,0.5
7370637,11,0.5
7375824,11,0.5
7658761,8,0.5
7724648,11,0.5
7725908,5,0.5
7797772,11,0.5
7848303,11,0.5
7861901,19,0.5
7864125,28,0.5
7922657,11,0.5
7931592,11,0.5
8002342,28,0.5
8118749,28,0.5
8137719,11,0.5
8202791,28,0.5
8214630,28,0.5
8260269,11,0.5
8323680,8,0.5
8383669,5,0.5
8384357,28,0.5
8395269,23,0.5
8428125,5,0.5
8431901,5,0.5
8479555,11,0.5
8547900,11,0.5
8592007,8,0.5
8613386,5,0.5
8620493,11,0.5
8712419,5,0.5
8751539,8,0.5
8781059,11,0.5
8880657,9,0.5
8893269,5,0.5
9051375,11,0.5
9053364,11,0.5
9054031,28,0.5
9121994,9,0.5
9144261,5,0.5
9202653,5,0.5
9292277,5,0.5
9311543,11,0.5
9372986,11,0.5
9413296,11,0.5
9419095,28,0.5
9438346,11,0.5
9457310,11,0.5
9466812,11,0.5
9468976,11,0.5
9471108,5,0.5
9535176,11,0.5
9622276,28,0.5
9669477,8,0.5
9686963,11,0.5
9715354,11,0.5
9788632,11,0.5
9852663,11,0.5
9868533,19,0.5
9950852,11,0.5
9988638,5,0.5
10047044,19,0.5
10096368,11,0.5
10150463,28,0.5
10150804,28,0.5
10151418,28,0.5
10167061,28,0.5
10196520,23,0.5
10232580,5,0.5
10254998,11,0.5
10296809,8,0.5
10301726,8,0.5
10448762,11,0.5
10463842,28,0.5
10483990,11,0.5
10530378,31,0.5
10554878,37,0.5
10558422,37,0.5
10559106,37,0.5
10560003,5,0.5
10576868,37,0.5
10578817,11,0.5
10579389,11,0.5
10596335,11,0.5
10619369,5,0.5
10619401,37,0.5
10619884,37,0.5
10620143,37,0.5
10620342,37,0.5
10650328,11,0.5
10689015,11,0.5
10740773,28,0.5
10742557,11,0.5
10753725,11,0.5
10755410,11,0.5
10755679,11,0.5
10758473,28,0.5
10844845,28,0.5
10845204,28,0.5
10845460,28,0.5
10846244,28,0.5
10847380,28,0.5
10847892,28,0.5
10848436,28,0.5
11007917,9,0.5
11024330,28,0.5
11026681,5,0.5
11129625,11,0.5
11140660,11,0.5
11183004,5,0.5
11246441,23,0.5
11301973,5,0.5
11324283,11,0.5
11327928,11,0.5
11330930,8,0.5
11402960,9,0.5
11540482,28,0.5
11561837,11,0.5
11660562,28,0.5
11679874,28,0.5
11686801,11,0.5
11693088,28,0.5
11839710,9,0.5
11873875,11,0.5
11977286,11,0.5
11984141,21,0.5
12044977,11,0.5
12073442,11,0.5
12078891,11,0.5
12080926,19,0.5
12085043,5,0.5
12128820,5,0.5
12163734,28,0.5
12177438,11,0.5
12195168,5,0.5
12221943,11,0.5
12255487,11,0.5
12333661,28,0.5
12367961,33,0.5
12396857,11,0.5
12473860,28,0.5
12482688,33,0.5
12482897,33,0.5
12482913,33,0.5
12483996,11,0.5
12559667,28,0.5
12617215,11,0.5
12629735,11,0.5
12629805,11,0.5
12765506,28,0.5
12767952,9,0.5
12796531,5,0.5
12815108,46,0.5
12815941,46,0.5
12892380,8,0.5
12897349,5,0.5
12909519,28,0.5
12937970,28,0.5
12991166,11,0.5
12999941,28,0.5
13032793,8,0.5
13034881,11,0.5
13132837,5,0.5
13155905,11,0.5
13227358,5,0.5
13273687,9,0.5
13316714,11,0.5
13324212,5,0.5
13364884,11,0.5
13380983,11,0.5
13406169,9,0.5
13540710,28,0.5
13563942,46,0.5
13610279,11,0.5
13611755,42,0.5
13649155,9,0.5
13660847,11,0.5
13742219,5,0.5
13780908,49,0.5
13802886,9,0.5
13855114,28,0.5
13901288,5,0.5
13906407,11,0.5
13928722,11,0.5
13945956,28,0.5
14003706,28,0.5
14066109,24,0.5
14066252,28,0.5
14068043,44,0.5
14068140,46,0.5
14069575,44,0.5
14070634,44,0.5
14071140,44,0.5
14119540,11,0.5
14158491,39,0.5
14188621,5,0.5
14214031,9,0.5
14241304,11,0.5
14305998,11,0.5
14322087,11,0.5
14322882,11,0.5
14396024,5,0.5
14397837,5,0.5
14421878,8,0.5
14529227,28,0.5
14541211,11,0.5
14559030,46,0.5
14569313,28,0.5
14582309,11,0.5
14623736,5,0.5
14757959,11,0.5
14893120,5,0.5
14944407,11,0.5
14964333,28,0.5
15035792,9,0.5
15044520,5,0.5
15107917,11,0.5
15141830,9,0.5
15148535,19,0.5
15215432,11,0.5
15274263,5,0.5
15305332,11,0.5
15364905,37,0.5
15379517,37,0.5
15415503,11,0.5
15455911,11,0.5
15457178,37,0.5
15523177,11,0.5
15526050,11,0.5
15527182,11,0.5
15539399,19,0.5
15572071,11,0.5
15707390,11,0.5
15709563,11,0.5
15736839,28,0.5
15754576,10,0.5
15766267,39,0.5
15769019,10,0.5
15769542,10,0.5
15791078,11,0.5
15859205,5,0.5
15864975,5,0.5
15891578,11,0.5
15911332,5,0.5
15934211,11,0.5
15943600,11,0.5
15948484,5,0.5
15954301,5,0.5
15964784,11,0.5
15966400,11,0.5
15966454,11,0.5
16065284,5,0.5
16078176,5,0.5
16080061,11,0.5
16089419,11,0.5
16138944,38,0.5
16142591,5,0.5
16149678,11,0.5
16194730,11,0.5
16203170,5,0.5
16215192,8,0.5
16235414,11,0.5
16275341,11,0.5
16340566,28,0.5
16369174,5,0.5
16374348,28,0.5
16424173,28,0.5
16459905,5,0.5
16460912,5,0.5
16469777,9,0.5
16481066,11,0.5
16526138,5,0.5
16550758,13,0.5
16552078,39,0.5
16553999,11,0.5
16581486,28,0.5
16593304,11,0.5
16739098,5,0.5
16820621,11,0.5
16836349,5,0.5
16860797,5,0.5
16877750,19,0.5
16916799,11,0.5
16965201,11,0.5
16965572,11,0.5
17025316,11,0.5
17025907,38,0.5
17032186,5,0.5
17105691,5,0.5
17110793,19,0.5
17206882,5,0.5
17213225,11,0.5
17216033,11,0.5
17248878,11,0.5
17273007,5,0.5
17287805,28,0.5
17347962,11,0.5
17369769,9,0.5
17583027,5,0.5
17629624,8,0.5
17661973,5,0.5
17686934,28,0.5
17689778,11,0.5
17839590,28,0.5
17839907,28,0.5
17851610,6,0.5
17858551,28,0.5
17859630,28,0.5
17860965,28,0.5
17918107,28,0.5
17928951,11,0.5
17930233,11,0.5
17946966,5,0.5
17982233,39,0.5
18020148,5,0.5
18060986,5,0.5
18072488,11,0.5
18182753,28,0.5
18201847,11,0.5
18203178,28,0.5
18219195,5,0.5
18233385,11,0.5
18255479,5,0.5
18258105,11,0.5
18297846,5,0.5
18421633,11,0.5
18423691,28,0.5
18433648,11,0.5
18469735,11,0.5
18473872,5,0.5
18492644,11,0.5
18584300,5,0.5
18587625,11,0.5
18596203,19,0.5
18604818,2,0.5
18621578,28,0.5
18622727,36,0.5
18639148,36,0.5
18641647,11,0.5
18676657,28,0.5
18710038,36,0.5
18766785,36,0.5
18794968,28,0.5
18795799,28,0.5
18796471,28,0.5
18798963,28,0.5
18799589,28,0.5
18799698,21,0.5
18800405,11,0.5
18801946,28,0.5
18818844,12,0.5
18849268,28,0.5
18865759,9,0.5
18909518,28,0.5
18909751,28,0.5
18935800,28,0.5
18936182,28,0.5
18936196,28,0.5
18936207,28,0.5
18936218,28,0.5
18944766,36,0.5
18964686,11,0.5
19091146,11,0.5
19103948,28,0.5
19144139,28,0.5
19147088,28,0.5
19155182,9,0.5
19163612,28,0.5
19170812,5,0.5
19173551,28,0.5
19201503,11,0.5
19203083,28,0.5
19220529,9,0.5
19241006,11,0.5
19257448,28,0.5
19296085,28,0.5
19305100,39,0.5
19315872,28,0.5
19387277,28,0.5
19459682,39,0.5
19482920,28,0.5
19496584,28,0.5
19508482,28,0.5
19513449,6,0.5
19583881,5,0.5
19627394,11,0.5
19631662,11,0.5
19684277,11,0.5
19832230,11,0.5
19842055,11,0.5
19842634,11,0.5
19927036,5,0.5
19980159,5,0.5
20002194,11,0.5
20022845,11,0.5
20043720,11,0.5
20057949,11,0.5
20058047,11,0.5
20059264,11,0.5
20060375,11,0.5
20065266,14,0.5
20074760,28,0.5
20083682,11,0.5
20183528,5,0.5
20193815,5,0.5
20206353,11,0.5
20296253,11,0.5
20352146,39,0.5
20363597,9,0.5
20428824,28,0.5
20442991,28,0.5
20461192,11,0.5
20492638,28,0.5
20517472,11,0.5
20559000,28,0.5
20699662,11,0.5
20700715,11,0.5
20701142,11,0.5
20743643,28,0.5
20767814,11,0.5
20777741,28,0.5
20791615,42,0.5
20807129,28,0.5
20810353,28,0.5
20813572,5,0.5
20894718,39,0.5
20902719,5,0.5
20910737,11,0.5
20920033,11,0.5
20963326,11,0.5
20984231,28,0.5
20984907,5,0.5
20985359,11,0.5
20988820,5,0.5
20989755,5,0.5
21049093,11,0.5
21059299,39,0.5
21061129,11,0.5
21068935,11,0.5
21071253,11,0.5
21083767,11,0.5
21084463,5,0.5
21100732,28,0.5
21133929,9,0.5
21177190,28,0.5
21245848,39,0.5
21245850,39,0.5
21245851,39,0.5
21274837,28,0.5
21393080,5,0.5
21435436,9,0.5
21552847,39,0.5
21553726,39,0.5
21561990,11,0.5
21568771,11,0.5
21606341,39,0.5
21626266,11,0.5
21636330,11,0.5
21650100,11,0.5
21692382,11,0.5
21702810,11,0.5
21703615,12,0.5
21718399,5,0.5
21759941,11,0.5
21761278,11,0.5
21806594,28,0.5
21853514,11,0.5
21853637,11,0.5
21853919,11,0.5
21854628,5,0.5
21854658,9,0.5
21856438,12,0.5
21859322,11,0.5
21875909,5,0.5
21884255,28,0.5
21908377,11,0.5
21920700,11,0.5
21932834,19,0.5
21943689,11,0.5
22040354,39,0.5
22053491,11,0.5
22067127,28,0.5
22090275,5,0.5
22151874,28,0.5
22156573,9,0.5
22167179,46,0.5
22172055,5,0.5
22268700,11,0.5
22284072,11,0.5
22287146,28,0.5
22310998,28,0.5
22346072,5,0.5
22349059,19,0.5
22351014,9,0.5
22362603,11,0.5
22380641,21,0.5
22417265,11,0.5
22457416,5,0.5
22457555,5,0.5
22472344,28,0.5
22475902,46,0.5
22481505,5,0.5
22486515,11,0.5
22552790,11,0.5
22609995,11,0.5
22655969,28,0.5
22694293,5,0.5
22719837,19,0.5
22721597,5,0.5
22754904,11,0.5
22758392,5,0.5
22858155,8,0.5
22859422,11,0.5
22868412,5,0.5
22869464,11,0.5
22869912,11,0.5
22891563,11,0.5
22894297,11,0.5
22946056,11,0.5
22986586,11,0.5
22995818,5,0.5
23045902,11,0.5
23050658,19,0.5
23084840,5,0.5
23093178,11,0.5
23100152,11,0.5
23228459,5,0.5
23258620,11,0.5
23259274,11,0.5
23281011,28,0.5
23319648,19,0.5
23319845,5,0.5
23332802,28,0.5
23344386,28,0.5
23361112,28,0.5
23419557,5,0.5
23424883,11,0.5
23467163,5,0.5
23551726,5,0.5
23555386,11,0.5
23577267,5,0.5
23616457,33,0.5
23681472,11,0.5
23708394,11,0.5
23751860,19,0.5
23753753,11,0.5
23760253,9,0.5
23802309,5,0.5
23886500,28,0.5
23893047,46,0.5
23904098,28,0.5
23904915,28,0.5
23907847,28,0.5
23913737,5,0.5
23928968,12,0.5
23947018,11,0.5
23951577,46,0.5
23967400,39,0.5
23985166,11,0.5
24021587,11,0.5
24027795,23,0.5
24044395,28,0.5
24091046,28,0.5
24091324,28,0.5
24091419,28,0.5
24091621,28,0.5
24095440,46,0.5
24261113,11,0.5
24290990,28,0.5
24292042,36,0.5
24296252,36,0.5
24296597,36,0.5
24384566,11,0.5
24418893,11,0.5
24438476,38,0.5
24438550,36,0.5
24501277,5,0.5
24507520,46,0.5
24534022,5,0.5
24534421,11,0.5
24550547,28,0.5
24585098,28,0.5
24585159,28,0.5
24585171,28,0.5
24585186,28,0.5
24612655,28,0.5
24613432,28,0.5
24616021,11,0.5
24634328,28,0.5
24684289,11,0.5
24704963,11,0.5
24738091,11,0.5
24740273,5,0.5
24742544,8,0.5
24762910,5,0.5
24808520,11,0.5
24865860,9,0.5
24884689,11,0.5
24943872,28,0.5
25036369,11,0.5
25046318,19,0.5
25086508,24,0.5
25117247,37,0.5
25168381,9,0.5
25202607,11,0.5
25218191,11,0.5
25248826,46,0.5
25295259,5,0.5
25371205,11,0.5
25382058,11,0.5
25414070,11,0.5
25415869,5,0.5
25464974,46,0.5
25465270,46,0.5
25465485,46,0.5
25548912,28,0.5
25566294,46,0.5
25593739,5,0.5
25698680,36,0.5
25748635,37,0.5
25748834,37,0.5
25749452,37,0.5
25749661,37,0.5
25749737,37,0.5
25749899,37,0.5
25831185,19,0.5
25844726,39,0.5
25849520,28,0.5
25920699,11,0.5
25949113,28,0.5
25994610,11,0.5
26052777,39,0.5
26054202,5,0.5
26112635,28,0.5
26318460,5,0.5
26338358,46,0.5
26443606,5,0.5
26612419,23,0.5
26746623,9,0.5
26904834,11,0.5
26925750,28,0.5
26986835,5,0.5
27101306,28,0.5
27172939,5,0.5
27176084,11,0.5
27449633,36,0.5
27450089,36,0.5
27450769,36,0.5
27450963,36,0.5
27466662,11,0.5
27540766,9,0.5
27563523,28,0.5
27617765,5,0.5
27668350,46,0.5
27766000,46,0.5
27766337,46,0.5
27771760,5,0.5
27800610,11,0.5
27818462,5,0.5
27846788,19,0.5
27866055,11,0.5
27931870,11,0.5
28039073,46,0.5
28039885,11,0.5
28046611,11,0.5
28142373,9,0.5
28230980,39,0.5
28322575,5,0.5
28323286,11,0.5
28324203,28,0.5
28352185,5,0.5
28366424,11,0.5
28384288,11,0.5
28445276,36,0.5
28445613,36,0.5
28445909,36,0.5
28446160,36,0.5
28446231,36,0.5
28451387,9,0.5
28500779,36,0.5
28501419,36,0.5
28565895,5,0.5
28583845,39,0.5
28593440,28,0.5
28595038,28,0.5
28645855,28,0.5
28649132,11,0.5
28650752,9,0.5
28660683,9,0.5
28697457,28,0.5
28745633,11,0.5
28749013,9,0.5
28790125,5,0.5
28991073,37,0.5
28991240,37,0.5
28991272,37,0.5
28991443,37,0.5
29003767,11,0.5
29019183,11,0.5
29039632,5,0.5
29083122,5,0.5
29095335,5,0.5
29190852,5,0.5
29191584,5,0.5
29242260,19,0.5
29275215,5,0.5
29325450,35,0.5
29347449,5,0.5
29376773,37,0.5
29377530,37,0.5
29377699,37,0.5
29429545,19,0.5
29448053,5,0.5
29464958,36,0.5
29465094,36,0.5
29466291,36,0.5
29466557,36,0.5
29481861,5,0.5
29510736,19,0.5
29578611,23,0.5
29641333,5,0.5
29645450,11,0.5
29647183,28,0.5
29695831,5,0.5
29772565,9,0.5
29834620,36,0.5
29834725,36,0.5
29834748,36,0.5
29857924,5,0.5
29863158,5,0.5
29871898,11,0.5
29917320,28,0.5
29931374,11,0.5
29937883,28,0.5
29970232,28,0.5
29981990,11,0.5
29999814,5,0.5
30036552,5,0.5
30052352,11,0.5
30057319,27,0.5
30093962,11,0.5
30116094,28,0.5
30120316,5,0.5
30121481,11,0.5
30133964,5,0.5
30167163,9,0.5
30217644,11,0.5
30298244,19,0.5
30300464,28,0.5
30309446,11,0.5
30365916,9,0.5
30386138,9,0.5
30440658,11,0.5
30519766,11,0.5
30525204,28,0.5
30684355,11,0.5
30718609,11,0.5
30723491,11,0.5
30732180,9,0.5
30750835,5,0.5
30752287,5,0.5
30759308,9,0.5
30773368,11,0.5
30775815,11,0.5
30777780,11,0.5
30778756,11,0.5
30782085,9,0.5
30783481,11,0.5
30797346,11,0.5
30801102,5,0.5
30801892,5,0.5
30803593,28,0.5
30805091,9,0.5
30810390,5,0.5
30811501,11,0.5
30820468,11,0.5
30826101,11,0.5
30826397,11,0.5
30826623,11,0.5
30829362,9,0.5
30844169,11,0.5
30848036,5,0.5
30872439,5,0.5
30872998,5,0.5
30893366,5,0.5
30894549,11,0.5
30921383,11,0.5
30942845,28,0.5
30943684,5,0.5
30960936,11,0.5
31032634,5,0.5
31036502,2,0.5
31047362,11,0.5
31066666,19,0.5
31067050,19,0.5
31069844,28,0.5
31075878,28,0.5
31096568,5,0.5
31131513,33,0.5
31223107,11,0.5
31322531,11,0.5
31341976,5,0.5
31342736,11,0.5
31425654,19,0.5
31472281,11,0.5
31481417,9,0.5
31548380,11,0.5
31548460,28,0.5
31574896,28,0.5
31583098,11,0.5
31587203,5,0.5
31588389,9,0.5
31603370,11,0.5
31636716,5,0.5
31651235,46,0.5
31654997,37,0.5
31655065,37,0.5
31655072,37,0.5
31655077,37,0.5
31663551,39,0.5
31689279,5,0.5
31772683,28,0.5
31814262,11,0.5
31814285,11,0.5
31940964,19,0.5
31948870,39,0.5
31962209,19,0.5
31994481,5,0.5
31997428,28,0.5
32041209,19,0.5
32057946,5,0.5
32078377,5,0.5
32153749,9,0.5
32197474,11,0.5
32243987,19,0.5
32283138,42,0.5
32302715,19,0.5
32341732,11,0.5
32457413,28,0.5
32462591,19,0.5
32509143,11,0.5
32577066,11,0.5
32651464,28,0.5
32660141,5,0.5
32661173,19,0.5
32727202,23,0.5
32734463,9,0.5
32769562,11,0.5
32795696,37,0.5
32795795,37,0.5
32795935,37,0.5
32796134,37,0.5
32821959,37,0.5
32822019,37,0.5
32822052,37,0.5
32848222,28,0.5
32969621,28,0.5
33002482,28,0.5
33063738,28,0.5
33063759,28,0.5
33081068,28,0.5
33109150,11,0.5
33121758,5,0.5
33132555,5,0.5
33133564,31,0.5
33177268,11,0.5
33232203,28,0.5
33238225,9,0.5
33253029,5,0.5
33253254,5,0.5
33322475,37,0.5
33322540,44,0.5
33322577,37,0.5
33325593,19,0.5
33332077,11,0.5
33474988,28,0.5
33536980,11,0.5
33624785,46,0.5
33666617,28,0.5
33698861,9,0.5
33706729,11,0.5
33721411,5,0.5
33733132,28,0.5
33762326,5,0.5
33840458,11,0.5
33947510,5,0.5
33951132,28,0.5
34045581,11,0.5
34069448,13,0.5
34083082,19,0.5
34085448,11,0.5
34128413,11,0.5
34159694,11,0.5
34160586,11,0.5
34161395,11,0.5
34161813,11,0.5
34162211,11,0.5
34162410,11,0.5
34162658,11,0.5
34242609,42,0.5
34244190,11,0.5
34244447,9,0.5
34248422,28,0.5
34381521,11,0.5
34389513,5,0.5
34402355,11,0.5
34408209,7,0.5
34433541,11,0.5
34498530,5,0.5
34546616,36,0.5
34546782,36,0.5
34581872,12,0.5
34584520,31,0.5
34585766,31,0.5
34587256,12,0.5
34631751,28,0.5
34656239,11,0.5
34704789,5,0.5
34706008,11,0.5
34708387,39,0.5
34742616,28,0.5
34759982,9,0.5
34829989,11,0.5
34876746,5,0.5
34897346,11,0.5
34911537,28,0.5
34916199,36,0.5
34917187,36,0.5
35082474,11,0.5
35102620,5,0.5
35131035,11,0.5
35151208,35,0.5
35206331,11,0.5
35211573,5,0.5
35267317,28,0.5
35354880,28,0.5
35435235,11,0.5
35456258,11,0.5
35474740,28,0.5
35523563,46,0.5
35527272,9,0.5
35583592,11,0.5
35584078,11,0.5
35585028,11,0.5
35608644,11,0.5
35642455,5,0.5
35651065,9,0.5
35776223,9,0.5
35810811,11,0.5
35812961,11,0.5
35813632,11,0.5
35819282,11,0.5
35820687,11,0.5
35821024,11,0.5
35822363,11,0.5
35826042,11,0.5
35851528,28,0.5
35851865,28,0.5
35858437,9,0.5
35886933,9,0.5
35920557,11,0.5
35923505,11,0.5
35961815,5,0.5
35978172,11,0.5
36115221,28,0.5
36139017,11,0.5
36141258,11,0.5
36242960,5,0.5
36266781,11,0.5
36330554,5,0.5
36360947,5,0.5
36391069,28,0.5
36405754,28,0.5
36579371,11,0.5
36593080,5,0.5
36617687,28,0.5
36618830,28,0.5
36652170,9,0.5
36690786,5,0.5
36772802,11,0.5
36792797,11,0.5
36834831,11,0.5
36888456,5,0.5
36921817,5,0.5
37003376,5,0.5
37192372,11,0.5
37243459,11,0.5
37244197,11,0.5
37306040,5,0.5
37345859,5,0.5
37346630,5,0.5
37346999,5,0.5
37347210,5,0.5
37347465,5,0.5
37347732,5,0.5
37348285,5,0.5
37370190,11,0.5
37408936,11,0.5
37444566,5,0.5
37445494,5,0.5
37450086,11,0.5
37581850,5,0.5
37582997,5,0.5
37583183,5,0.5
37651075,28,0.5
37694427,28,0.5
37728897,5,0.5
37733212,28,0.5
37760838,5,0.5
37791878,5,0.5
37792801,11,0.5
37876323,9,0.5
37976781,5,0.5
37976841,5,0.5
37977658,36,0.5
37977678,36,0.5
37977701,36,0.5
37977737,36,0.5
37977752,36,0.5
37977793,36,0.5
37977824,36,0.5
37977858,36,0.5
37977876,36,0.5
37978314,36,0.5
37978417,36,0.5
37992358,11,0.5
38006248,37,0.5
38006820,37,0.5
38007063,37,0.5
38007231,37,0.5
38007299,37,0.5
38007413,37,0.5
38083345,36,0.5
38083374,36,0.5
38083458,36,0.5
38083488,36,0.5
38083517,36,0.5
38088187,28,0.5
38118051,5,0.5
38270829,28,0.5
38341532,11,0.5
38345826,11,0.5
38351841,11,0.5
38364589,5,0.5
38473632,5,0.5
38483189,11,0.5
38534653,28,0.5
38615185,28,0.5
38616645,31,0.5
38616864,31,0.5
38638117,19,0.5
38727191,5,0.5
38737126,11,0.5
38816655,11,0.5
38864059,5,0.5
38871852,11,0.5
38962582,11,0.5
38963285,31,0.5
38963376,28,0.5
39022896,11,0.5
39143921,28,0.5
39157420,5,0.5
39166465,5,0.5
39168624,28,0.5
39172513,5,0.5
39180101,8,0.5
39207395,38,0.5
39210071,28,0.5
39346856,5,0.5
39358911,11,0.5
39378715,11,0.5
39379045,11,0.5
39380689,11,0.5
39381614,23,0.5
39401138,8,0.5
39403539,8,0.5
39409321,11,0.5
39423910,11,0.5
39426504,11,0.5
39426944,11,0.5
39428970,11,0.5
39429814,11,0.5
39439508,11,0.5
39496821,11,0.5
39498043,11,0.5
39511622,11,0.5
39516233,11,0.5
39520591,22,0.5
39522137,5,0.5
39523820,5,0.5
39524157,5,0.5
39538798,11,0.5
39565705,11,0.5
39566070,11,0.5
39566337,11,0.5
39589698,11,0.5
39594976,28,0.5
39634853,11,0.5
39637334,11,0.5
39637838,11,0.5
39638150,11,0.5
39638416,11,0.5
39638768,11,0.5
39640095,28,0.5
39680853,11,0.5
39707660,28,0.5
39711074,11,0.5
39736541,11,0.5
39737113,11,0.5
39758627,11,0.5
39864435,5,0.5
39872818,11,0.5
39887118,19,0.5
39988657,5,0.5
39999663,28,0.5
40017096,11,0.5
40142156,19,0.5
40146493,11,0.5
40161986,11,0.5
40167599,28,0.5
40168607,28,0.5
40183907,28,0.5
40210827,7,0.5
40235139,11,0.5
40243855,28,0.5
40287716,11,0.5
40330069,9,0.5
40383857,11,0.5
40435462,19,0.5
40454396,9,0.5
40454467,11,0.5
40456965,11,0.5
40472154,11,0.5
40520418,28,0.5
40540357,9,0.5
40545805,36,0.5
40545898,36,0.5
40546047,36,0.5
40546226,36,0.5
40623530,28,0.5
40626194,36,0.5
40688651,28,0.5
40699557,5,0.5
40710555,11,0.5
40712061,11,0.5
40719920,11,0.5
40722729,11,0.5
40725612,11,0.5
40741334,28,0.5
40759979,28,0.5
40762751,5,0.5
40768674,28,0.5
40787503,11,0.5
40788129,11,0.5
40791818,19,0.5
40815219,11,0.5
40876586,5,0.5
40934739,8,0.5
40959874,9,0.5
40993724,11,0.5
41018042,28,0.5
41047983,28,0.5
41067688,11,0.5
41067748,5,0.5
41099812,11,0.5
41103155,12,0.5
41141684,28,0.5
41141967,28,0.5
41207585,11,0.5
41218789,12,0.5
41269627,8,0.5
41301655,11,0.5
41305522,11,0.5
41447976,11,0.5
41448819,11,0.5
41451338,11,0.5
41487133,5,0.5
41489769,8,0.5
41500292,11,0.5
41510616,44,0.5
41595137,28,0.5
41595759,28,0.5
41596224,28,0.5
41596672,28,0.5
41598553,11,0.5
41653320,11,0.5
41845643,5,0.5
41846583,24,0.5
41850381,11,0.5
41987332,5,0.5
41987464,9,0.5
41988301,11,0.5
42025259,11,0.5
42077243,19,0.5
42144624,11,0.5
42165035,11,0.5
42187834,28,0.5
42198596,11,0.5
42209914,7,0.5
42243271,28,0.5
42300382,11,0.5
42320762,11,0.5
42322213,11,0.5
42322344,11,0.5
42322478,11,0.5
42461460,11,0.5
42503638,11,0.5
42527718,11,0.5
42527950,11,0.5
42528165,11,0.5
42528309,11,0.5
42530293,11,0.5
42575014,11,0.5
42667796,9,0.5
42695874,36,0.5
42725277,9,0.5
42752843,5,0.5
42766333,2,0.5
42905783,11,0.5
42920325,11,0.5
42920773,11,0.5
42925219,11,0.5
42925779,8,0.5
43002514,28,0.5
43012864,28,0.5
43080781,5,0.5
43082358,35,0.5
43085445,42,0.5
43087794,11,0.5
43102878,11,0.5
43135153,28,0.5
43136107,28,0.5
43136668,28,0.5
43173520,28,0.5
43173879,28,0.5
43225361,11,0.5
43233588,11,0.5
43314389,19,0.5
43330618,5,0.5
43331656,11,0.5
43408241,11,0.5
43455535,28,0.5
43475850,9,0.5
43481183,5,0.5
43481374,5,0.5
43492183,5,0.5
43522223,11,0.5
43548104,12,0.5
43570062,5,0.5
43675160,5,0.5
43779776,19,0.5
43873637,11,0.5
43916818,11,0.5
43917341,11,0.5
43956761,11,0.5
43975304,5,0.5
43989236,11,0.5
44055182,28,0.5
44112279,11,0.5
44197305,11,0.5
44198986,5,0.5
44201965,5,0.5
44239294,11,0.5
44270933,28,0.5
44295663,28,0.5
44295666,28,0.5
44368083,11,0.5
44428429,11,0.5
44450894,5,0.5
44508427,11,0.5
44510389,5,0.5
44522783,36,0.5
44523614,11,0.5
44540853,11,0.5
44578947,11,0.5
44625281,5,0.5
44633620,46,0.5
44635040,11,0.5
44648164,11,0.5
44648294,11,0.5
44652301,28,0.5
44663614,5,0.5
44678842,11,0.5
44761493,15,0.5
45091723,5,0.5
45108410,28,0.5
45129832,7,0.5
45133788,28,0.5
45147637,28,0.5
45148175,28,0.5
45148560,28,0.5
45148974,28,0.5
45151585,11,0.5
45277809,11,0.5
45319365,28,0.5
45321253,28,0.5
45321456,28,0.5
45335235,11,0.5
45336547,11,0.5
45338261,5,0.5
45339254,36,0.5
45376810,9,0.5
45387107,5,0.5
45420598,8,0.5
45449438,28,0.5
45556555,5,0.5
45584368,5,0.5
45590120,5,0.5
45711535,11,0.5
46046231,10,0.5
46076984,5,0.5
46082283,11,0.5
46085394,5,0.5
46087863,11,0.5
46218549,11,0.5
46242085,28,0.5
46367120,5,0.5
46424197,11,0.5
46440572,5,0.5
46455542,28,0.5
46534284,5,0.5
46576104,5,0.5
46589200,5,0.5
46591518,36,0.5
46682193,5,0.5
46698158,11,0.5
46698387,5,0.5
46698514,5,0.5
46698881,11,0.5
46699118,5,0.5
46699279,5,0.5
46699339,5,0.5
46699493,5,0.5
46699726,5,0.5
46699922,5,0.5
46700482,11,0.5
46700962,11,0.5
46701535,11,0.5
46701867,11,0.5
46702492,11,0.5
46702750,11,0.5
46702947,11,0.5
46703747,11,0.5
46717951,11,0.5
46743812,5,0.5
46828091,11,0.5
46852523,46,0.5
46862710,11,0.5
46887732,5,0.5
46927129,11,0.5
46965777,24,0.5
47026234,10,0.5
47027039,44,0.5
47027044,24,0.5
47029362,44,0.5
47056106,28,0.5
47072033,44,0.5
47084148,28,0.5
47102633,11,0.5
47145342,11,0.5
47175645,11,0.5
47236861,23,0.5
47243646,28,0.5
47282771,5,0.5
47344681,5,0.5
47509482,11,0.5
47509486,11,0.5
47518401,7,0.5
47571880,6,0.5
47578638,46,0.5
47733513,24,0.5
47787884,5,0.5
47791228,11,0.5
47807162,28,0.5
47875395,6,0.5
47875587,6,0.5
47875814,6,0.5
47875983,6,0.5
47945642,5,0.5
47948810,5,0.5
47970655,5,0.5
48028374,44,0.5
48107393,44,0.5
48159574,8,0.5
48159726,8,0.5
48159788,8,0.5
48319728,11,0.5
48326316,28,0.5
48370083,8,0.5
48371707,28,0.5
48502890,11,0.5
48535884,5,0.5
48632499,11,0.5
48855237,19,0.5
49139624,8,0.5
49230329,11,0.5
49239323,5,0.5
49241278,11,0.5
49301296,35,0.5
49432125,11,0.5
49447773,11,0.5
49473465,24,0.5
49504778,11,0.5
49520247,28,0.5
49598081,28,0.5
49598256,28,0.5
49598534,28,0.5
49705129,28,0.5
49849801,28,0.5
49850094,28,0.5
49854610,38,0.5
49858745,19,0.5
49932015,5,0.5
49978869,28,0.5
49979233,28,0.5
50062582,28,0.5
50317203,5,0.5
50666432,8,0.5
50744360,19,0.5
50819704,11,0.5
50867256,5,0.5
50891610,11,0.5
50995746,11,0.5
51154194,11,0.5
51332469,8,0.5
51476471,19,0.5
51476728,11,0.5
51476792,28,0.5
51476808,28,0.5
51656837,11,0.5
51878214,28,0.5
51896985,5,0.5
51964077,24,0.5
52097737,5,0.5
52181842,28,0.5
52182896,5,0.5
52252059,5,0.5
52261003,11,0.5
52330428,11,0.5
52339848,31,0.5
52394784,11,0.5
52431612,44,0.5
52436986,40,0.5
52538635,11,0.5
52551579,12,0.5
52555354,11,0.5
52780849,28,0.5
52782806,5,0.5
52800836,5,0.5
52915521,11,0.5
52947774,11,0.5
52983240,9,0.5
53042831,11,0.5
53043788,24,0.5
53222567,11,0.5
53266572,8,0.5
53351002,5,0.5
53351231,11,0.5
53368573,5,0.5
53482153,34,0.5
53482756,34,0.5
53594149,28,0.5
53619835,5,0.5
53635027,38,0.5
53711559,38,0.5
53726879,12,0.5
53871538,28,0.5
53943067,38,0.5
53943179,38,0.5
53943221,38,0.5
54007318,5,0.5
54015309,5,0.5
54030098,19,0.5
54202164,36,0.5
54232272,11,0.5
54233586,28,0.5
54375285,5,0.5
54375288,11,0.5
514294622514890301,28,0.5
543128115053691489,12,0.5
548127025278703399,11,0.5
548192714838912671,28,0.5
553799356522154464,11,0.5
558916297882079871,28,0.5
565300611287015148,19,0.5
565335882602857660,36,0.5
566922573675632024,5,0.5
567678549079369941,11,0.5
569237303659878526,19,0.5
569243179904948352,19,0.5
583067321148967409,35,0.5
584397169228651241,35,0.5
584987073519906652,11,0.5
585354074023616622,5,0.5
585594807835520946,38,0.5
585594887046717747,36,0.5
586049306480937872,35,0.5
586049538291581878,35,0.5
586116150277538889,11,0.5
588578447165226770,5,0.5
588587947911203277,5,0.5
592179386940120956,12,0.5
592374301340603977,12,0.5
595099964731233345,11,0.5
595198913752338079,5,0.5
597355672309763856,5,0.5
598418091492374057,5,0.5
599566144826569048,38,0.5
603149787093760445,12,0.5
603206616203878856,12,0.5
603212115285005212,11,0.5
606150273343087319,11,0.5
607392027274830714,5,0.5
607424808505975318,5,0.5
607988525046664723,5,0.5
608237838734598375,5,0.5
611105690830189126,36,0.5
611112364009512307,36,0.5
614112087293818612,38,0.5
621345722427642047,11,0.5
628052701577184108,19,0.5
631930303364678555,11,0.5
632289045924174760,38,0.5
632364417150708971,11,0.5
634380548147047814,5,0.5
638252082882106842,38,0.5
638256181307293063,38,0.5
638259421357519031,38,0.5
638265716430856737,38,0.5
638274417156399696,38,0.5
638278027588594255,38,0.5
638931724930557209,11,0.5
640442340503577089,5,0.5
643618390826795095,4,0.5
644925084925117398,5,0.5
644934431503211688,5,0.5
644938150695603541,5,0.5
644941598518737548,5,0.5
644944205779333886,5,0.5
645998241288036886,5,0.5
647410287754877444,46,0.5
648931913187650395,9,0.5
651306881198475509,38,0.5
654214816422260496,23,0.5
656508074691477793,11,0.5
659126174013366732,5,0.5
659591536555392305,36,0.5
664875548876406535,33,0.5
664944262083918209,12,0.5
665083527323753201,17,0.5
665557031941994592,23,0.5
665567846778985309,23,0.5
666812243213352523,11,0.5
667964819540426990,5,0.5
669821836622484365,23,0.5
670103698863156222,11,0.5
670180657736890309,28,0.5
671576731217735153,5,0.5
672106414675200448,28,0.5
672112171534218626,28,0.5
672892756922332037,28,0.5
673041255012263804,28,0.5
673741797107840347,11,0.5
674176281975643357,38,0.5
674309469108588722,5,0.5
674328595364570660,12,0.5
674330602907373164,12,0.5
675628990624711206,9,0.5
675629054694787610,9,0.5
676314744320589919,38,0.5
676316945730805739,38,0.5
676318600549129622,38,0.5
676320769749369627,38,0.5
676322031131984077,38,0.5
676323849884029787,38,0.5
677089535704769382,12,0.5
678148533379699103,13,0.5
679334111960102780,51,0.5
684278933410633890,9,0.5
684411735813733700,11,0.5
687122858829855081,11,0.5
687388475327500363,31,0.5
687617866299476193,46,0.5
687812462523210555,11,0.5
687948176724953464,5,0.5
688712177975977398,5,0.5
688736936440590337,5,0.5
688828104267139090,5,0.5
689519982404278943,5,0.5
690955889699049256,5,0.5
693336059359206247,28,0.5
693846133972752412,5,0.5
694628974140465599,11,0.5
695090151889877568,5,0.5
695274372602715621,19,0.5
696162776957066534,11,0.5
696897135220065762,11,0.5
696915478516401794,11,0.5
701004886049773403,11,0.5
701299807445830146,11,0.5
701969473272438726,28,0.5
703310987286860293,31,0.5
703535284997320425,11,0.5
703940129692784348,19,0.5
704686504237754018,11,0.5
706151883780829353,11,0.5
706733785865870510,5,0.5
707650410073275342,19,0.5
707799502221059077,11,0.5
708410246517729999,11,0.5
709252807375274153,11,0.5
710692628032365451,5,0.5
713787241931578092,9,0.5
714165772860776576,11,0.5
714181964391902079,11,0.5
715422680137717460,11,0.5
715436172168651314,28,0.5
716277088192482239,11,0.5
716573734909516629,5,0.5
720607063522548171,28,0.5
720648711829594394,5,0.5
720708919403928833,7,0.5
725206999412195262,5,0.5
726643190557177473,50,0.5
726726783980443638,19,0.5
728628894331477688,5,0.5
728669477726860545,5,0.5
728809105503408048,35,0.5
729738649274767192,5,0.5
730031944070418305,11,0.5
731000487224752907,11,0.5
731045483898367390,11,0.5
732595649644410995,11,0.5
733247867908789979,5,0.5
733851139018947507,5,0.5
734263669066060119,38,0.5
735835299360389967,5,0.5
736451049728886446,36,0.5
736451423462230070,38,0.5
736458047105464778,28,0.5
736463598057653151,15,0.5
736471911733463093,36,0.5
736642473925984409,31,0.5
736903343908082911,5,0.5
737614403705512093,19,0.5
738100326869925778,5,0.5
738253037476770287,5,0.5
738322392665808067,5,0.5
738921152503701955,11,0.5
739062412391250822,5,0.5
739071795983218359,5,0.5
739357791917911928,23,0.5
739570691118054429,36,0.5
739589574212136324,36,0.5
739936810328546480,5,0.5
740753115740288570,28,0.5
740935647780263155,28,0.5
741149666843325702,11,0.5
741809503811848852,11,0.5
741809940172685821,11,0.5
741880528886192933,5,0.5
744659259082631278,47,0.5
745359115520936637,11,0.5
746689408398265048,9,0.5
746760767374001479,28,0.5
747706181790282523,28,0.5
748094713283522579,15,0.5
749590556360903474,17,0.5
750294634491883836,5,0.5
750564164515703616,5,0.5
751642254831898888,9,0.5
751874717462268115,11,0.5
752427983531071380,11,0.5
753222264412770539,11,0.5
753544112614904465,19,0.5
754867452031803364,11,0.5
755660728518343819,12,0.5
756425164005312346,5,0.5
756439713557357649,11,0.5
756689464654399853,9,0.5
757249709744910332,11,0.5
758892129868375449,5,0.5
759688795816179015,5,0.5
759955130477168970,26,0.5
760446791657701349,23,0.5
760759839898653021,9,0.5
764076075281199303,5,0.5
764170415665769475,11,0.5
764366430758347565,28,0.5
764417656396759697,38,0.5
765114905464957816,11,0.5
765666159430378740,7,0.5
765686828534709613,5,0.5
766660591401043253,17,0.5
766872738189259095,11,0.5
766997271105978860,11,0.5
767050547962981801,9,0.5
767223287445273719,5,0.5
767492888534656403,5,0.5
767742249471356609,5,0.5
767859207865234354,11,0.5
769133197471562323,11,0.5
770886565703934947,15,0.5
771196314247138835,11,0.5
771453366033899729,28,0.5
771502318386243187,5,0.5
771517637780134777,11,0.5
771997547745183083,11,0.5
772922018421214988,11,0.5
774156088516388979,5,0.5
774303345719257571,11,0.5
774348753017469436,17,0.5
774461088572748411,11,0.5
775050861943708893,8,0.5
775203954681206261,11,0.5
775597173120420984,9,0.5
776029613768329621,28,0.5
776321632106607811,11,0.5
776452042446940789,5,0.5
777228764749161343,8,0.5
777240168017089408,11,0.5
777509340887136606,11,0.5
778019075827523058,11,0.5
778083588407911598,11,0.5
778109580982919379,11,0.5
778124703439027267,11,0.5
778629689185029401,17,0.5
778695038602199348,17,0.5
778792739844731031,11,0.5
778955991202345096,11,0.5
780171287519992155,11,0.5
780198302197523711,11,0.5
780654284784791005,11,0.5
781079393287783665,0,0.5
781341240511319988,11,0.5
781362282203023655,11,0.5
781405547047326467,11,0.5
782179832792554982,11,0.5
782192266563228426,11,0.5
782834602027039637,8,0.5
782840096152179822,28,0.5
782843055516027102,8,0.5
782855869203493023,8,0.5
782867105307124390,8,0.5
782879938531342796,8,0.5
783035745230513649,11,0.5
783089256075100723,11,0.5
783146856966972334,11,0.5
783802583703061848,11,0.5
785219826851874003,11,0.5
785235612376331117,11,0.5
785356709980806102,11,0.5
785481775624078496,28,0.5
785866625104220150,38,0.5
786622837629714376,28,0.5
787233719654792282,11,0.5
787521294207739693,11,0.5
787671960354198720,15,0.5
788113882772186228,23,0.5
788293621543254447,11,0.5
788314023347122848,28,0.5
788414928054130299,11,0.5
788791221922560465,11,0.5
789110893336073299,11,0.5
789303695096571247,5,0.5
790154502040960995,11,0.5
790291847531225062,23,0.5
790769972851552031,11,0.5
790793603396695603,8,0.5
790895426847015362,28,0.5
791106459766666709,8,0.5
791110453227217621,8,0.5
791122834220509286,8,0.5
791130103289817480,11,0.5
791201957047535610,28,0.5
791751689014073157,9,0.5
791985114383198714,5,0.5
792360317392877846,28,0.5
792641998280852003,11,0.5
793093597088024881,11,0.5
793219238971341589,11,0.5
793741624098543387,11,0.5
793770653645558051,28,0.5
793784570034753335,11,0.5
793816111606658851,8,0.5
794039486287167788,38,0.5
794173792562785337,11,0.5
795874419761575041,28,0.5
796305572417883094,11,0.5
796655579924412844,28,0.5
796662227700914545,28,0.5
797545799182831337,15,0.5
797658103362169479,11,0.5
797707006089923234,15,0.5
797797441057547307,28,0.5
799007721300681917,11,0.5
799090425284222438,28,0.5
799589928925338005,11,0.5
799761664847159156,11,0.5
799768861441566185,11,0.5
800568471384596881,11,0.5
800593816791970684,8,0.5
800622266866160165,8,0.5
800627125062437142,8,0.5
800634443750352524,11,0.5
800637374020330042,5,0.5
801046870921771613,28,0.5
802550803541818906,42,0.5
803080252890905011,5,0.5
804189013554564996,15,0.5
804444410502787267,11,0.5
804705062997872720,11,0.5
804802813404537858,28,0.5
805301484553952723,12,0.5
806089685986056697,28,0.5
806186664722906871,11,0.5
807351534870112863,9,0.5
807444655096061281,28,0.5
807799272978453601,28,0.5
807814621723862517,28,0.5
808236818177427659,28,0.5
808283336112502848,19,0.5
808660626616995904,5,0.5
809734614498400370,11,0.5
810370156712320665,35,0.5
810389003262735639,11,0.5
811842894648939585,38,0.5
811968958591129186,11,0.5
812294143218625814,11,0.5
814174795782589937,11,0.5
814375714526318800,35,0.5
814807307792115826,5,0.5
815504973316354649,5,0.5
815834228711518727,5,0.5
816271633628345141,28,0.5
816591171475699517,11,0.5
816932034070944042,11,0.5
817031122478771573,11,0.5
817738023098587222,28,0.5
817859538216529455,28,0.5
817887637379938423,28,0.5
818036469274849751,22,0.5
818046103147515103,28,0.5
818409481744980746,5,0.5
818463514273105605,17,0.5
818562774645646186,11,0.5
818751900169255700,5,0.5
819255839437331377,11,0.5
819367207449752010,13,0.5
819464615397816510,9,0.5
819978634019150176,11,0.5
820590905603889537,11,0.5
820674518251043070,23,0.5
820806171285339237,7,0.5
821330309358422819,5,0.5
822233060439308928,11,0.5
822243668690212331,28,0.5
822368167378149307,17,0.5
822368684647628774,11,0.5
822497992949608003,11,0.5
822887321192463895,17,0.5
822977762995914952,11,0.5
823791988635058949,5,0.5
823892157133735447,11,0.5
824241809807787529,17,0.5
824430199328579950,17,0.5
824470501971051065,17,0.5
824613643107856132,11,0.5
825196994193814898,11,0.5
825732849610679467,5,0.5
825933203087857473,11,0.5
825984882549752240,5,0.5
826435067528873727,11,0.5
826731741034801702,11,0.5
827839812109065445,5,0.5
827865275903111186,11,0.5
828041166766378260,11,0.5
830096647457842088,11,0.5
830184796011091847,11,0.5
830640755491360484,11,0.5
830760856800710254,11,0.5
830933273716749346,11,0.5
831074071872726927,8,0.5
831175344019526348,11,0.5
831187601077066892,11,0.5
831198418309571828,11,0.5
831227729496951478,11,0.5
831438580449674186,6,0.5
832000176373451712,11,0.5
832277255092344958,28,0.5
833026327352911328,11,0.5
833122040995005647,11,0.5
833579819303898738,11,0.5
833758831806817991,28,0.5
833948905683235085,11,0.5
834224447168458467,11,0.5
835207271151392549,27,0.5
836045630406959183,11,0.5
836458338856844735,11,0.5
836458343968935792,11,0.5
836458347427905932,11,0.5
836458624676965928,7,0.5
836555248212842252,11,0.5
836766454646402642,5,0.5
836824636764760258,11,0.5
837382965313600549,9,0.5
837460734445812789,11,0.5
837573865423456759,17,0.5
837595604546676034,11,0.5
838149944081256120,8,0.5
838342467689295867,11,0.5
838854277148623869,23,0.5
839732520562468136,11,0.5
840328829630100239,11,0.5
840469656001077751,11,0.5
840742132427076238,5,0.5
841113545245406088,28,0.5
841117437658886593,17,0.5
841633725869447873,11,0.5
841653173546983658,11,0.5
841681412617443944,11,0.5
841743573732404992,11,0.5
841843184613126182,11,0.5
842480226463559009,5,0.5
842674424818904334,11,0.5
843031860935716096,11,0.5
843037717337314323,11,0.5
843865759868194434,28,0.5
843912797172852672,28,0.5
844086460212558447,11,0.5
844730109376698475,28,0.5
844956258963016012,11,0.5
845029327225401795,11,0.5
846112557784786546,11,0.5
846336997821396672,16,0.5
846631479995666079,8,0.5
846688247166668116,28,0.5
846742806515684699,28,0.5
846743245664276546,11,0.5
846971222642583051,11,0.5
846976805127720781,11,0.5
847350386467245337,11,0.5
847417528333279290,28,0.5
847422785443414483,28,0.5
847430072743293787,17,0.5
847466904040021871,11,0.5
847467217800081643,28,0.5
847536193583946722,11,0.5
847770363837429293,28,0.5
848167637040480211,11,0.5
848233602024306434,11,0.5
848272446425378808,15,0.5
848336782246526620,11,0.5
848746377117630450,11,0.5
848888282698024992,28,0.5
848901132077271725,8,0.5
848904976705486072,28,0.5
848976754315741127,9,0.5
849037419519892431,28,0.5
849052819142963850,28,0.5
849054567147634401,28,0.5
849092984779951736,11,0.5
849125150374328884,11,0.5
849152847693323412,28,0.5
849722004308227411,28,0.5
850279618805913693,15,0.5
850460131347955912,11,0.5
850491953666122174,11,0.5
850609834062625952,11,0.5
851126048791597115,8,0.5
851196323192342980,11,0.5
851197564640438176,11,0.5
851295985954814156,11,0.5
851391408577324998,11,0.5
852761915848741718,9,0.5
853206766512168623,17,0.5
853886685959900445,11,0.5
854126526077679617,28,0.5
854258461809014830,11,0.5
854300354140139865,11,0.5
854691810709958585,11,0.5
854896424840372203,11,0.5
854995219049032141,11,0.5
855227467991490417,8,0.5
855615137042439261,11,0.5
856158393636596010,10,0.5
856254551051622033,11,0.5
856270654911840712,5,0.5
856275433320848565,11,0.5
856376392959375658,11,0.5
856855202516285282,11,0.5
856994334796007587,11,0.5
857441559647106545,5,0.5
857450354966367636,7,0.5
857589251390948690,11,0.5
857592834369625400,11,0.5
857616372547407484,11,0.5
857616376592393945,11,0.5
857616380618982745,11,0.5
857616384728237758,11,0.5
857616388408834717,11,0.5
857869225674963566,11,0.5
858368276947191163,11,0.5
858792167506177329,11,0.5
859166292796885643,11,0.5
859405688257653974,11,0.5
859682599543295746,11,0.5
859884565842201503,11,0.5
860578063306879586,28,0.5
860681112387418957,11,0.5
860778600877754458,9,0.5
861276230891195237,5,0.5
861459698065246900,11,0.5
861947185223352436,11,0.5
862000257827258086,11,0.5
862010998539605604,11,0.5
862020759495903945,8,0.5
862664690187933014,11,0.5
862868656072104958,11,0.5
862872706245820539,11,0.5
863050690084894211,11,0.5
863106660151798893,11,0.5
863320629163186251,11,0.5
863388038124424071,8,0.5
863422388428606117,11,0.5
863468921773993520,11,0.5
863504586146318331,11,0.5
863557754101501454,11,0.5
863992372183306401,11,0.5
864130098076579291,11,0.5
864165435549128685,11,0.5
864373578973980361,11,0.5
864834268799410560,17,0.5
865593454711782334,38,0.5
865701547632069272,11,0.5
865791735934449229,5,0.5
865796034989937990,11,0.5
866311865316211919,5,0.5
866318653088851090,28,0.5
866350227347516106,38,0.5
866390032965935729,38,0.5
866468215209471075,11,0.5
866510774507460891,8,0.5
866510786915946289,11,0.5
866570005551539653,28,0.5
866977128625278439,15,0.5
867198890420314116,11,0.5
867221816342771141,9,0.5
867240730429053963,9,0.5
867618196752415885,11,0.5
867659555714435538,8,0.5
867763700150385156,11,0.5
867788180197830582,11,0.5
867811806955488099,11,0.5
867832863114244942,11,0.5
868356645364024593,11,0.5
868380461918409249,38,0.5
868442675479826782,11,0.5
868457918751834211,28,0.5
868478288066317207,11,0.5
868591821487160610,28,0.5
869065856699125188,28,0.5
869199703463451374,28,0.5
869210360662209586,28,0.5
869213641243447639,28,0.5
869406224332664065,11,0.5
869406283362148853,11,0.5
869820608701978983,28,0.5
869935833333217089,11,0.5
869940830927508649,11,0.5
870461669589508072,11,0.5
870892998782839004,11,0.5
870909586530759660,11,0.5
870910972952537311,28,0.5
870921485206263676,11,0.5
871548544590677009,28,0.5
871557426173384012,28,0.5
871562017976150396,28,0.5
872108701014300284,11,0.5
872143713134769331,5,0.5
872277866248347613,28,0.5
872457415943677578,11,0.5
872650866758627785,11,0.5
873046747151304221,11,0.5
873060467154810150,11,0.5
873739619597268278,28,0.5
873835189327800311,8,0.5
873848967636986076,11,0.5
874157758315751847,11,0.5
874476750427151610,19,0.5
874514945893816767,19,0.5
874634382323244050,19,0.5
875100781463266202,11,0.5
875276929498541624,11,0.5
875347107170932317,11,0.5
875355910782035906,11,0.5
875594311736773939,28,0.5
875603954548240363,11,0.5
875651044379077465,28,0.5
876447717231324276,11,0.5
876535386260071645,11,0.5
876606570799050635,5,0.5
876821418367671236,38,0.5
876987032092375540,11,0.5
877108248896005381,11,0.5
877181985282880593,11,0.5
877261998806381191,11,0.5
877309152275119599,8,0.5
877346524664925592,5,0.5
877428739825652335,11,0.5
877821569854596323,41,0.5
877957450708260995,49,0.5
877968616771705738,15,0.5
877997520148434316,15,0.5
878123256674101279,11,0.5
878719847815814182,17,0.5
878751713559989709,5,0.5
878827622041491430,11,0.5
878879549849328438,9,0.5
879372473852964763,28,0.5
879378797430883334,11,0.5
880054435135090381,28,0.5
880207387376546640,11,0.5
880416627712568693,11,0.5
880838706371749308,28,0.5
881013841967488806,17,0.5
881390754752654518,28,0.5
881448316338860060,28,0.5
881523072000529881,11,0.5
881636059959111429,15,0.5
881695487748043446,28,0.5
882246631174940828,8,0.5
882256539208959778,11,0.5
882271233960815034,11,0.5
882951416842925418,28,0.5
883622298899491170,11,0.5
883665806653906430,11,0.5
883709562038530781,11,0.5
883778179166695887,11,0.5
883931980281253649,11,0.5
884305142367954652,28,0.5
884465314928642671,11,0.5
884473698468909190,11,0.5
885063497087900878,11,0.5
885066484418801744,11,0.5
885069556626862269,11,0.5
885114025053757760,15,0.5
885261234475194123,11,0.5
885918476168948005,5,0.5
886076352299778571,19,0.5
886531086249368403,11,0.5
886572542188067678,28,0.5
886595904110411162,11,0.5
886597628683971992,11,0.5
886677461847712664,5,0.5
886846448396724646,28,0.5
886920211711377402,28,0.5
886953475433750828,28,0.5
887244824672894897,28,0.5
887545652192657801,28,0.5
887553815683239849,11,0.5
887566213910413015,11,0.5
887571693210682543,28,0.5
888364563536107315,9,0.5
888407792697419526,11,0.5
888844392256502039,28,0.5
888848360089187632,11,0.5
888902223915557756,11,0.5
889026354593382937,11,0.5
890235444773720706,11,0.5
890293997415303401,11,0.5
890474451583002817,11,0.5
891010552342740939,11,0.5
891016890439845794,11,0.5
891039173042582175,11,0.5
891256255710900456,17,0.5
891697191075233900,11,0.5
891768711511261139,11,0.5
891775807575719314,11,0.5
891786309660977474,5,0.5
891970192799388418,28,0.5
891994489322355969,11,0.5
892045639818491703,11,0.5
892355267058832902,11,0.5
892403042458775904,17,0.5
892414096851600861,28,0.5
892483266177544670,28,0.5
892504815320708661,11,0.5
892530968113443638,9,0.5
892531282736167270,11,0.5
892678758248278288,11,0.5
893146919676525885,11,0.5
893148643009210144,28,0.5
893295045441404182,11,0.5
893366469113921783,5,0.5
893865329641749306,7,0.5
893869904057323315,11,0.5
894073327144157828,5,0.5
894127328398980924,11,0.5
894133522359798033,11,0.5
894137245264947798,11,0.5
894590786552738349,19,0.5
894596865958367673,28,0.5
894643008754362134,5,0.5
894691722688510819,11,0.5
894821210048733653,28,0.5
894905629501664435,11,0.5
895235743791816021,11,0.5
895486770909642084,11,0.5
895564653944453106,11,0.5
895587837597427233,11,0.5
895847349975664729,11,0.5
895895447048027417,28,0.5
897391699074953884,28,0.5
898023935109466417,28,0.5
898196662366121223,11,0.5
898285895183186184,28,0.5
898390831125208956,11,0.5
898500374809807457,28,0.5
898569434496683059,28,0.5
898706311661556134,11,0.5
898808190277364244,28,0.5
898877506085938037,11,0.5
898901782539596769,28,0.5
899043639539168031,28,0.5
899056183374568597,28,0.5
899064055404494504,28,0.5
899075515490756515,28,0.5
899087925051388732,28,0.5
899097488600165611,28,0.5
899102651235050902,28,0.5
899168783309762744,11,0.5
899652004408126264,15,0.5
899659583284548713,11,0.5
899722630695952910,15,0.5
899911828441074253,11,0.5
900348227913757449,28,0.5
900450895826025252,11,0.5
900959212755266757,38,0.5
900973163823586987,8,0.5
900982805790523193,15,0.5
901135244279017498,28,0.5
901420295632505177,11,0.5
901801525542708113,28,0.5
901814699045517924,28,0.5
902000785193572639,28,0.5
902513945419670987,11,0.5
902587772530544863,11,0.5
902602739482681065,11,0.5
902623363572529025,11,0.5
902623715860445832,11,0.5
902628421138168160,11,0.5
902645863513871220,28,0.5
902722372882319613,11,0.5
902755905295109719,11,0.5
902767524283426911,11,0.5
902902084635686106,11,0.5
902903100929880426,11,0.5
903127284776667470,29,0.5
903259162848642042,11,0.5
903302485988570238,11,0.5
903464566051509112,11,0.5
903480085191248022,11,0.5
903570578837536248,19,0.5
903605793890347504,11,0.5
903639277064394882,11,0.5
903952095477755422,11,0.5
904026688315931746,11,0.5
904053767941123318,28,0.5
904103825231098906,15,0.5
904222802956553796,13,0.5
904265004059267048,11,0.5
904677218513875520,11,0.5
904807129953791883,23,0.5
904948491486302171,11,0.5
905024031025433673,11,0.5
905361058879483621,36,0.5
905503721565462688,11,0.5
905550614727092831,11,0.5
905593286536854555,11,0.5
905605983611822824,11,0.5
907110251824473533,11,0.5
907498032332835939,11,0.5
907513210444899182,28,0.5
908207491928320671,11,0.5
908368945165044148,28,0.5
908684626081587334,22,0.5
909111677186797564,15,0.5
909444390450659565,11,0.5
909705761384538452,11,0.5
910054565873484864,11,0.5
910430450627650283,11,0.5
910588130310122230,11,0.5
911315797800647176,11,0.5
911344141849720310,11,0.5
912690145259224990,28,0.5
912694659033920116,11,0.5
912743466137776087,5,0.5
912859569900622254,9,0.5
913070040451759289,11,0.5
913745315137688960,11,0.5
914262059580346106,11,0.5
914297258526572784,11,0.5
914354369038778974,5,0.5
914798790063539563,8,0.5
914874460132082126,11,0.5
915071410175081970,11,0.5
915100924333356258,5,0.5
916701586661050208,11,0.5
917161009032015065,11,0.5
917198602078933780,7,0.5
917276958297661042,5,0.5
917397004283969046,28,0.5
917784379272109057,11,0.5
918313950722504072,28,0.5
918342520298962655,28,0.5
918396628537702770,11,0.5
918399349266578632,11,0.5
918563163592475882,11,0.5
918729209161867930,11,0.5
918767455277341358,5,0.5
918837327382771550,11,0.5
918843779217261570,28,0.5
919510354432582610,11,0.5
919560026854189197,11,0.5
919579979966705196,11,0.5
919594426465509504,11,0.5
919929123814267563,11,0.5
920734863460425164,28,0.5
920830686185067242,11,0.5
921386665297426102,11,0.5
921465023686052669,11,0.5
922140368590046982,11,0.5
922236823600766622,11,0.5
922453021380974840,11,0.5
923187417986001215,17,0.5
924299077684350660,11,0.5
924501560240370607,11,0.5
924904317045916919,5,0.5
924910597700499616,5,0.5
925105158339077276,11,0.5
925722812381259994,28,0.5
926057143770486714,11,0.5
926341057043792844,11,0.5
926355630717930060,11,0.5
926467617876631214,11,0.5
926511623762245360,11,0.5
926636200156137211,11,0.5
926740624909503771,11,0.5
926751290763488662,28,0.5
927088811781486623,28,0.5
927299940589274953,11,0.5
927406569305235413,11,0.5
927502990804131142,11,0.5
927604681960377103,11,0.5
927664848482256765,11,0.5
927825367843614642,12,0.5
927920430786111193,11,0.5
928060094648452535,11,0.5
929315997729322048,11,0.5
929476315067481218,11,0.5
929600426483879714,28,0.5
930319058114336316,5,0.5
930867604942991225,11,0.5
931050694548504201,11,0.5
931080966816046131,28,0.5
931541062888884181,5,0.5
931628980694094424,5,0.5
932323219108190418,11,0.5
932341188700094052,23,0.5
932377772688880148,28,0.5
932530025864330666,11,0.5
933043478838319339,5,0.5
933060188478545805,11,0.5
933193612272139280,5,0.5
933439803371682687,11,0.5
933671867452918515,38,0.5
933912436919806984,11,0.5
934456645398256970,11,0.5
934523332681476977,28,0.5
934699431014975597,11,0.5
935019977376374116,8,0.5
935111920422896118,11,0.5
935119989307352615,17,0.5
935147530957063080,11,0.5
935417703376808105,11,0.5
935480596905669691,28,0.5
935486043230676880,28,0.5
935487824161566102,11,0.5
936072971000282277,11,0.5
936343456379405576,28,0.5
937319170724881699,28,0.5
937422681201823205,11,0.5
937469990938373946,11,0.5
937567432902597908,11,0.5
937610037102570511,11,0.5
938072647698899854,28,0.5
938131750761320209,11,0.5
938143326219311822,8,0.5
938249089305985887,28,0.5
938259013083040171,9,0.5
938259175240553344,28,0.5
938310579447246850,19,0.5
938318777772448534,11,0.5
938713066229455692,11,0.5
938963700856790265,11,0.5
938980161030273634,5,0.5
939137601852612499,11,0.5
939418152410410046,15,0.5
939528430089956361,5,0.5
940122923352824697,11,0.5
940142651428634009,8,0.5
940199017736750823,11,0.5
940253941048211897,11,0.5
940457805073174051,11,0.5
940716162826618702,11,0.5
941074552341541123,11,0.5
941619876305459607,9,0.5
941649651874264259,11,0.5
941690682039506577,11,0.5
941769468734169853,11,0.5
941827238568476753,11,0.5
941842732108097163,11,0.5
941885505615305732,11,0.5
941894329371283257,11,0.5
941916641474916334,11,0.5
941934634386267834,11,0.5
942154028962873695,28,0.5
942246111392560771,11,0.5
942269733700371721,11,0.5
942442757876966609,11,0.5
942658912734003450,12,0.5
943048898493055560,11,0.5
943471368141557845,15,0.5
943663509873623074,11,0.5
943698279298138268,19,0.5
944059133338717467,28,0.5
944490798474124575,11,0.5
944611288876930064,28,0.5
945369322707964400,11,0.5
945614851153280599,11,0.5
947048011837833983,11,0.5
947419509809418322,5,0.5
947649246755044693,11,0.5
947663270415776250,11,0.5
947716902043021118,28,0.5
948699490811513277,38,0.5
948964955880487874,28,0.5
949245601354578116,11,0.5
949264396095831091,11,0.5
949631536058547619,28,0.5
949682337242838340,28,0.5
949691204442639809,11,0.5
949716634950306144,11,0.5
949726301056818041,11,0.5
949757633192959218,11,0.5
950082507036212855,15,0.5
950302295335454305,38,0.5
950392095299401891,11,0.5
950467067435888249,11,0.5
950496676845525960,5,0.5
951346217354960765,5,0.5
951891391169084223,11,0.5
952363811281854258,11,0.5
952883898392814488,15,0.5
952915475563639947,15,0.5
953279954843429758,11,0.5
953324631039181935,11,0.5
953352445543034028,11,0.5
953357822482001617,11,0.5
953365910316301756,11,0.5
953621537965403626,11,0.5
954051610379112633,11,0.5
954248929898514237,11,0.5
954260602833884819,9,0.5
954703110273312634,11,0.5
955057142489706917,19,0.5
955651692143927322,11,0.5
955707490931741496,11,0.5
956181997996763373,11,0.5
956214865072227582,11,0.5
956230092492974762,11,0.5
956246144952957129,11,0.5
956474227844181862,11,0.5
957104285010490068,11,0.5
957194059389080785,5,0.5
957416316141090596,11,0.5
957558618360086515,28,0.5
957592578065764874,11,0.5
957749678163169834,11,0.5
958026683550567813,11,0.5
958283901045641760,28,0.5
958606342494637048,11,0.5
958717554146192971,11,0.5
959076538307510008,38,0.5
959142524465128196,11,0.5
959818104071857840,11,0.5
959955553780429813,11,0.5
960467772362222144,11,0.5
960620701897590136,11,0.5
960828314910328279,9,0.5
960838114569160096,11,0.5
961488632640228604,11,0.5
961610728171463900,11,0.5
962122601834220406,11,0.5
962185508111219929,28,0.5
962568433414314899,11,0.5
962691178282818866,11,0.5
962702059998563738,28,0.5
962708449640986686,28,0.5
962718071952453043,28,0.5
962732119360762156,11,0.5
963013428906194127,42,0.5
963598835146454354,11,0.5
963619029613526074,11,0.5
963849439398375439,19,0.5
964279052667151186,11,0.5
964284523666895313,11,0.5
964770122339310475,8,0.5
964960032258089936,11,0.5
965580501232906325,11,0.5
965888993166389537,11,0.5
966494641041889721,11,0.5
966608829749158757,11,0.5
966624362805243130,11,0.5
967396108804077964,11,0.5
967963390936448068,15,0.5
968041139903058926,11,0.5
969342052845830337,11,0.5
969756552427884797,28,0.5
970038001303679609,28,0.5
970053352854140091,11,0.5
970187675517732846,9,0.5
970564271109436452,11,0.5
970620699246677711,11,0.5
970687143116076626,11,0.5
970772628644159244,11,0.5
970907129656264590,11,0.5
971418647146605129,11,0.5
972095119370840179,11,0.5
972129153462784995,11,0.5
972135945179475872,11,0.5
972170771664699212,11,0.5
972226062796077736,11,0.5
972249748780686255,11,0.5
972339644743678158,11,0.5
972493565911263504,11,0.5
972698136742622739,11,0.5
972765780713566585,36,0.5
972802213929092230,11,0.5
972818636425730081,11,0.5
972872970193918872,11,0.5
972968553456394944,11,0.5
973103245827455630,11,0.5
973107916934742929,11,0.5
973134984006728651,11,0.5
973493508207497475,5,0.5
973586514600846144,11,0.5
973619293263300611,5,0.5
973638432912446498,5,0.5
973649267917150744,5,0.5
973668420841901834,11,0.5
973788300822513012,11,0.5
973853962042583754,11,0.5
973860991825138621,11,0.5
974141813093389843,11,0.5
974291017051442383,11,0.5
974539806123356513,11,0.5
974944739614851135,11,0.5
974953211216896407,11,0.5
975143423453402381,11,0.5
975158491478831403,11,0.5
975197758539345125,11,0.5
975200798881709715,11,0.5
975214734902641296,28,0.5
975309633713191050,11,0.5
975319837182456903,11,0.5
976663083938173624,8,0.5
977257779717858306,11,0.5
977270367540438029,11,0.5
977340428901420280,11,0.5
977598002170072217,23,0.5
977964047103118994,11,0.5
978009822711511515,11,0.5
978161638047434652,11,0.5
978495248609707670,11,0.5
978520817216565911,11,0.5
978522568115034398,11,0.5
978690523469561478,28,0.5
978698332139764692,28,0.5
978698415015704986,28,0.5
978859756973288891,11,0.5
978897767807206549,9,0.5
978902968309539353,28,0.5
978905823174746209,28,0.5
978969514353517480,11,0.5
979307246287078291,28,0.5
979332587071827589,11,0.5
979454391380100017,11,0.5
979624056374097471,28,0.5
979627103570523787,28,0.5
979630579876656919,28,0.5
980145702903490978,11,0.5
980164260228276246,28,0.5
980173774345205706,28,0.5
980188284735662063,28,0.5
980193077889068844,28,0.5
980265839302121700,28,0.5
980268208990264753,28,0.5
980273319988726584,28,0.5
980371690201504711,11,0.5
980589756819959448,8,0.5
980768807384857210,11,0.5
980809254134446591,11,0.5
980931626362283015,11,0.5
981443881050069230,28,0.5
981453929745885070,11,0.5
981526648646688434,11,0.5
981528967631705004,11,0.5
981649105491101973,19,0.5
981823968535015045,11,0.5
981927957185297263,28,0.5
982682657175832778,11,0.5
982921336723953869,5,0.5
983073895297856845,11,0.5
983103397610401070,11,0.5
983219946704826117,28,0.5
983224179492528952,28,0.5
983231432200751416,28,0.5
983331642452158992,11,0.5
983626893056327416,11,0.5
983803484232387326,11,0.5
983915948718702997,11,0.5
984081016356331063,11,0.5
984094558963923271,42,0.5
984104337621808890,42,0.5
984140340561991919,11,0.5
984366278226487906,11,0.5
984658360659955011,11,0.5
984709009301538223,11,0.5
984837120726743737,11,0.5
985079317040024987,11,0.5
985107062884252717,28,0.5
985110598337621135,11,0.5
985117137374884196,11,0.5
985193212951175784,28,0.5
985221912955038619,28,0.5
985312724329805529,11,0.5
985355312324438249,8,0.5
985403199024508186,11,0.5
985745707501545953,5,0.5
985767126773361862,11,0.5
985846910945605386,5,0.5
986478133415395310,28,0.5
986635683922032895,11,0.5
986703176325719638,11,0.5
986814400812804284,11,0.5
986874590990744912,11,0.5
987272697028921167,11,0.5
987518973158856019,11,0.5
988072452257612166,11,0.5
988132054056332255,11,0.5
988341827551776016,11,0.5
988373289520573243,11,0.5
988400172329889628,28,0.5
988835011020398008,11,0.5
989167292540335595,38,0.5
989533185907487591,11,0.5
989596693470995018,11,0.5
989686843867595573,11,0.5
990102083720496721,11,0.5
990356974061549416,28,0.5
990369347797131216,28,0.5
990565569140981821,11,0.5
990986273595034061,28,0.5
991533091753017178,28,0.5
991701262352030276,5,0.5
991706538707348738,19,0.5
991709061630546347,19,0.5
991711794626349143,19,0.5
991793201329019692,11,0.5
992038957609989393,11,0.5
992539384807516200,28,0.5
992539598631013369,11,0.5
992558861795955686,38,0.5
992601568389672823,11,0.5
993237892812314688,8,0.5
993303335252162907,11,0.5
993436715128600518,9,0.5
993902361265253036,28,0.5
993969755182962638,11,0.5
994120435894432899,11,0.5
994628678513941652,11,0.5
994739334454277769,11,0.5
994756147294303278,11,0.5
994782541405370426,11,0.5
995180102551638814,5,0.5
995616903779735134,11,0.5
995639527707544606,11,0.5
995747420116360068,11,0.5
996140822575146404,11,0.5
996395792051561495,23,0.5
996798277377168168,43,0.5
996832683674488874,28,0.5
996877533899802077,11,0.5
998188888349103925,11,0.5
998985290853647144,11,0.5
1000539780592771744,28,0.5
1000550819580439695,11,0.5
1001224284695786467,28,0.5
1001729145765607109,11,0.5
1002214522537872749,11,0.5
1002605811167073412,5,0.5
1002633741276039635,11,0.5
1002690301316539906,11,0.5
1002776053066536133,8,0.5
1003434989566309047,11,0.5
1003620729535045332,5,0.5
1003632814436983180,11,0.5
1003856312893389347,28,0.5
1004037540986591064,11,0.5
1004834224390251624,11,0.5
1004989405092665404,11,0.5
1005484683216593285,5,0.5
1005721888761545215,8,0.5
1005821799582461312,11,0.5
1006268305336635242,28,0.5
1006286912957770613,28,0.5
1006681105161617042,28,0.5
1007118035596553973,28,0.5
1007674841701589806,8,0.5
1007968374838862276,15,0.5
1008224938812921570,28,0.5
1008546413309746273,11,0.5
1008596341053918220,9,0.5
1008676359377059102,46,0.5
1008915700353868678,11,0.5
1008982570199654785,11,0.5
1009058544574012253,11,0.5
1009080717280638585,28,0.5
1009354812885560011,11,0.5
1009374056496528542,11,0.5
1009744520291592786,11,0.5
1009782159639120398,11,0.5
1009798989303543476,11,0.5
1009802184796891668,8,0.5
1009841819435267208,11,0.5
1010084457952260072,11,0.5
1010394993611420046,11,0.5
1011356037812546230,11,0.5
1011370804887081447,28,0.5
1011398074243746599,28,0.5
1011429204576275071,28,0.5
1011443230669790507,28,0.5
1011617612667516206,28,0.5
1012064971585321822,5,0.5
1012716780695871080,11,0.5
1012724414926033790,5,0.5
1012783072523130365,11,0.5
1012961448381184923,11,0.5
1013298954514014357,17,0.5
1013448105348526028,11,0.5
1013482100151360829,11,0.5
1013509217214411757,11,0.5
1013535451111930585,11,0.5
1013614101206809274,11,0.5
1013712387221006488,9,0.5
1014129224746048528,28,0.5
1014173767856812126,11,0.5
1014211319496325932,11,0.5
1014213573900836315,36,0.5
1014229518959601867,36,0.5
1014231999795572856,36,0.5
1014233238052684186,36,0.5
1014886883536741524,28,0.5
1015674314218419930,11,0.5
1015841238556042519,11,0.5
1015879296984047476,11,0.5
1015889402472152166,11,0.5
1015925132668303279,11,0.5
1016245287188450357,38,0.5
1016251033539948404,38,0.5
1016252696217945922,36,0.5
1016252792676157274,38,0.5
1016259311812876558,11,0.5
1016539142755808205,11,0.5
1016597320406452742,11,0.5
1017077534467425283,11,0.5
1017303464683386024,11,0.5
1017770900024718342,28,0.5
1018017310177915376,11,0.5
1018148385394811512,11,0.5
1018647325752135773,11,0.5
1018736001440349796,11,0.5
1019097404745079978,28,0.5
1019146227622109995,28,0.5
1019232554153182805,31,0.5
1019462902959538841,5,0.5
1019934336424810536,28,0.5
1020004151793945794,28,0.5
1020053789878393462,28,0.5
1020729078657092653,28,0.5
1020834431798752701,11,0.5
1020923173658724756,11,0.5
1021300118785204228,23,0.5
1021359185541922179,11,0.5
1021450200852935217,11,0.5
1021513123839684597,28,0.5
1021518823466328888,11,0.5
1021913991728315814,28,0.5
1022063323655728987,7,0.5
1022708750562003444,28,0.5
1022715497100175098,28,0.5
1022721991523212681,5,0.5
1022945022814737657,11,0.5
1023203910577826791,11,0.5
1023474288819585404,5,0.5
1023485795378328007,11,0.5
1023715725582993439,11,0.5
1023767256955799657,7,0.5
1023922220033017356,11,0.5
1024200207782193915,31,0.5
1024219856684082042,11,0.5
1024264218513104076,31,0.5
1024858812025599050,11,0.5
1024973964838671726,11,0.5
1025005515169940980,31,0.5
1025094486990265825,31,0.5
1025197680419567434,28,0.5
1025197716206036816,11,0.5
1025789923512555667,15,0.5
1025796593864500313,31,0.5
1026069434708026118,11,0.5
1026400409022768314,11,0.5
1026444917177953035,11,0.5
1026647732664754342,28,0.5
1026917892510064298,11,0.5
1027433751578189271,11,0.5
1027801843425128134,11,0.5
1027868891200270700,11,0.5
1028084782685740069,11,0.5
1028198863415615228,11,0.5
1028223747593974449,17,0.5
1028508419522998768,31,0.5
1028699118337531717,28,0.5
1028710218489433915,28,0.5
1028719070335630064,28,0.5
1028729020014107246,28,0.5
1028849355551030661,11,0.5
1028969886712528678,11,0.5
1029223594166196433,11,0.5
1029281975887135493,27,0.5
1029338649524024248,11,0.5
1029399936145868763,11,0.5
1029534344900098508,15,0.5
1029545680808325711,15,0.5
1029659950508046718,8,0.5
1029969643717182655,11,0.5
1030039175587602277,8,0.5
1030137931339018933,19,0.5
1030142292519751315,11,0.5
1030152034405903179,5,0.5
1030165009776184983,28,0.5
1030193589336798529,28,0.5
1030211844599582299,11,0.5
1030259429863551098,28,0.5
1030262716069332692,11,0.5
1030268170606727352,11,0.5
1030329344215015926,15,0.5
1030338103974032531,15,0.5
1030341499086695061,28,0.5
1030685967688119429,28,0.5
1030724954910495942,28,0.5
1030732128963083736,28,0.5
1030945918461796529,11,0.5
1030982187278825708,15,0.5
1031059021248628518,7,0.5
1031064123715695270,7,0.5
1031252524271879434,5,0.5
1031620278084640278,11,0.5
1031775889614993351,11,0.5
1032281220481177573,11,0.5
1032391463953859890,11,0.5
1032504081733276323,11,0.5
1032598820725400329,11,0.5
1033072507144868006,11,0.5
1033622014339287431,31,0.5
1033756956036136217,38,0.5
1033760602885012863,38,0.5
1033763891740841357,38,0.5
1034324587126291219,31,0.5
1034332869505020485,31,0.5
1034548768673207678,11,0.5
1034607254171015096,11,0.5
1034779622613502674,11,0.5
1035035276492263871,11,0.5
1035900573552167946,11,0.5
1036148087679093039,11,0.5
1036682584585807398,11,0.5
1036808450747332298,11,0.5
1036953570800866913,11,0.5
1037043644643953095,11,0.5
1037648424556356515,11,0.5
1037659446498343785,11,0.5
1038284635971264000,11,0.5
1038732105475528733,28,0.5
1038757136450972545,11,0.5
1039651183453950187,5,0.5
1040137842090240648,31,0.5
1040339067709709433,11,0.5
1040560420042082748,11,0.5
1040834223147028818,31,0.5
1041232487629103501,11,0.5
1041249311451412825,28,0.5
1041624571041917580,17,0.5
1041675522590314537,11,0.5
1041675768259435493,28,0.5
1041707281957920101,11,0.5
1041760514130925527,11,0.5
1041777795379966755,11,0.5
1041804335192716770,11,0.5
1041930172008549643,11,0.5
1043020888078140923,11,0.5
1043213853648935774,28,0.5
1043686817139503465,28,0.5
1044098309097164130,28,0.5
1044540514793418685,11,0.5
1044560707858479939,38,0.5
1044564379535615503,11,0.5
1044573470617117132,11,0.5
1044577331359218994,23,0.5
1045014768525517889,11,0.5
1045475019126559671,11,0.5
1046090676588533273,11,0.5
1046133188157621604,28,0.5
1046156197041625053,11,0.5
1046156638610608421,11,0.5
1046662697222400355,11,0.5
1046766763244605022,11,0.5
1046767316219764965,28,0.5
1046785272633036244,28,0.5
1046785821170126981,11,0.5
1046871414355726401,28,0.5
1047532627208704603,15,0.5
1048508424758462163,11,0.5
1048829107746902951,5,0.5
1048994655076258414,28,0.5
1049053718439414271,28,0.5
1050297598561709145,28,0.5
1050356446213317733,11,0.5
1050364224468999499,8,0.5
1050438075237693745,28,0.5
1050443260789181478,11,0.5
1050449343860915961,11,0.5
1050455907556722610,11,0.5
1050592875199089980,11,0.5
1050600708721709173,11,0.5
1050620261634011189,11,0.5
1050638248752710375,5,0.5
1050656930208179260,11,0.5
1050701025301029594,28,0.5
1051057647509200277,11,0.5
1051063855566202669,11,0.5
1051127322410455570,8,0.5
1051272692636723348,11,0.5
1051441569633767724,11,0.5
1051576479357652547,11,0.5
1051654556839568766,38,0.5
1051783607628385880,11,0.5
1051801422496193243,11,0.5
1051856919141115344,11,0.5
1052032243311522725,28,0.5
1052048104313320362,11,0.5
1052082377217952767,11,0.5
1052084434367148159,11,0.5
1052252314631663566,11,0.5
1052381500287623162,28,0.5
1052462067449161253,15,0.5
1052530077783495299,11,0.5
1052536491370136526,11,0.5
1052609767338245958,11,0.5
1052912958271383612,11,0.5
1053177623405711093,11,0.5
1053291233015999209,28,0.5
1053351629730509152,11,0.5
1053359446108790383,28,0.5
1053377424317239923,11,0.5
1053538038990110742,11,0.5
1053601251929164116,9,0.5
1054141667542381263,11,0.5
1054582121378216366,28,0.5
1054705441550381946,28,0.5
1054781122533614135,11,0.5
1054815313019317445,28,0.5
1054831852152740353,11,0.5
1054834407210946032,11,0.5
1054838920511045916,11,0.5
1054839732025797959,8,0.5
1055038336649696990,27,0.5
1055325209873503260,1,0.5
1055395021169506332,11,0.5
1055432352490262424,11,0.5
1055466876036571674,11,0.5
1055471764115481541,15,0.5
1055683087654930697,15,0.5
1055723859560827675,8,0.5
1055742232681977002,11,0.5
1055754560323572135,11,0.5
1056078034805184913,11,0.5
1056152845093200253,11,0.5
1056239488908081735,11,0.5
1056365823931793866,11,0.5
1056381275530428968,8,0.5
1056437338102851770,8,0.5
1056456995163630426,8,0.5
1056492046104692062,8,0.5
1056505315334017683,28,0.5
1056918457170463411,11,0.5
1057081602128421075,11,0.5
1057281349360841500,11,0.5
1057519438669939029,11,0.5
1057583382864322455,11,0.5
1057596715467522258,11,0.5
1057915438571614072,11,0.5
1059090526139648698,17,0.5
1059335253050355354,11,0.5
1059367544935181389,11,0.5
1059434155818203921,11,0.5
1060371280313891168,28,0.5
1060851710437391793,11,0.5
1061356056100098848,8,0.5
1061599504463340804,8,0.5
1061622119845673206,8,0.5
1062017076652158218,11,0.5
1062641429332645221,11,0.5
1063016175981893637,11,0.5
1063352825995786495,11,0.5
1063354391370580809,28,0.5
1063491875557202193,28,0.5
1063543341047981309,11,0.5
1063561701857507641,23,0.5
1063566471508329315,11,0.5
1063592562524435096,23,0.5
1063598353088740139,23,0.5
1063620793173522369,11,0.5
1064148625996539032,8,0.5
1064168109610102284,8,0.5
1064169953229994265,11,0.5
1064174139088798641,8,0.5
1064266145634323679,8,0.5
1064287644465796710,7,0.5
1064303837529538144,11,0.5
1064899670677236677,11,0.5
1064905407845313360,11,0.5
1064905704171371007,11,0.5
1065423691471158415,5,0.5
1065452187797668732,11,0.5
1065767534858028488,11,0.5
1065829993246688213,28,0.5
1065853160436418713,28,0.5
1065888968403986005,28,0.5
1066419814980005889,5,0.5
1066430640877092516,11,0.5
1066482328838147734,11,0.5
1066585243812848352,11,0.5
1067760951761771544,28,0.5
1067945523338502752,11,0.5
1068056395727126034,11,0.5
1068056997682109783,11,0.5
1068082121926688750,11,0.5
1069296323356400906,23,0.5
1069315560755073879,28,0.5
1069891503209402274,11,0.5
1069961155824786702,38,0.5
1070084054703920850,11,0.5
1070245024102913502,11,0.5
1070688473291767785,11,0.5
1070830231495559813,11,0.5
1070900516866014171,11,0.5
1070913429574021660,11,0.5
1071499701742742068,28,0.5
1071629607807600356,11,0.5
1071638816135636217,11,0.5
1072174876348726908,11,0.5
1072201129766944088,11,0.5
1072201473579958213,11,0.5
1072201539987101802,11,0.5
1072210889459271417,11,0.5
1072212785851833881,11,0.5
1072219304259737987,11,0.5
1072241541735802872,28,0.5
1072242783645451666,28,0.5
1072847792930824231,28,0.5
1072862452039223262,11,0.5
1073043639068554187,11,0.5
1073148886337755305,28,0.5
1073220340948399608,11,0.5
1074055950153270628,11,0.5
1074409130305168000,11,0.5
1074477276642544327,12,0.5
1074480426381577665,11,0.5
1074482610126273509,11,0.5
1074645625749045385,11,0.5
1075363050091186351,11,0.5
1075680468180556891,11,0.5
1075701713370022237,11,0.5
1075776707447782050,11,0.5
1075810029197445742,11,0.5
1076554252430000869,8,0.5
1076566839141157718,8,0.5
1076662626489908546,11,0.5
1077445191953830255,11,0.5
1077816682526979677,11,0.5
1078031610720661207,8,0.5
1078152445346935744,11,0.5
1078588791525096115,11,0.5
1078832712180057097,8,0.5
1078845976902088367,8,0.5
1079304734753698267,8,0.5
1079313461298925073,11,0.5
1079482238870405988,11,0.5
1079504339994760618,8,0.5
1079641906493385687,11,0.5
1080081016923589321,8,0.5
1080173765251632749,11,0.5
1080279187805828666,11,0.5
1080301059191970653,11,0.5
1080319297938155290,5,0.5
1080407555813101909,11,0.5
1080463732651434949,11,0.5
1080625156290007049,23,0.5
1080824104983799406,11,0.5
1080893312810960060,11,0.5
1081548045496656278,28,0.5
1081622276517113424,11,0.5
1081673182898646183,11,0.5
1081820400339374612,5,0.5
1081873227073014235,11,0.5
1082280778148041643,11,0.5
1082341736690398261,11,0.5
1082415699992425221,11,0.5
1082442329126963909,11,0.5
1082468972754603668,27,0.5
1082740563656663356,8,0.5
1083014129038003629,11,0.5
1083209554100313702,11,0.5
1083304932142999195,28,0.5
1083322502572760272,23,0.5
1083759270821241701,5,0.5
1084570380677199189,11,0.5
1085333173893461399,11,0.5
1085388751110367655,11,0.5
1085411813203606322,5,0.5
1085768036716974111,38,0.5
1085842002797799999,38,0.5
1085943797485583269,38,0.5
1085972111180515083,38,0.5
1086082326842384505,38,0.5
1086090651800469206,38,0.5
1086496473451025424,11,0.5
1086829254322658005,11,0.5
1086836240625212432,11,0.5
1086906083372627259,11,0.5
1086928887788654553,11,0.5
1086938216665347355,11,0.5
1086962325436602081,28,0.5
1087301830191521533,46,0.5
1087369977709688110,46,0.5
1088035472559059459,11,0.5
1088055771074427685,46,0.5
1088061108112569639,11,0.5
1088063250763764648,46,0.5
1088067250276214057,46,0.5
1088069074367344151,11,0.5
1088085049412349127,28,0.5
1088094519977352195,28,0.5
1088096028845513749,28,0.5
1088213144791451207,11,0.5
1089809633688989134,9,0.5
1090290891629924544,11,0.5
1090957941658269587,11,0.5
1091373020901926907,8,0.5
1091413803642755134,11,0.5
1092390530640533879,11,0.5
1093073292536742514,11,0.5
1093228471411920690,11,0.5
1093282070111148082,15,0.5
1093803252459931569,8,0.5
1093813583884151474,8,0.5
1094008480512300183,11,0.5
1094031400118053167,5,0.5
1094035106179061003,11,0.5
1094499933265957430,28,0.5
1094591518958494628,11,0.5
1094607616602007913,11,0.5
1094652589357103412,11,0.5
1094688167317471020,11,0.5
1094798849403415186,11,0.5
1095007529062544923,11,0.5
1095307166988771371,11,0.5
1095317701171079584,28,0.5
1095516486684895426,8,0.5
1095675078942556988,11,0.5
1095962655592564092,41,0.5
1095970582633622340,41,0.5
1095985919827018581,41,0.5
1096128632366484429,11,0.5
1096420348017156838,11,0.5
1096708074805710385,11,0.5
1097432393274280207,9,0.5
1097620509670009295,11,0.5
1097747693422334122,41,0.5
1097776362237737479,11,0.5
1098143935149459252,28,0.5
1098454139348199868,11,0.5
1098749265620629508,7,0.5
1098984577495429748,11,0.5
1099486435447938506,28,0.5
1099489379796917380,28,0.5
1099506294651378786,28,0.5
1099589624507838310,11,0.5
1099793967081746079,11,0.5
1099855268266269503,11,0.5
1099926035776787619,8,0.5
1100363064608333821,11,0.5
1100472504742216302,11,0.5
1100534472210397286,28,0.5
1100650170613097190,11,0.5
1101009758971652933,8,0.5
1101029260246038733,8,0.5
1101038440644542696,8,0.5
1101116812925102665,7,0.5
1101142430607491585,11,0.5
1101305086767519210,11,0.5
1101397487004155983,11,0.5
1101435358664013054,11,0.5
1101537578466981935,28,0.5
1101690911813093789,19,0.5
1101744655940863508,28,0.5
1101907706747623910,11,0.5
1101995012402943953,8,0.5
1102911353570193972,11,0.5
1103222651917776094,11,0.5
1103260416483449423,11,0.5
1103368472002721297,15,0.5
1103405905227854369,11,0.5
1103501668764779164,38,0.5
1103615017695408002,11,0.5
1103993023479559379,8,0.5
1104046647780885254,11,0.5
1104098954622589547,8,0.5
1104343287405574839,11,0.5
1104658545016558365,31,0.5
1104956549797535318,23,0.5
1105542121319358812,11,0.5
1105573199231694791,23,0.5
1105794390947061629,11,0.5
1105797887989225866,11,0.5
1106164820422157102,11,0.5
1106263823380342055,5,0.5
1106278026468466271,8,0.5
1106473985202399574,11,0.5
1106482851204093782,11,0.5
1106489562891408939,11,0.5
1106512037156179565,23,0.5
1106914585362685044,11,0.5
1106935544196130275,11,0.5
1106940537402858730,5,0.5
1106974359984010503,28,0.5
1106978611631762782,28,0.5
1107001467543086755,28,0.5
1107199815486861459,11,0.5
1107210030855597212,11,0.5
1107264617876666639,5,0.5
1107614429945708735,11,0.5
1107662771121941977,11,0.5
1107694064743695140,11,0.5
1107719614962673540,11,0.5
1107817059754846756,11,0.5
1108293716047072322,28,0.5
1108374405772106629,11,0.5
1108392798064005987,11,0.5
1108604457022692387,5,0.5
1108610634509849313,28,0.5
1108722364007823686,11,0.5
1108733513236571490,11,0.5
1109038225516065318,11,0.5
1109082657504955607,11,0.5
1109132163693170689,11,0.5
1109150631903489134,11,0.5
1109220051028029691,11,0.5
1109249219604327113,11,0.5
1109281385889507382,11,0.5
1109353004732320636,11,0.5
1110060642731972734,28,0.5
1110124836935472319,11,0.5
1110483896750986029,11,0.5
1110689397223626637,11,0.5
1110860204030256397,11,0.5
1111195201058719837,28,0.5
1111283950760426504,28,0.5
1111320991600360847,11,0.5
1111500323343932567,11,0.5
1112233616990454231,28,0.5
1112604161535796115,28,0.5
1112781815585145163,11,0.5
1112984651972967189,11,0.5
1113375795361711465,11,0.5
1113408524522175463,11,0.5
1113442191585617416,11,0.5
1113442711814271694,15,0.5
1113507737395575511,15,0.5
1113887850275874381,9,0.5
1114104597070999080,11,0.5
1114114570300646392,11,0.5
1114243113509422210,11,0.5
1114248769639124764,11,0.5
1114302377575664535,11,0.5
1114321496018309105,5,0.5
1114330528083203761,11,0.5
1114370222848738697,11,0.5
1114378607843759565,11,0.5
1114494314051420964,11,0.5
1114836932239473897,11,0.5
1114978659961680527,27,0.5
1115136871943427207,11,0.5
1115436656840270968,28,0.5
1115594730608800736,27,0.5
1115602966457733640,27,0.5
1115696702305343491,11,0.5
1115794194819979203,11,0.5
1115845921057361166,28,0.5
1116161269024802062,28,0.5
1116336782980727647,11,0.5
1116395081158382941,11,0.5
1116417312024938432,11,0.5
1116439859807869045,11,0.5
1116441466656424664,11,0.5
1116442323848299171,11,0.5
1116611241379441514,9,0.5
1116683458776188311,11,0.5
1117059206211720455,11,0.5
1117108161924192159,11,0.5
1117134347573696925,11,0.5
1117247535552724891,11,0.5
1117671991203098427,11,0.5
1117684745787812842,5,0.5
1118145384136303283,11,0.5
1118425500985999610,11,0.5
1118532541078523624,11,0.5
1118663869965586903,11,0.5
1118680379059640935,19,0.5
1118704538595393352,11,0.5
1118760848523341456,11,0.5
1118765919650215232,11,0.5
1118769017720071363,11,0.5
1119936520213595447,28,0.5
1119936652201100228,28,0.5
1120084659176492417,11,0.5
1120230192082647573,11,0.5
1120306157189542899,11,0.5
1120647101106371280,11,0.5
1120661364151895394,11,0.5
1120664217335346957,28,0.5
1120674756250725398,11,0.5
1120681963641877685,28,0.5
1120813514669136055,11,0.5
1120830473383580976,11,0.5
1120943754329641514,28,0.5
1121048658502724775,8,0.5
1121709519770146384,28,0.5
1122128880367955293,11,0.5
1122506693409060363,11,0.5
1122560696833796541,11,0.5
1122978977159659077,11,0.5
1123049596355748122,28,0.5
1123090415804711125,28,0.5
1123123360310209374,28,0.5
1123321420385696018,11,0.5
1123648380735380360,11,0.5
1124184969407315691,11,0.5
1124933556625295796,5,0.5
1124947794855335298,11,0.5
1125060161086772702,11,0.5
1125277315310659502,11,0.5
1125336806071509732,9,0.5
1125763756049631540,5,0.5
1125840898506164189,11,0.5
1125944540654043447,8,0.5
1125969165020279093,1,0.5
1126339147058872166,28,0.5
1126497547097826669,38,0.5
1126547005360147933,11,0.5
1126595817595177511,11,0.5
1127317523958093344,11,0.5
1127463851263841047,11,0.5
1127604966213151944,8,0.5
1127867614119748141,11,0.5
1128108931742706459,8,0.5
1128111936245986924,5,0.5
1128127074774303917,11,0.5
1128498779784215383,8,0.5
1128734028574063668,11,0.5
1128739863300075648,11,0.5
1128745759380890269,11,0.5
1128846757384861752,8,0.5
1128857385729502490,8,0.5
1128859993300713935,8,0.5
1129317827026227463,28,0.5
1129344612405833048,23,0.5
1129345063657412920,23,0.5
1129555418582756308,28,0.5
1129569195943906923,11,0.5
1129620946924887879,11,0.5
1129674222072988715,11,0.5
1129705564739173801,11,0.5
1129708597979476523,11,0.5
1129714301798599737,11,0.5
1129720873517103656,8,0.5
1130046144283485077,11,0.5
1130169912459422769,28,0.5
1130463850210928733,11,0.5
1130469297974557487,11,0.5
1130482657640504267,11,0.5
1130830326049192122,11,0.5
1130878597043254629,11,0.5
1130912515290372350,11,0.5
1131036217997718914,11,0.5
1131069195009541056,11,0.5
1131070299603714925,11,0.5
1131310230017270679,11,0.5
1131650620744861577,28,0.5
1131772651320662442,11,0.5
1132131282056480108,28,0.5
1132206022203770864,11,0.5
1132232979461739160,11,0.5
1132331172804412273,28,0.5
1132493440809951710,11,0.5
1132626718920980970,11,0.5
1132948948082011758,8,0.5
1133332554650213073,11,0.5
1133336942070486466,11,0.5
1133821298256603315,11,0.5
1134421471606215912,11,0.5
1134459222820984883,11,0.5
1134588073274890251,28,0.5
1134695954293901298,8,0.5
1134708488231370776,11,0.5
1135099545134561420,11,0.5
1135165331753198495,9,0.5
1135209481810736796,28,0.5
1135455833587257291,8,0.5
1135922827139957454,38,0.5
1136155071260044482,11,0.5
1136164195132646518,11,0.5
1136560257168861240,11,0.5
1136637776103037143,38,0.5
1136641807205177631,38,0.5
1136751423185098733,11,0.5
1136889834911900656,28,0.5
1137272268715840456,28,0.5
1137339265985198603,28,0.5
1137357063274458281,28,0.5
1137367535224846001,28,0.5
1137374968358380280,11,0.5
1137383791133211435,11,0.5
1137406623931136165,28,0.5
1137429132030403479,23,0.5
1138166672052090677,23,0.5
1138229019612977067,5,0.5
1138555324379342693,38,0.5
1138775842650954743,8,0.5
1138781824241291941,28,0.5
1138985726141153980,11,0.5
1139308576936529656,11,0.5
1139604296061959776,11,0.5
1139846798651146505,28,0.5
1140185770320577637,5,0.5
1140212959961943936,11,0.5
1140537402399474471,23,0.5
1140587020334138886,11,0.5
1140986586722494269,11,0.5
1141054135821927756,11,0.5
1141220592545465923,11,0.5
1141260155904869096,11,0.5
1141963956361400693,11,0.5
1142017009752374933,33,0.5
1142636645536782804,11,0.5
1142719720612800605,28,0.5
1143084287974001675,28,0.5
1143164392511489093,28,0.5
1143176484009426650,8,0.5
1143329697313415883,11,0.5
1143460743345238289,11,0.5
1143538285603256264,5,0.5
1143550737234732626,5,0.5
1143834058718015258,5,0.5
1143862979564220419,11,0.5
1143995565698168478,11,0.5
1144685721047856492,5,0.5
1144734277572427531,5,0.5
1145017825994524090,11,0.5
1145181777292622588,15,0.5
1145399262414892576,11,0.5
1145705063426679283,11,0.5
1145959497034976686,24,0.5
1145976247876539611,28,0.5
1145985092366825648,28,0.5
1146025576703198218,11,0.5
1146069005870000015,11,0.5
1146137970033622152,11,0.5
1146167098851404692,11,0.5
1146893643026883577,11,0.5
1146985253131890099,11,0.5
1147035436576177616,11,0.5
1147158847532669559,11,0.5
1147495692595390346,11,0.5
1147504365915132451,11,0.5
1148134709392262139,11,0.5
1148264817722200992,11,0.5
1150314359704864588,11,0.5
1150315309890159375,38,0.5
1150360743083362450,38,0.5
1150661770876104673,28,0.5
1150689168336646299,28,0.5
1151052989355897485,11,0.5
1151338043107117869,33,0.5
1152084732629240927,33,0.5
1152102453754717912,33,0.5
1152110586297709235,33,0.5
1152119134945159258,11,0.5
1152489199286926244,11,0.5
1153272971219474574,11,0.5
1153363655885240010,11,0.5
1153541989854211064,11,0.5
1153602780058982513,11,0.5
1153914392952848910,11,0.5
1153997315898772598,5,0.5
1154091613707726143,28,0.5
1154244224408618055,11,0.5
1154272558941255666,11,0.5
1154855238410077569,11,0.5
1154913368534058150,11,0.5
1154972450569249562,11,0.5
1155030457909486269,11,0.5
1155473436658687341,8,0.5
1155636349511493302,11,0.5
1155705296742511233,11,0.5
1156312113078106422,28,0.5
1156790001575343937,28,0.5
1156956183056905059,11,0.5
1156966973372577325,11,0.5
1156970062315343265,11,0.5
1157137774815887189,11,0.5
1157561539439406154,28,0.5
1157568929507147964,11,0.5
1157682143193378490,28,0.5
1157822380351913243,11,0.5
1157891835204455625,11,0.5
1157900728841129620,11,0.5
1157900816046875555,11,0.5
1157925289742702710,11,0.5
1157952847282963442,28,0.5
1157957830783157504,11,0.5
1158474409414105020,11,0.5
1158592536019247470,11,0.5
1158600254858021303,11,0.5
1158603579800222610,11,0.5
1158793663756231470,11,0.5
1158888103265201795,11,0.5
1159164216531511813,28,0.5
1159335905677815084,7,0.5
1159409875789716961,11,0.5
1159846595323259002,11,0.5
1160047399672529871,11,0.5
1160509010028048640,11,0.5
1160638803334282962,11,0.5
1160828199686393777,11,0.5
1161299977073742096,27,0.5
1161303320457674502,27,0.5
1161319299830240630,27,0.5
1161325463684741847,27,0.5
1161381821705999160,11,0.5
1161433247474835768,11,0.5
1161471740345344281,11,0.5
1161490615024042654,11,0.5
1161497363362484425,11,0.5
1161507867608212619,11,0.5
1161713217453552010,11,0.5
1161921643366284291,11,0.5
1162090783633503634,11,0.5
1162182041239225121,28,0.5
1162526699844564102,28,0.5
1162663002118134608,11,0.5
1162685665060896217,23,0.5
1162691483295426840,23,0.5
1162818469243648923,11,0.5
1162819624900106640,23,0.5
1162822497485624137,23,0.5
1162825964631278830,23,0.5
1162843613160246365,28,0.5
1162914898755506613,11,0.5
1163527843405474409,3,0.5
1164141764692399016,5,0.5
1164182316978940216,11,0.5
1164775879039219954,11,0.5
1164878044412835943,11,0.5
1164971993625792838,11,0.5
1164992372515559227,11,0.5
1165018139498648481,11,0.5
1165024890164812458,11,0.5
1165129461606871675,11,0.5
1165597414584447669,11,0.5
1165602848545242856,5,0.5
1165734595702819528,11,0.5
1165766184581664037,28,0.5
1165904744406687455,28,0.5
1165963199935894188,15,0.5
1165999113882016071,23,0.5
1166168763193282186,11,0.5
1166180688661273678,28,0.5
1166224861718653273,28,0.5
1166405941461149479,11,0.5
1166997668922210031,11,0.5
1167014502006378153,11,0.5
1167025140139032819,11,0.5
1167080812177064273,28,0.5
1167099101964321189,11,0.5
1167150278846815661,8,0.5
1167173484403450412,11,0.5
1167176705076498749,8,0.5
1167192076141925638,8,0.5
1167261726679470670,28,0.5
1167346319355725827,11,0.5
1167718450789960977,23,0.5
1167719626830280854,11,0.5
1168044496694720680,28,0.5
1168657500363108203,38,0.5
1168805110766056894,11,0.5
1169153383640833898,11,0.5
1169410800525223850,5,0.5
1169455534534701343,11,0.5
1169854297062590576,28,0.5
1169864651635166380,28,0.5
1169873246928215132,28,0.5
1170021140420672921,9,0.5
1170190943318526105,15,0.5
1170808356968330025,5,0.5
1170836700951503193,11,0.5
1171022019266935445,11,0.5
1171041309503595496,11,0.5
1171243971849824643,11,0.5
1171270306497167926,11,0.5
1171322165007641853,11,0.5
1171443236338330713,27,0.5
1171460466711394106,11,0.5
1172383056125058669,28,0.5
1172397237557260573,11,0.5
1172444915124362797,11,0.5
1172843466953153796,28,0.5
1172873115369179556,28,0.5
1172897061713560902,28,0.5
1172902030416102917,28,0.5
1172952395102970048,28,0.5
1172958963014825528,28,0.5
1173033343163558454,11,0.5
1173238618085410573,11,0.5
1173528314719175704,11,0.5
1173680108127840864,8,0.5
1173706452370382888,8,0.5
1174615280560330421,28,0.5
1175079135146180304,11,0.5
1175482164143259578,9,0.5
1176384288444360784,11,0.5
1176550201911356640,38,0.5
1176563813158908265,11,0.5
1177257144955586111,28,0.5
1177513373796512138,11,0.5
1178231718595112074,11,0.5
1178573454548449035,11,0.5
1178627391586613020,11,0.5
1178875511022415193,11,0.5
1179323034588035021,11,0.5
1179465276131653820,11,0.5
1179662028216864294,11,0.5
1180186369791454939,11,0.5
1180429125016402095,28,0.5
1180676891252917286,9,0.5
1180945410783953690,23,0.5
1181099263415099420,19,0.5
1181194364004478658,11,0.5
1181213350589185143,11,0.5
1181700524759108266,11,0.5
1181874613868441428,11,0.5
1182132820288414531,38,0.5
1182142871335015339,5,0.5
1182356290649392878,11,0.5
1182418161949220646,28,0.5
1182524021854999578,11,0.5
1182836520720797850,28,0.5
1183126710995743577,28,0.5
1185110234592514745,11,0.5
1185210237823048654,28,0.5
1185253003692682689,28,0.5
1185481873592358541,11,0.5
1185508464111496911,11,0.5
1185783427866628789,11,0.5
1185858703806630374,11,0.5
1186007442337422411,5,0.5
1186651668249073651,46,0.5
1186747640072632966,11,0.5
1186816926635912102,23,0.5
1187083820251503407,11,0.5
1187244279740532761,11,0.5
1187268150474310605,11,0.5
1187381885966398266,28,0.5
1187389141888629232,28,0.5
1187398674743848670,28,0.5
1187598202898480161,5,0.5
1187662139534240183,11,0.5
1187673239984874803,11,0.5
1187689305345917235,11,0.5
1187691687769633315,11,0.5
1188407426232935152,28,0.5
1188425854284655465,11,0.5
1188434963248873778,11,0.5
1188440054540582947,11,0.5
1188705247338906867,11,0.5
1188848671880306442,11,0.5
1188855155049193836,11,0.5
1189551284441164463,11,0.5
1190221480865307574,11,0.5
1190841640428093857,28,0.5
1190953481414590449,19,0.5
1191003297256322750,28,0.5
1191065272717393295,11,0.5
1191065471736048608,11,0.5
1191099016857167338,11,0.5
1191154368060423325,19,0.5
1191166044622553521,8,0.5
1191210381237989619,11,0.5
1191234108107211094,5,0.5
1191340941929957437,8,0.5
1191604237010040029,11,0.5
1191773398808252169,8,0.5
1191787089998189908,5,0.5
1191789647150246680,11,0.5
1191914079694604219,8,0.5
1191919049594267954,8,0.5
1191954133382587602,11,0.5
1192039754598851106,28,0.5
1192047036271015654,11,0.5
1192335826841210886,28,0.5
1192787265541172367,15,0.5
1193012015856173836,28,0.5
1193064631812053497,19,0.5
1193160524984020171,11,0.5
1193337617715979480,20,0.5
1193346484639258740,20,0.5
1193528621614562240,28,0.5
1193536490419974052,28,0.5
1193540973376713503,28,0.5
1194050969749071100,11,0.5
1194062200743759032,11,0.5
1194632861024127153,15,0.5
1194722196625637191,8,0.5
1195266057370730398,11,0.5
1195495512303417492,11,0.5
1195613078296215983,11,0.5
1195734490970564180,11,0.5
1196001777713386992,8,0.5
1196105875635221790,38,0.5
1196163931980773243,38,0.5
1196168290839686174,38,0.5
1196169395639397716,38,0.5
1196176880837709415,38,0.5
1196178081350913612,38,0.5
1196191504037492015,38,0.5
1196195161666157480,38,0.5
1196195718690759442,38,0.5
1196198587613710001,38,0.5
1196200128174084808,38,0.5
1196207559132436760,38,0.5
1196216222931417360,38,0.5
1196220994675237493,38,0.5
1196223600474754355,38,0.5
1196224805299935725,38,0.5
1196819837175385019,28,0.5
1196950254182353982,11,0.5
1196987313128479538,11,0.5
1197486889760720104,11,0.5
1197605250142909981,9,0.5
1197667862368907162,23,0.5
1197801656239821746,23,0.5
1198139200386218031,11,0.5
1198458355028452737,8,0.5
1198468421564174226,11,0.5
1198470884148170698,11,0.5
1198501889560208573,11,0.5
1198902079124513388,11,0.5
1198911922071163732,11,0.5
1198919126879290288,11,0.5
1198928984290992590,11,0.5
1199042834911299854,11,0.5
1199095494046543973,11,0.5
1201026600457528155,11,0.5
1201280635516665067,11,0.5
1201292263712823055,11,0.5
1201448670364188717,11,0.5
1201636173103685481,11,0.5
1201643597462336974,11,0.5
1201889532818065968,11,0.5
1201897126924508470,11,0.5
1202137508197942524,11,0.5
1202150305084073406,11,0.5
1202165888162176782,22,0.5
1202171341380999736,11,0.5
1202987441883724695,11,0.5
1203310008535752867,15,0.5
1203391980875494784,11,0.5
1203968520250166775,11,0.5
1204066968372892001,28,0.5
1205060740698260392,11,0.5
1205496548374627193,11,0.5
1205637171756497875,11,0.5
1206376218864159342,11,0.5
1206638201788760364,11,0.5
1206717432205812276,11,0.5
1206991336607209225,11,0.5
1207042193919974807,8,0.5
1207050229648847527,8,0.5
1207065103814095395,8,0.5
1207167275412669594,11,0.5
1207305980845065552,11,0.5
1207928358789344012,11,0.5
1207933831645368279,11,0.5
1207954441607462393,8,0.5
1208035983256187072,11,0.5
1208074652960107815,11,0.5
1208492890218499381,11,0.5
1208492971005412650,11,0.5
1208497939483600717,28,0.5
1208501487509511209,28,0.5
1208534670299482357,11,0.5
1209102778916645351,8,0.5
1209984858977404049,28,0.5
1210113033968774179,28,0.5
1211268223140117804,11,0.5
1211903908874462211,11,0.5
1212133166878291336,11,0.5
1212186370792571760,11,0.5
1212228143460319887,11,0.5
1212244036084005554,11,0.5
1212345921558249641,11,0.5
1212709478950493189,11,0.5
1212717828134684643,11,0.5
1212834280281391649,11,0.5
1212837832653087917,11,0.5
1212923626936294231,11,0.5
1213046546747912457,5,0.5
1213465907806026338,11,0.5
1213470961124479692,11,0.5
1213476574450515950,11,0.5
1213531931224461868,11,0.5
1213735119322868542,11,0.5
1213749838306253800,11,0.5
1213822297299863039,11,0.5
1214146874739195717,11,0.5
1214262238360235909,5,0.5
1214315646875370758,11,0.5
1214541592994091844,11,0.5
1214901876908944354,5,0.5
1215752036378127246,28,0.5
1216192120899356603,11,0.5
1216328413107644652,28,0.5
1216348862045459463,28,0.5
1216394916266370282,11,0.5
1216437851737134577,28,0.5
1216449470865658768,28,0.5
1216456131845047700,28,0.5
1216464066956824718,11,0.5
1216623277782476805,11,0.5
1217047922911331942,11,0.5
1217226568083908258,11,0.5
1217464833580061070,11,0.5
1217627800601236969,11,0.5
1217988562506902895,28,0.5
1218626304055678948,11,0.5
1218811066584518642,5,0.5
1219236636198058705,28,0.5
1219266718372533544,28,0.5
1219284312879105176,28,0.5
1219304643824755645,11,0.5
1219304748853802533,28,0.5
1219315993950598695,11,0.5
1220017040505116289,11,0.5
1220025015580440064,28,0.5
1220030580034180510,11,0.5
1220340744868408716,11,0.5
1222054234110841279,11,0.5
1222058922870343685,11,0.5
1222369075227647667,5,0.5
1222430896156507857,11,0.5
1222438954642728320,11,0.5
1222442070522214406,11,0.5
1222443815847606279,11,0.5
1224327764207628546,11,0.5
1224401677978257214,8,0.5
1224566974492198172,5,0.5
1224567863877530927,15,0.5
1224613170276386686,11,0.5
1225049650342845823,11,0.5
1225684862393527808,19,0.5
1225822489860744186,11,0.5
1225822918684199293,11,0.5
1225866157244571338,11,0.5
1225879322761930497,11,0.5
1225889536973778060,15,0.5
1225906837062729292,19,0.5
1226000472902148770,9,0.5
1226041914023513593,11,0.5
1226104798100188046,19,0.5
1226105546464126076,19,0.5
1226106148691303225,5,0.5
1226510797747869641,11,0.5
1226599987650264449,24,0.5
1226787173582957836,11,0.5
1227211395840665402,5,0.5
1227340600867911779,11,0.5
1227356714110016454,11,0.5
1227362899907143572,11,0.5
1227480003624481612,7,0.5
1227538000566255331,8,0.5
1227556017582833783,11,0.5
1227869359962238916,11,0.5
1228231160171346742,11,0.5
1228785129412342131,11,0.5
1228807912720731266,11,0.5
1229293197198445354,5,0.5
1230144003317344583,11,0.5
1230234902346592627,11,0.5
1231655981453169633,24,0.5
1231834046946820788,5,0.5
1231898252415838999,15,0.5
1232429805523298287,17,0.5
1233097967170802435,44,0.5
1233111064818351570,24,0.5
1233618458732006664,11,0.5
1233804835893842384,11,0.5
1234034234811262971,11,0.5
1234064072893661349,11,0.5
1234508250055488987,11,0.5
1235067097210399812,15,0.5
1235315932877643684,15,0.5
1235384286710391545,28,0.5
1235526154395054573,15,0.5
1235689176520458507,11,0.5
1235824438431804990,1,0.5
1235979348169765107,11,0.5
1236783301087667455,5,0.5
1236783462416197992,5,0.5
1237386897443928591,5,0.5
1237392668450209397,5,0.5
1237400638169878953,11,0.5
1237409471978203682,5,0.5
1237413807392641237,5,0.5
1237422933174429376,5,0.5
1237425971438397322,5,0.5
1237428524809915417,5,0.5
1237431542741396008,5,0.5
1237603078755418416,15,0.5
1237641005724188315,11,0.5
1238171917735542274,8,0.5
1238177921722867360,8,0.5
1238182862689322253,8,0.5
1238191600909986736,8,0.5
1238194880174786808,8,0.5
1238202705641931205,8,0.5
1238215311659724234,11,0.5
1239000747538995040,5,0.5
1239036290619997999,11,0.5
1239436503458039916,11,0.5
1239476855350044951,11,0.5
1239483001555945300,35,0.5
1239506164697428978,11,0.5
1239570667264060818,35,0.5
1240299879628958768,11,0.5
1240360092249389035,11,0.5
1240380902668420251,11,0.5
1240389988613920782,11,0.5
1241023330695181640,11,0.5
1241219755827738200,11,0.5
1241771495480619504,11,0.5
1241878720644372113,5,0.5
1241934581277203696,11,0.5
1241978944709829156,11,0.5
1241979686537524384,11,0.5
1241986863177156864,8,0.5
1241991973986580197,8,0.5
1241997212002619058,8,0.5
1242000079883726766,8,0.5
1242683878073145234,11,0.5
1242693190528357264,11,0.5
1242693268340760578,11,0.5
1242844677477758673,11,0.5
1243008134217717615,11,0.5
1243200133577696887,17,0.5
1243361179453435074,11,0.5
1243405224179810260,11,0.5
1243530769881494410,5,0.5
1243951822069959134,9,0.5
1244194548080152824,11,0.5
1244436595199987277,6,0.5
1244503188938987406,11,0.5
1244667917253372183,11,0.5
1244673248394712020,11,0.5
1244674601887183746,11,0.5
1244675721021808701,11,0.5
1244676698750437001,11,0.5
1244679668871615978,11,0.5
1246094729692799798,11,0.5
1246385646423182463,11,0.5
1246397820615609477,11,0.5
1246446476808599087,11,0.5
1246770359704387919,11,0.5
1247577850836913305,17,0.5
1247587270753545349,36,0.5
1247779678123683031,11,0.5
1248576084191555737,11,0.5
1248896903691292980,11,0.5
1249027271273018505,36,0.5
1249059504399520508,36,0.5
1249067444693727304,36,0.5
1249227725751223630,8,0.5
1249234258627980629,8,0.5
1249238803934486654,8,0.5
1249247471678899510,8,0.5
1249254681539015428,8,0.5
1249257921513398403,8,0.5
1249261149818083336,8,0.5
1249263063363452792,8,0.5
1249281897429432511,28,0.5
1249332556316698431,11,0.5
1249349839248249170,11,0.5
1249570645468581161,11,0.5
1249734905786511974,11,0.5
1249770838659101762,36,0.5
1249775078494637893,36,0.5
1249781764904831724,36,0.5
1250431398514130481,11,0.5
1250492890344839830,11,0.5
1250499327600443028,11,0.5
1250504265819199785,11,0.5
1250509084346706411,11,0.5
1250519194417034911,11,0.5
1250525467885007607,11,0.5
1250530915977326640,11,0.5
1250572449909514630,11,0.5
1250578659811139410,11,0.5
1250587598850440863,11,0.5
1250598114028299542,28,0.5
1250603948412578718,11,0.5
1251343895844859879,19,0.5
1251386048296562889,11,0.5
1251391040313697723,11,0.5
1251591263095794152,11,0.5
1251762026451140011,11,0.5
1251770571477130806,5,0.5
1251824071024796711,11,0.5
1251830729963037732,11,0.5
1251833004081929816,11,0.5
1251835972017816563,11,0.5
1251839886540475887,11,0.5
1251844346169337321,11,0.5
1252092529574613976,15,0.5
1252125112743006946,28,0.5
1252144282522154138,11,0.5
1252572341033231863,11,0.5
1252878516750212817,11,0.5
1252998140121932873,11,0.5
1253227677735246077,11,0.5
1253330955486140598,11,0.5
1253375035445408666,11,0.5
1253463561876067707,11,0.5
1253560659048164888,11,0.5
1253991022333595167,11,0.5
1254092519317082913,11,0.5
1254510092843192073,15,0.5
1254530568519371604,15,0.5
1254828127240288623,11,0.5
1254890128659311652,11,0.5
1255657894120447290,11,0.5
1256807341598301821,8,0.5
1257105147226401752,11,0.5
1257140347726835737,11,0.5
1257184442872447945,11,0.5
1257670172496754537,11,0.5
1257747870607997106,11,0.5
1258314694073776254,11,0.5
1259028274584337674,11,0.5
1259622694841310112,11,0.5
1259952438645274455,11,0.5
1260114257787770428,11,0.5
1260653325679696284,11,0.5
1261969298106420336,11,0.5
1262119043798616931,28,0.5
1262387547686804710,11,0.5
1262708827496001673,11,0.5
1262714546286046736,28,0.5
1262716526933323877,11,0.5
1262778760046730650,11,0.5
1262967967010458282,28,0.5
1263425104602002567,5,0.5
1263426987739340924,11,0.5
1263652859525451203,11,0.5
1265161380884374701,11,0.5
1265173977432786745,11,0.5
1265234450164646211,11,0.5
1265331124076340702,11,0.5
1266451213217689335,11,0.5
1266491507097844259,11,0.5
1266597923889106071,5,0.5
1266711635952959416,5,0.5
1267130611527178625,28,0.5
1267633286869306344,15,0.5
1267839305823963151,11,0.5
1268105608760348457,28,0.5
1268457166037918117,28,0.5
1268502571858118062,28,0.5
1269379742332834394,11,0.5
1269518667679767915,11,0.5
1269530459797807373,28,0.5
1270185657518805656,11,0.5
1270308558201468247,28,0.5
1270311577777021356,5,0.5
1270851241063358413,11,0.5
1270958184629930373,11,0.5
1271369132974063746,11,0.5
1271396877317251161,11,0.5
1271595233692080867,5,0.5
1272520464017058054,5,0.5
1272810062209649155,11,0.5
1272899689754114741,11,0.5
1272997007026297784,11,0.5
1273019160357709967,11,0.5
1273109724736174916,11,0.5
1273542284027486298,11,0.5
1273698326609751034,11,0.5
1273701739167435485,11,0.5
1273805722500398699,11,0.5
1273866351014464783,11,0.5
1273874087939550905,28,0.5
1273898649589157795,28,0.5
1274027532421144095,11,0.5
1274277705408798957,28,0.5
1274582015261270380,5,0.5
1274858775185416919,27,0.5
1275246775006201144,11,0.5
1275852113678816976,11,0.5
1275935274053252070,28,0.5
1275935295116833933,11,0.5
1275991375750919506,8,0.5
1275994587941913214,8,0.5
1276090949920481075,28,0.5
1276270441289973059,11,0.5
1276497094624882426,11,0.5
1276529163959076284,11,0.5
1276529199612074962,11,0.5
1276542394745011911,11,0.5
1276682101598087512,11,0.5
1276699141353942786,11,0.5
1277127524301503892,23,0.5
1277178728964737553,28,0.5
1277302694407215127,44,0.5
1277339029174222630,28,0.5
1277362072494235932,5,0.5
1277362118166484616,28,0.5
1277380577598567917,28,0.5
1277402650196332543,11,0.5
1278002684057986688,28,0.5
1278110912503307938,11,0.5
1278293099595114271,11,0.5
1279026385085347145,9,0.5
1279067055467212524,8,0.5
1279694255602962513,11,0.5
1280033889957969166,11,0.5
1280206251601747952,5,0.5
1280338520170726383,11,0.5
1280961946983051860,11,0.5
1281589066192021958,12,0.5
1281870261689359343,28,0.5
1282247791034442802,8,0.5
1282271837480943248,8,0.5
1282299413835315042,5,0.5
1282340218634367672,11,0.5
1282403514049723610,11,0.5
1282587458691181041,11,0.5
1282592068959255561,8,0.5
1282599272066701019,8,0.5
1283078226201736395,11,0.5
1283082445875986112,28,0.5
1283158349478280587,28,0.5
1283274447333991831,11,0.5
1283312924737382135,11,0.5
1283318578659923823,11,0.5
1283339744685266611,11,0.5
1283833246546312654,23,0.5
1283884579590832238,11,0.5
1284024095096161054,11,0.5
1284204885773416338,11,0.5
1284776994681422323,11,0.5
1285287817509016172,11,0.5
1285347335375554322,12,0.5
1285480213816587111,12,0.5
1285598926023497235,28,0.5
1285882164971340178,11,0.5
1285995673271607186,38,0.5
1286040379038339366,11,0.5
1286223631484119026,11,0.5
1286288214624620020,28,0.5
1286791076283341283,11,0.5
1287390568641276957,11,0.5
1287485454406401940,11,0.5
1287518447497602424,11,0.5
1287615876783355154,11,0.5
1287661290408445189,11,0.5
1287690851746398758,11,0.5
1288041649686635732,11,0.5
1288088167347621355,38,0.5
1288238263602593992,11,0.5
1288302441987346982,11,0.5
1288522737118758333,11,0.5
1288730191834158203,11,0.5
1288796384834903277,11,0.5
1288827888037181198,11,0.5
1288850378490590728,11,0.5
1288907847614876826,11,0.5
1288927654377593877,11,0.5
1288929969680837008,31,0.5
1288981880726722596,28,0.5
1289123980504878250,11,0.5
1289161615658913537,11,0.5
1289789385303706769,28,0.5
1290161378401102461,11,0.5
1290244988649645243,11,0.5
1290333261600484954,28,0.5
1290347400040939290,28,0.5
1290599086849757169,5,0.5
1290679178260833155,18,0.5
1291029610398215864,28,0.5
1291251024319177084,28,0.5
1291282623781125180,28,0.5
1291286443592678958,11,0.5
1291312586407269960,11,0.5
1291879099142992238,11,0.5
1291896999246204462,5,0.5
1291993578855502479,11,0.5
1292030613036926438,11,0.5
1292338031564436160,11,0.5
1292408143687836594,11,0.5
1292469147299043011,11,0.5
1292703474953031747,11,0.5
1293592656090355162,11,0.5
1294531324622021620,11,0.5
1294722218602508356,38,0.5
1294728703175931663,11,0.5
1294850334060957620,11,0.5
1294879243091183285,11,0.5
1294880042809996900,11,0.5
1294952969017536068,11,0.5
1294998922145847658,11,0.5
1295003823403209944,11,0.5
1295289737461608863,11,0.5
1295995899777843145,11,0.5
1296047104312036642,38,0.5
1296062124668946011,38,0.5
1296073120306973976,38,0.5
1296083237179552675,38,0.5
1296275364094961578,5,0.5
1296294207567111798,11,0.5
1296295831321479206,11,0.5
1296368375728061085,15,0.5
1296395682465400083,28,0.5
1296405023491979795,11,0.5
1297046042519534962,11,0.5
1297500109960701912,8,0.5
1297828692765091206,28,0.5
1298017001229443560,11,0.5
1298222669407417094,11,0.5
1298307066626178014,11,0.5
1298512005170804339,11,0.5
1298513975769076438,11,0.5
1298593464885841071,11,0.5
1298980942073464483,11,0.5
1299030866718369998,11,0.5
1299650758923042322,11,0.5
1299748998713393114,11,0.5
1299778975984272584,11,0.5
1300113681271216955,11,0.5
1300114733694076182,11,0.5
1300618831185223436,11,0.5
1301141472787380482,11,0.5
1301455976521437961,5,0.5
1302023062845505007,15,0.5
1302318999583543865,11,0.5
1302744717599483679,11,0.5
1302820097221298047,11,0.5
1302833828450434515,11,0.5
1302925069704373799,11,0.5
1302970586249657347,11,0.5
1302988799796695352,11,0.5
1303179298936211222,11,0.5
1303253342285039592,28,0.5
1303264212429150032,31,0.5
1303313312427627131,28,0.5
1304077082231520339,5,0.5
1304139359010380512,11,0.5
1304169474356447402,11,0.5
1304196488045928854,11,0.5
1304376827501668392,28,0.5
1304380734749180095,11,0.5
1304757685373572928,8,0.5
1304784897576551360,8,0.5
1304825781535791730,8,0.5
1304839839745163061,8,0.5
1304856680244465006,11,0.5
1304935540219636787,5,0.5
1304965945821998255,5,0.5
1305011287948483034,11,0.5
1305089372083269415,11,0.5
1305408009759869636,11,0.5
1305414523783704994,11,0.5
1305558170341843439,11,0.5
1305645155490944689,11,0.5
1305799280208179132,11,0.5
1306222077762025973,11,0.5
1306237178529193140,11,0.5
1306284580674419753,11,0.5
1306294336111684071,19,0.5
1306372164944825819,5,0.5
1306381549759331353,11,0.5
1307078011285176782,28,0.5
1307243058767993767,11,0.5
1307376659631623435,11,0.5
1307378749619293065,11,0.5
1307603804807530818,11,0.5
1307739953600803745,11,0.5
1308001387385362923,11,0.5
1308167790461480324,11,0.5
1308449631825545222,9,0.5
1308685528732244137,15,0.5
1309016813655620293,11,0.5
1309142433330222886,38,0.5
1309250857916481782,31,0.5
1309251989007373872,28,0.5
1309409289330122483,5,0.5
1309850167293840627,8,0.5
1309930624623287283,38,0.5
1309971685200139732,38,0.5
1309987545351051968,38,0.5
1310023617592433647,11,0.5
1310753546166512300,11,0.5
1310886377676796448,11,0.5
1311236467729478954,11,0.5
1311281510445359608,8,0.5
1311382508458844628,19,0.5
1311418879911818409,11,0.5
1312042685290504380,11,0.5
1312104433850098189,28,0.5
1312420675966861182,19,0.5
1312871053299724375,11,0.5
1313039785626238429,11,0.5
1313411463107102931,13,0.5
1313413525866716679,11,0.5
1313466139568368567,8,0.5
1313478020822955802,8,0.5
1313491794997345814,8,0.5
1313499267526408964,8,0.5
1313537496738562733,5,0.5
1313599072422949893,5,0.5
1313649543300307613,5,0.5
1313712852522197290,11,0.5
1313714908331535544,5,0.5
1313727780317417214,28,0.5
1313733718402008734,28,0.5
1313752865710375076,11,0.5
1313769898702261696,11,0.5
1313818956403029445,5,0.5
1313850232843227773,5,0.5
1313851801546478206,5,0.5
1313852606229869620,5,0.5
1313853529115426998,5,0.5
1314165757278162591,38,0.5
1314168295547979544,38,0.5
1314168381681652376,38,0.5
1314168482482146153,38,0.5
1314168833787141009,38,0.5
1314198727599654348,11,0.5
1314203927367563620,8,0.5
1314222023827649566,8,0.5
1314242468419873374,14,0.5
1314274521034636934,11,0.5
1314398167435881708,11,0.5
1314436172934402968,11,0.5
1314459452483359226,11,0.5
1314500805138047641,8,0.5
1314508905820795649,11,0.5
1314514622141687871,11,0.5
1314520644836564125,11,0.5
1314800205730555245,8,0.5
1314835611815029605,8,0.5
1314911687891642912,11,0.5
1314929393983593951,11,0.5
1315151312853646632,11,0.5
1315184885434442817,11,0.5
1315237934053942196,11,0.5
1315248868616944561,11,0.5
1315259299767138311,11,0.5
1315697674029294598,11,0.5
1315700113897540538,11,0.5
1315713105511217558,11,0.5
1315757543496094870,28,0.5
1315946031569883507,11,0.5
1315955345191076785,11,0.5
1315960337458538051,11,0.5
1316260718102597819,11,0.5
1316303449136573922,11,0.5
1316429427978596083,46,0.5
1316717295732547679,46,0.5
1317073951485113210,11,0.5
1317088706262106969,46,0.5
1317172605029205323,11,0.5
1317347122106460984,11,0.5
1317424492055855712,11,0.5
1317720229950770896,11,0.5
1317786349827183121,5,0.5
1317800578997269910,28,0.5
1317954055927654824,28,0.5
1317954116429969214,11,0.5
1318035720098058637,28,0.5
1318089601729665185,11,0.5
1318184543894719134,11,0.5
1318490790591538869,11,0.5
1318513695060600288,11,0.5
1318574019459709265,9,0.5
1319196538917108220,28,0.5
1319219831441393325,28,0.5
1319227366520765910,28,0.5
1319227847924865037,28,0.5
1319230934849809121,28,0.5
1319244965788549872,28,0.5
1319263245186558629,28,0.5
1319269810796254119,28,0.5
1319273916638654960,28,0.5
1319276615058621170,28,0.5
1319279163139015463,28,0.5
1319611180008637190,28,0.5
1319617899769332234,28,0.5
1319623178269389351,28,0.5
1319884925333000797,28,0.5
1319946964413633991,28,0.5
1319981858807024505,28,0.5
1319990154207372821,28,0.5
1319994192250852246,28,0.5
1319997877632821979,28,0.5
1320004758426320709,28,0.5
1320010274374393215,11,0.5
1320014564339490561,11,0.5
1320028087726562353,5,0.5
1320029145788590079,5,0.5
1320131011257958913,11,0.5
1320137945588224932,28,0.5
1320259169962986287,11,0.5
1320388036033527659,11,0.5
1320616316462208479,28,0.5
1320760102931608987,11,0.5
1320887648149713926,28,0.5
1320897533016945673,28,0.5
1320903555965790536,28,0.5
1320905856505931288,28,0.5
1321052173155995338,28,0.5
1321579610964235376,46,0.5
1321771891190495716,19,0.5
1321816908275218467,11,0.5
1322044102220159458,11,0.5
1322103639897104802,5,0.5
1322168927449752927,11,0.5
1322170784530667504,28,0.5
1322186230416822418,28,0.5
1322190916673678083,28,0.5
1322445214697278550,28,0.5
1322764556147115702,9,0.5
1322820122143701409,46,0.5
1322870558084656967,8,0.5
1322895199789495916,28,0.5
1322936154616082821,15,0.5
1322990321703312471,11,0.5
1323073552313381088,28,0.5
1323572828655941570,11,0.5
1323743079728131190,11,0.5
1324471212468583336,11,0.5
1324623588271554802,9,0.5
1325072481872257660,11,0.5
1325154347520817868,11,0.5
1325719145487941225,11,0.5
1325743930639696417,11,0.5
1325965162692646097,11,0.5
1326066178502774997,11,0.5
1326718385368495264,28,0.5
1326752609263911951,11,0.5
1327486897707971822,11,0.5
1327796062815476058,14,0.5
1327896779241199468,11,0.5
1327934038613436850,28,0.5
1327987411880339109,11,0.5
1328061569314162449,11,0.5
1328323844948970854,11,0.5
1328556263464823159,11,0.5
1328713474972448999,11,0.5
1329615651002880207,11,0.5
1329677671268986829,11,0.5
1329688628859281486,11,0.5
1329694015690440138,5,0.5
1330059975634686348,11,0.5
1330333449247726446,9,0.5
1330365094038889496,28,0.5
1330970031315164079,28,0.5
1331008286569322583,28,0.5
1331639155614439464,11,0.5
1331805449864924185,11,0.5
1331830334761537418,11,0.5
1332396380054879948,11,0.5
1333653862807302049,33,0.5
1333783953504309405,8,0.5
1333894071399607317,11,0.5
1334369782087460818,13,0.5
1334374422379049301,8,0.5
1334375982797317210,8,0.5
1334377532067214270,8,0.5
1334390017147660089,11,0.5
1334396618070204153,8,0.5
1334523627692755895,8,0.5
1334540483294626235,11,0.5
1334563003243935184,11,0.5
1334582444372317890,11,0.5
1334778893973629207,11,0.5
1334788427374645400,11,0.5
1335239963215804866,5,0.5
1335378191603775031,5,0.5
1335400315670999801,11,0.5
1335496065960975780,28,0.5
1335882982484798645,38,0.5
1335916752164475578,38,0.5
1335931226255392096,27,0.5
1335941620119981026,11,0.5
1335987024303379346,38,0.5
1335989174726216085,11,0.5
1336019650602882195,38,0.5
1336025714282132141,38,0.5
1336036241003162042,38,0.5
1336097320112972734,38,0.5
1336129631424153939,5,0.5
1336159955216859311,38,0.5
1336162941929972034,38,0.5
1336324264325525092,11,0.5
1336415325396174530,11,0.5
1336804064363333163,46,0.5
1336832793216315484,46,0.5
1336859786699121414,46,0.5
1336965293510224018,13,0.5
1336988379857481446,28,0.5
1337467605411430732,46,0.5
1337474226496435485,46,0.5
1337479476649672134,46,0.5
1337562452764449213,46,0.5
1337567225846550361,46,0.5
1338145832567456406,11,0.5
1338179970714667333,5,0.5
1338459005996216223,11,0.5
1338780320287886104,11,0.5
1338951563581099040,11,0.5
1339033994534955594,11,0.5
1339038375165340176,46,0.5
1339043630778443777,46,0.5
1339048201721264252,46,0.5
1339052071139175813,46,0.5
1339056187809679186,46,0.5
1339061722810844318,46,0.5
1339065050276343397,46,0.5
1339069792701932190,46,0.5
1339092938883051380,46,0.5
1339100406945816024,46,0.5
1339106170021696573,46,0.5
1339110246731160700,46,0.5
1339115851879264119,46,0.5
1339546867884838766,28,0.5
1339646422013529709,11,0.5
1339779974091579727,46,0.5
1339790344574511569,46,0.5
1339796667829196964,46,0.5
1339799252377412026,46,0.5
1339808926103890725,46,0.5
1339813638908425160,46,0.5
1340147045395738376,28,0.5
1340201028693828370,11,0.5
1340372136278068972,11,0.5
1340960411711676166,11,0.5
1340970060291983087,11,0.5
1341048988157546936,28,0.5
1341090637783834720,44,0.5
1341134352865505296,44,0.5
1341178373103621792,46,0.5
1341454895787200866,5,0.5
1341567756021071802,5,0.5
1341778665235589172,11,0.5
1341824744385264724,5,0.5
1342470114985868867,46,0.5
1342513025350310048,28,0.5
1342539220797553245,46,0.5
1342546492520170660,46,0.5
1342552500070581153,11,0.5
1342554723137528718,46,0.5
1342559062682977139,46,0.5
1342561393815530556,46,0.5
1342562908467031074,46,0.5
1342566046621866877,46,0.5
1342568677153642584,46,0.5
1342571125532293671,11,0.5
1342572976380005254,46,0.5
1342590215007994160,11,0.5
1342624043956890175,11,0.5
1343271167432540941,11,0.5
1343295305313856332,11,0.5
1343536275160652377,11,0.5
1344979854454053381,11,0.5
1345034197301908621,11,0.5
1345243127076599519,18,0.5
1345336196979414197,5,0.5
1345884918333482221,18,0.5
1346215038457297855,11,0.5
1346334907851351087,11,0.5
1346776752318198084,28,0.5
1347512375404838956,11,0.5
1347706979437150654,11,0.5
1348559537256433268,11,0.5
1348563773863032209,11,0.5
1349057522378509256,11,0.5
1349182292570740752,5,0.5
1349342304043754830,19,0.5
1349646035116535048,11,0.5
1349650555282823947,11,0.5
1349659669319300242,11,0.5
1349705273457417907,11,0.5
1349708612682035283,11,0.5
1349712102633495215,11,0.5
1349754456228019352,11,0.5
1349944539669286177,11,0.5
1350679814364079309,28,0.5
1350804620595667502,5,0.5
1350807219332556605,11,0.5
1351141440483221555,46,0.5
1351312092036160685,11,0.5
1351331877814169424,11,0.5
1351942960529326502,11,0.5
1351954099024082023,11,0.5
1352569152039224462,11,0.5
1352960410897194291,44,0.5
1352964605905887159,11,0.5
1352977459321059485,44,0.5
1352981095917788968,44,0.5
1352986805245752548,45,0.5
1353278747614022945,11,0.5
1353283961539518322,11,0.5
1353364566516995882,11,0.5
1353412203445630231,11,0.5
1353415402514086267,11,0.5
1353604043218931810,5,0.5
1354047370965957939,38,0.5
1354079478000310246,11,0.5
1354188612441516964,11,0.5
1354314306444199970,8,0.5
1354675311776597075,11,0.5
1354838921617904489,11,0.5
1355151266115701941,28,0.5
1355341496948371756,8,0.5
1356148258248933364,11,0.5
1356159092482964713,28,0.5
1356177442322068221,11,0.5
1356254920435719876,11,0.5
1356315253285310219,11,0.5
1356570565486599436,5,0.5
1357140500481878648,11,0.5
1357284451468190381,11,0.5
1357642610606165229,28,0.5
1357681713120015538,28,0.5
1357685784091667740,15,0.5
1357701244787916850,28,0.5
1357715583550659500,15,0.5
1357724276693706960,11,0.5
1357752713675183971,11,0.5
1357857642442718690,17,0.5
1357869100139112731,11,0.5
1357973459349274671,5,0.5
1358072909361869584,11,0.5
1358434519661960690,15,0.5
1358434562811482124,15,0.5
1358444437370404404,15,0.5
1358444452091019553,15,0.5
1358444465831672999,15,0.5
1358444477310013037,15,0.5
1359117115886384920,11,0.5
1359165708019964790,11,0.5
1359189328291316539,11,0.5
1359192316735917452,11,0.5
1359220166784968434,11,0.5
1359307970463385223,11,0.5
1359764963365552378,11,0.5
1359830925827880826,11,0.5
1359872368875140546,11,0.5
1359892582150477299,11,0.5
1359899737992079605,15,0.5
1359899752946018231,15,0.5
1359928650702224177,11,0.5
1360134846153558938,11,0.5
1360641207696114235,15,0.5
1360641222222537912,15,0.5
1360653687508944239,11,0.5
1360677321440767450,11,0.5
1360890775176462289,11,0.5
1360900191922425445,11,0.5
1360916652431948104,11,0.5
1361223152952554379,11,0.5
1361330313421428369,8,0.5
1361342149671937866,11,0.5
1361400588609943202,28,0.5
1361586635292135823,11,0.5
1362996633416839751,11,0.5
1363499728073541404,28,0.5
1363552827772581215,11,0.5
1363565587067255218,11,0.5
1363706811577260499,11,0.5
1363748786387628101,11,0.5
1363791897499465274,11,0.5
1364124530904470275,5,0.5
1364582413587924386,11,0.5
1364886694527608721,35,0.5
1364956706027049457,35,0.5
1365169164612565485,11,0.5
1365949893166653791,8,0.5
1366428961612774375,46,0.5
1366679425024327535,11,0.5
1367215167168976226,11,0.5
1367885610019202539,11,0.5
1367931960282382997,28,0.5
1368584941877569391,11,0.5
1368644457005040086,28,0.5
1368900897143159001,8,0.5
1369322364909361650,28,0.5
1369333457934268902,28,0.5
1369342939212481175,28,0.5
1369346493126207705,28,0.5
1369350811794077035,28,0.5
1369396810931049904,11,0.5
1369450106755633333,11,0.5
1369510626778768693,8,0.5
1369516799447346282,11,0.5
1369539434967879180,11,0.5
1370694214728184183,5,0.5
1371489903513786700,15,0.5
1371489916556226020,15,0.5
1371508094487399716,11,0.5
1371701241972057054,5,0.5
1372132665641917001,15,0.5
1372132697811873545,11,0.5
1372132730099867546,8,0.5
1372188484969260867,15,0.5
1372240034033926344,11,0.5
1372306020958693590,28,0.5
1372913977517611947,28,0.5
1372937731031496560,11,0.5
1372942018379450460,28,0.5
1373177365301729674,11,0.5
1373191684051075241,8,0.5
1373487179380602994,5,0.5
1373578675346696379,11,0.5
1373600828134886162,5,0.5
1373678629406627489,5,0.5
1374278463972136597,11,0.5
1374548433893898270,5,0.5
1374574805123859057,28,0.5
1375141588846994875,11,0.5
1375156025391107278,11,0.5
1375202851311944387,11,0.5
1375220945205654922,11,0.5
1375753863378272264,11,0.5
1375960206225201170,11,0.5
1376434983182182189,28,0.5
1376451229781334787,28,0.5
1376453983345883836,28,0.5
1376456204843161671,11,0.5
1376500021388296534,11,0.5
1376557783431171443,11,0.5
1376627059097216274,38,0.5
1376781834586067978,11,0.5
1377454307647150349,11,0.5
1377684828526525172,8,0.5
1377924907899002613,28,0.5
1377938429262495005,5,0.5
1377938688144540153,11,0.5
1377958411535269740,15,0.5
1378085293631260021,11,0.5
1378099322751033231,11,0.5
1378270268222585877,11,0.5
1378297330854595409,11,0.5
1378330975258051006,11,0.5
1378837314467026006,11,0.5
1379027051776324564,11,0.5
1379433430567549628,9,0.5
1379455853726287754,11,0.5
1379458078306518663,28,0.5
1379471036223798357,28,0.5
1379478966047177539,28,0.5
1379484686455608308,28,0.5
1379495183743773788,28,0.5
1379665749095868415,11,0.5
1379694530745856481,11,0.5
1379701822258626651,11,0.5
1379731771884110952,11,0.5
1380038580104678234,11,0.5
1380152921845873847,11,0.5
1380195639608118889,11,0.5
1380207225782051720,11,0.5
1380510518087290670,9,0.5
1380914408228878382,28,0.5
1381019059020730001,28,0.5
1381165393202971555,11,0.5
1381495781883485797,11,0.5
1381605875474601681,5,0.5
1381763783442931155,11,0.5
1381869861896330194,11,0.5
1382295250979562532,28,0.5
1382330804029160378,28,0.5
1382333591745914852,11,0.5
1382344913005168941,28,0.5
1382643886879528242,28,0.5
1383071330903319991,11,0.5
1383122430853259440,11,0.5
1383165182545936880,11,0.5
1383166539850383952,11,0.5
1383181231545188180,11,0.5
1383769652913432484,15,0.5
1383778235243870457,11,0.5
1383833693532056354,11,0.5
1383836675815250644,11,0.5
1383922787996050132,11,0.5
1384029173741834977,11,0.5
1384114293758424180,11,0.5
1384216088732285300,8,0.5
1384360277057991679,23,0.5
1384452116318993324,11,0.5
1384491600513296743,28,0.5
1384504526753335225,28,0.5
1384521480878999582,28,0.5
1384531514435475198,28,0.5
1384614491370926768,11,0.5
1384720103878203184,11,0.5
1384961848097014761,11,0.5
1384994697484401478,11,0.5
1385105780689461142,28,0.5
1385110356372218891,11,0.5
1385120913525402863,28,0.5
1385309529558389589,5,0.5
1385538263797754338,28,0.5
1385543017815035248,11,0.5
1385964034467072480,28,0.5
1385971521280632396,11,0.5
1386228669898919915,11,0.5
1386234811900417321,11,0.5
1386419204859400853,11,0.5
1386729540250136089,11,0.5
1386737129775274934,11,0.5
1386777645220197463,27,0.5
1386778936621000124,11,0.5
1386990741734083593,11,0.5
1387160687688373432,11,0.5
1387177888048147007,11,0.5
1387462108840977705,11,0.5
1387649282631107974,11,0.5
1387697220799271566,28,0.5
1387989954891937280,11,0.5
1388184559979509171,11,0.5
1388303834286260797,11,0.5
1388389404020150985,28,0.5
1388995612187171781,28,0.5
1389080480468898606,5,0.5
1389138617737008575,28,0.5
1389453496187670961,28,0.5
1389466553855902782,28,0.5
1389538303425504397,28,0.5
1389566414453506521,28,0.5
1389590691698292760,28,0.5
1389600289778680636,11,0.5
1389613468281961532,11,0.5
1389621538142484752,11,0.5
1389656980776382438,11,0.5
1389663574245849155,11,0.5
1390173565214861844,11,0.5
1390197218935322921,11,0.5
1390198673261840623,11,0.5
1390205625713710859,11,0.5
1390211692665597328,11,0.5
1390212106655378883,11,0.5
1390220923689410483,11,0.5
1390282124604961985,11,0.5
1390335851528307234,11,0.5
1390369711569776345,11,0.5
1390412301793163637,11,0.5
1390444222147656886,28,0.5
1390464623350090729,28,0.5
1390547599965393515,5,0.5
1390565728303167410,11,0.5
1390914728976144349,38,0.5
1390941940560931627,11,0.5
1390947870604744674,11,0.5
1390990482912729051,11,0.5
1390996145480272275,11,0.5
1391186412804332252,5,0.5
1391210141754711757,5,0.5
1391261464171612600,5,0.5
1391274404328874615,5,0.5
1391287170113206670,5,0.5
1391299286098717399,5,0.5
1391312909970034440,5,0.5
1391384461180611300,11,0.5
1391397400701497875,11,0.5
1391639713373265130,11,0.5
1391645879578824127,11,0.5
1391648556562512630,11,0.5
1391674269809025385,11,0.5
1391675314811089375,11,0.5
1391709398679108836,11,0.5
1391717701572625290,11,0.5
1391732378186494847,11,0.5
1391767396442032329,28,0.5
1391826000274438774,28,0.5
1391883859173768648,5,0.5
1391943145899399537,5,0.5
1391946128181994426,11,0.5
1391993617208611667,5,0.5
1392152058065765216,8,0.5
1392156983031281357,8,0.5
1392159186703510548,8,0.5
1392161109931888837,8,0.5
1392656437526763834,11,0.5
1392770466103733093,11,0.5
1392792323838685901,11,0.5
1392808425219032204,11,0.5
1392812873905269761,28,0.5
1392817096672832051,11,0.5
1393226233636400929,11,0.5
1393263066744197581,11,0.5
1393296388225482457,11,0.5
1393451138462038877,11,0.5
1393649817507393955,8,0.5
1393803678279889741,11,0.5
1393821473474245983,11,0.5
1393848944971253272,28,0.5
1393861013034746242,28,0.5
1393876291451191174,11,0.5
1393891117009759391,11,0.5
1393943219305520191,11,0.5
1393952509137443661,28,0.5
1394055448668640263,11,0.5
1394068787687816365,11,0.5
1394078085957534225,11,0.5
1394087924372258104,11,0.5
1394094851635909156,11,0.5
1394120753600443269,11,0.5
1394130457827163600,11,0.5
1394175441328577702,11,0.5
1394525697796501982,28,0.5
1394708801057664960,11,0.5
1394742883761294555,11,0.5
1394827146998625704,5,0.5
1394837062356116745,11,0.5
1394861033496202563,28,0.5
1394861103039513039,11,0.5
1395094574445963061,11,0.5
1395193699363511685,28,0.5
1395279273607048684,28,0.5
1395292342717858822,28,0.5
1395308460380010651,28,0.5
1395554248209049519,11,0.5
1395597905909429254,28,0.5
1396249388984584475,11,0.5
1396277581646434798,11,0.5
1396369970384347711,11,0.5
1396464684513169931,11,0.5
1396747149799762209,28,0.5
1397023476721613818,11,0.5
1397030053554648965,11,0.5
1397032104747002932,11,0.5
1397053366135298755,11,0.5
1397062250788526001,5,0.5
1397063041528432943,5,0.5
1397063560506351315,11,0.5
1397740147891904968,11,0.5
1397763816420996031,11,0.5
1397896109147231429,11,0.5
1398015595747681554,15,0.5
1398277456320695653,28,0.5
1398334038924467061,11,0.5
1398901053674156089,11,0.5
1398921911655920549,11,0.5
1399011431424414608,11,0.5
1399094487082833674,11,0.5
1399101695846994923,11,0.5
1399274681216342484,11,0.5
1399632805242501683,11,0.5
1399788602045648156,11,0.5
1399796041789090020,11,0.5
1399802402486862797,11,0.5
1399847453946740925,11,0.5
1399850590926169708,9,0.5
1399928526530391501,9,0.5
1399973230872584000,9,0.5
1400646126048937246,11,0.5
1400753301382014808,28,0.5
1400756579488181348,28,0.5
1400760834656352874,28,0.5
1401037161641178530,38,0.5
1401078398700173177,8,0.5
1401098157223934439,11,0.5
1401242122187945739,11,0.5
1401254305342630709,11,0.5
1401364193734695370,28,0.5
1401802195934903855,11,0.5
1401818111942529251,11,0.5
1401850337006791106,11,0.5
1401851328126982249,5,0.5
1401914977913520927,5,0.5
1401937586707182863,11,0.5
1401967064078602754,11,0.5
1401983749479475796,8,0.5
1402050300125949360,11,0.5
1402180339940025954,5,0.5
1402208955852575502,11,0.5
1402209602487266381,11,0.5
1402711931290434058,11,0.5
1402948086183472918,11,0.5
1403261185606646537,28,0.5
1403333889773331608,11,0.5
1403363999175338344,11,0.5
1403368669886174461,11,0.5
1403369922265656382,28,0.5
1403495648395998634,7,0.5
1403514099223591507,11,0.5
1403632179372943657,5,0.5
1403701070962430502,11,0.5
1403993979530657887,11,0.5
1404008893607354384,11,0.5
1404075355431994890,28,0.5
1404610489026087424,11,0.5
1404661049426841783,11,0.5
1404722155804161195,11,0.5
1405068288783964246,11,0.5
1405111977312137473,28,0.5
1405416841534418202,11,0.5
1405442756676817610,11,0.5
1405454932671198642,11,0.5
1405463838013763476,28,0.5
1405466975486480693,28,0.5
1405466994939902725,28,0.5
1405470256233424360,28,0.5
1405474329794244586,28,0.5
1405522822932780621,15,0.5
1405522840405762077,15,0.5
1405526062302982612,11,0.5
1405529213140018578,28,0.5
1405569228983536007,28,0.5
1405912052546255601,5,0.5
1405915381024422419,5,0.5
1406135594931194132,28,0.5
1406186672859964112,28,0.5
1406192281506528692,17,0.5
1406204623480036794,17,0.5
1406271375956961627,28,0.5
1406342980284377449,11,0.5
1406358409064418931,11,0.5
1406864024142489335,15,0.5
1406917863210100475,11,0.5
1406956475942654478,11,0.5
1407138788614718213,28,0.5
1407150017505787063,28,0.5
1407672454711592831,15,0.5
1407760902625233150,23,0.5
1407959658694637186,28,0.5
1408004419474902071,28,0.5
1408009204988003403,28,0.5
1408051506890917799,28,0.5
1408317829829375321,11,0.5
1408841951858862706,11,0.5
1408929272390002454,11,0.5
1409153987116896804,11,0.5
1409784114846116567,11,0.5
1409918860503026396,8,0.5
1409977248018868557,11,0.5
1410054383458339543,11,0.5
1410085235351488281,11,0.5
1410135879240014588,11,0.5
1410184211298597343,11,0.5
1410200410823011128,11,0.5
1410516676917990334,5,0.5
1410666951452274702,11,0.5
1410738499724875344,28,0.5
1410774656576814504,11,0.5
1411222375419005823,11,0.5
1411301050177577522,17,0.5
1411412457544336433,46,0.5
1411487014783066824,11,0.5
1411504308379192568,46,0.5
1411521019399784192,28,0.5
1411570597136686384,5,0.5
1412829216953930547,28,0.5
1412938257282422024,11,0.5
1412944920633491966,11,0.5
1413125600108348075,11,0.5
1413129377359401052,11,0.5
1413553118066256855,11,0.5
1413553156696922312,28,0.5
1413626280890846612,28,0.5
1413749168605262935,11,0.5
1414153906567898685,5,0.5
1414175179813955609,19,0.5
1414227729564016638,11,0.5
1414459162709893613,11,0.5
1414480382214567356,11,0.5
1414823327626601007,11,0.5
1414853745045156843,11,0.5
1414858675453880662,11,0.5
1414861340851975643,28,0.5
1415037748701671677,11,0.5
1415041191351877920,11,0.5
1415213197038868261,11,0.5
1415349711305015297,28,0.5
1415670135846961181,11,0.5
1415734014060655518,11,0.5
1415736982079874634,8,0.5
1415761009857316524,11,0.5
1415764185987227284,11,0.5
1415764843551798096,11,0.5
1415767094356778420,11,0.5
1415771291852051442,11,0.5
1415776055461222256,11,0.5
1415781161499936431,11,0.5
1415784200481938938,11,0.5
1415787740573796488,11,0.5
1415788975871190463,11,0.5
1415792535083988551,11,0.5
1415798030273304422,11,0.5
1415801631934300380,11,0.5
1415803517512883857,28,0.5
1415829888279939921,11,0.5
1415833109623867068,11,0.5
1415836231468154927,11,0.5
1415841029826541467,11,0.5
1415844098452115112,11,0.5
1415847782788886191,11,0.5
1415859350863077648,11,0.5
1415862043319833595,11,0.5
1415864882899862548,28,0.5
1415867200875490235,11,0.5
1415869041907264930,28,0.5
1415870145167544884,11,0.5
1415871829944040338,28,0.5
1415952570966826586,11,0.5
1415996448610356032,28,0.5
1416011109179289565,28,0.5
1416020714690657035,28,0.5
1416482532426219681,28,0.5
1416541637401771905,11,0.5
1416553474312027673,28,0.5
1416639016359934744,11,0.5
1416652460420181378,11,0.5
1416722687280117387,28,0.5
1417115015471373732,28,0.5
1417200498828941008,11,0.5
1417252830065558870,11,0.5
1417437657131218660,11,0.5
1417448924180102860,11,0.5
1417511396816335334,32,0.5
1417953027149021764,28,0.5
1418136410348971418,11,0.5
1418326351561490515,11,0.5
1418762231367687189,38,0.5
1419186537393168241,28,0.5
1419228173956432112,11,0.5
1419298294550551191,11,0.5
1419505561265127712,11,0.5
1419546878353378266,11,0.5
1419553774618527886,11,0.5
1419562384575018005,11,0.5
1419573338183012493,11,0.5
1419582044567908895,11,0.5
1419863464738533513,11,0.5
1420043953025643567,28,0.5
1420067645503941191,28,0.5
1420154276529017394,11,0.5
1420214726628937852,11,0.5
1420220366600164720,28,0.5
1420626628602895406,11,0.5
1420650822927314851,11,0.5
1420754142024555762,11,0.5
1420792551656095896,11,0.5
1420822117976825624,11,0.5
1421017952936561457,11,0.5
1421022626935357762,11,0.5
1421342722254849976,11,0.5
1421490540683523984,11,0.5
1421600090396360647,28,0.5
1421680836914370088,11,0.5
1421688010862255797,5,0.5
1421719426782608940,11,0.5
1421810930528078017,11,0.5
1421824533081711452,28,0.5
1421870980153189268,19,0.5
1421918175779936235,23,0.5
1422211825848816462,11,0.5
1422272654841226659,11,0.5
1422786312343832084,11,0.5
1422994173749552836,11,0.5
1423207145350039514,11,0.5
1423673105037930981,28,0.5
1423716041778105994,11,0.5
1423754630314623237,11,0.5
1424193060660928586,11,0.5
1424309191018694821,11,0.5
1424389115098276838,11,0.5
1424400039497361229,11,0.5
1424446410708226295,11,0.5
1424483982553433147,11,0.5
1424646395863793071,28,0.5
1425122481005483776,11,0.5
1425376766631682726,28,0.5
1425396048606829580,28,0.5
1425409726546194481,28,0.5
1425415337540800335,11,0.5
1425650082998669507,11,0.5
1425774485607079407,28,0.5
1425813430110952016,11,0.5
1425902209065819791,11,0.5
1425990313405485257,11,0.5
1426004463741724902,11,0.5
1426008982736833907,11,0.5
1426010974925383066,11,0.5
1426012968545374163,11,0.5
1426015302603401449,11,0.5
1426019969600164515,11,0.5
1426022476717875258,11,0.5
1426026825771520810,11,0.5
1426070350157058563,11,0.5
1426076497206508862,11,0.5
1426078885172129308,11,0.5
1426080195746151417,11,0.5
1426081447794893118,11,0.5
1426617299293433769,11,0.5
1426732262153745887,11,0.5
1426764506647146244,5,0.5
1426889315482620241,9,0.5
1426906127217852339,11,0.5
1427271909427679721,11,0.5
1427275268040274856,11,0.5
1427292739701017883,11,0.5
1427299717401347644,11,0.5
1427301133846620528,11,0.5
1427303143653704555,11,0.5
1427654357735424095,5,0.5
1427964069909179177,11,0.5
1428222985776400672,11,0.5
1428361943619188406,11,0.5
1428735018032170144,28,0.5
1428923541717677884,11,0.5
1429247995650427429,11,0.5
1429291764157223626,11,0.5
1429388619984521293,11,0.5
1429468939942039723,11,0.5
1429475586223026462,11,0.5
1429493431604133036,11,0.5
1429503303929255919,11,0.5
1429520807617998629,11,0.5
1429566273007568177,11,0.5
1429662754485405779,28,0.5
1429820552812537021,11,0.5
1429923759341655066,11,0.5
1430145357875817077,11,0.5
1430179424924160742,28,0.5
1430259186548266262,11,0.5
1430417340398601321,11,0.5
1430463409490701464,11,0.5
1430742994745263081,11,0.5
1430760372391062432,11,0.5
1430806173279680174,11,0.5
1430827018199668780,11,0.5
1430891046673779439,11,0.5
1430976048380926047,11,0.5
1430987079461364834,11,0.5
1431033654759565959,11,0.5
1431074468742528228,11,0.5
1431283037127415587,11,0.5
1431558739173721347,11,0.5
1431705063007002849,7,0.5
1431764847267922187,28,0.5
1432385033258468386,13,0.5
1432660742251228674,11,0.5
1433025851684375766,11,0.5
1433067255483105505,11,0.5
1433077325858270425,8,0.5
1433092724278381080,11,0.5
1433098263973910501,11,0.5
1433304019333130254,11,0.5
1433826049582871897,11,0.5
1433921154913441106,11,0.5
1433927582485435488,11,0.5
1434120378098442218,28,0.5
1434155174831841217,11,0.5
1434606832502169578,11,0.5
1434686373673902576,11,0.5
1434737946699135812,11,0.5
1434814731540683160,11,0.5
1435212245127377246,17,0.5
1435238200966478772,11,0.5
1435252704388238986,28,0.5
1435511250209312065,11,0.5
1435825500578957870,11,0.5
1436085135930169929,28,0.5
1436091105463572214,28,0.5
1436710335577142813,11,0.5
1436727573815400134,11,0.5
1436959631599207261,11,0.5
1437258544755100231,11,0.5
1437337522740402737,11,0.5
1437545509883260022,11,0.5
1437618404701875114,11,0.5
1438188711660546258,11,0.5
1438880647253681992,11,0.5
1438969858782359586,28,0.5
1438978494554400002,11,0.5
1439035027327942414,27,0.5
1439503216574207486,11,0.5
1439504841640923304,11,0.5
1439583045076073154,11,0.5
1439608431866947744,11,0.5
1439618755003157481,44,0.5
1439708991314273202,11,0.5
1439727175746107428,11,0.5
1439788244115919951,11,0.5
1439794483259881667,28,0.5
1439794864454046610,11,0.5
1439899414486063347,28,0.5
1439905743428686463,11,0.5
1440168697126688176,11,0.5
1440241972892514293,11,0.5
1440318427192611603,11,0.5
1440351797394242470,28,0.5
1440438931776921954,11,0.5
1440467709672898876,11,0.5
1440497548581980178,28,0.5
1440981882147390388,28,0.5
1440987248362616834,28,0.5
1440991674467250251,28,0.5
1440994778901076062,28,0.5
1440997714581729174,28,0.5
1441000213775144175,28,0.5
1441005148174818337,8,0.5
1441081817040037753,11,0.5
1441102278206608777,11,0.5
1441131219598190569,11,0.5
1441131823068894322,11,0.5
1441137500701206030,11,0.5
1441141939974157756,11,0.5
1441142075940695575,11,0.5
1441144225390866081,11,0.5
1441145585786071159,11,0.5
1441149947822303895,11,0.5
1441162462456010402,11,0.5
1441187543941632255,11,0.5
1441288870648748186,11,0.5
1441371109117054667,11,0.5
1441381139953789351,11,0.5
1441727160279478546,11,0.5
1441738545895850278,11,0.5
1441767826030348232,11,0.5
1442002815442795144,38,0.5
1442005841798252252,38,0.5
1442223561708374334,9,0.5
1442248259373019814,11,0.5
1442545858144948862,11,0.5
1442595246772443311,11,0.5
1442843079018592470,11,0.5
1443197499034476943,11,0.5
1443268241033863583,11,0.5
1443280557668802437,28,0.5
1443950312698954743,11,0.5
1444078674937884160,11,0.5
1444554115799490256,11,0.5
1444572126161732782,11,0.5
1444578441725593494,11,0.5
1444588920300929100,11,0.5
1444593554270464400,11,0.5
1444600042014093099,11,0.5
1444637335517500496,11,0.5
1444641571276630471,11,0.5
1444646156478962658,11,0.5
1444658796487815455,28,0.5
1444709854563079994,28,0.5
1444716315531567192,28,0.5
1444749046736786298,38,0.5
1444956177303298516,2,0.5
1444990164090660522,11,0.5
1445305715576343518,11,0.5
1445318707397264319,11,0.5
1445325244447316714,11,0.5
1445329628615111864,11,0.5
1445350115652923286,11,0.5
1445352919475313211,11,0.5
1445419009682556242,11,0.5
1445429928012836891,11,0.5
1445512323961885003,11,0.5
1445621340685090488,11,0.5
1445648228103104854,28,0.5
1445943993596299612,11,0.5
1445971326734636042,11,0.5
1446167432571870007,11,0.5
1446172832955419337,11,0.5
1446178249336415233,11,0.5
1446181430075587215,11,0.5
1446184441741759176,11,0.5
1446712113092802904,11,0.5
1446716300650514015,11,0.5
1446721765452586697,11,0.5
1446731733618916744,11,0.5
1446736987062563705,11,0.5
1446740602497801233,11,0.5
1446834393883625375,11,0.5
1446952513821648422,11,0.5
1446982414897429144,11,0.5
1447050211814568822,11,0.5
1447067105625757117,11,0.5
1447458884629248452,11,0.5
1447478164654162528,11,0.5
1447485145469212619,11,0.5
1447594841550128115,11,0.5
1447600251830174499,11,0.5
1447818346272313121,11,0.5
1448338067511086377,11,0.5
1448421985219894264,11,0.5
1448433529990672430,28,0.5
1448580444670945230,11,0.5
1448589959653778273,11,0.5
1448687273727823520,11,0.5
1448852388218539054,8,0.5
1449050777325612810,11,0.5
1449309951255721732,11,0.5
1449390127941924993,11,0.5
1449432160143965503,11,0.5
1449474438460500576,11,0.5
1449733628859701845,11,0.5
1449751459067476665,11,0.5
1449861175840000925,11,0.5
1450024198826855106,28,0.5
1450394199603368619,11,0.5
1450426511589573710,11,0.5
1450499682342778937,11,0.5
1450608876843312759,5,0.5
1450655628648769175,11,0.5
1450728564981767639,11,0.5
1450800586764865685,11,0.5
1451098394512602660,11,0.5
1451228952062925013,11,0.5
1451246994424716102,11,0.5
1451287511667123211,11,0.5
1451347341381183351,11,0.5
1451393953997410853,11,0.5
1451402407543266171,11,0.5
1451402494623157462,11,0.5
1451411800370371071,38,0.5
1451413560687100782,38,0.5
1451417458672363563,38,0.5
1451497903016381689,19,0.5
1451509457195910570,11,0.5
1451516290544107894,11,0.5
1451521794272489092,11,0.5
1451525709986671891,11,0.5
1451528975678120761,11,0.5
1451947154442349073,11,0.5
1451981173527909618,11,0.5
1452142184202332646,11,0.5
1452220762302354066,11,0.5
1452311358925310851,11,0.5
1452765413713897530,11,0.5
1452768952929419787,11,0.5
1452905825938003862,11,0.5
1452924648204246866,11,0.5
1453604579817915358,11,0.5
1453640919602491239,11,0.5
1453659416582737228,11,0.5
1453671448256446742,11,0.5
1453688673687293759,11,0.5
1453765774744240226,11,0.5
1453794306555397749,8,0.5
1454159200596935870,11,0.5
1454266598948210655,11,0.5
1454384549238263871,11,0.5
1454482302995910736,8,0.5
1454739116056656798,11,0.5
1454783997070680546,5,0.5
1454874964118269922,8,0.5
1454881837962756222,11,0.5
1454886772900351393,8,0.5
1454897010964317993,8,0.5
1454901305464199390,11,0.5
1454924465710415435,15,0.5
1455065542708012221,8,0.5
1455424986547411658,11,0.5
1455642503129123196,11,0.5
1455693561653852932,11,0.5
1456128119226357025,11,0.5
1456203168711071233,11,0.5
1456211978747418370,11,0.5
1456218332648455145,11,0.5
1456305647669749968,11,0.5
1456310484288230057,11,0.5
1456337367764783132,11,0.5
1456341002289541221,11,0.5
1456555015735609806,11,0.5
1456568740783562317,11,0.5
1456960108421463202,41,0.5
1457009718708153504,11,0.5
1457013459843848314,11,0.5
1457015689187794589,11,0.5
1457022068787069328,11,0.5
1457032026507546398,11,0.5
1457036239289097967,11,0.5
1457040347017522341,11,0.5
1457045073307139758,11,0.5
1457049505874917205,11,0.5
1457283027208067784,11,0.5
1457285805599088255,11,0.5
1457626502312988817,11,0.5
1457629859459338266,11,0.5
1457632968488439274,11,0.5
1457636947524869242,11,0.5
1457644979884837397,11,0.5
1457650933729789831,11,0.5
1457653641930319554,11,0.5
1457657157992143208,11,0.5
1457844708202186584,46,0.5
1457854153019848158,46,0.5
1457857103370218955,19,0.5
1457858049040950116,11,0.5
1457863319402989746,11,0.5
1458024132341280524,11,0.5
1458415601371219907,11,0.5
1458560423105813427,28,0.5
1459235700847368536,28,0.5
1459345482144657341,11,0.5
1459375544389581870,8,0.5
1459949513942959143,11,0.5
1459954861175200047,11,0.5
1459957998004744018,11,0.5
1459961751992424509,11,0.5
1459965507746384214,11,0.5
1459968857128034542,11,0.5
1459976868151763769,11,0.5
1460021919803912490,46,0.5
1460140090467991980,28,0.5
1460480852799339451,11,0.5
1460492722573669803,11,0.5
1460499930118113603,11,0.5
1460526158897409473,11,0.5
1460649526196863116,28,0.5
1460708256462028674,11,0.5
1460863364214685409,11,0.5
1460879031192300892,11,0.5
1461263144416881916,11,0.5
1461272258892373519,28,0.5
1461276654194647151,28,0.5
1461291901982804537,11,0.5
1461368326085521435,11,0.5
1461397923056506386,11,0.5
1461487041412928740,28,0.5
1461569242154778833,28,0.5
1462231457468972486,11,0.5
1462247835920498794,28,0.5
1462273332064109131,11,0.5
1462789449803657139,11,0.5
1462808209002259568,11,0.5
1462817629545107867,11,0.5
1462877190113108359,28,0.5
1462881026053815856,11,0.5
1462891447847177008,11,0.5
1463789763556364919,30,0.5
1464032891324275382,11,0.5
1464561779715087050,28,0.5
1464568493269965302,5,0.5
1464623790431441264,11,0.5
1464971995136039102,31,0.5
1465017003626584789,28,0.5
1465039256241285944,28,0.5
1465205656973890343,11,0.5
1465560751983010750,11,0.5
1465720279159749483,22,0.5
1465745235473925807,28,0.5
1465867717598381869,11,0.5
1465981204077006679,11,0.5
1466109714709869844,28,0.5
1466461078154578135,11,0.5
1466541076328219936,11,0.5
1466670590414528350,11,0.5
1466687615711464846,9,0.5
1467133846471617171,28,0.5
1467139511596114595,28,0.5
1467204570900231912,11,0.5
1467216085944309514,28,0.5
1467217643652362099,11,0.5
1467224378690730007,11,0.5
1467398064267511860,11,0.5
1467695026848857668,11,0.5
1467804622576362936,11,0.5
1467809364806955976,11,0.5
1467812865990075908,11,0.5
1467814583279615616,11,0.5
1467817352793388972,11,0.5
1467821229079191098,11,0.5
1467846222299024013,11,0.5
1467847527855514791,11,0.5
1467962243819762318,8,0.5
1468043743108233620,5,0.5
1468214444191586336,28,0.5
1468248060688467629,11,0.5
1468291000694561333,11,0.5
1468499560547103502,11,0.5
1468521907276367595,11,0.5
1468538583240974635,11,0.5
1468549980105060331,11,0.5
1468552201387432920,11,0.5
1468677455331578057,11,0.5
1468833312890428489,11,0.5
1468889894520628327,11,0.5
1468978973849084148,11,0.5
1469353516603750995,11,0.5
1469511177069526502,28,0.5
1469555912187891298,9,0.5
1469563799862258385,11,0.5
1469937531442229079,11,0.5
1470132844533796629,5,0.5
1470743140954290556,25,0.5
1470779977166519163,28,0.5
1470797597262337860,11,0.5
1470837321633095256,11,0.5
1470950872103287701,23,0.5
1471002481871034073,11,0.5
1471085431353888858,11,0.5
1471102803951837767,11,0.5
1471522035278375841,11,0.5
1471522411512305524,11,0.5
1471536694652680199,11,0.5
1471547845792754192,11,0.5
1471764985025369870,11,0.5
1471823087028943816,11,0.5
1471831673461631977,11,0.5
1471858906444823036,11,0.5
1472523362236534196,11,0.5
1472541872812079901,11,0.5
1472547054986877954,11,0.5
1472553437581002903,11,0.5
1472854022404500326,11,0.5
1472946259319187866,11,0.5
1472959512119462305,8,0.5
1472980833694194085,8,0.5
1473013775957895093,11,0.5
1473279286485137938,11,0.5
1473537074425724278,11,0.5
1473621861122874238,2,0.5
1473624044716353657,11,0.5
1473632501781859453,28,0.5
1473714517746359622,11,0.5
1473747460564283249,28,0.5
1473753496315304341,28,0.5
1474411035194346963,11,0.5
1474461113428611488,11,0.5
1474727428934657563,28,0.5
1475120404707810572,11,0.5
1475148523965281190,11,0.5
1475154886929954682,11,0.5
1475162054068250207,11,0.5
1475185793964313267,11,0.5
1475329188135198052,8,0.5
1475983214871357541,11,0.5
1476018522429147327,11,0.5
1476805930912257040,23,0.5
1477274525345217641,11,0.5
1477357111887354010,28,0.5
1477455801801249551,11,0.5
1478750150837122125,11,0.5
1479504759442702450,11,0.5
1479747682952784554,11,0.5
1480258886064642951,11,0.5
1480268935978085487,11,0.5
1480378994140513230,11,0.5
1480386592086229653,8,0.5
1480409925799381676,11,0.5
1480804193036277303,11,0.5
1480845710096354059,11,0.5
1480907578010101568,28,0.5
1481070745572806801,11,0.5
1481086050418252155,11,0.5
1481162293522527764,11,0.5
1481189968873444896,11,0.5
1481193162291667789,11,0.5
1481655501972984810,19,0.5
1481720534817123202,11,0.5
1481725655887076122,11,0.5
1481892649424549692,11,0.5
1482624825714372406,11,0.5
1482637056001010246,11,0.5
1482668937366646989,28,0.5
1482826471380086175,26,0.5
1483098740145099406,11,0.5
1483154737800748116,23,0.5
1483187784027386661,11,0.5
1484253250949325815,11,0.5
1484577379587301256,11,0.5
1484624289458740734,15,0.5
1484636393559173426,8,0.5
1484679858647983714,11,0.5
1484686397960264990,11,0.5
1484816114638172401,50,0.5
1484834613384698580,11,0.5
1485517314995581463,11,0.5
1485594701317338376,11,0.5
1485621573415710258,8,0.5
1485632385507878382,8,0.5
1485657008412894489,8,0.5
1486147638301800739,28,0.5
1486587560914249731,28,0.5
1486610564350924651,28,0.5
1486663486078577608,28,0.5
1486669882767782472,28,0.5
1486740654831419843,28,0.5
1486755334410728333,28,0.5
1486761955476283008,28,0.5
1486775408003150654,28,0.5
1486799549687440506,28,0.5
1486917688143476805,28,0.5
1486925726980444695,28,0.5
1486962192945771434,28,0.5
1486962493027623858,11,0.5
1486993396322243886,8,0.5
1487003108434182094,11,0.5
1487016850825955519,11,0.5
1487326264350437695,11,0.5
1487330803065516352,11,0.5
1487383875560642835,28,0.5
1487386689347931481,28,0.5
1487452896529066816,11,0.5
1487535111551743843,28,0.5
1488146204553285411,11,0.5
1488289428814168989,11,0.5
1488412281446095789,11,0.5
1489021577647996012,11,0.5
1489271181799492740,11,0.5
1489476503079423197,11,0.5
1489497763220619906,11,0.5
1489563607441669370,11,0.5
1489684115882300296,11,0.5
1490425749833998935,11,0.5
1490474547123078247,11,0.5
1491209524288442825,11,0.5
1491259066288182451,11,0.5
1491298342803152663,11,0.5
1491328799482778454,9,0.5
1491416672071415428,17,0.5
1491522296867374610,28,0.5
1491561083552032105,28,0.5
1491612998665199364,11,0.5
1491776585195822570,17,0.5
1491832971085587474,17,0.5
1491841711480118124,17,0.5
1491848700599916694,17,0.5
1491894785092740111,11,0.5
1492555057245241964,11,0.5
1492648247580334327,28,0.5
1492662781295842253,28,0.5
1492674469088139909,11,0.5
1492721268025380221,46,0.5
1492736799680189846,46,0.5
1493095979060485702,11,0.5
1493125424369763380,11,0.5
1493256063134858708,11,0.5
1493267399258050438,28,0.5
1493388866370590562,11,0.5
1493514573305325179,8,0.5
1493523535427504998,8,0.5
1493527972269469029,8,0.5
1493531842296425076,8,0.5
1493539252051747277,11,0.5
1493829419017624173,11,0.5
1494003928259975479,8,0.5
1494695729619546897,8,0.5
1494777577636965763,11,0.5
1494918039571679172,11,0.5
1494918823612241469,8,0.5
1494930138812977619,11,0.5
1494933593838255589,8,0.5
1494943656571177396,8,0.5
1495489300484891786,11,0.5
1495542993854694608,11,0.5
1495545009404594331,28,0.5
1495670695851013221,11,0.5
1495703391007384830,11,0.5
1496102004831829197,28,0.5
1496178579474557425,11,0.5
1496306599964039235,46,0.5
1496356950607744562,46,0.5
1496358306511621891,11,0.5
1496375988421035580,28,0.5
1496394038113347622,46,0.5
1496400722564234364,28,0.5
1496454979919517753,11,0.5
1496698416069829769,11,0.5
1496713989085294844,46,0.5
1496725260336086871,46,0.5
1496734568010260012,46,0.5
1496766990684161644,11,0.5
1496793670901922792,11,0.5
1496849048342322064,11,0.5
1496949827906487266,11,0.5
1497543452605818537,28,0.5
1497614179286337512,46,0.5
1497631809357229993,46,0.5
1497669505632066852,46,0.5
1497697848041207684,11,0.5
1497713891147216016,46,0.5
1497823265409734671,46,0.5
1498019382916535856,23,0.5
1498043577222255613,23,0.5
1498046280963400251,11,0.5
1498145292841542524,46,0.5
1498270759104675795,11,0.5
1498295121745885571,46,0.5
1498298588132702736,11,0.5
1498308230639101170,46,0.5
1498323690389634375,11,0.5
1498358417517385398,46,0.5
1498369670008814827,46,0.5
1498379071554014894,46,0.5
1498447370487152857,46,0.5
1498466992779364264,46,0.5
1498514451660140280,5,0.5
1498566180292295783,28,0.5
1498626742891720683,46,0.5
1498718453042116907,23,0.5
1498732795305735603,23,0.5
1498842634914650091,46,0.5
1498953348105465585,11,0.5
1499188304775859817,28,0.5
1499224960237923065,11,0.5
1499290261460655601,11,0.5
1499360799825915612,11,0.5
1499663434704905016,11,0.5
1499802541027293684,28,0.5
1499820715429248975,46,0.5
1499852243122945115,5,0.5
1499925999491402292,11,0.5
1500347794616561795,28,0.5
1500373495125094791,8,0.5
1500384509115317617,8,0.5
1500441339576469336,28,0.5
1500448806810547408,11,0.5
1500460238314023699,11,0.5
1500462296909422399,11,0.5
1500546105718746227,11,0.5
1500679647837111315,11,0.5
1500686550318597967,8,0.5
1500714273993253063,11,0.5
1500767888413689820,17,0.5
1501055450092853377,46,0.5
1501073791753216370,11,0.5
1501186115024793842,11,0.5
1501253414917909563,11,0.5
1501268748892150719,11,0.5
1501273399772537977,11,0.5
1501276438551951634,11,0.5
1501324857093267782,23,0.5
1501328285810134791,28,0.5
1501363246670457730,11,0.5
1501420142821040430,28,0.5
1501440293464892199,28,0.5
1501594141290471914,23,0.5
1501612726061240242,23,0.5
1501779790791255349,46,0.5
1501784991071089286,11,0.5
1501795204260478230,46,0.5
1501805259570799430,46,0.5
1501912209817073780,11,0.5
1502115998833944999,5,0.5
1502372472144201414,23,0.5
1502380237450042943,23,0.5
1502396751788254186,23,0.5
1502666255808151242,41,0.5
1502896042997124401,11,0.5
1502908012503996475,11,0.5
1502913685851640758,11,0.5
1502918698290771662,11,0.5
1502924656963132148,11,0.5
1502930939251526356,11,0.5
1502993218377089287,11,0.5
1503268594084799927,11,0.5
1503390015610732910,11,0.5
1504051028351073398,28,0.5
1504180218396070001,11,0.5
1504288352652873159,11,0.5
1504295857222328183,11,0.5
1504317543290079045,11,0.5
1504328068172315155,11,0.5
1504342362975397147,11,0.5
1504346381948908834,11,0.5
1504349440179969635,11,0.5
1504363156181264198,11,0.5
1504784357916122049,11,0.5
1505397325107365982,19,0.5
1505823993738749949,5,0.5
1505826212341833359,11,0.5
1505978195708893456,11,0.5
1506194865472114907,19,0.5
1506256740241221445,28,0.5
1506293457154058216,22,0.5
1506608177676370466,11,0.5
1507099179976167985,11,0.5
1507270895327785889,28,0.5
1507752149389130935,11,0.5
1507812292683132647,11,0.5
1507857938287151341,15,0.5
1508314168460999840,28,0.5
1508417548493353247,11,0.5
1508430128255472741,11,0.5
1508590671714138879,28,0.5
1508608291600899968,28,0.5
1508640140867273223,28,0.5
1508689125530518442,7,0.5
1508980455435650362,28,0.5
1509144019806731146,11,0.5
1509209346332171123,11,0.5
1509227244685703671,11,0.5
1509417190729769633,11,0.5
1509655446427609805,11,0.5
1509673950183411524,28,0.5
1509909039930845483,11,0.5
1509916962635970876,28,0.5
1510061714543751530,8,0.5
1510123446910280469,8,0.5
1510513857136845818,11,0.5
1510722560822632269,8,0.5
1510803546149479265,11,0.5
1510895097468838810,11,0.5
1510901219126536012,11,0.5
1510902020909392302,8,0.5
1510907385850838856,11,0.5
1511131873523338756,11,0.5
1511266899245411683,11,0.5
1511538770159702897,11,0.5
1511562483758543428,11,0.5
1511635165285336505,23,0.5
1511641783677375594,23,0.5
1511642814041716101,11,0.5
1511649216878432602,11,0.5
1511653921751263933,11,0.5
1511779138032880885,28,0.5
1512426263085525469,11,0.5
1512848663726752782,28,0.5
1512869914857846839,11,0.5
1512919849782468151,11,0.5
1512926984144515208,11,0.5
1513030212006999684,11,0.5
1513058651734420212,11,0.5
1513062006094971620,48,0.5
1513068621374885523,11,0.5
1513071798350956848,8,0.5
1513082339606348203,8,0.5
1513126054551487157,17,0.5
1513132140184736420,11,0.5
1513134455725269198,17,0.5
1513342760441405180,23,0.5
1513391835394095320,28,0.5
1513730952968138700,23,0.5
1513855503235680380,8,0.5
1514027066831950527,46,0.5
1514196059153806634,11,0.5
1514597041932816205,11,0.5
1514894109207042006,5,0.5
1514939342093062390,28,0.5
1515619005921912093,8,0.5
1515634895201120699,8,0.5
1515656807935316820,11,0.5
1515678028061506001,8,0.5
1515718656026347806,11,0.5
1515815123651562811,28,0.5
1515924423369411654,28,0.5
1515955933964367070,11,0.5
1516013143302437358,11,0.5
1516016549700227121,11,0.5
1516257210297983736,9,0.5
1516427182632585621,11,0.5
1516541838837053711,11,0.5
1516562928257904814,11,0.5
1516685216062297626,28,0.5
1516754368077266042,11,0.5
1516757847964680333,11,0.5
1517253247374957184,11,0.5
1517951500218669301,11,0.5
1517958350026006622,11,0.5
1518150867409946450,11,0.5
1518732350564024084,11,0.5
1518737907279350086,11,0.5
1518783124112547210,11,0.5
1518787315802820219,11,0.5
1518912522829564599,11,0.5
1518914964936396669,11,0.5
1518921804842359895,11,0.5
1518924830700557118,11,0.5
1518927959915358319,11,0.5
1518939864269480032,8,0.5
1519167213817189920,5,0.5
1519410366821963984,15,0.5
1519487046941064382,8,0.5
1519646777176793559,11,0.5
1519941794761556205,11,0.5
1519959147541017492,11,0.5
1519964655036817237,28,0.5
1519972439178033709,28,0.5
1520154138910122194,11,0.5
1520161774082704426,11,0.5
1520166287030776472,11,0.5
1520267716900054959,9,0.5
