id,neg_review_ratio
68398,0.0
271733,0.038461538461538464
272314,0.1111111111111111
289296,0.10344827586206896
289298,0.026455026455026454
646629,0.05642633228840126
718493,0.12631578947368421
761561,0.02127659574468085
818650,0.013761467889908258
869581,0.0
963051,0.0
983054,0.0392156862745098
1015037,0.1
1037747,0.021739130434782608
1072856,0.05263157894736842
1072857,0.05405405405405406
1094125,0.02631578947368421
1097851,0.022435897435897436
1120179,0.023622047244094488
1126278,0.0
1139869,0.016853932584269662
1259320,0.03317535545023697
1297987,0.023474178403755867
1618365,0.16666666666666666
1631691,0.08849557522123894
1664910,0.04477611940298507
1671130,0.03937007874015748
1689077,0.0728476821192053
1701140,0.054380664652567974
1718240,0.03260869565217391
1804621,0.02247191011235955
1805413,0.02564102564102564
1805783,0.04316546762589928
1808483,0.08928571428571429
1828204,0.06896551724137931
1828230,0.05714285714285714
1838199,0.07954545454545454
1838528,0.125
1884880,0.11428571428571428
1911361,0.0410958904109589
1938837,0.015748031496062992
1980573,0.009174311926605505
2072811,0.3333333333333333
2075962,0.0
2084454,0.6666666666666666
2100055,0.0
2114695,0.0
2263430,0.1232876712328767
2365294,0.06666666666666667
2553760,0.019801980198019802
2632210,0.05263157894736842
2637590,0.1
2678719,0.0
2753686,0.02127659574468085
2808875,0.016129032258064516
2969214,0.0
3028074,0.04316546762589928
3062366,0.0449438202247191
3070785,0.038461538461538464
3106555,0.023809523809523808
3186548,0.09615384615384616
3214180,0.04020100502512563
3304239,0.04918032786885246
3399891,0.0
3407985,0.375
3499060,0.0
3840606,0.055776892430278883
3879242,0.028901734104046242
3908056,0.07407407407407407
3919250,0.0
3933100,0.06153846153846154
3953759,0.1415525114155251
3975942,0.0
4014018,0.06077348066298342
4014179,0.0
4018116,0.0223463687150838
4035563,0.05555555555555555
4054999,0.06201550387596899
4106145,0.0
4106431,0.0
4317397,0.0
4318191,0.0
4320299,0.09230769230769231
4372441,0.04819277108433735
4468613,0.0
4484717,0.09090909090909091
4495681,0.0
4495844,0.11764705882352941
4507773,0.16666666666666666
4520900,0.10526315789473684
4541617,0.0
4561084,0.25
4568861,0.08544303797468354
4607827,0.0
4630004,0.1
4702288,0.0
4702374,0.0
4749034,0.0
4777225,0.044585987261146494
4844292,0.0
4845099,0.0
4848637,0.0
4851830,0.12598425196850394
4863470,0.09090909090909091
4890403,0.0
4892246,0.038461538461538464
4894283,0.4
4912003,0.0
4934107,0.0
4938261,0.0
4944433,0.022727272727272728
4944559,0.0625
4984328,0.04979253112033195
5001526,0.05177993527508091
5046021,0.04081632653061224
5078278,0.04395604395604396
5081030,0.029288702928870293
5081189,0.0
5111903,0.03389830508474576
5117935,0.05555555555555555
5118544,0.07692307692307693
5184999,0.02932551319648094
5193504,0.04983388704318937
5222553,0.027777777777777776
5290265,0.04225352112676056
5352519,0.0
5369168,0.0
5392448,0.03571428571428571
5395912,0.125
5448667,0.02976190476190476
5472730,0.07692307692307693
5475006,0.10869565217391304
5475668,0.009174311926605505
5515015,0.0
5575829,0.02564102564102564
5607149,0.10526315789473684
5608812,0.0
5673023,0.0
5680005,0.01507537688442211
5731739,0.08163265306122448
5770849,0.03664921465968586
5848620,0.0
5854576,0.05309734513274336
5966970,0.03684210526315789
5976179,0.018867924528301886
6008427,0.05263157894736842
6023644,0.017857142857142856
6046711,0.06818181818181818
6050738,0.0
6068270,0.035046728971962614
6087214,0.08
6094681,0.044444444444444446
6121089,0.0
6121199,0.08333333333333333
6173828,0.031578947368421054
6196233,0.035856573705179286
6217090,0.04
6224868,0.01639344262295082
6234488,0.14634146341463414
6243561,0.033112582781456956
6314122,0.05555555555555555
6377639,0.04
6380635,0.0
6380722,0.0
6380811,0.14285714285714285
6380940,0.0
6400213,0.012987012987012988
6405839,0.04081632653061224
6428212,0.041916167664670656
6511572,0.02097902097902098
6511868,0.09302325581395349
6546414,0.045454545454545456
6554371,0.04201680672268908
6694505,0.13043478260869565
6816756,0.018867924528301886
6898486,0.10526315789473684
6902353,0.0625
7014236,0.06666666666666667
7045673,0.0966183574879227
7196744,0.04672897196261682
7236737,0.056818181818181816
7283802,0.06666666666666667
7312737,0.08974358974358974
7319733,0.057291666666666664
7351938,0.0
7370637,0.06315789473684211
7375824,0.07462686567164178
7725908,0.017094017094017096
7848303,0.008849557522123894
7861901,0.021739130434782608
7864125,0.06382978723404255
7922657,0.1099476439790576
7931592,0.024096385542168676
8002342,0.0
8118749,0.01680672268907563
8137719,0.0273224043715847
8202791,0.09375
8260269,0.016835016835016835
8323680,0.1377245508982036
8383669,0.03937007874015748
8395269,0.08620689655172414
8431901,0.0
8479555,0.044642857142857144
8547900,0.05519480519480519
8613386,0.012658227848101266
8712419,0.09375
8751539,0.019736842105263157
8781059,0.029315960912052116
8880657,0.039473684210526314
8955566,0.01929260450160772
9051375,0.10256410256410256
9053364,0.03968253968253968
9054031,0.044642857142857144
9121994,0.016194331983805668
9144261,0.05013192612137203
9202653,0.07692307692307693
9292277,0.0
9311543,0.017167381974248927
9372986,0.07272727272727272
9438346,0.03514376996805112
9457310,0.0
9466812,0.04568527918781726
9471108,0.04814814814814815
9535176,0.06666666666666667
9669477,0.16666666666666666
9686963,0.038461538461538464
9691498,0.5
9691862,0.0
9694486,0.2
9715354,0.015748031496062992
9852663,0.037940379403794036
9868533,0.0
9950852,0.04633204633204633
9988638,0.033783783783783786
10047044,0.0
10096368,0.08695652173913043
10150463,0.010101010101010102
10150804,0.025
10151418,0.008547008547008548
10196520,0.04516129032258064
10254998,0.13333333333333333
10296809,0.027777777777777776
10301726,0.06854838709677419
10448762,0.07604562737642585
10463842,0.026881720430107527
10483990,0.0
10530378,0.0
10554878,0.0
10558422,0.0
10559106,0.0
10560003,0.026490066225165563
10578817,0.05660377358490566
10579389,0.0
10619246,0.16666666666666666
10619369,0.06451612903225806
10619401,0.0
10619884,0.07692307692307693
10620143,0.09090909090909091
10620342,0.06666666666666667
10650328,0.06321839080459771
10689015,0.05627705627705628
10742557,0.0
10753725,0.05263157894736842
10755410,0.10606060606060606
10755679,0.05660377358490566
11007917,0.03188405797101449
11024330,0.07142857142857142
11026681,0.0
11140660,0.0660377358490566
11156556,0.0
11183004,0.050335570469798654
11246441,0.16326530612244897
11301973,0.030612244897959183
11324283,0.03932584269662921
11327928,0.04697986577181208
11330930,0.03488372093023256
11402960,0.027874564459930314
11540482,0.058823529411764705
11561837,0.040268456375838924
11660562,0.024896265560165973
11679874,0.05263157894736842
11686801,0.0
11693088,0.08571428571428572
11839710,0.029850746268656716
11977286,0.04868913857677903
12073442,0.028846153846153848
12078891,0.045454545454545456
12085043,0.07547169811320754
12128820,0.0410958904109589
12163734,0.03773584905660377
12177438,0.09375
12195168,0.0392156862745098
12221943,0.06060606060606061
12333661,0.0
12367961,0.021897810218978103
12482688,0.09523809523809523
12482897,0.022222222222222223
12482913,0.05172413793103448
12483996,0.0
12617215,0.016853932584269662
12629735,0.0
12629805,0.0
12765506,0.024271844660194174
12767952,0.035211267605633804
12796531,0.3
12815108,0.0
12815941,0.0
12892380,0.06832298136645963
12897349,0.03676470588235294
12909519,0.013333333333333334
12937970,0.0319634703196347
12991166,0.0
12999941,0.0
13032793,0.1
13034881,0.08762886597938144
13132837,0.3333333333333333
13155905,0.06666666666666667
13227358,0.047619047619047616
13273687,0.0
13316714,0.03225806451612903
13364884,0.09090909090909091
13380983,0.010101010101010102
13406169,0.0875
13563942,0.0
13610279,0.0
13611755,0.09090909090909091
13649155,0.04747774480712166
13660847,0.10112359550561797
13742219,0.021367521367521368
13753608,0.05240174672489083
13780908,0.16666666666666666
13802886,0.039473684210526314
13855114,0.02040816326530612
13945956,0.05154639175257732
14066109,0.043478260869565216
14066252,0.08695652173913043
14068043,0.034482758620689655
14068140,0.037037037037037035
14069575,0.0
14070634,0.0
14071140,0.029411764705882353
14119540,0.032448377581120944
14188621,0.02247191011235955
14214031,0.025906735751295335
14241304,0.034934497816593885
14305998,0.05172413793103448
14322087,0.03271028037383177
14322882,0.04
14396024,0.027472527472527472
14397837,0.022988505747126436
14421878,0.054878048780487805
14559030,0.0
14569313,0.125
14582309,0.03717472118959108
14893120,0.037209302325581395
14944407,0.07142857142857142
14964333,0.075
15035792,0.0297029702970297
15044520,0.02
15107917,0.03347280334728033
15141830,0.09821428571428571
15148535,0.022222222222222223
15215432,0.023809523809523808
15274263,0.0
15305332,0.04316546762589928
15379517,0.05333333333333334
15415503,0.04950495049504951
15455911,0.0625
15457178,0.028846153846153848
15526050,0.03571428571428571
15539399,0.0
15572071,0.0
15707390,0.026490066225165563
15709563,0.025477707006369428
15736839,0.01818181818181818
15754576,0.023121387283236993
15769019,0.04591836734693878
15769542,0.015384615384615385
15859205,0.025510204081632654
15864975,0.041666666666666664
15891578,0.03076923076923077
15911332,0.041237113402061855
15934211,0.10344827586206896
15943600,0.08333333333333333
15948484,0.043010752688172046
15954301,0.03314917127071823
15966400,0.13333333333333333
15966454,0.05263157894736842
16057271,0.0
16065284,0.034482758620689655
16078176,0.029891304347826088
16080061,0.058823529411764705
16089419,0.047619047619047616
16138944,0.13333333333333333
16142591,0.05102040816326531
16194730,0.08547008547008547
16203170,0.031578947368421054
16235414,0.09433962264150944
16275341,0.05555555555555555
16297721,0.13008130081300814
16340566,0.09090909090909091
16369174,0.0
16374348,0.13513513513513514
16424173,0.053811659192825115
16459905,0.04697986577181208
16460912,0.02158273381294964
16469777,0.03125
16481066,0.040983606557377046
16503407,0.0
16526138,0.028888888888888888
16553999,0.023076923076923078
16581486,0.0398406374501992
16593304,0.06875
16739098,0.01694915254237288
16815692,0.0
16820621,0.03058823529411765
16836349,0.02830188679245283
16860797,0.010344827586206896
16877750,0.022857142857142857
16916799,0.05172413793103448
16965201,0.03225806451612903
16965572,0.017543859649122806
17025316,0.0
17025907,0.0
17032186,0.036290322580645164
17110793,0.06542056074766354
17206882,0.0
17213225,0.046875
17216033,0.07692307692307693
17248878,0.034220532319391636
17273007,0.08108108108108109
17287805,0.0
17321716,0.043478260869565216
17347962,0.07575757575757576
17369769,0.02857142857142857
17583027,0.05200945626477541
17629624,0.02586206896551724
17689778,0.05533596837944664
17858551,0.10552763819095477
17859630,0.07352941176470588
17860965,0.06569343065693431
17918107,0.04895104895104895
17928951,0.07792207792207792
17946966,0.10982658959537572
18060986,0.022727272727272728
18072488,0.012048192771084338
18182753,0.0
18201847,0.028985507246376812
18203178,0.0
18219195,0.02072538860103627
18233385,0.06923076923076923
18255479,0.047619047619047616
18258105,0.043478260869565216
18297846,0.026785714285714284
18421633,0.006896551724137931
18423691,0.11650485436893204
18433648,0.015503875968992248
18469735,0.04
18492644,0.0
18584300,0.046242774566473986
18596203,0.1509433962264151
18621578,0.0
18622727,0.03333333333333333
18639148,0.03636363636363636
18641647,0.03571428571428571
18676657,0.036827195467422094
18710038,0.016129032258064516
18766785,0.020833333333333332
18794968,0.0
18799589,0.0
18800405,0.05116279069767442
18801946,0.0
18818844,0.038461538461538464
18865759,0.023131672597864767
18935800,0.0
18936196,0.0
18936218,0.0
18944766,0.06756756756756757
18964686,0.0
19091146,0.06153846153846154
19155182,0.025380710659898477
19170812,0.023809523809523808
19220529,0.055900621118012424
19296085,0.0
19387277,0.0
19513449,0.05217391304347826
19583881,0.023809523809523808
19627394,0.05
19631662,0.0
19683732,0.06550218340611354
19684277,0.09202453987730061
19832230,0.03187250996015936
19842055,0.024291497975708502
19842634,0.04150943396226415
19927036,0.041379310344827586
19980159,0.0463768115942029
20002194,0.022935779816513763
20022845,0.014150943396226415
20057949,0.037800687285223365
20058047,0.022727272727272728
20059264,0.03017241379310345
20060375,0.02032520325203252
20065266,0.07142857142857142
20074760,0.006535947712418301
20083073,0.033783783783783786
20083682,0.026717557251908396
20088507,0.032
20183528,0.05747126436781609
20206353,0.0
20296253,0.037037037037037035
20363597,0.05333333333333334
20428824,0.03636363636363636
20442991,0.009708737864077669
20461192,0.20588235294117646
20517472,0.022099447513812154
20550197,0.044444444444444446
20550411,0.06
20559000,0.0
20607088,0.038461538461538464
20700715,0.03067484662576687
20701142,0.047058823529411764
20743643,0.016129032258064516
20791615,0.0
20807129,0.0
20813572,0.04
20902719,0.03674540682414698
20910737,0.012
20920033,0.057971014492753624
20963326,0.06666666666666667
20984231,0.040983606557377046
20984907,0.02
20985359,0.043478260869565216
20988820,0.09523809523809523
20989755,0.05
21049093,0.04938271604938271
21059299,0.044444444444444446
21061129,0.05128205128205128
21068935,0.15714285714285714
21083767,0.044444444444444446
21084463,0.043478260869565216
21100732,0.05172413793103448
21133929,0.015625
21177190,0.0
21435436,0.032432432432432434
21552847,0.054945054945054944
21553726,0.0457516339869281
21561990,0.04678362573099415
21568771,0.044444444444444446
21606341,0.029411764705882353
21636330,0.049019607843137254
21692382,0.0
21702810,0.0
21718399,0.029411764705882353
21759941,0.02702702702702703
21761278,0.0
21806594,0.08695652173913043
21853514,0.03783783783783784
21853919,0.028985507246376812
21854628,0.0641025641025641
21854658,0.006666666666666667
21856438,0.0738255033557047
21859322,0.0425531914893617
21884255,0.0
21908377,0.0
21920700,0.03783783783783784
21932834,0.0
21943689,0.11956521739130435
21952826,0.0
21993579,0.0
22053491,0.045454545454545456
22067127,0.0
22090275,0.027586206896551724
22156573,0.12173913043478261
22167179,0.0
22172055,0.04142011834319527
22284072,0.024390243902439025
22310998,0.0
22346072,0.046511627906976744
22349059,0.04477611940298507
22351014,0.1267605633802817
22362603,0.08029197080291971
22380641,0.0
22417265,0.02531645569620253
22457416,0.02040816326530612
22457555,0.03076923076923077
22472344,0.0
22475902,0.01948051948051948
22481505,0.025
22486515,0.0
22552790,0.028169014084507043
22609995,0.06422018348623854
22694293,0.030837004405286344
22719837,0.05263157894736842
22721597,0.0
22754904,0.0
22758392,0.0136986301369863
22858155,0.025423728813559324
22859422,0.0
22868412,0.03225806451612903
22869464,0.0
22869912,0.03571428571428571
22891563,0.0
22894297,0.11004784688995216
22946056,0.05714285714285714
22986586,0.0
22995818,0.026595744680851064
23046548,0.043859649122807015
23050658,0.07407407407407407
23084840,0.02717391304347826
23093178,0.18857142857142858
23228459,0.07482993197278912
23258620,0.06818181818181818
23259274,0.0
23281011,0.0196078431372549
23319648,0.0
23319845,0.045714285714285714
23332802,0.1
23344386,0.0
23361112,0.0851063829787234
23419557,0.028985507246376812
23424883,0.058823529411764705
23467163,0.054455445544554455
23555386,0.017241379310344827
23577267,0.016877637130801686
23616457,0.0
23681472,0.019230769230769232
23708394,0.02932551319648094
23751860,0.0
23753753,0.1276595744680851
23760253,0.008264462809917356
23802309,0.02654867256637168
23893047,0.0
23913737,0.029535864978902954
23928968,0.0
23947018,0.014492753623188406
23951577,0.047619047619047616
23985166,0.025423728813559324
24021587,0.06422018348623854
24027795,0.036585365853658534
24091046,0.11627906976744186
24091324,0.11764705882352941
24091419,0.06593406593406594
24091621,0.03529411764705882
24095440,0.022222222222222223
24142988,0.023076923076923078
24292042,0.125
24296252,0.0
24384566,0.05970149253731343
24418893,0.043209876543209874
24501277,0.02702702702702703
24507520,0.05555555555555555
24534022,0.06280193236714976
24534421,0.0365296803652968
24550547,0.0
24585159,0.0
24585171,0.0
24585186,0.0
24589627,0.0
24616021,0.029411764705882353
24738091,0.0273972602739726
24740273,0.05217391304347826
24742544,0.014925373134328358
24762910,0.02702702702702703
24808520,0.0
24865860,0.0
24884689,0.008547008547008548
24943872,0.08536585365853659
25036369,0.05660377358490566
25046318,0.1
25117247,0.0
25168381,0.029850746268656716
25202607,0.022058823529411766
25218191,0.015625
25248826,0.025
25295259,0.05128205128205128
25371205,0.041666666666666664
25382058,0.0379746835443038
25414070,0.02564102564102564
25415869,0.020491803278688523
25464974,0.03333333333333333
25465270,0.0
25465485,0.0
25548912,0.0
25566294,0.021739130434782608
25698680,0.0
25748635,0.03296703296703297
25748834,0.01020408163265306
25749452,0.0625
25749661,0.0
25749737,0.1388888888888889
25749899,0.4
25831185,0.0
25844726,0.058823529411764705
25849520,0.0
25920699,0.02666666666666667
25994610,0.01507537688442211
26054202,0.038461538461538464
26112635,0.012987012987012988
26278938,0.0
26318460,0.05
26734059,0.0379746835443038
26746623,0.05603448275862069
26925750,0.031578947368421054
26986835,0.03558718861209965
27101306,0.0
27113004,0.5
27172939,0.02564102564102564
27176084,0.0661764705882353
27449633,0.024390243902439025
27450089,0.0
27450769,0.15384615384615385
27450963,0.0
27466662,0.109375
27540766,0.00975609756097561
27563523,0.08235294117647059
27617765,0.03164556962025317
27668350,0.07692307692307693
27716130,0.0
27766000,0.03571428571428571
27766337,0.0
27771760,0.014018691588785047
27800610,0.03676470588235294
27818462,0.07142857142857142
27846788,0.01818181818181818
27866055,0.023255813953488372
28039073,0.02040816326530612
28039885,0.08914728682170543
28046611,0.01020408163265306
28142373,0.08333333333333333
28323286,0.25
28324203,0.0
28384288,0.04779411764705882
28445276,0.0
28445613,0.0
28445909,0.2
28446160,0.0
28446231,0.0
28451387,0.07407407407407407
28500779,0.04285714285714286
28501419,0.06451612903225806
28565895,0.16666666666666666
28583845,0.07518796992481203
28595038,0.0
28645855,0.0
28649132,0.04568527918781726
28650752,0.04504504504504504
28660683,0.19047619047619047
28697457,0.04
28745633,0.044444444444444446
28749013,0.0
28790125,0.0851063829787234
28991073,0.02631578947368421
28991240,0.0
28991272,0.1
28991443,0.09090909090909091
29019183,0.03571428571428571
29039632,0.06779661016949153
29083122,0.0
29095335,0.04406779661016949
29190852,0.08021390374331551
29191584,0.152
29242260,0.14285714285714285
29325450,0.05
29347449,0.0
29377530,0.02
29377699,0.0
29377879,0.0
29378041,0.0
29429545,0.02702702702702703
29448053,0.0
29481861,0.02097902097902098
29510736,0.0
29578611,0.011560693641618497
29641333,0.0625
29695831,0.01951219512195122
29834620,0.05
29834725,0.125
29834748,0.038461538461538464
29848692,0.0
29857924,0.0
29863158,0.05128205128205128
29871898,0.04
29917320,0.03664921465968586
29937883,0.006060606060606061
29957695,0.04
29981990,0.09883720930232558
29999814,0.010101010101010102
30046781,0.0
30052352,0.0
30057319,0.027777777777777776
30093962,0.18181818181818182
30116094,0.02403846153846154
30120316,0.0
30121481,0.033112582781456956
30167163,0.09302325581395349
30217644,0.14666666666666667
30298244,0.034482758620689655
30300464,0.0
30309446,0.02631578947368421
30386138,0.06550218340611354
30440658,0.0
30519766,0.06382978723404255
30525204,0.0
30684355,0.0
30718609,0.06153846153846154
30723491,0.07692307692307693
30732180,0.037037037037037035
30752287,0.022727272727272728
30759308,0.04285714285714286
30773368,0.051643192488262914
30775815,0.034782608695652174
30777780,0.06593406593406594
30778756,0.08849557522123894
30782085,0.028985507246376812
30793697,0.08695652173913043
30801102,0.1566265060240964
30801892,0.05454545454545454
30803593,0.030534351145038167
30805091,0.0
30810390,0.04145077720207254
30811501,0.047619047619047616
30820468,0.027210884353741496
30826101,0.109375
30826397,0.08411214953271028
30826623,0.0975609756097561
30829362,0.014705882352941176
30844169,0.0
30848036,0.0
30872439,0.011494252873563218
30872998,0.044585987261146494
30893366,0.0
30894549,0.020618556701030927
30921383,0.03614457831325301
30942845,0.02696078431372549
30960936,0.021052631578947368
31032634,0.07333333333333333
31036502,0.16666666666666666
31047362,0.041666666666666664
31053245,0.05128205128205128
31064292,0.10256410256410256
31066666,0.07106598984771574
31067050,0.0736196319018405
31069844,0.010526315789473684
31075878,0.0
31096568,0.09803921568627451
31223107,1.0
31322531,0.045454545454545456
31342736,0.08955223880597014
31425654,0.0625
31472281,0.05747126436781609
31481417,0.026845637583892617
31548380,0.06593406593406594
31548460,0.0
31574896,0.030303030303030304
31583098,0.025
31587203,0.046511627906976744
31588389,0.017241379310344827
31603370,0.0
31636716,0.0
31654997,0.0
31655072,0.0
31655077,0.125
31689279,0.0
31814262,0.0851063829787234
31814285,0.11794871794871795
31940964,0.0
31997428,0.0
32041209,0.02702702702702703
32057946,0.024691358024691357
32078377,0.034482758620689655
32153749,0.019801980198019802
32197474,0.0625
32243987,0.013953488372093023
32283138,0.0
32341732,0.0273972602739726
32462591,0.0
32509143,0.05
32577066,0.12307692307692308
32651464,0.09090909090909091
32660141,0.02564102564102564
32727202,0.0
32734463,0.03260869565217391
32769562,0.041666666666666664
32795696,0.125
32795795,0.2
32795935,0.07142857142857142
32796134,0.043478260869565216
32821959,0.041666666666666664
32822019,0.3333333333333333
32822052,0.15
32848222,0.03773584905660377
32969621,0.0
33002482,0.04054054054054054
33006645,0.043478260869565216
33025685,0.125
33063738,0.054945054945054944
33063759,0.10416666666666667
33109150,0.08
33121758,0.041237113402061855
33132555,0.043859649122807015
33133564,0.029411764705882353
33177268,0.02054794520547945
33238225,0.06722689075630252
33253029,0.04424778761061947
33253254,0.017241379310344827
33322475,0.0
33322540,0.0
33322577,0.0
33325593,0.09090909090909091
33332077,0.018867924528301886
33474988,0.0
33536980,0.06818181818181818
33541363,0.0
33698861,0.1111111111111111
33706729,0.022727272727272728
33733132,0.038461538461538464
33762326,0.06060606060606061
33840458,0.08791208791208792
33947510,0.006060606060606061
34045581,0.04819277108433735
34069448,0.02702702702702703
34085448,0.056962025316455694
34242609,0.0
34244190,0.023668639053254437
34244447,0.0425531914893617
34248422,0.08
34389513,0.04
34402355,0.0
34408209,0.0392156862745098
34433541,0.05063291139240506
34498530,0.06382978723404255
34546782,0.0
34631751,0.016666666666666666
34634200,0.0
34704789,0.028112449799196786
34759982,0.07
34829989,0.12598425196850394
34876746,0.0196078431372549
34897346,0.0457516339869281
34916199,0.0
34917187,0.0
35082474,0.05660377358490566
35102620,0.1388888888888889
35131035,0.014705882352941176
35151208,0.0
35211573,0.07692307692307693
35435235,0.04838709677419355
35456258,0.11188811188811189
35523563,0.08333333333333333
35527272,0.022988505747126436
35583592,0.03676470588235294
35584078,0.04054054054054054
35585028,0.06451612903225806
35608644,0.09615384615384616
35642455,0.00819672131147541
35776223,0.03614457831325301
35810811,0.03508771929824561
35812961,0.047619047619047616
35813632,0.049019607843137254
35813751,0.034482758620689655
35819282,0.13333333333333333
35820687,0.043478260869565216
35821024,0.25
35822363,0.0196078431372549
35826042,0.046511627906976744
35851528,0.0
35858437,0.024390243902439025
35923505,0.07692307692307693
35978172,0.021164021164021163
36139017,0.0
36141258,0.07407407407407407
36242960,0.17647058823529413
36266781,0.0
36330554,0.02666666666666667
36360947,0.0427807486631016
36391069,0.0
36405754,0.05405405405405406
36579371,0.016129032258064516
36593080,0.03636363636363636
36617687,0.023255813953488372
36618830,0.015384615384615385
36652170,0.1111111111111111
36772802,0.0
36792797,0.02127659574468085
36834831,0.11864406779661017
36888456,0.047619047619047616
36921817,0.09090909090909091
37192372,0.034782608695652174
37244197,0.1111111111111111
37306040,0.034334763948497854
37345859,0.041884816753926704
37346630,0.037383177570093455
37346999,0.03763440860215054
37347210,0.03524229074889868
37347465,0.004975124378109453
37347732,0.010582010582010581
37348285,0.023696682464454975
37370190,0.13513513513513514
37408936,0.046632124352331605
37444566,0.05188679245283019
37445494,0.05063291139240506
37450086,0.03773584905660377
37581850,0.03862660944206009
37582997,0.05314009661835749
37651075,0.0625
37694427,0.0
37728897,0.07142857142857142
37733212,0.08333333333333333
37760838,0.07407407407407407
37791878,0.0
37792801,0.04918032786885246
37876323,0.02040816326530612
37976781,0.125
37976841,0.05426356589147287
37977658,0.07692307692307693
37977678,0.0
37977701,1.0
37977737,0.0
37977752,0.0
37977824,0.10606060606060606
37977876,0.1111111111111111
37978314,0.09090909090909091
37992358,0.0
38006820,0.0
38007299,0.0
38083374,0.0
38083427,0.0
38083458,0.0
38083488,0.0
38083517,0.0
38088187,0.02247191011235955
38118051,0.03225806451612903
38270829,0.06666666666666667
38341532,0.09090909090909091
38351841,0.02967359050445104
38473632,0.06565656565656566
38483189,0.018867924528301886
38727191,0.02666666666666667
38737126,0.031055900621118012
38816655,0.023622047244094488
38864059,0.0425531914893617
38871852,0.02666666666666667
38892382,0.07751937984496124
38962582,0.058823529411764705
38963285,0.0
38963376,0.0
39063148,0.16666666666666666
39143921,0.0
39157420,0.07216494845360824
39166465,0.0
39168624,0.0
39172513,0.04487179487179487
39346856,0.07971014492753623
39358911,0.04838709677419355
39378715,0.031007751937984496
39379045,0.0392156862745098
39380689,0.0
39381614,0.0
39401138,0.12
39403539,0.036585365853658534
39409321,0.01694915254237288
39423910,0.06666666666666667
39426504,0.05504587155963303
39426944,0.0379746835443038
39428970,0.0
39429814,0.04477611940298507
39439508,0.0
39462669,0.0
39496821,0.034482758620689655
39498043,0.038461538461538464
39511622,0.04285714285714286
39516233,0.02702702702702703
39522137,0.05063291139240506
39523820,0.05917159763313609
39524157,0.04
39538798,0.029411764705882353
39565705,0.041666666666666664
39566070,0.0196078431372549
39566337,0.025974025974025976
39594976,0.05714285714285714
39623805,0.05263157894736842
39634853,0.11538461538461539
39637334,0.030303030303030304
39637838,0.05405405405405406
39638150,0.01694915254237288
39638416,0.07042253521126761
39638768,0.031746031746031744
39640095,0.019230769230769232
39666721,0.045454545454545456
39680853,0.0
39711074,0.0
39736541,0.06944444444444445
39737113,0.03076923076923077
39758627,0.0625
39864435,0.05128205128205128
39872818,0.022900763358778626
39999663,0.0
40017096,0.15517241379310345
40142156,0.0
40146493,0.09259259259259259
40161986,0.0
40210827,0.014925373134328358
40235139,0.0
40243855,0.0
40287716,0.058823529411764705
40330069,0.07142857142857142
40383857,0.02040816326530612
40435462,0.1111111111111111
40454396,0.14705882352941177
40454467,0.037037037037037035
40456965,0.05185185185185185
40472154,0.022727272727272728
40520418,0.07142857142857142
40540357,0.1111111111111111
40545805,0.05555555555555555
40545898,0.05517241379310345
40546047,0.049891540130151846
40546226,0.02666666666666667
40623530,0.0
40626194,0.0
40688651,0.1111111111111111
40699557,0.015267175572519083
40710555,0.125
40712061,0.0
40719920,0.1125
40725612,0.012195121951219513
40741334,0.0
40759979,0.125
40768674,0.04
40787503,0.030303030303030304
40788129,0.03225806451612903
40791818,0.0
40876586,0.0
40934739,0.07079646017699115
40959874,0.0
41025819,0.033816425120772944
41047983,0.0
41099812,0.01892744479495268
41103155,0.0
41141684,0.08333333333333333
41141967,0.0
41207585,0.018518518518518517
41218789,0.0
41301655,0.025
41305522,0.2222222222222222
41447976,0.038461538461538464
41448819,0.011904761904761904
41451338,0.020689655172413793
41487133,0.0
41500292,0.027777777777777776
41510616,0.0
41598553,0.11842105263157894
41653320,0.0
41845643,0.03488372093023256
41850381,0.05747126436781609
41987332,0.25
41987464,0.05263157894736842
41988301,0.03571428571428571
42025259,0.14285714285714285
42144624,0.18867924528301888
42165035,0.10204081632653061
42198596,0.0
42209914,0.041666666666666664
42243271,0.0
42300382,0.04265402843601896
42320762,0.16666666666666666
42322213,0.25
42322344,0.0
42322478,0.1111111111111111
42461460,0.06666666666666667
42503638,0.0625
42527718,0.08839779005524862
42527950,0.11312217194570136
42528165,0.07065217391304347
42528309,0.058823529411764705
42530293,0.08571428571428572
42575014,0.3333333333333333
42667796,0.13157894736842105
42725277,0.075
42752843,0.014492753623188406
42766333,0.061224489795918366
42905783,0.0625
43002514,0.0
43012864,0.2222222222222222
43080781,0.0
43082358,0.0
43085445,0.0
43102878,0.034482758620689655
43135153,0.25
43136107,0.14285714285714285
43136591,0.2
43136668,0.14285714285714285
43173520,0.0
43233588,0.06
43314389,0.0
43330618,0.11764705882352941
43331656,0.05263157894736842
43455535,0.0
43475850,0.16666666666666666
43492183,0.2
43522223,0.0
43548104,0.0
43570062,0.07142857142857142
43873637,0.0
43916818,0.1111111111111111
43917341,0.0
43975304,0.0
43989236,1.0
44112279,0.15789473684210525
44198986,0.043478260869565216
44201965,0.048672566371681415
44239294,0.08050847457627118
44270933,0.0
44295666,0.0
44368083,0.11764705882352941
44428429,0.017241379310344827
44450894,0.0
44508427,0.0
44510389,0.2
44523614,0.0
44540853,0.0
44578947,0.007751937984496124
44625281,0.022222222222222223
44633620,0.0
44635040,0.08333333333333333
44648164,0.025
44648294,0.02654867256637168
44678842,0.06862745098039216
44761493,0.046296296296296294
45091723,0.024691358024691357
45108410,0.1111111111111111
45129832,0.0
45133788,0.07692307692307693
45147637,0.0
45148175,0.0
45148560,0.0
45148974,0.043478260869565216
45151585,0.0
45319365,0.02564102564102564
45321253,0.0
45321456,0.0
45335235,0.037037037037037035
45336547,0.03125
45338261,0.04040404040404041
45339254,0.0
45387107,0.08
45420598,0.05625
45449438,0.0390625
45556555,0.046153846153846156
45584368,0.0410958904109589
45590120,0.0
45711535,0.043478260869565216
46046231,0.011049723756906077
46076984,0.024691358024691357
46085394,0.017543859649122806
46087863,0.07142857142857142
46218549,0.13333333333333333
46242085,0.024390243902439025
46367120,0.041666666666666664
46424197,0.06060606060606061
46440572,0.0
46455542,0.0
46576104,0.03968253968253968
46589200,0.06666666666666667
46591518,0.02857142857142857
46682193,0.11428571428571428
46698387,0.1044776119402985
46698514,0.125
46699118,0.08571428571428572
46699279,0.08391608391608392
46699339,0.06707317073170732
46699493,0.07929515418502203
46699726,0.0425531914893617
46700482,0.1069182389937107
46700962,0.0783132530120482
46701535,0.10843373493975904
46701867,0.12048192771084337
46702492,0.05223880597014925
46702750,0.0761904761904762
46702947,0.0859375
46717951,0.072992700729927
46743812,0.03896103896103896
46828091,0.13043478260869565
46852523,0.0
46927129,0.07142857142857142
46965777,0.0
46996599,0.0
47026234,0.014285714285714285
47027039,0.0
47027044,0.02857142857142857
47029362,0.07692307692307693
47056106,0.2
47072033,0.0
47102633,0.013245033112582781
47175645,0.0
47243646,0.0
47344681,0.0
47509482,0.13636363636363635
47509486,0.0
47571880,0.024390243902439025
47578638,0.0
47733513,0.05
47807162,0.0
47875395,0.14
47875587,0.02857142857142857
47875814,0.1
47875983,0.03773584905660377
47945642,0.15384615384615385
47948810,0.15
47970655,0.058823529411764705
48028374,0.0
48107393,0.0
48159574,0.053763440860215055
48159726,0.05
48159788,0.013157894736842105
48319728,0.1
48370083,0.03398058252427184
48371707,0.0
48502890,0.2
48535884,0.018867924528301886
48632499,0.043478260869565216
48855237,0.10606060606060606
49139624,0.0
49230329,0.0
49239323,0.16666666666666666
49301296,0.0
49432125,0.014285714285714285
49447773,0.03333333333333333
49473465,0.030303030303030304
49520247,0.05555555555555555
49598081,0.1111111111111111
49598256,0.0
49598534,0.0
49854610,0.08163265306122448
49932015,0.05194805194805195
50317203,0.0
50666432,0.0
50744360,0.0
50819704,0.0
50867256,0.0
50995746,0.0
51332469,0.0
51476471,0.5
51476728,0.0
51476792,0.08823529411764706
51476808,0.06976744186046512
51533485,0.075
51656837,0.02631578947368421
51878214,0.0
51964077,0.0
52097737,0.05263157894736842
52178956,0.2
52181842,0.02857142857142857
52182896,0.03571428571428571
52213935,0.0
52339848,0.24242424242424243
52394784,0.0
52431612,0.0
52436986,0.01282051282051282
52538635,0.14634146341463414
52555354,0.043478260869565216
52780849,0.0
52782806,0.0273972602739726
52800836,0.05555555555555555
52915521,0.18181818181818182
52983240,0.025
53042831,0.08
53043788,0.1
53085562,0.3333333333333333
53266572,0.006896551724137931
53351002,0.08333333333333333
53368573,0.05
53482153,0.0
53619835,0.06666666666666667
53635027,0.18181818181818182
53711559,0.0
53726879,0.012987012987012988
53943067,0.05
53943179,0.0
53943221,0.0
54015309,0.0
54030098,0.10526315789473684
54202164,0.0
54232272,0.05263157894736842
54233586,0.0
54375285,0.0
54375288,0.07692307692307693
543128115053691489,0.041666666666666664
546409692310722784,0.15384615384615385
548127025278703399,0.0
553799356522154464,0.0
558916297882079871,0.0
565335882602857660,0.0
566922573675632024,0.0
583067321148967409,0.11764705882352941
584397169228651241,0.1111111111111111
584965920791848091,0.016129032258064516
584987073519906652,0.10344827586206896
585354074023616622,0.0
585594887046717747,0.0
586049538291581878,0.1
586116150277538889,0.0
588578447165226770,0.0
588587947911203277,0.0
592179386940120956,0.0
595099964731233345,0.09090909090909091
595198913752338079,0.030303030303030304
597355672309763856,0.0
598418091492374057,0.0625
599566144826569048,0.09803921568627451
603149787093760445,0.0
603206616203878856,0.0
603212115285005212,0.11363636363636363
606150273343087319,0.09523809523809523
607392027274830714,0.14285714285714285
607424808505975318,0.0
607988525046664723,0.037037037037037035
608237838734598375,0.0
608479828591172333,0.03571428571428571
611105690830189126,0.0
611112364009512307,0.0
614112087293818612,0.07272727272727272
621345722427642047,0.027522935779816515
632364417150708971,0.12745098039215685
634380548147047814,0.043478260869565216
638931724930557209,0.07142857142857142
640442340503577089,0.14285714285714285
643618390826795095,0.0
644925084925117398,0.04697986577181208
644934431503211688,0.0
644938150695603541,0.10810810810810811
644941598518737548,0.0
644944205779333886,0.0625
645998241288036886,0.0
647410287754877444,0.022727272727272728
648931913187650395,0.07272727272727272
651306881198475509,0.06481481481481481
654214816422260496,0.0
654591559776679355,0.0
659591536555392305,0.06578947368421052
664875548876406535,0.2
665083527323753201,0.0
665557031941994592,0.0
665567846778985309,0.0
666812243213352523,0.0
667964819540426990,0.024390243902439025
669821836622484365,0.043478260869565216
671576731217735153,0.02564102564102564
672106414675200448,0.0
672112171534218626,0.0
672984029031998740,1.0
673041255012263804,0.25
673741797107840347,0.011627906976744186
674176281975643357,0.0
674309469108588722,0.0
674328595364570660,0.0
674330602907373164,0.08333333333333333
674898131989312579,0.0
675066457645566078,0.06666666666666667
675628990624711206,0.0
675629054694787610,0.0
676320769749369627,0.0
676322031131984077,0.0
676323849884029787,0.0
677089535704769382,0.0
679334111960102780,0.1
684278933410633890,0.0
684411735813733700,0.017857142857142856
687122858829855081,0.0
687388475327500363,0.0
687812462523210555,0.0
687948176724953464,0.0
688736936440590337,0.24271844660194175
688828104267139090,0.0
689519982404278943,0.0891089108910891
690955889699049256,0.11428571428571428
693336059359206247,0.36363636363636365
693846133972752412,0.0
694628974140465599,0.0
696162776957066534,0.10526315789473684
701004886049773403,0.058823529411764705
701299807445830146,0.01875
703535284997320425,0.0
703940129692784348,0.0
704686504237754018,0.0
706733785865870510,0.14814814814814814
707799502221059077,0.03571428571428571
708410246517729999,0.0
709252807375274153,0.12037037037037036
710692628032365451,1.0
714165772860776576,0.07547169811320754
714181964391902079,0.13157894736842105
716573734909516629,0.0
720648711829594394,0.0
720708919403928833,0.3333333333333333
725206999412195262,0.03164556962025317
728628894331477688,0.04
728669477726860545,0.057692307692307696
728809105503408048,0.5
729738649274767192,0.030303030303030304
730031944070418305,0.0
731045483898367390,0.07058823529411765
732595649644410995,0.01935483870967742
733226904110272005,0.041666666666666664
733247867908789979,0.05
734263669066060119,0.0
735835299360389967,0.5
736451049728886446,0.0
736451423462230070,0.0
736458047105464778,0.06666666666666667
736642473925984409,0.23076923076923078
736903343908082911,0.0
737614403705512093,0.009900990099009901
738100326869925778,0.0
738253037476770287,0.07142857142857142
738322392665808067,0.1
739062412391250822,0.041666666666666664
739071795983218359,0.03636363636363636
739570691118054429,0.05714285714285714
739589574212136324,0.0
739936810328546480,0.05
740935647780263155,0.0
741149666843325702,0.07692307692307693
741809503811848852,0.03225806451612903
741809940172685821,0.03636363636363636
741880528886192933,0.0
743784367497322818,0.0
745359115520936637,0.0594059405940594
748094713283522579,0.0
749590556360903474,0.05263157894736842
750294634491883836,0.03636363636363636
751642254831898888,0.010752688172043012
751874717462268115,0.05
752427983531071380,0.09090909090909091
753222264412770539,0.0379746835443038
753544112614904465,0.09090909090909091
754867452031803364,0.01282051282051282
755660728518343819,0.0625
756425164005312346,0.07874015748031496
756439713557357649,0.05434782608695652
756689464654399853,0.030612244897959183
758892129868375449,0.032467532467532464
759688795816179015,0.07142857142857142
760759839898653021,0.02702702702702703
764170415665769475,0.11666666666666667
764417656396759697,0.09615384615384616
765114905464957816,0.0
765666159430378740,0.0
765686828534709613,0.08620689655172414
766872738189259095,0.0
766997271105978860,0.017964071856287425
767050547962981801,0.019230769230769232
767223287445273719,0.07936507936507936
767492888534656403,0.0
767742249471356609,0.05263157894736842
769133197471562323,0.05
769673495535141331,0.041666666666666664
770886565703934947,0.0
771196314247138835,0.03225806451612903
771502318386243187,0.08571428571428572
771517637780134777,0.125
771997547745183083,0.02564102564102564
772922018421214988,0.04020100502512563
774156088516388979,0.05405405405405406
774303345719257571,0.0
775050861943708893,0.16666666666666666
775203954681206261,0.0390625
775597173120420984,0.06382978723404255
776029613768329621,0.0
776321632106607811,0.0
776452042446940789,0.013824884792626729
777228764749161343,0.125
777240168017089408,0.25
777509340887136606,0.3333333333333333
778019075827523058,0.1
778083588407911598,0.1875
778109580982919379,0.09090909090909091
778124703439027267,0.0
778792739844731031,0.06153846153846154
778955991202345096,0.25
780171287519992155,0.043478260869565216
780198302197523711,0.04
780654284784791005,0.0
781341240511319988,0.0
781362282203023655,0.14285714285714285
781405547047326467,0.045454545454545456
782179832792554982,0.03225806451612903
782192266563228426,0.1111111111111111
782834602027039637,0.0
782843055516027102,0.0
782855869203493023,0.125
782867105307124390,0.0
782879938531342796,0.0
783035745230513649,0.045112781954887216
783146856966972334,0.01639344262295082
783791239819191228,0.0
783802583703061848,0.10526315789473684
785219826851874003,0.05555555555555555
785235612376331117,0.08108108108108109
785866625104220150,0.18333333333333332
786622837629714376,0.0847457627118644
787233719654792282,0.07142857142857142
787521294207739693,0.0
787671960354198720,0.2
788293621543254447,0.06060606060606061
788314023347122848,0.05
788414928054130299,0.07142857142857142
788791221922560465,0.0625
789110893336073299,0.02
790154502040960995,0.05555555555555555
790291847531225062,0.0
790340163038869139,0.25
790769972851552031,0.0
790793603396695603,0.0
791106459766666709,0.0
791110453227217621,0.0
791122834220509286,0.3333333333333333
791130103289817480,0.0392156862745098
791201957047535610,0.0
792641998280852003,0.021897810218978103
793093597088024881,0.0
793219238971341589,0.08490566037735849
793741624098543387,0.05263157894736842
793770653645558051,0.015384615384615385
793784570034753335,0.038461538461538464
793816111606658851,0.0
794039486287167788,0.05555555555555555
794173792562785337,0.03875968992248062
796305572417883094,0.029411764705882353
796964462058433996,0.0
797658103362169479,0.028368794326241134
797707006089923234,0.25
799007721300681917,0.15789473684210525
799090425284222438,0.02127659574468085
799589928925338005,0.0234375
799761664847159156,0.0
799768861441566185,0.012195121951219513
800568471384596881,0.0
800593816791970684,0.2
800622266866160165,0.3333333333333333
800627125062437142,0.25
802550803541818906,0.047619047619047616
803080252890905011,0.0
804189013554564996,0.0
804444410502787267,0.0
804705062997872720,0.029850746268656716
805301484553952723,0.019230769230769232
806186664722906871,0.06896551724137931
807351534870112863,0.03424657534246575
807444655096061281,0.0
807799272978453601,0.0
807814621723862517,0.0
808236818177427659,0.0
808283336112502848,0.013071895424836602
808660626616995904,0.013888888888888888
809734614498400370,0.0625
810370156712320665,0.0
810389003262735639,0.031007751937984496
811842894648939585,0.0
811968958591129186,0.04316546762589928
812294143218625814,0.03546099290780142
814807307792115826,0.1111111111111111
815504973316354649,0.0
815834228711518727,0.015748031496062992
816591171475699517,0.03875968992248062
816932034070944042,0.0
817031122478771573,0.10810810810810811
817738023098587222,0.0
817859538216529455,0.0
818046103147515103,0.031746031746031744
818409481744980746,0.07407407407407407
818562774645646186,0.019230769230769232
818751900169255700,0.056338028169014086
819978634019150176,0.0
820590905603889537,0.04487179487179487
820674518251043070,0.0
821330309358422819,0.026845637583892617
822233060439308928,0.05555555555555555
822368167378149307,0.0
822368684647628774,0.0
822497992949608003,0.05357142857142857
822977762995914952,0.037037037037037035
823791988635058949,0.06593406593406594
823892157133735447,0.15789473684210525
825732849610679467,0.08571428571428572
825927517102301337,0.0
825933203087857473,0.0
825984882549752240,0.047619047619047616
826731741034801702,0.08333333333333333
827839812109065445,0.01818181818181818
827865275903111186,0.010526315789473684
830096647457842088,0.0
830184796011091847,0.125
830640755491360484,0.09523809523809523
830760856800710254,0.03225806451612903
831074071872726927,0.2
831175344019526348,0.09090909090909091
831187601077066892,0.0
831198418309571828,0.0
831227729496951478,0.06666666666666667
832277255092344958,0.25
833026327352911328,0.02127659574468085
833122040995005647,0.1282051282051282
833758831806817991,0.0375
833948905683235085,0.0
834224447168458467,0.015625
835207271151392549,0.0
836045630406959183,0.08695652173913043
836458338856844735,0.25
836458343968935792,0.0
836555248212842252,0.018518518518518517
837382965313600549,0.0196078431372549
837460734445812789,0.021739130434782608
837595604546676034,0.04285714285714286
838149944081256120,0.0
838854277148623869,0.25
839732520562468136,0.034782608695652174
840328829630100239,0.03333333333333333
840469656001077751,0.06097560975609756
840742132427076238,0.07142857142857142
841113545245406088,0.08695652173913043
841633725869447873,0.07142857142857142
841653173546983658,0.0
841743573732404992,0.21739130434782608
842480226463559009,0.0
842674424818904334,0.02512562814070352
843031860935716096,0.13793103448275862
843037717337314323,0.09375
843912797172852672,0.06818181818181818
844086460212558447,0.043478260869565216
844773827374109519,0.0
845029327225401795,0.0
846112557784786546,0.0
846336997821396672,0.0
846631479995666079,0.0
846688247166668116,0.0
846743245664276546,0.16666666666666666
846971222642583051,0.0
846976805127720781,0.0
847350386467245337,0.0
847417528333279290,0.0
847422785443414483,0.0
847430072743293787,0.0
847467217800081643,0.0
847536193583946722,0.0
847770363837429293,0.0
848167637040480211,0.0
848272446425378808,0.0
848336782246526620,0.14285714285714285
848746377117630450,0.0
848888282698024992,1.0
848904976705486072,0.0
849037419519892431,0.0
849092984779951736,0.06201550387596899
849125150374328884,0.10869565217391304
849722004308227411,0.0
850460131347955912,0.0
850491953666122174,0.06097560975609756
850609834062625952,0.0
851126048791597115,0.08333333333333333
851196323192342980,0.047619047619047616
851197564640438176,0.03896103896103896
851295985954814156,0.0
851391408577324998,0.08333333333333333
852761915848741718,0.012048192771084338
853206766512168623,0.0
854258461809014830,0.06134969325153374
854691810709958585,0.03225806451612903
854896424840372203,0.03529411764705882
854995219049032141,0.0
855227467991490417,0.0
855615137042439261,0.0
856158393636596010,0.044444444444444446
856254551051622033,0.0
856270654911840712,0.045454545454545456
856275433320848565,0.08333333333333333
856376392959375658,0.017857142857142856
856855202516285282,0.3333333333333333
857441559647106545,0.06666666666666667
857589251390948690,0.05263157894736842
857592834369625400,0.0
857616372547407484,0.017543859649122806
857616376592393945,0.05555555555555555
857616380618982745,0.030927835051546393
857616384728237758,0.03636363636363636
857616388408834717,0.02127659574468085
857869225674963566,0.08433734939759036
858368276947191163,0.10344827586206896
858956218793639843,0.16666666666666666
859166292796885643,0.16666666666666666
859405688257653974,0.027972027972027972
859682599543295746,0.04032258064516129
860578063306879586,0.0
860778600877754458,0.031914893617021274
861459698065246900,0.040229885057471264
861947185223352436,0.09649122807017543
862000257827258086,0.16666666666666666
862010998539605604,0.10344827586206896
862020759495903945,0.3333333333333333
862664690187933014,0.08
862868656072104958,0.0
862872706245820539,0.06748466257668712
863050690084894211,0.1
863106660151798893,0.2
863388038124424071,0.0
863422388428606117,0.10344827586206896
863468921773993520,0.02040816326530612
863504586146318331,0.05714285714285714
863557754101501454,0.06666666666666667
863992372183306401,0.07792207792207792
864130098076579291,0.05263157894736842
864165435549128685,0.04838709677419355
864373578973980361,0.01694915254237288
865593454711782334,0.3333333333333333
865701547632069272,0.1
865791735934449229,0.07142857142857142
865796034989937990,0.05405405405405406
866280503868761222,0.25
866311865316211919,0.0
866510774507460891,0.0
866570005551539653,0.0
866977128625278439,0.13043478260869565
867198890420314116,0.009523809523809525
867221816342771141,0.04
867240730429053963,0.03571428571428571
867618196752415885,0.0
867811806955488099,0.11320754716981132
867832863114244942,0.0821917808219178
868356645364024593,0.05555555555555555
868380461918409249,1.0
868442675479826782,0.07563025210084033
868478288066317207,0.2
869065856699125188,0.038461538461538464
869210360662209586,0.0
869213641243447639,0.09090909090909091
870461669589508072,0.06593406593406594
870697650512513120,0.5
870909586530759660,0.04040404040404041
870910972952537311,0.11764705882352941
870921485206263676,0.08849557522123894
871865203159264043,0.0
871877848588290646,0.0
872143713134769331,0.011904761904761904
872457415943677578,0.039603960396039604
873046747151304221,0.06666666666666667
873739619597268278,0.2
873835189327800311,0.16666666666666666
874157758315751847,0.018691588785046728
874878064229378880,0.0
875170060728775967,0.0
875347107170932317,0.0
875355910782035906,0.056074766355140186
875594311736773939,0.07894736842105263
875603954548240363,0.057692307692307696
876535386260071645,0.05714285714285714
876606570799050635,0.046153846153846156
876821418367671236,0.07317073170731707
877108248896005381,0.045454545454545456
877261998806381191,0.0472972972972973
877309152275119599,0.07017543859649122
877346524664925592,0.0
877821569854596323,0.0
877968616771705738,0.0
877997520148434316,0.047619047619047616
878123256674101279,0.0
878719847815814182,1.0
878751713559989709,0.03067484662576687
878827622041491430,0.0
878879549849328438,0.022988505747126436
879378797430883334,0.0
880054435135090381,0.0
880207387376546640,0.14814814814814814
880416627712568693,0.038461538461538464
880838706371749308,0.047619047619047616
880953643193168153,0.08
881636059959111429,0.0
881695487748043446,0.0
882246631174940828,0.11764705882352941
882256539208959778,0.17567567567567569
882271233960815034,0.06666666666666667
882951416842925418,0.03278688524590164
883665806653906430,0.02702702702702703
883709562038530781,0.019801980198019802
883778179166695887,0.0
884305142367954652,0.0
884465314928642671,0.10526315789473684
884473698468909190,0.19607843137254902
885063497087900878,0.04040404040404041
885066484418801744,0.018691588785046728
885069556626862269,0.039603960396039604
885114025053757760,0.08
885261234475194123,0.037037037037037035
885918476168948005,0.19230769230769232
886076352299778571,0.0
886531086249368403,0.014084507042253521
886595904110411162,0.0
886597628683971992,0.07692307692307693
886846448396724646,0.0761904761904762
886920211711377402,0.0
886953475433750828,0.12307692307692308
887553815683239849,0.04
887566213910413015,0.05555555555555555
888364563536107315,0.13636363636363635
888407792697419526,0.05154639175257732
888844392256502039,0.1
888848360089187632,0.027777777777777776
888902223915557756,0.06818181818181818
889026354593382937,0.022222222222222223
890293997415303401,0.02127659574468085
890474451583002817,0.0
891010552342740939,0.1111111111111111
891039173042582175,0.043478260869565216
891768711511261139,0.0
891775807575719314,0.017543859649122806
891786309660977474,0.0
891970192799388418,0.0
891994489322355969,0.25
892045639818491703,0.06722689075630252
892414096851600861,0.03669724770642202
892504815320708661,0.05555555555555555
892530968113443638,0.022900763358778626
892531282736167270,0.06
892678758248278288,0.043010752688172046
893146919676525885,0.045454545454545456
893366469113921783,0.0
893865329641749306,0.034482758620689655
893869904057323315,0.0
894073327144157828,0.047619047619047616
894127328398980924,0.10526315789473684
894133522359798033,0.043478260869565216
894137245264947798,0.05714285714285714
894590786552738349,0.0
894643008754362134,0.027777777777777776
894691722688510819,0.050505050505050504
894905629501664435,0.0
895235743791816021,0.125
895486770909642084,0.09722222222222222
895564653944453106,0.06796116504854369
895587837597427233,0.0
895847349975664729,0.03676470588235294
897391699074953884,0.03076923076923077
898023935109466417,0.0
898500374809807457,0.0
898569434496683059,0.0
898706311661556134,0.0
898877506085938037,0.11594202898550725
898901782539596769,0.0
899043639539168031,0.0
899097488600165611,0.0
899102651235050902,0.0
899168783309762744,0.06593406593406594
899191362824019966,0.0
899652004408126264,0.07142857142857142
899659583284548713,0.0
899911828441074253,0.013157894736842105
900348227913757449,0.0
900450895826025252,0.041666666666666664
900982805790523193,0.017964071856287425
902000785193572639,0.2777777777777778
902587772530544863,0.043478260869565216
902602739482681065,0.05194805194805195
902623363572529025,0.047619047619047616
902623715860445832,0.1276595744680851
902628421138168160,0.0
902645863513871220,0.375
902722372882319613,0.12
902755905295109719,0.032467532467532464
902767524283426911,0.058823529411764705
902902084635686106,0.053763440860215055
902903100929880426,0.05154639175257732
903127284776667470,0.13414634146341464
903259162848642042,0.125
903302485988570238,0.02631578947368421
903480085191248022,0.05263157894736842
903639277064394882,0.06422018348623854
903952095477755422,0.0
904026688315931746,0.03409090909090909
904053767941123318,0.12
904103825231098906,0.0
904222802956553796,0.0
904265004059267048,0.05434782608695652
904677218513875520,0.020618556701030927
904806194308153906,0.07894736842105263
904964393635184044,0.0
905503721565462688,0.041666666666666664
905550614727092831,0.05063291139240506
905593286536854555,0.014705882352941176
905605983611822824,0.0196078431372549
907498032332835939,0.01020408163265306
907513210444899182,0.0
908207491928320671,0.0
909111677186797564,0.05555555555555555
909444390450659565,0.016129032258064516
909705761384538452,0.0196078431372549
910054565873484864,0.0
911315797800647176,0.0
911344141849720310,0.07894736842105263
912690145259224990,1.0
912743466137776087,0.1
912859569900622254,0.02631578947368421
913745315137688960,0.0
914262059580346106,0.05970149253731343
914297258526572784,0.005847953216374269
914798790063539563,0.0
914874460132082126,0.013157894736842105
915071410175081970,0.12790697674418605
916701586661050208,0.07692307692307693
917161009032015065,0.03333333333333333
917358763423807284,0.0851063829787234
917397004283969046,0.04878048780487805
918184727664684607,0.0
918313950722504072,0.0
918399349266578632,0.047619047619047616
918563163592475882,0.09090909090909091
918729209161867930,0.03125
918767455277341358,0.0
918837327382771550,0.05357142857142857
918843779217261570,0.03125
919560026854189197,0.03225806451612903
919579979966705196,0.08196721311475409
919594426465509504,0.11363636363636363
919906088779013962,0.08661417322834646
920830686185067242,0.07407407407407407
921386665297426102,0.029411764705882353
921465023686052669,0.05
922140368590046982,0.046875
922236823600766622,0.12727272727272726
922453021380974840,0.030303030303030304
924299077684350660,0.0
924501560240370607,0.034482758620689655
924904317045916919,0.0
924910597700499616,0.0
925105158339077276,0.037037037037037035
925722812381259994,0.0
926057143770486714,0.2222222222222222
926341057043792844,0.0189873417721519
926355630717930060,0.057692307692307696
926467617876631214,0.10810810810810811
926511623762245360,0.02197802197802198
926516630410758756,0.022222222222222223
926636200156137211,0.041666666666666664
926751290763488662,0.18181818181818182
927299940589274953,0.0
927502990804131142,0.04597701149425287
927664848482256765,0.17647058823529413
927825367843614642,0.0
927920430786111193,0.16666666666666666
928060094648452535,0.125
929476315067481218,0.1048951048951049
929600426483879714,0.03571428571428571
930319058114336316,0.08695652173913043
930867604942991225,0.0
931050694548504201,0.020618556701030927
931541062888884181,0.0
931628980694094424,0.0
932323219108190418,0.09722222222222222
932341188700094052,0.0
932377772688880148,0.0
932530025864330666,0.02877697841726619
933043478838319339,0.25
933060188478545805,0.0
933439803371682687,0.0625
933671867452918515,0.0
933912436919806984,0.031055900621118012
934456645398256970,0.05172413793103448
934523332681476977,0.1111111111111111
934699431014975597,0.0
935019977376374116,0.2857142857142857
935119989307352615,0.0
935147530957063080,0.050505050505050504
935480596905669691,0.02040816326530612
935486043230676880,0.07894736842105263
935487824161566102,0.01098901098901099
935762911172534277,0.0
936072971000282277,0.022058823529411766
936579687892481767,0.0
936579697790350707,0.4
937422681201823205,0.0
937567432902597908,0.0
937610037102570511,0.01092896174863388
938072647698899854,0.011904761904761904
938131750761320209,0.0
938249089305985887,0.0
938259013083040171,0.05405405405405406
938310579447246850,0.0
938318777772448534,0.11475409836065574
938963700856790265,0.058823529411764705
938980161030273634,0.0234375
939137601852612499,0.05660377358490566
939418152410410046,0.037037037037037035
939528430089956361,0.02857142857142857
940122923352824697,0.14285714285714285
940142651428634009,0.04395604395604396
940199017736750823,0.0
940253941048211897,0.0
940457805073174051,0.05172413793103448
940486327348920442,0.0
940716162826618702,0.0392156862745098
941074552341541123,0.08791208791208792
941619876305459607,0.02857142857142857
941649651874264259,0.05128205128205128
941690682039506577,0.1111111111111111
941769468734169853,0.02564102564102564
941827238568476753,0.0
941842732108097163,0.02857142857142857
941885505615305732,0.030303030303030304
941894329371283257,0.09375
941916641474916334,0.16
941934634386267834,0.030303030303030304
942154028962873695,0.0
942246111392560771,0.038834951456310676
942269733700371721,0.06666666666666667
942658912734003450,0.0425531914893617
943471368141557845,0.009433962264150943
943663509873623074,0.0
944059133338717467,0.0
944490798474124575,0.031746031746031744
945177969312159803,0.013888888888888888
945614851153280599,0.022857142857142857
947048011837833983,0.022222222222222223
947419509809418322,0.013888888888888888
947649246755044693,0.08823529411764706
947663270415776250,0.027777777777777776
948964955880487874,0.0
949245601354578116,0.0782608695652174
949264396095831091,0.03418803418803419
949631536058547619,0.05405405405405406
949682337242838340,0.0
949691204442639809,0.0
949726301056818041,0.045454545454545456
950467067435888249,0.02631578947368421
950496676845525960,0.043478260869565216
951346217354960765,0.0375
951891391169084223,0.0
952363811281854258,0.0
952883898392814488,0.014184397163120567
952915475563639947,0.018633540372670808
953279954843429758,0.03571428571428571
953324631039181935,0.0
953352445543034028,0.017699115044247787
953357822482001617,0.15789473684210525
953365910316301756,0.041666666666666664
953621537965403626,0.026785714285714284
954248929898514237,0.0898876404494382
954260602833884819,0.0
954703110273312634,0.0
955651692143927322,0.07017543859649122
955707490931741496,0.0297029702970297
956181997996763373,0.03571428571428571
956214865072227582,0.036036036036036036
956230092492974762,0.038461538461538464
956246144952957129,0.11904761904761904
957104285010490068,0.022988505747126436
957194059389080785,0.056962025316455694
957416316141090596,0.08695652173913043
957558618360086515,0.038461538461538464
957592578065764874,0.1111111111111111
957749678163169834,0.025423728813559324
958026683550567813,0.07692307692307693
958717554146192971,0.045454545454545456
959142524465128196,0.04285714285714286
959818104071857840,0.017857142857142856
959955553780429813,0.0
960828314910328279,0.023809523809523808
960838114569160096,0.03488372093023256
961488632640228604,0.0
961610728171463900,0.0
963013428906194127,0.037037037037037035
963619029613526074,0.01020408163265306
964279052667151186,0.027777777777777776
964770122339310475,0.0
964960032258089936,0.02857142857142857
965580501232906325,0.16455696202531644
966494641041889721,0.02857142857142857
966608829749158757,0.043478260869565216
966624362805243130,0.030303030303030304
967396108804077964,0.07368421052631578
967750328135444708,0.0
967963390936448068,0.05405405405405406
968041139903058926,0.3333333333333333
969342052845830337,0.1
969756552427884797,1.0
970053352854140091,0.0
970187675517732846,0.0
970564271109436452,0.07042253521126761
970772628644159244,0.013245033112582781
970907129656264590,0.013888888888888888
971418647146605129,0.04
972095119370840179,0.034482758620689655
972129153462784995,0.014285714285714285
972170771664699212,0.03278688524590164
972226062796077736,0.05660377358490566
972237128090749894,0.034482758620689655
972249748780686255,0.0
972339644743678158,0.009259259259259259
972698136742622739,0.0
972765780713566585,0.0
972802213929092230,0.02531645569620253
972818636425730081,0.041666666666666664
972872970193918872,0.08771929824561403
972968553456394944,0.04950495049504951
973103245827455630,0.0
973493508207497475,0.0
973586514600846144,0.08620689655172414
973619293263300611,0.0
973638432912446498,0.0
973649267917150744,0.0
973788300822513012,0.058823529411764705
973853962042583754,0.014705882352941176
974141813093389843,0.11904761904761904
974539806123356513,0.04081632653061224
974944739614851135,0.2857142857142857
974953211216896407,0.08108108108108109
975197758539345125,0.017857142857142856
975200798881709715,0.05555555555555555
975214734902641296,0.10344827586206896
976663083938173624,0.1875
976738782757709481,0.0
977340428901420280,0.13636363636363635
977598002170072217,0.10256410256410256
977964047103118994,0.06060606060606061
978009822711511515,0.047619047619047616
978495248609707670,0.0
978520817216565911,0.0
978522568115034398,0.08823529411764706
978690523469561478,0.0
978698332139764692,0.25
978698415015704986,0.1
978859756973288891,0.0
978897767807206549,0.35
978902968309539353,0.0
978905823174746209,0.0
978969514353517480,0.03546099290780142
979307246287078291,0.058823529411764705
979624056374097471,0.0
979627103570523787,0.0
979630579876656919,0.1111111111111111
980054553035055632,0.039647577092511016
980145702903490978,0.047619047619047616
980164260228276246,0.0
980173774345205706,0.125
980188284735662063,0.0
980193077889068844,0.0
980265839302121700,0.0
980268208990264753,0.16666666666666666
980273319988726584,0.0
980371690201504711,0.061224489795918366
980589756819959448,0.0
980931626362283015,0.058823529411764705
981453929745885070,0.0
981526648646688434,0.1111111111111111
981649105491101973,0.10869565217391304
981823968535015045,0.0
981927957185297263,0.0
983073895297856845,0.0
983532986319936586,0.038461538461538464
983626893056327416,0.125
984094558963923271,0.0
984104337621808890,0.07142857142857142
984658360659955011,0.2222222222222222
984709009301538223,0.08333333333333333
984837120726743737,0.0851063829787234
985079317040024987,0.11538461538461539
985107062884252717,0.027777777777777776
985117137374884196,0.027777777777777776
985193212951175784,0.014705882352941176
985221912955038619,0.022222222222222223
985355312324438249,0.020689655172413793
985403199024508186,0.0125
985745707501545953,0.0
985767126773361862,0.058823529411764705
985846910945605386,0.18181818181818182
986478133415395310,0.06666666666666667
986635683922032895,0.0625
986703176325719638,0.014084507042253521
986814400812804284,0.034482758620689655
986874590990744912,0.10112359550561797
987272697028921167,0.03333333333333333
988373289520573243,0.1111111111111111
988400172329889628,0.0
988835011020398008,0.021739130434782608
988947511018580346,0.0639269406392694
989167292540335595,0.05555555555555555
989596693470995018,0.2
990102083720496721,0.0
990195848882969694,0.0
990369347797131216,0.023809523809523808
990565569140981821,0.020833333333333332
990986273595034061,0.25
991533091753017178,0.0
991534190072236856,0.0
991701262352030276,0.10526315789473684
991706538707348738,0.05555555555555555
991709061630546347,0.08
991711794626349143,0.11428571428571428
991793201329019692,0.08888888888888889
992038957609989393,0.0684931506849315
992601568389672823,0.08333333333333333
992678716612844291,0.034482758620689655
993436715128600518,0.0
993902361265253036,0.07142857142857142
994628678513941652,0.024390243902439025
994739334454277769,0.16666666666666666
994756147294303278,0.0
994782541405370426,0.0
995180102551638814,0.0
995639527707544606,0.07692307692307693
995747420116360068,0.04838709677419355
996140822575146404,0.07317073170731707
996395792051561495,0.06666666666666667
996798277377168168,0.0
996832683674488874,0.0
998188888349103925,0.07258064516129033
998985290853647144,0.18333333333333332
1001311525435062806,0.5
1001729145765607109,0.0
1002605811167073412,0.0
1002633741276039635,0.0
1002690301316539906,0.028169014084507043
1002776053066536133,0.013422818791946308
1003434989566309047,0.018518518518518517
1003620729535045332,0.021739130434782608
1003632814436983180,0.1016949152542373
1003856312893389347,0.0392156862745098
1004037540986591064,0.031914893617021274
1004834224390251624,0.07142857142857142
1004989405092665404,0.016129032258064516
1005484683216593285,0.0
1005721888761545215,0.0
1005724804763840331,0.0
1005821799582461312,0.018691588785046728
1006268305336635242,0.0
1006286912957770613,0.07692307692307693
1006681105161617042,0.05357142857142857
1007968374838862276,0.014925373134328358
1008224938812921570,0.0
1008546413309746273,0.0
1008596341053918220,0.07894736842105263
1008676359377059102,0.08333333333333333
1008982570199654785,0.1
1009080717280638585,0.0
1009711914231502906,0.0
1009841819435267208,0.10526315789473684
1010084457952260072,0.04918032786885246
1010394993611420046,0.02857142857142857
1011370804887081447,0.2857142857142857
1011398074243746599,0.0
1011429204576275071,0.05263157894736842
1011443230669790507,0.0
1011617612667516206,0.0
1011981049013630388,0.15384615384615385
1012064971585321822,0.0
1012716780695871080,0.01932367149758454
1012783072523130365,0.2857142857142857
1013298954514014357,0.0
1013448105348526028,0.0
1013482100151360829,0.1111111111111111
1013509217214411757,0.03333333333333333
1013614101206809274,0.0
1014129224746048528,0.045454545454545456
1014173767856812126,0.038461538461538464
1014211319496325932,0.11904761904761904
1014213573900836315,0.0
1014231999795572856,0.0
1014233238052684186,0.0
1014886883536741524,0.0
1014984998139010807,0.06666666666666667
1015674314218419930,0.07692307692307693
1015841238556042519,0.06153846153846154
1015879296984047476,0.088
1015925132668303279,0.11764705882352941
1016245287188450357,0.05405405405405406
1016251033539948404,0.1111111111111111
1016252696217945922,0.0
1016252792676157274,0.0
1016259311812876558,0.0
1016539142755808205,0.15294117647058825
1016597320406452742,0.10476190476190476
1017077534467425283,0.09433962264150944
1017303464683386024,0.05785123966942149
1017770900024718342,0.0
1018017310177915376,0.0
1018148385394811512,0.050505050505050504
1018647325752135773,0.04375
1018736001440349796,0.04132231404958678
1019146227622109995,0.2
1019232554153182805,0.0
1019462902959538841,0.0
1020729078657092653,0.2
1020790471744352684,0.125
1020812381688310482,0.1
1020834431798752701,0.3333333333333333
1020923173658724756,0.03225806451612903
1021359185541922179,0.023809523809523808
1021450200852935217,0.06896551724137931
1021513123839684597,0.125
1021518823466328888,0.0
1021913991728315814,0.3333333333333333
1022063323655728987,0.0
1022721991523212681,0.05660377358490566
1022945022814737657,0.04597701149425287
1023203910577826791,0.0
1023474288819585404,0.022222222222222223
1023485795378328007,0.16666666666666666
1023715725582993439,0.011904761904761904
1023767256955799657,0.03571428571428571
1024200207782193915,0.01764705882352941
1024219856684082042,0.0
1024264218513104076,0.0
1024973964838671726,0.034482758620689655
1025005515169940980,0.023809523809523808
1025094486990265825,0.030927835051546393
1025789923512555667,0.0
1025796593864500313,0.017241379310344827
1026069434708026118,0.0
1026647732664754342,0.08333333333333333
1026917892510064298,0.05263157894736842
1028084782685740069,0.0
1028198863415615228,0.02702702702702703
1028508419522998768,0.0273224043715847
1028699118337531717,0.0
1028710218489433915,0.1
1028719070335630064,0.05263157894736842
1028729020014107246,0.0
1028849355551030661,0.05555555555555555
1028969886712528678,0.027777777777777776
1029399936145868763,0.18181818181818182
1029534344900098508,0.13043478260869565
1029545680808325711,0.13513513513513514
1029659950508046718,0.05
1029969643717182655,0.0
1030137931339018933,0.021052631578947368
1030142292519751315,0.034482758620689655
1030152034405903179,0.0
1030165009776184983,0.0
1030193589336798529,0.09090909090909091
1030211844599582299,0.025210084033613446
1030262716069332692,0.037037037037037035
1030268170606727352,0.037037037037037035
1030329344215015926,0.047619047619047616
1030338103974032531,0.10416666666666667
1030724954910495942,0.0
1030945918461796529,0.11538461538461539
1030982187278825708,0.08641975308641975
1031059021248628518,0.0
1031064123715695270,0.0
1031085564073312222,0.0
1031171130469318152,0.015384615384615385
1031252524271879434,0.03076923076923077
1031775889614993351,0.13559322033898305
1032504081733276323,0.1
1033072507144868006,0.25
1033622014339287431,0.02127659574468085
1033756956036136217,0.16666666666666666
1033760602885012863,0.3333333333333333
1033763891740841357,0.0
1034324587126291219,0.055944055944055944
1034332869505020485,0.0364963503649635
1034607254171015096,0.09090909090909091
1035035276492263871,0.09090909090909091
1035900573552167946,0.029411764705882353
1036148087679093039,0.02857142857142857
1036682584585807398,0.0
1036808450747332298,0.023255813953488372
1036953570800866913,0.02631578947368421
1037648424556356515,0.05333333333333334
1037659446498343785,0.06666666666666667
1038284635971264000,0.07462686567164178
1038582745475718497,0.0
1039651183453950187,0.0
1040137842090240648,0.05
1040339067709709433,0.014492753623188406
1040560420042082748,0.0
1040834223147028818,0.05263157894736842
1040937041985538041,0.0
1041232487629103501,0.043478260869565216
1041249311451412825,0.046511627906976744
1041675522590314537,0.075
1041675768259435493,0.06557377049180328
1041760514130925527,0.1111111111111111
1041777795379966755,0.09375
1041804335192716770,0.032520325203252036
1041930172008549643,0.1111111111111111
1043003104189361453,0.027586206896551724
1044000076516011962,0.0
1044560707858479939,0.10526315789473684
1044564379535615503,0.037037037037037035
1044573470617117132,0.0
1044577331359218994,0.0
1045475019126559671,0.046153846153846156
1046156638610608421,0.0
1046767316219764965,0.0
1046785272633036244,0.045454545454545456
1046785821170126981,0.11538461538461539
1046871414355726401,0.1724137931034483
1047532627208704603,0.045454545454545456
1048508424758462163,0.0
1048829107746902951,0.030927835051546393
1049053718439414271,0.0
1050297598561709145,0.11290322580645161
1050356446213317733,0.10810810810810811
1050438075237693745,0.0
1050443260789181478,0.0
1050449343860915961,0.0
1050455907556722610,0.0
1050497891024221611,0.0
1050592875199089980,0.056818181818181816
1050600708721709173,0.07954545454545454
1050620261634011189,0.03125
1050638248752710375,0.024096385542168676
1050656930208179260,0.010752688172043012
1050701025301029594,0.0
1051057647509200277,0.06060606060606061
1051063855566202669,0.0
1051127322410455570,0.0
1051272692636723348,0.05333333333333334
1051441569633767724,0.0
1051576479357652547,0.020202020202020204
1051654556839568766,0.0
1051783607628385880,0.04081632653061224
1051801422496193243,0.0
1051856919141115344,0.1839080459770115
1052032243311522725,0.013888888888888888
1052048104313320362,0.00980392156862745
1052082377217952767,0.12
1052084434367148159,0.034482758620689655
1052252314631663566,0.0
1052381500287623162,0.045454545454545456
1052530077783495299,0.08163265306122448
1052912958271383612,0.07407407407407407
1053177623405711093,0.08108108108108109
1053351629730509152,0.043478260869565216
1053359446108790383,0.0
1053377424317239923,0.012345679012345678
1053538038990110742,0.014705882352941176
1053601251929164116,0.07692307692307693
1054582121378216366,0.02857142857142857
1054705441550381946,0.0
1054815313019317445,0.04054054054054054
1054831852152740353,0.0
1054834407210946032,0.0
1054838920511045916,0.3333333333333333
1054839732025797959,0.0
1055325209873503260,0.0
1055395021169506332,0.0
1055432352490262424,0.0
1055471764115481541,0.0975609756097561
1055723859560827675,0.015873015873015872
1055742232681977002,0.06382978723404255
1056152845093200253,0.08536585365853659
1056239488908081735,0.019801980198019802
1056381275530428968,0.0
1056437338102851770,0.05263157894736842
1056456995163630426,0.0425531914893617
1056492046104692062,0.028169014084507043
1056505315334017683,0.0
1056918457170463411,0.0
1057081602128421075,0.3333333333333333
1057281349360841500,0.23076923076923078
1057482999175382032,0.044585987261146494
1057519438669939029,0.06666666666666667
1057583382864322455,0.06666666666666667
1057596715467522258,0.07692307692307693
1057750351170021668,0.0625
1057915438571614072,0.008620689655172414
1059090526139648698,0.0
1059434155818203921,0.045454545454545456
1060851710437391793,0.018018018018018018
1061599504463340804,0.05128205128205128
1061622119845673206,0.047619047619047616
1062017076652158218,0.02654867256637168
1062155470019522546,0.0
1062641429332645221,0.0
1063352825995786495,0.03571428571428571
1063354391370580809,0.05
1063491875557202193,0.0
1063543341047981309,0.05555555555555555
1063566471508329315,0.17857142857142858
1063620793173522369,0.0
1064148625996539032,0.0
1064168109610102284,0.0
1064169953229994265,0.07575757575757576
1064174139088798641,0.0
1064266145634323679,0.04
1064287644465796710,0.0
1064899670677236677,0.03409090909090909
1065423691471158415,0.07692307692307693
1065767534858028488,0.08139534883720931
1065829993246688213,0.0
1065853160436418713,0.0
1065888968403986005,0.0
1066291327059144072,0.0
1066419814980005889,0.02654867256637168
1066430640877092516,0.0
1066545561930178718,0.03333333333333333
1066585243812848352,0.05
1067760951761771544,0.0
1067945523338502752,0.015151515151515152
1068056395727126034,0.0
1068056997682109783,0.09090909090909091
1068082121926688750,0.014285714285714285
1069891503209402274,0.18181818181818182
1070245024102913502,0.02097902097902098
1070805162538733787,0.034782608695652174
1070900516866014171,0.0
1070913429574021660,0.05
1071629607807600356,0.0
1071638816135636217,0.0
1072174876348726908,0.0
1072201539987101802,0.05172413793103448
1072212785851833881,0.0
1072219304259737987,0.0
1072241541735802872,0.13333333333333333
1072242783645451666,0.2
1072847792930824231,0.06666666666666667
1073043639068554187,0.0
1073148886337755305,0.0
1073220340948399608,0.0
1074055950153270628,0.0
1074409130305168000,0.1111111111111111
1074477276642544327,0.046511627906976744
1074480426381577665,0.011111111111111112
1074482610126273509,0.08333333333333333
1074645625749045385,0.07563025210084033
1075701713370022237,0.056818181818181816
1075776707447782050,0.0
1075810029197445742,0.06451612903225806
1075838599755092866,0.2222222222222222
1076554252430000869,0.0
1076566839141157718,0.025
1076662626489908546,0.047619047619047616
1077445191953830255,0.05660377358490566
1077816682526979677,0.06060606060606061
1078031610720661207,0.3333333333333333
1078152445346935744,0.0
1078588791525096115,0.2222222222222222
1078832712180057097,0.037037037037037035
1078845976902088367,0.05084745762711865
1079304734753698267,0.058823529411764705
1079313461298925073,0.0
1079482238870405988,0.07407407407407407
1079641906493385687,0.02702702702702703
1080279187805828666,0.2857142857142857
1080301059191970653,0.0
1080319297938155290,0.045454545454545456
1080407555813101909,0.016129032258064516
1080463732651434949,0.02054794520547945
1080824104983799406,0.16666666666666666
1080893312810960060,0.08421052631578947
1081548045496656278,0.0
1081622276517113424,0.11428571428571428
1081673182898646183,0.030612244897959183
1081820400339374612,0.022727272727272728
1081873227073014235,0.1111111111111111
1082280778148041643,0.014285714285714285
1082341736690398261,0.1
1082415699992425221,0.0
1082442329126963909,0.0891089108910891
1082468972754603668,0.0
1082740563656663356,0.025
1083014129038003629,0.16666666666666666
1083209554100313702,0.02702702702702703
1083322502572760272,0.07142857142857142
1084570380677199189,0.0625
1085333173893461399,0.0
1085388751110367655,0.06796116504854369
1085411813203606322,0.029850746268656716
1085768036716974111,0.0
1085842002797799999,0.0
1085943797485583269,0.0
1085972111180515083,0.125
1086082326842384505,0.07407407407407407
1086090651800469206,0.0
1086829254322658005,0.5
1086836240625212432,0.21739130434782608
1086906083372627259,0.1388888888888889
1086928887788654553,0.0379746835443038
1086938216665347355,0.05
1087301830191521533,0.0
1087369977709688110,0.0
1088055771074427685,0.0
1088061108112569639,0.14285714285714285
1088063250763764648,0.05555555555555555
1088067250276214057,0.0
1088069074367344151,0.25
1088085049412349127,0.09090909090909091
1088096028845513749,0.0
1089809633688989134,0.1
1090290891629924544,0.030303030303030304
1090957941658269587,0.16
1091373020901926907,0.06521739130434782
1091413803642755134,0.06557377049180328
1092390530640533879,0.03333333333333333
1093073292536742514,0.04225352112676056
1093228471411920690,0.020833333333333332
1093282070111148082,0.02564102564102564
1093803252459931569,0.16666666666666666
1093813583884151474,0.0
1094031400118053167,0.015267175572519083
1094035106179061003,0.2
1094499933265957430,0.03571428571428571
1094591518958494628,0.017543859649122806
1094652589357103412,0.30434782608695654
1094688167317471020,0.01818181818181818
1094798849403415186,0.3333333333333333
1095007529062544923,0.0
1095307166988771371,0.15384615384615385
1095317701171079584,0.06
1095516486684895426,0.25
1095675078942556988,0.030303030303030304
1095962655592564092,0.0
1095970582633622340,0.0
1095985919827018581,0.0
1096128632366484429,0.12903225806451613
1096708074805710385,0.13636363636363635
1097432393274280207,0.043478260869565216
1097620509670009295,0.04
1097747693422334122,0.0
1097776362237737479,0.4166666666666667
1098454139348199868,0.015384615384615385
1098749265620629508,0.027777777777777776
1098984577495429748,0.0
1099489379796917380,0.0
1099793967081746079,0.017543859649122806
1099855268266269503,0.0967741935483871
1099926035776787619,0.0
1100129233719832174,0.14285714285714285
1100472504742216302,0.034482758620689655
1100534472210397286,0.0
1100650170613097190,0.09259259259259259
1100665943686932113,0.06451612903225806
1101009758971652933,0.018867924528301886
1101029260246038733,0.013888888888888888
1101038440644542696,0.08620689655172414
1101305086767519210,0.13043478260869565
1101397487004155983,0.08064516129032258
1101435358664013054,0.0
1101573089334856893,0.1111111111111111
1101744655940863508,0.0
1101907706747623910,0.0
1101995012402943953,0.038461538461538464
1102899118210105202,0.14583333333333334
1102911353570193972,1.0
1103222651917776094,0.04838709677419355
1103260416483449423,0.052083333333333336
1103368472002721297,0.0
1103405905227854369,0.04285714285714286
1103501668764779164,0.11320754716981132
1103615017695408002,0.0
1103993023479559379,0.014705882352941176
1104046647780885254,0.061224489795918366
1104098954622589547,0.029850746268656716
1104343287405574839,0.018867924528301886
1104658545016558365,0.0
1104956549797535318,0.024390243902439025
1105542121319358812,0.0
1105710038564413908,0.08333333333333333
1105794390947061629,0.056338028169014086
1105797887989225866,0.02912621359223301
1106278026468466271,0.0
1106473985202399574,0.11428571428571428
1106512037156179565,0.075
1106914585362685044,0.125
1106935544196130275,0.0
1106940537402858730,0.041666666666666664
1106974359984010503,0.0
1106978611631762782,0.030303030303030304
1107210030855597212,0.06349206349206349
1107264617876666639,0.04807692307692308
1107614429945708735,0.11320754716981132
1107662771121941977,0.0
1107719614962673540,0.0
1107817059754846756,0.0
1108293716047072322,0.5
1108392798064005987,0.0
1108604457022692387,0.09782608695652174
1108722364007823686,0.08571428571428572
1108733513236571490,0.045454545454545456
1109038225516065318,0.02040816326530612
1109082657504955607,0.09523809523809523
1109132163693170689,0.0
1109150631903489134,0.14285714285714285
1109220051028029691,0.04
1109249219604327113,0.045454545454545456
1109281385889507382,0.06060606060606061
1109353004732320636,0.0
1110124836935472319,0.021739130434782608
1110689397223626637,0.0
1110860204030256397,0.0
1111195201058719837,0.0
1111283950760426504,0.07692307692307693
1111320991600360847,0.2
1111372097854706999,0.06666666666666667
1111500323343932567,0.1111111111111111
1112604161535796115,0.0
1112781815585145163,0.0
1112984651972967189,0.0
1113375795361711465,0.0
1113408524522175463,0.05
1113442191585617416,0.037037037037037035
1113442711814271694,0.0
1113507737395575511,0.0
1113887850275874381,0.041666666666666664
1114104597070999080,0.0967741935483871
1114114570300646392,0.0
1114243113509422210,0.033707865168539325
1114248769639124764,0.038461538461538464
1114302377575664535,0.016666666666666666
1114321496018309105,0.125
1114330528083203761,0.014705882352941176
1114370222848738697,0.0684931506849315
1114378607843759565,0.0
1114494314051420964,0.0
1114836932239473897,0.02666666666666667
1114978659961680527,0.0
1115136871943427207,0.0
1115436656840270968,0.0
1115594730608800736,0.1
1115602966457733640,0.11428571428571428
1115696702305343491,0.025
1115794194819979203,0.01694915254237288
1115845921057361166,0.0
1116161269024802062,0.0
1116336782980727647,0.125
1116395081158382941,0.023809523809523808
1116417312024938432,0.0
1116439859807869045,0.012987012987012988
1116441466656424664,0.05
1116442323848299171,0.03529411764705882
1116611241379441514,0.075
1116683458776188311,0.028985507246376812
1117059206211720455,0.016129032258064516
1117108161924192159,0.0
1117134347573696925,0.0
1117247535552724891,0.02531645569620253
1117671991203098427,0.10344827586206896
1117684745787812842,0.07894736842105263
1118532541078523624,0.0
1118663869965586903,0.0
1118704538595393352,0.0
1118760848523341456,0.0
1118765919650215232,0.0
1118769017720071363,0.0
1119936652201100228,0.0
1120230192082647573,0.05263157894736842
1120306157189542899,0.25
1120647101106371280,0.0
1120661364151895394,0.0
1120664217335346957,0.06666666666666667
1120681963641877685,0.0
1120813514669136055,0.0
1120830473383580976,0.0
1120943754329641514,0.0
1121048658502724775,0.034482758620689655
1122128880367955293,0.0
1122330347208233912,0.0
1122560696833796541,0.07692307692307693
1122975739942512043,0.0
1122978977159659077,0.25
1123049596355748122,0.0
1123090415804711125,0.0
1123123360310209374,0.0
1123321420385696018,0.1111111111111111
1123648380735380360,0.029850746268656716
1124184969407315691,0.037037037037037035
1124675324734264257,0.0
1124727852197234235,0.0
1124933556625295796,0.05555555555555555
1125060161086772702,0.09375
1125277315310659502,0.05172413793103448
1125336806071509732,0.016129032258064516
1125966371713158137,0.14285714285714285
1125969165020279093,0.0
1126339147058872166,0.11764705882352941
1126497547097826669,0.0
1126595817595177511,0.14285714285714285
1127463851263841047,0.0
1127604966213151944,0.04395604395604396
1127867614119748141,0.0
1128108931742706459,0.04819277108433735
1128111936245986924,0.06611570247933884
1128127074774303917,0.0
1128498779784215383,0.03076923076923077
1128734028574063668,0.0
1128739863300075648,0.0
1128745759380890269,0.0
1128846757384861752,0.0
1128857385729502490,0.041666666666666664
1128859993300713935,0.0
1129317827026227463,0.0
1129344612405833048,0.0
1129345063657412920,0.05714285714285714
1129555418582756308,0.0
1129569195943906923,0.0
1129620946924887879,0.010638297872340425
1129674222072988715,0.05128205128205128
1129708597979476523,0.03614457831325301
1129714301798599737,0.0
1129720873517103656,0.0
1130030360748352832,0.5
1130169912459422769,0.5
1130463850210928733,0.0
1130469297974557487,0.02857142857142857
1130482657640504267,0.034482758620689655
1130830326049192122,0.1111111111111111
1130878597043254629,0.012195121951219513
1130912515290372350,0.0
1130946734936418900,0.2
1131036217997718914,0.023809523809523808
1131310230017270679,0.08333333333333333
1131650620744861577,0.0
1131772651320662442,0.021505376344086023
1132206022203770864,0.3
1132232979461739160,0.0
1132331172804412273,0.1
1132493440809951710,0.0
1132948948082011758,0.14285714285714285
1133332554650213073,0.08955223880597014
1133336942070486466,0.022727272727272728
1134421471606215912,0.05555555555555555
1134588073274890251,0.09090909090909091
1134695954293901298,0.0
1134708488231370776,0.0851063829787234
1135165331753198495,0.18181818181818182
1135209481810736796,0.0
1135316662714612896,0.03225806451612903
1135455833587257291,0.08333333333333333
1135922827139957454,0.0
1136164195132646518,0.0
1136560257168861240,0.08333333333333333
1136637776103037143,0.0
1136751423185098733,0.05263157894736842
1137374968358380280,0.0
1137406623931136165,0.02564102564102564
1137429132030403479,0.04
1138166672052090677,0.02631578947368421
1138775842650954743,0.022058823529411766
1138781824241291941,0.0
1138985726141153980,0.03125
1139308576936529656,0.0
1139604296061959776,0.02702702702702703
1140212959961943936,0.04054054054054054
1140537402399474471,0.08333333333333333
1141054135821927756,0.024390243902439025
1141220592545465923,0.0
1142017009752374933,0.05084745762711865
1143176484009426650,0.0
1143329697313415883,0.057692307692307696
1143460743345238289,0.18181818181818182
1143538285603256264,0.10256410256410256
1143550737234732626,0.11428571428571428
1143834058718015258,0.13333333333333333
1143862979564220419,0.024096385542168676
1144685721047856492,0.2413793103448276
1145017825994524090,0.0
1145181777292622588,0.11320754716981132
1145291901477382037,0.0
1145399262414892576,0.0410958904109589
1145705063426679283,0.10810810810810811
1145959497034976686,0.0
1145985092366825648,0.0
1146025576703198218,0.0
1146177038348636535,0.0
1146985253131890099,0.09375
1147009537659977722,0.04918032786885246
1147035436576177616,0.03636363636363636
1147495692595390346,0.0
1147504365915132451,0.23529411764705882
1148134709392262139,0.06779661016949153
1148264817722200992,0.0
1150314359704864588,0.043478260869565216
1150661770876104673,0.0
1150689168336646299,0.0
1151052989355897485,0.0
1151338043107117869,0.25
1152110586297709235,0.0
1152119134945159258,0.03
1153272971219474574,0.029411764705882353
1153541989854211064,0.0
1153602780058982513,0.0
1153914392952848910,1.0
1154091613707726143,0.05
1154272558941255666,0.19230769230769232
1154855238410077569,0.0
1154972450569249562,0.14285714285714285
1155473436658687341,0.0
1155705296742511233,0.0
1156312113078106422,0.14285714285714285
1156790001575343937,0.3333333333333333
1156956183056905059,0.04938271604938271
1156966973372577325,0.08
1156970062315343265,0.0
1157137774815887189,0.16666666666666666
1157561539439406154,0.0
1157568929507147964,0.0
1157682143193378490,0.0
1157822380351913243,0.04504504504504504
1157891835204455625,0.0
1157925289742702710,0.0
1157957830783157504,0.03225806451612903
1158474409414105020,0.043478260869565216
1158582095526219891,0.0
1158600254858021303,0.04878048780487805
1158603579800222610,0.125
1158793663756231470,0.04054054054054054
1158888103265201795,0.0
1159164216531511813,0.0
1159335905677815084,0.02
1159409875789716961,0.17647058823529413
1160638803334282962,0.14285714285714285
1160828199686393777,0.04918032786885246
1161299977073742096,0.1
1161303320457674502,0.07692307692307693
1161319299830240630,0.0
1161325463684741847,0.02
1161381821705999160,0.0380952380952381
1161433247474835768,0.047058823529411764
1161471740345344281,0.12
1161490615024042654,0.02127659574468085
1161713217453552010,0.0
1161921643366284291,0.07216494845360824
1162663002118134608,0.0
1162685665060896217,0.0
1162818469243648923,0.04411764705882353
1162819624900106640,0.0
1162843613160246365,0.0
1162914898755506613,0.05084745762711865
1163527843405474409,0.0
1164141764692399016,0.0
1164182316978940216,0.10666666666666667
1164775879039219954,0.05084745762711865
1164878044412835943,0.15
1164971993625792838,0.05263157894736842
1165597414584447669,0.08108108108108109
1165602848545242856,0.01904761904761905
1165734595702819528,0.04794520547945205
1165766184581664037,0.0
1165999113882016071,0.0
1166168763193282186,0.0
1166224861718653273,0.07142857142857142
1166405941461149479,0.3333333333333333
1166997668922210031,0.0
1167014502006378153,0.0
1167025140139032819,0.0
1167080812177064273,0.05405405405405406
1167099101964321189,0.0
1167150278846815661,0.14285714285714285
1167176705076498749,0.0
1167192076141925638,0.03389830508474576
1167719626830280854,0.014705882352941176
1168044496694720680,0.2
1168657500363108203,0.0
1169153383640833898,0.0
1169410800525223850,0.022727272727272728
1169455534534701343,0.0
1170021140420672921,0.0196078431372549
1170190943318526105,0.0
1170808356968330025,0.022222222222222223
1170836700951503193,0.015625
1171022019266935445,0.06666666666666667
1171041309503595496,0.0
1171243971849824643,0.03076923076923077
1171270306497167926,0.03333333333333333
1171322165007641853,0.1111111111111111
1171460466711394106,0.0
1172218082648395598,0.0
1172397237557260573,0.0
1172444915124362797,0.05970149253731343
1172873115369179556,0.0
1172902030416102917,0.0
1173033343163558454,0.0
1173238618085410573,0.0
1173528314719175704,0.0
1173680108127840864,0.05333333333333334
1173706452370382888,0.0
1175079135146180304,0.08823529411764706
1176384288444360784,0.25
1176563813158908265,0.06
1177513373796512138,0.0
1178573454548449035,0.4
1178875511022415193,0.023529411764705882
1179323034588035021,0.08333333333333333
1179465276131653820,0.0
1179662028216864294,0.0
1180186369791454939,0.08974358974358974
1180676891252917286,0.0
1180945410783953690,0.0
1181194364004478658,0.09803921568627451
1181213350589185143,0.2153846153846154
1181700524759108266,0.0
1181874613868441428,0.015151515151515152
1182132820288414531,0.0
1182356290649392878,0.03571428571428571
1182418161949220646,0.0
1182608464966259854,0.0
1183126710995743577,0.0
1185110234592514745,0.0
1185210237823048654,0.07142857142857142
1185253003692682689,0.024390243902439025
1185508464111496911,0.02702702702702703
1185783427866628789,0.017543859649122806
1185858703806630374,0.0
1186007442337422411,0.06451612903225806
1186747640072632966,0.09523809523809523
1186816926635912102,0.02857142857142857
1187083820251503407,0.18032786885245902
1187244279740532761,0.0
1187268150474310605,0.25
1187598202898480161,0.03636363636363636
1188848671880306442,0.034482758620689655
1188855155049193836,0.08333333333333333
1189551284441164463,0.0625
1190221480865307574,0.0
1191003297256322750,0.018518518518518517
1191065272717393295,0.0
1191099016857167338,0.0
1191210381237989619,0.0
1191234108107211094,0.0
1191340941929957437,0.04878048780487805
1191604237010040029,0.0
1191773398808252169,0.05263157894736842
1191789647150246680,0.14705882352941177
1191914079694604219,0.05555555555555555
1191919049594267954,0.0
1192047036271015654,0.05454545454545454
1192335826841210886,0.25
1192787265541172367,0.1111111111111111
1193012015856173836,0.0625
1193064631812053497,0.08333333333333333
1193160524984020171,0.1111111111111111
1193337617715979480,0.0
1193346484639258740,0.03571428571428571
1194050969749071100,0.125
1194062200743759032,0.037037037037037035
1194632861024127153,0.05263157894736842
1194722196625637191,0.05
1195266057370730398,0.08333333333333333
1195495512303417492,0.0
1196001777713386992,0.08888888888888889
1196163931980773243,0.0
1196176880837709415,0.3333333333333333
1196224805299935725,0.0
1196987313128479538,0.0
1197486889760720104,0.0
1197605250142909981,0.03571428571428571
1197667862368907162,0.0
1197801656239821746,0.0
1198458355028452737,0.0
1198468421564174226,0.07692307692307693
1198501889560208573,0.01694915254237288
1198902079124513388,0.0
1198911922071163732,0.0
1198919126879290288,0.0
1198928984290992590,0.0
1199095494046543973,0.5
1199237946245765641,0.0
1201026600457528155,0.15384615384615385
1201277446611143501,0.0
1201280635516665067,0.05263157894736842
1201292263712823055,0.11538461538461539
1201636173103685481,0.0
1202150305084073406,0.0
1202171341380999736,0.0
1202987441883724695,0.07894736842105263
1203391980875494784,0.030303030303030304
1203968520250166775,0.0
1204066968372892001,0.0
1206638201788760364,0.07692307692307693
1206991336607209225,0.014084507042253521
1207042193919974807,0.018518518518518517
1207050229648847527,0.046875
1207065103814095395,0.03571428571428571
1207167275412669594,0.09090909090909091
1207305980845065552,0.0
1207928358789344012,0.1232876712328767
1207933831645368279,0.18181818181818182
1207954441607462393,0.05263157894736842
1208035983256187072,0.05405405405405406
1208074652960107815,0.057692307692307696
1208492971005412650,0.07462686567164178
1208534670299482357,0.07547169811320754
1211903908874462211,0.058823529411764705
1212133166878291336,0.0
1212228143460319887,0.0
1212244036084005554,0.0
1212345921558249641,0.0
1212709478950493189,0.0
1212717828134684643,0.02
1212923626936294231,0.0
1213046546747912457,0.021739130434782608
1213531931224461868,0.03571428571428571
1213735119322868542,0.0
1213822297299863039,0.16666666666666666
1214146874739195717,0.0
1214262238360235909,0.0
1214315646875370758,0.019230769230769232
1214901876908944354,0.022727272727272728
1215590295198054727,0.0
1215752036378127246,0.0
1216328413107644652,0.1111111111111111
1216348862045459463,0.0
1216437851737134577,0.0
1216449470865658768,0.0
1216456131845047700,0.0
1216623277782476805,0.017543859649122806
1217226568083908258,0.09615384615384616
1217464833580061070,0.21428571428571427
1217627800601236969,0.13953488372093023
1218626304055678948,0.0
1218811066584518642,0.020833333333333332
1219304643824755645,0.0
1219304748853802533,0.0
1219315993950598695,0.05
1220030580034180510,0.043478260869565216
1220301769712735175,0.0
1220340744868408716,0.06666666666666667
1222054234110841279,0.028985507246376812
1222058922870343685,0.023758099352051837
1222430896156507857,0.075
1222438954642728320,0.06666666666666667
1222442070522214406,0.047619047619047616
1222443815847606279,0.2222222222222222
1223910612868122943,0.0
1224327764207628546,0.0
1224401677978257214,0.0
1224567863877530927,0.0
1224613170276386686,0.0
1225684862393527808,0.0
1225822489860744186,0.013157894736842105
1225822918684199293,0.03529411764705882
1225866157244571338,0.0
1225879322761930497,0.023809523809523808
1225906837062729292,0.0
1226000472902148770,0.0
1226041914023513593,0.0
1226104798100188046,0.05263157894736842
1226105546464126076,0.14285714285714285
1226106148691303225,0.125
1226599987650264449,0.0
1226787173582957836,0.0
1227211395840665402,0.0
1227356714110016454,0.037037037037037035
1227480003624481612,0.0
1227538000566255331,0.0
1228231160171346742,0.0425531914893617
1228785129412342131,0.0
1228807912720731266,0.3333333333333333
1229293197198445354,0.0
1230144003317344583,0.0
1230234902346592627,0.0
1231655981453169633,0.04666666666666667
1231898252415838999,0.04
1233097967170802435,0.041666666666666664
1233618458732006664,0.07142857142857142
1233804835893842384,0.0
1234034234811262971,0.0
1234064072893661349,0.03529411764705882
1235067097210399812,0.023255813953488372
1235315932877643684,0.10256410256410256
1235384286710391545,0.0
1235526154395054573,0.0
1235689176520458507,0.07317073170731707
1235824438431804990,0.0
1237400638169878953,0.0
1237428524809915417,0.07692307692307693
1237603078755418416,0.16666666666666666
1237641005724188315,0.05405405405405406
1238182862689322253,0.0
1238202705641931205,0.0
1238215311659724234,0.1724137931034483
1239000747538995040,0.1
1239476855350044951,0.045454545454545456
1239483001555945300,0.0
1239506164697428978,0.0
1239570667264060818,0.044444444444444446
1240299879628958768,0.2
1240360092249389035,0.13043478260869565
1240380902668420251,0.09523809523809523
1240389988613920782,0.15
1241023330695181640,0.047619047619047616
1241219755827738200,0.0
1241771495480619504,0.022222222222222223
1241878720644372113,0.07142857142857142
1241978944709829156,0.13636363636363635
1241979686537524384,0.018518518518518517
1242683878073145234,0.05
1242693190528357264,0.034482758620689655
1242693268340760578,0.06666666666666667
1242844677477758673,0.0
1243008134217717615,0.0
1243200133577696887,0.0
1243361179453435074,0.109375
1243405224179810260,0.06521739130434782
1243530769881494410,0.0
1243951822069959134,0.0
1244503188938987406,0.043478260869565216
1244667917253372183,0.03571428571428571
1244673248394712020,0.0
1244674601887183746,0.03488372093023256
1244675721021808701,0.014925373134328358
1244676698750437001,0.0502283105022831
1244679668871615978,0.03669724770642202
1246385646423182463,0.029850746268656716
1246397820615609477,0.0
1246446476808599087,0.0
1246770359704387919,0.13725490196078433
1247577850836913305,0.0
1247587270753545349,0.0
1248576084191555737,0.0
1249027271273018505,0.06976744186046512
1249059504399520508,0.0
1249247471678899510,0.0
1249261149818083336,0.0
1249281897429432511,0.0
1249332556316698431,0.039473684210526314
1249570645468581161,0.08333333333333333
1249770838659101762,0.0
1250431398514130481,1.0
1250492890344839830,0.0
1250499327600443028,0.3333333333333333
1250519194417034911,0.0
1250525467885007607,0.0
1250530915977326640,0.0
1250572449909514630,0.5
1250598114028299542,0.0
1250603948412578718,0.0
1251343895844859879,0.0449438202247191
1251386048296562889,0.0
1251391040313697723,0.0
1251591263095794152,0.0
1252092529574613976,0.00980392156862745
1252125112743006946,0.03333333333333333
1252144282522154138,0.09259259259259259
1252572341033231863,0.0
1252878516750212817,0.0
1252998140121932873,0.046511627906976744
1253227677735246077,0.0
1253330955486140598,0.1111111111111111
1253375035445408666,0.0
1253463561876067707,0.25
1254092519317082913,0.046511627906976744
1254530568519371604,0.06666666666666667
1254828127240288623,0.0
1254890128659311652,0.016129032258064516
1255657894120447290,0.05555555555555555
1256807341598301821,0.029850746268656716
1257140347726835737,0.10909090909090909
1257670172496754537,0.0
1257747870607997106,0.3333333333333333
1259622694841310112,0.0
1259952438645274455,0.0
1262387547686804710,0.1111111111111111
1262708827496001673,0.08695652173913043
1262716526933323877,0.03225806451612903
1262778760046730650,0.0
1262967967010458282,0.047619047619047616
1263425104602002567,0.07692307692307693
1263652859525451203,0.058823529411764705
1265161380884374701,0.0
1265234450164646211,0.06493506493506493
1265331124076340702,0.0
1266451213217689335,0.0
1266491507097844259,0.0
1266597923889106071,0.06896551724137931
1266711635952959416,0.027777777777777776
1267130611527178625,0.0
1267633286869306344,0.0
1268105608760348457,0.0
1268457166037918117,0.25
1268502571858118062,0.0
1269518667679767915,0.07407407407407407
1269530459797807373,0.0
1270185657518805656,0.0196078431372549
1270308558201468247,0.0
1270311577777021356,0.02631578947368421
1270851241063358413,0.016666666666666666
1270958184629930373,0.0
1271369132974063746,0.0
1271396877317251161,0.14285714285714285
1271595233692080867,0.022988505747126436
1272520464017058054,0.0
1272810062209649155,0.0
1272997007026297784,0.0
1273109724736174916,0.0
1273542284027486298,0.0
1273805722500398699,0.04225352112676056
1273874087939550905,0.0
1273898649589157795,0.0
1274277705408798957,0.0
1275246775006201144,0.0
1276090949920481075,0.0
1276270441289973059,0.0
1276497094624882426,0.0
1276542394745011911,0.0
1276699141353942786,0.02666666666666667
1277127524301503892,0.0
1277178728964737553,0.0
1277362072494235932,0.01098901098901099
1277402650196332543,0.08641975308641975
1278002684057986688,0.0
1278110912503307938,0.03278688524590164
1279026385085347145,0.0
1279067055467212524,0.08333333333333333
1279694255602962513,0.0
1280033889957969166,0.0
1280206251601747952,0.038461538461538464
1280338520170726383,0.034482758620689655
1280961946983051860,0.014084507042253521
1282271837480943248,0.075
1282340218634367672,0.0
1282587458691181041,0.0
1283078226201736395,0.0
1283082445875986112,0.0
1283274447333991831,0.0
1283312924737382135,0.0
1283318578659923823,0.03571428571428571
1283339744685266611,0.060240963855421686
1283833246546312654,0.09523809523809523
1284024095096161054,0.045454545454545456
1284204885773416338,0.0
1284776994681422323,0.043478260869565216
1285287817509016172,0.0
1285347335375554322,0.0
1285598926023497235,0.09090909090909091
1286040379038339366,0.022727272727272728
1286223631484119026,0.0
1286288214624620020,0.125
1286791076283341283,0.028169014084507043
1287390568641276957,0.0
1288041649686635732,0.0
1288238263602593992,0.0
1288302441987346982,0.0
1288383308435891542,0.5
1288827888037181198,0.11764705882352941
1288850378490590728,0.3333333333333333
1288907847614876826,0.1
1290244988649645243,0.0
1290392940482607478,0.0
1290599086849757169,0.03488372093023256
1290679178260833155,0.0
1291286443592678958,0.0
1291312586407269960,0.0
1291879099142992238,0.0
1291896999246204462,0.0
1291993578855502479,0.125
1292030613036926438,0.4
1292338031564436160,0.04285714285714286
1292408143687836594,0.05714285714285714
1292469147299043011,0.0
1292703474953031747,0.10526315789473684
1293592656090355162,0.06557377049180328
1294531324622021620,0.0
1294850334060957620,0.03125
1294879243091183285,0.0
1294880042809996900,0.030612244897959183
1295289737461608863,0.04411764705882353
1296275364094961578,0.0196078431372549
1296295831321479206,0.0
1296368375728061085,0.034482758620689655
1296395682465400083,0.0
1296405023491979795,1.0
1297046042519534962,0.02631578947368421
1297500109960701912,0.075
1298222669407417094,0.0
1298512005170804339,0.0
1298593464885841071,0.08333333333333333
1298980942073464483,0.0
1299650758923042322,0.12903225806451613
1299778975984272584,0.0
1300113681271216955,0.0
1300114733694076182,0.0
1300618831185223436,0.0
1301455976521437961,0.0196078431372549
1302318999583543865,0.1111111111111111
1302656716278945244,0.25
1302744717599483679,0.13953488372093023
1302925069704373799,0.0
1303179298936211222,0.0
1304077082231520339,0.015151515151515152
1304139359010380512,0.046153846153846156
1304376827501668392,0.0
1304380734749180095,0.022727272727272728
1304757685373572928,0.0
1304784897576551360,0.125
1304825781535791730,0.01818181818181818
1304839839745163061,0.16666666666666666
1304856680244465006,0.043478260869565216
1304935540219636787,0.013157894736842105
1305011287948483034,0.0
1305408009759869636,0.023809523809523808
1305414523783704994,0.0
1305558170341843439,0.05555555555555555
1305645155490944689,0.06666666666666667
1305799280208179132,0.0
1306222077762025973,0.01818181818181818
1306284580674419753,0.0
1306294336111684071,0.04
1306372164944825819,0.037037037037037035
1307243058767993767,0.06896551724137931
1307739953600803745,0.0
1308001387385362923,0.016129032258064516
1308167790461480324,0.043478260869565216
1308449631825545222,0.045454545454545456
1308685528732244137,0.0
1309016813655620293,0.0
1309250857916481782,0.0
1309409289330122483,0.0
1309850167293840627,0.0
1310023617592433647,0.0196078431372549
1311046819693129596,0.0
1311236467729478954,0.041666666666666664
1311382508458844628,0.0
1311418879911818409,0.0
1312104433850098189,0.0
1312420675966861182,0.07692307692307693
1312871053299724375,0.02702702702702703
1313039785626238429,0.0
1313537496738562733,0.3125
1313712852522197290,1.0
1313727780317417214,0.5
1313733718402008734,0.16666666666666666
1314198727599654348,0.0
1314203927367563620,0.0
1314222023827649566,0.0
1314274521034636934,0.0
1314398167435881708,0.03260869565217391
1314459452483359226,0.0
1314500805138047641,0.0
1314508905820795649,0.0
1314520644836564125,0.0
1314835611815029605,0.0
1314911687891642912,0.0
1314929393983593951,0.6666666666666666
1315237934053942196,0.0
1315248868616944561,0.0
1315259299767138311,0.0
1315697674029294598,0.0
1315713105511217558,0.0
1315757543496094870,0.02857142857142857
1315946031569883507,0.014084507042253521
1315955345191076785,0.0125
1315960337458538051,0.0
1316260718102597819,0.0
1316303449136573922,0.0
1316429427978596083,0.0
1316717295732547679,0.0
1317088706262106969,0.0
1317172605029205323,0.020833333333333332
1317347122106460984,0.024390243902439025
1317720229950770896,0.04
1317954116429969214,0.058823529411764705
1318035720098058637,0.0
1318089601729665185,0.046153846153846156
1318490790591538869,0.045454545454545456
1318513695060600288,0.0625
1318574019459709265,0.0425531914893617
1319196538917108220,0.0
1319227366520765910,0.0
1319230934849809121,0.14285714285714285
1319244965788549872,0.0
1319263245186558629,0.0
1319269810796254119,0.0
1319611180008637190,0.0
1319617899769332234,0.0
1319884925333000797,1.0
1319946964413633991,0.125
1319990154207372821,0.0
1320010274374393215,0.0
1320131011257958913,0.0851063829787234
1320137945588224932,0.045454545454545456
1320259169962986287,0.0
1320388036033527659,1.0
1320616316462208479,0.0
1320760102931608987,0.04
1320887648149713926,0.0
1320897533016945673,0.0
1320903555965790536,0.0
1320905856505931288,0.0
1321052173155995338,0.0
1321771891190495716,0.16129032258064516
1321816908275218467,0.024390243902439025
1322103639897104802,0.5
1322168927449752927,0.0
1322186230416822418,0.0
1322445214697278550,0.0
1322764556147115702,0.06451612903225806
1322895199789495916,0.0
1322936154616082821,0.0
1322990321703312471,0.0
1323073552313381088,0.0
1323572828655941570,0.0
1323743079728131190,0.0
1324471212468583336,0.2857142857142857
1324623588271554802,0.03571428571428571
1325719145487941225,0.02127659574468085
1325743930639696417,0.0
1326718385368495264,0.0
1326752609263911951,0.2
1327238246646313825,0.2
1327314211495987000,0.0
1327486897707971822,0.3333333333333333
1327796062815476058,0.0
1327896779241199468,0.06896551724137931
1327987411880339109,0.09090909090909091
1328061569314162449,0.0
1328323844948970854,0.0
1328713474972448999,0.0
1328916778249986911,0.0
1329615651002880207,0.12121212121212122
1329694015690440138,0.0
1330059975634686348,0.05
1330333449247726446,0.1111111111111111
1330460770707159523,0.0
1331639155614439464,0.0
1331805449864924185,0.02127659574468085
1332396380054879948,0.18181818181818182
1333894071399607317,0.05263157894736842
1334375982797317210,0.0
1334377532067214270,0.0
1334390017147660089,0.0
1334582444372317890,0.0
1334778893973629207,0.0
1334788427374645400,0.05128205128205128
1335239963215804866,0.125
1335378191603775031,0.0
1335400315670999801,0.06779661016949153
1335931226255392096,0.0
1335941620119981026,0.0
1335989174726216085,0.0
1336129631424153939,0.05263157894736842
1336145478941373225,0.08333333333333333
1336159955216859311,0.0
1336162941929972034,0.0
1336415325396174530,0.0
1336741640418451667,0.0
1336804064363333163,0.0
1336859786699121414,0.0
1337474226496435485,0.0
1337479476649672134,0.0
1338145832567456406,0.0
1338179970714667333,0.0
1338459005996216223,0.05714285714285714
1338780320287886104,0.0
1338951563581099040,0.0196078431372549
1339033994534955594,0.05263157894736842
1339038375165340176,0.5
1339065050276343397,0.0
1339092938883051380,0.0
1339100406945816024,0.0
1339106170021696573,0.0
1339115851879264119,0.0
1339779974091579727,0.0
1339799252377412026,0.0
1340147045395738376,0.16666666666666666
1340201028693828370,0.0
1340372136278068972,0.0
1340960411711676166,0.14285714285714285
1340970060291983087,0.1111111111111111
1341048988157546936,0.08333333333333333
1341090637783834720,0.0
1341134352865505296,0.0
1341454895787200866,0.0
1341778665235589172,0.0
1341824744385264724,0.0
1342546492520170660,0.0
1342590215007994160,0.0625
1342624043956890175,0.3333333333333333
1343271167432540941,0.0
1343295305313856332,0.037037037037037035
1345034197301908621,0.046511627906976744
1345243127076599519,0.0
1345884918333482221,0.25
1346215038457297855,0.037037037037037035
1346334907851351087,0.0
1346776752318198084,0.3
1347706979437150654,0.05
1348347920190849948,0.0
1349182292570740752,0.0
1349342304043754830,0.05555555555555555
1350807219332556605,0.013888888888888888
1351141440483221555,0.0
1351312092036160685,0.08333333333333333
1351942960529326502,1.0
1352569152039224462,0.02857142857142857
1352960410897194291,0.0
1352964605905887159,0.16666666666666666
1352977459321059485,0.0
1352981095917788968,0.0
1353412203445630231,0.0
1353604043218931810,0.0
1354079478000310246,0.09523809523809523
1354188612441516964,0.05128205128205128
1354675311776597075,0.06666666666666667
1354838921617904489,0.0
1356148258248933364,0.0
1356254920435719876,0.0
1356315253285310219,0.0
1356570565486599436,0.0
1357140500481878648,0.03389830508474576
1357284451468190381,0.0
1357642610606165229,0.0
1357681713120015538,0.08333333333333333
1357685784091667740,0.043478260869565216
1357701244787916850,0.0
1357715583550659500,0.041666666666666664
1357752713675183971,0.037037037037037035
1357973459349274671,0.0
1358072909361869584,0.058823529411764705
1358434519661960690,0.0
1358444437370404404,0.14285714285714285
1358444465831672999,0.0
1358444477310013037,1.0
1359117115886384920,0.0
1359165708019964790,0.1
1359189328291316539,0.0
1359192316735917452,0.0
1359220166784968434,0.047619047619047616
1359307970463385223,0.0
1359872368875140546,0.08333333333333333
1359892582150477299,0.08333333333333333
1359899737992079605,0.125
1359899752946018231,0.0
1359928650702224177,0.07692307692307693
1360134846153558938,0.2
1360641207696114235,0.034482758620689655
1360641222222537912,0.0
1360653687508944239,0.06060606060606061
1360677321440767450,0.046511627906976744
1360890775176462289,0.13793103448275862
1360900191922425445,0.05
1361223152952554379,0.0
1361342149671937866,0.011363636363636364
1362996633416839751,0.08571428571428572
1363499728073541404,0.0
1363706811577260499,0.0
1363748786387628101,0.0
1363791897499465274,0.045454545454545456
1364124530904470275,0.06
1364582413587924386,0.0
1364956706027049457,0.0
1365949893166653791,0.030303030303030304
1366428961612774375,0.25
1368644457005040086,0.0
1368900897143159001,0.0
1369314390223434633,0.0
1369322364909361650,0.0
1369333457934268902,0.0
1369396810931049904,0.0
1369450106755633333,0.0
1369516799447346282,0.05263157894736842
1370694214728184183,0.038461538461538464
1371489903513786700,0.0
1371489916556226020,0.0
1371701241972057054,0.16
1372132665641917001,0.0
1372132697811873545,0.06666666666666667
1372132730099867546,0.0
1372306020958693590,0.0
1372913977517611947,0.0
1372937731031496560,0.0
1372942018379450460,0.0
1373177365301729674,0.027777777777777776
1373578675346696379,0.044444444444444446
1373600828134886162,0.0
1373678629406627489,0.0
1375156025391107278,0.11538461538461539
1375202851311944387,0.0425531914893617
1375220945205654922,0.06060606060606061
1375960206225201170,0.0
1376456204843161671,0.5
1376500021388296534,0.16666666666666666
1376557783431171443,0.25
1376627059097216274,0.0
1377454307647150349,0.038461538461538464
1377938429262495005,0.0
1378085293631260021,0.0
1378099322751033231,0.0
1378270268222585877,0.08333333333333333
1378297330854595409,0.04
1378330975258051006,0.05263157894736842
1378837314467026006,0.0
1379027051776324564,0.0
1379433430567549628,0.0
1379484686455608308,0.0
1379731771884110952,0.058823529411764705
1380038580104678234,0.0
1380207225782051720,0.0
1380914408228878382,0.0
1381019059020730001,0.0
1381495781883485797,0.03333333333333333
1381605875474601681,0.0
1381763783442931155,0.0
1382295250979562532,0.0
1382344913005168941,0.0
1383071330903319991,0.0
1383122430853259440,0.0
1383165182545936880,0.0
1383166539850383952,0.022222222222222223
1383181231545188180,0.046875
1383778235243870457,0.022727272727272728
1383833693532056354,0.0
1383836675815250644,0.0
1383922787996050132,1.0
1384029173741834977,0.0
1384216088732285300,0.0
1384452116318993324,0.0
1384521480878999582,0.0
1384531514435475198,0.0
1384720103878203184,0.075
1384961848097014761,0.12
1384994697484401478,0.23529411764705882
1385110356372218891,0.0
1385971521280632396,0.1
1386228669898919915,0.0
1386234811900417321,1.0
1386729540250136089,0.0196078431372549
1386737129775274934,0.08333333333333333
1386777645220197463,0.0
1387160687688373432,0.041666666666666664
1387177888048147007,0.1875
1387462108840977705,0.07692307692307693
1387649282631107974,0.0
1387697220799271566,0.0
1387989954891937280,0.12121212121212122
1388184559979509171,0.09375
1388303834286260797,0.05263157894736842
1388995612187171781,0.0
1389080480468898606,0.14285714285714285
1389138617737008575,0.0
1389538303425504397,0.0
1389566414453506521,0.1111111111111111
1389600289778680636,0.0
1390197218935322921,0.02631578947368421
1390220923689410483,0.0851063829787234
1390356484535493046,0.4
1390369711569776345,0.09090909090909091
1390412301793163637,0.07142857142857142
1390547599965393515,0.01694915254237288
1390914728976144349,0.3333333333333333
1391186412804332252,0.018518518518518517
1391210141754711757,0.10810810810810811
1391261464171612600,0.043478260869565216
1391274404328874615,0.041666666666666664
1391287170113206670,0.061224489795918366
1391299286098717399,0.021739130434782608
1391312909970034440,0.0
1391384461180611300,0.13636363636363635
1391883859173768648,0.0
1391943145899399537,0.047619047619047616
1391946128181994426,0.06666666666666667
1391993617208611667,0.01818181818181818
1392152058065765216,0.0
1392156983031281357,0.25
1392159186703510548,0.0
1392161109931888837,0.0
1392162519463161235,0.0
1392656437526763834,0.022222222222222223
1392770466103733093,0.0
1392792323838685901,0.0
1392808425219032204,0.0
1392817096672832051,0.09375
1393226233636400929,0.10714285714285714
1393263066744197581,0.02702702702702703
1393451138462038877,0.14285714285714285
1393649817507393955,0.0
1393876291451191174,0.0
1393891117009759391,0.05555555555555555
1393943219305520191,0.13043478260869565
1394068787687816365,0.07142857142857142
1394078085957534225,0.0
1394087924372258104,0.043478260869565216
1394120753600443269,0.03571428571428571
1394130457827163600,0.03225806451612903
1394175441328577702,0.02631578947368421
1394708801057664960,0.11627906976744186
1394827146998625704,0.031746031746031744
1395554248209049519,0.0
1396028862150607087,0.2
1396249388984584475,0.0
1396277581646434798,0.25
1396369970384347711,0.038461538461538464
1397053366135298755,0.05
1397062250788526001,0.030303030303030304
1397063041528432943,0.05555555555555555
1397063560506351315,0.0
1397740147891904968,0.05128205128205128
1397763816420996031,0.07547169811320754
1398334038924467061,0.0
1398901053674156089,0.0
1398921911655920549,0.1206896551724138
1399101695846994923,0.0
1399274681216342484,0.0
1399632805242501683,0.15384615384615385
1399850590926169708,0.0
1399928526530391501,0.0
1399973230872584000,0.010752688172043012
1400646126048937246,0.0
1400753301382014808,0.0
1400756579488181348,0.0
1400760834656352874,0.0
1401037161641178530,0.0
1401078398700173177,0.0
1401098157223934439,0.125
1401254305342630709,0.0
1401851328126982249,0.13636363636363635
1401914977913520927,0.0
1401967064078602754,0.0392156862745098
1401983749479475796,0.0
1402050300125949360,0.0
1402208955852575502,0.04
1402209602487266381,0.17857142857142858
1402711931290434058,0.0
1402948086183472918,0.03508771929824561
1403333889773331608,0.030303030303030304
1403363999175338344,0.03333333333333333
1403368669886174461,0.022727272727272728
1403369922265656382,0.1111111111111111
1403701070962430502,0.09090909090909091
1403993979530657887,0.125
1404008893607354384,0.0
1404610489026087424,0.09090909090909091
1404661049426841783,0.07142857142857142
1404722155804161195,0.0851063829787234
1405033439873589229,0.0
1405068288783964246,0.0
1405526062302982612,0.0
1405912052546255601,0.03571428571428571
1405915381024422419,0.0
1406192281506528692,0.0
1406204623480036794,0.0
1406271375956961627,0.6666666666666666
1406301541121546500,0.0
1406864024142489335,0.0
1406917863210100475,0.02631578947368421
1406956475942654478,0.03636363636363636
1407672454711592831,0.0
1407760902625233150,0.25
1407959658694637186,0.14285714285714285
1408004419474902071,0.2222222222222222
1408009204988003403,0.0
1408051506890917799,0.0
1408841951858862706,0.09090909090909091
1408929272390002454,0.0
1409918860503026396,0.015384615384615385
1410085235351488281,0.0
1410135879240014588,0.05
1410200410823011128,0.13043478260869565
1410516676917990334,0.05263157894736842
1410666951452274702,0.0
1411222375419005823,0.0625
1411301050177577522,0.0
1411412457544336433,0.0
1411487014783066824,0.0
1411504308379192568,0.0
1411570597136686384,0.07547169811320754
1412938257282422024,0.0
1412944920633491966,0.0
1413129377359401052,0.04878048780487805
1413553118066256855,0.022727272727272728
1413749168605262935,0.0
1414153906567898685,0.02666666666666667
1414175179813955609,0.03125
1414227729564016638,0.024390243902439025
1414459162709893613,0.0
1414853745045156843,0.0
1414861340851975643,1.0
1415037748701671677,0.04
1415041191351877920,0.07692307692307693
1415213197038868261,0.0
1415349711305015297,0.16666666666666666
1415734014060655518,0.13333333333333333
1415736982079874634,0.11764705882352941
1415761009857316524,0.05
1415764185987227284,0.0
1415764843551798096,0.08695652173913043
1415767094356778420,0.09090909090909091
1415771291852051442,0.07894736842105263
1415776055461222256,0.0625
1415781161499936431,0.023809523809523808
1415784200481938938,0.06521739130434782
1415787740573796488,0.23076923076923078
1415788975871190463,0.0
1415792535083988551,0.043478260869565216
1415798030273304422,0.23076923076923078
1415801631934300380,0.15
1415829888279939921,0.06896551724137931
1415833109623867068,0.05263157894736842
1415836231468154927,0.15
1415841029826541467,0.2
1415844098452115112,0.047619047619047616
1415847782788886191,0.0
1415859350863077648,0.2222222222222222
1415862043319833595,0.0625
1415864882899862548,0.09523809523809523
1415867200875490235,0.06896551724137931
1415869041907264930,0.08
1415870145167544884,0.06666666666666667
1415871829944040338,0.11764705882352941
1415952570966826586,0.0
1415996448610356032,0.13793103448275862
1416011109179289565,0.0
1416020714690657035,0.10526315789473684
1416541637401771905,0.0
1416639016359934744,0.019230769230769232
1416652460420181378,0.0
1417200498828941008,0.04918032786885246
1417252830065558870,0.047619047619047616
1417437657131218660,0.05555555555555555
1417448924180102860,0.07407407407407407
1417511396816335334,0.0
1418136410348971418,0.1
1418762231367687189,0.25
1419298294550551191,0.0
1419505561265127712,0.125
1419546878353378266,0.0
1419553774618527886,0.0
1419582044567908895,0.0
1419863464738533513,0.0
1420043953025643567,0.0
1420067645503941191,0.0
1420154276529017394,0.05555555555555555
1420214726628937852,0.05
1420626628602895406,0.0
1420792551656095896,0.038461538461538464
1420822117976825624,0.0
1421017952936561457,0.0
1421022626935357762,0.16666666666666666
1421342722254849976,0.0
1421490540683523984,0.0
1421719426782608940,0.0
1421810930528078017,0.043478260869565216
1421824533081711452,0.14285714285714285
1421870980153189268,0.0
1422786312343832084,0.043478260869565216
1423207145350039514,0.058823529411764705
1423673105037930981,0.0
1423716041778105994,0.0
1424193060660928586,0.0
1424309191018694821,0.5
1424389115098276838,0.0
1424646395863793071,0.0
1425122481005483776,0.0
1425135375905596471,0.0
1425376766631682726,0.0
1425396048606829580,0.0
1425409726546194481,0.125
1425650082998669507,0.0
1425990313405485257,0.1111111111111111
1426004463741724902,0.0
1426008982736833907,0.0
1426010974925383066,0.2
1426012968545374163,0.08333333333333333
1426015302603401449,0.16666666666666666
1426019969600164515,0.07142857142857142
1426022476717875258,0.2
1426026825771520810,0.0
1426070350157058563,0.0625
1426076497206508862,0.13333333333333333
1426078885172129308,0.125
1426080195746151417,0.06451612903225806
1426081447794893118,0.0
1426617299293433769,0.0
1426732262153745887,0.02857142857142857
1426764506647146244,0.0
1426906127217852339,0.0
1427271909427679721,0.25
1427275268040274856,0.058823529411764705
1427292739701017883,0.03571428571428571
1427299717401347644,0.2222222222222222
1427301133846620528,0.125
1427654357735424095,0.14285714285714285
1427964069909179177,1.0
1428222985776400672,0.02631578947368421
1428238476332337970,0.5
1428361943619188406,0.06451612903225806
1428735018032170144,0.0
1428923541717677884,0.0
1429247995650427429,0.0
1429291764157223626,0.0
1429468939942039723,0.0
1429475586223026462,0.01818181818181818
1429503303929255919,0.0
1429520807617998629,0.25
1429662754485405779,0.034482758620689655
1429820552812537021,0.029411764705882353
1430259186548266262,0.10526315789473684
1430417340398601321,0.08823529411764706
1430463409490701464,0.08695652173913043
1430742994745263081,0.0
1430760372391062432,0.0
1430806173279680174,0.0
1430827018199668780,0.0
1430891046673779439,0.0
1430976048380926047,0.0
1431074468742528228,0.0
1431283037127415587,0.034482758620689655
1431705063007002849,0.0
1431764847267922187,0.0
1432385033258468386,0.0
1432660742251228674,0.05263157894736842
1433025851684375766,0.0
1433067255483105505,0.0
1433077325858270425,0.0
1433092724278381080,0.0
1433304019333130254,0.0
1433826049582871897,0.0
1433921154913441106,0.0
1433927582485435488,0.0
1434120378098442218,0.0
1434155174831841217,0.1111111111111111
1434606832502169578,0.0
1434686373673902576,0.03571428571428571
1435238200966478772,0.08695652173913043
1435825500578957870,0.0
1436727573815400134,1.0
1436959631599207261,0.1
1437337522740402737,0.0
1437545509883260022,0.07692307692307693
1437618404701875114,0.05128205128205128
1438188711660546258,0.0
1439504841640923304,0.0
1439608431866947744,0.0
1439618755003157481,0.06077348066298342
1439788244115919951,0.03225806451612903
1439794864454046610,0.0
1439899414486063347,0.0
1440318427192611603,0.06382978723404255
1440438931776921954,0.0392156862745098
1440981882147390388,0.022727272727272728
1440987248362616834,0.012345679012345678
1440991674467250251,0.05405405405405406
1440994778901076062,0.045454545454545456
1440997714581729174,0.05263157894736842
1441000213775144175,0.0
1441131219598190569,0.07692307692307693
1441141939974157756,0.045454545454545456
1441145585786071159,0.07692307692307693
1441149947822303895,0.1111111111111111
1441371109117054667,0.05555555555555555
1441381139953789351,0.020833333333333332
1441727160279478546,0.0
1441738545895850278,0.05555555555555555
1441861773756075907,0.16666666666666666
1442002815442795144,0.0
1442005841798252252,0.0
1442248259373019814,0.0
1443197499034476943,0.0
1443268241033863583,0.0
1443280557668802437,0.0
1444078674937884160,0.09090909090909091
1444749046736786298,0.0
1444956177303298516,0.05825242718446602
1444990164090660522,0.0
1445621340685090488,0.10526315789473684
1445648228103104854,0.0
1445971326734636042,0.12
1446712113092802904,0.08333333333333333
1446952513821648422,0.03333333333333333
1446982414897429144,0.0
1447050211814568822,0.0
1447067105625757117,0.16666666666666666
1447458884629248452,0.022727272727272728
1447478164654162528,0.0
1447485145469212619,0.14285714285714285
1447594841550128115,0.2571428571428571
1447600251830174499,0.047619047619047616
1447818346272313121,0.045454545454545456
1448338067511086377,0.0
1448421985219894264,0.0
1448589959653778273,0.25
1448852388218539054,0.045454545454545456
1449050777325612810,0.0
1449309951255721732,0.07692307692307693
1449474438460500576,0.03225806451612903
1449733628859701845,0.0
1449751459067476665,0.02127659574468085
1450394199603368619,0.0
1450426511589573710,0.0851063829787234
1450499682342778937,0.0
1450608876843312759,0.09090909090909091
1450655628648769175,0.027777777777777776
1450728564981767639,0.0
1450800586764865685,0.06451612903225806
1451098394512602660,0.17857142857142858
1451287511667123211,0.0
1451347341381183351,0.029411764705882353
1451393953997410853,0.07317073170731707
1451402407543266171,0.037037037037037035
1451402494623157462,0.08823529411764706
1451411800370371071,0.0
1451509457195910570,0.10526315789473684
1451516290544107894,0.05555555555555555
1451521794272489092,0.0
1451525709986671891,0.02631578947368421
1451528975678120761,0.0
1451892718837181784,0.07142857142857142
1451947154442349073,0.07142857142857142
1451981173527909618,0.0
1452142184202332646,0.021739130434782608
1452220762302354066,0.05263157894736842
1452311358925310851,0.0
1452765413713897530,0.0
1452768952929419787,0.0
1452905825938003862,0.0
1452924648204246866,0.02564102564102564
1453604579817915358,0.0
1453640919602491239,0.05263157894736842
1453659416582737228,0.0
1453671448256446742,0.05263157894736842
1454159200596935870,0.0
1454901305464199390,0.03571428571428571
1454924465710415435,0.0
1455065542708012221,0.0
1455693561653852932,0.0
1456128119226357025,0.1111111111111111
1456181478854857929,0.0
1456555015735609806,0.0625
1456568740783562317,0.0
1457285805599088255,0.0
1457857103370218955,0.0
1458024132341280524,0.1
1458560423105813427,0.0
1459038190460794975,0.0
1459235700847368536,0.047619047619047616
1459375544389581870,0.0
1460140090467991980,0.05357142857142857
1460526158897409473,0.05
1460708256462028674,0.2
1461272258892373519,0.0
1461397923056506386,0.0
1461569242154778833,0.0
1462231457468972486,0.03333333333333333
1462247835920498794,0.0
1462273332064109131,0.05714285714285714
1462789449803657139,0.09090909090909091
1462817629545107867,0.12121212121212122
1462881026053815856,0.0
1462891447847177008,0.1111111111111111
1464032891324275382,0.0
1464568493269965302,0.07692307692307693
1465017003626584789,0.07142857142857142
1465039256241285944,0.14285714285714285
1465205656973890343,0.0
1465675345159834593,0.0
1465745235473925807,0.0
1465867717598381869,0.04
1465981204077006679,0.024390243902439025
1466541076328219936,0.0
1466670590414528350,0.0
1466687615711464846,0.020833333333333332
1467139511596114595,0.045454545454545456
1467217643652362099,0.0
1467398064267511860,0.08888888888888889
1467804622576362936,0.0
1467809364806955976,0.09090909090909091
1467812865990075908,0.25
1467814583279615616,0.0
1467817352793388972,0.1
1467821229079191098,0.07692307692307693
1467846222299024013,0.09090909090909091
1467847527855514791,0.13333333333333333
1467962243819762318,0.0
1468043743108233620,0.08163265306122448
1468214444191586336,0.1
1468248060688467629,0.05
1468291000694561333,0.14285714285714285
1468499560547103502,0.0
1468521907276367595,0.0
1468549980105060331,0.043478260869565216
1468552201387432920,0.2857142857142857
1468677455331578057,0.06666666666666667
1468978973849084148,0.0
1469511177069526502,0.045454545454545456
1469555912187891298,0.0
1469563799862258385,0.0
1470132844533796629,0.0
1470797597262337860,0.04285714285714286
1470837321633095256,0.15789473684210525
1471002481871034073,0.0
1471085431353888858,0.0
1471102803951837767,0.0
1471522035278375841,0.0
1471522411512305524,0.0
1471536694652680199,0.1111111111111111
1471547845792754192,0.1111111111111111
1471764985025369870,0.0
1471823087028943816,0.0
1471831673461631977,0.125
1472541872812079901,0.16666666666666666
1472854022404500326,0.04878048780487805
1472922741906402157,0.0
1472946259319187866,0.08571428571428572
1472980833694194085,0.0
1473537074425724278,0.04081632653061224
1473632501781859453,0.0
1473714517746359622,0.047619047619047616
1474411035194346963,0.0
1474461113428611488,0.16666666666666666
1475120404707810572,0.0
1475148523965281190,0.0
1475162054068250207,0.05128205128205128
1475983214871357541,0.0
1477357111887354010,0.0
1477455801801249551,0.021739130434782608
1478750150837122125,0.027777777777777776
1479504759442702450,0.0
1480258886064642951,0.0
1480268935978085487,0.0
1480378994140513230,0.03333333333333333
1480409925799381676,0.09090909090909091
1480907578010101568,0.09090909090909091
1481040450220876037,0.05714285714285714
1481070745572806801,0.0
1481086050418252155,0.034482758620689655
1481162293522527764,0.0
1481189968873444896,0.2
1481655501972984810,0.0
1481720534817123202,0.0
1482624825714372406,0.21428571428571427
1482668937366646989,0.0
1482826471380086175,0.04081632653061224
1483187784027386661,0.0
1484253250949325815,0.0
1484577379587301256,0.06060606060606061
1484624289458740734,0.0
1484636393559173426,0.0
1484816114638172401,0.0
1484834613384698580,0.125
1485594701317338376,0.06060606060606061
1485657008412894489,0.08333333333333333
1486147638301800739,0.0
1486587560914249731,0.0
1486610564350924651,0.0
1486627246221114049,0.0
1486634391280366147,0.16666666666666666
1486656993598348673,0.0
1486663486078577608,0.0
1486669882767782472,0.0
1486701179817205505,0.0
1486740654831419843,0.0
1486748575452290137,0.0
1486755334410728333,0.0
1486761955476283008,0.0
1486775408003150654,0.2
1486799549687440506,0.2
1486811128564580478,0.0
1486815700043984929,0.125
1486820185852673643,0.0
1486917688143476805,0.25
1486925726980444695,0.0
1486929490749086833,0.0
1486962192945771434,0.16666666666666666
1486962493027623858,0.0625
1486993396322243886,0.08333333333333333
1487003108434182094,0.041666666666666664
1487326264350437695,0.0
1487535111551743843,0.0
1488100966456201445,0.0
1488289428814168989,0.0
1488691856791023210,0.0
1489021577647996012,0.12
1489476503079423197,0.0
1489497763220619906,0.043478260869565216
1490474547123078247,0.125
1491209524288442825,0.08333333333333333
1491249209370879427,0.029411764705882353
1491259066288182451,0.0
1491298342803152663,0.058823529411764705
1492662781295842253,0.16666666666666666
1492678233673354799,0.2
1492721268025380221,0.0
1492736799680189846,0.14285714285714285
1492758166118448638,0.0
1493095979060485702,0.0
1493539252051747277,0.1
1494777577636965763,0.1
1494933593838255589,0.0
1494943656571177396,0.0
1495489300484891786,0.1111111111111111
1495542993854694608,0.0
1495545009404594331,0.0
1496102004831829197,0.0
1496306599964039235,0.0
1496356950607744562,0.0
1496358306511621891,0.0
1496375988421035580,0.2727272727272727
1496394038113347622,0.0
1496713989085294844,0.1111111111111111
1496725260336086871,0.0
1496734568010260012,0.0
1496949827906487266,0.03333333333333333
1496985738176931805,0.0
1497018420754301652,0.0
1497517729493582996,0.0
1497543452605818537,0.0
1497631809357229993,0.0
1497669505632066852,0.0
1497697848041207684,0.0
1497713891147216016,0.0
1497823265409734671,0.0
1498145292841542524,0.0
1498270759104675795,0.09090909090909091
1498295121745885571,0.0
1498308230639101170,0.42857142857142855
1498358417517385398,0.3333333333333333
1498379071554014894,0.0
1498420003858967867,0.0
1498447370487152857,0.0
1498466992779364264,0.0
1498626742891720683,0.0
1498718453042116907,0.0
1498732795305735603,0.0
1498842634914650091,0.0
1499224960237923065,0.0
1499663434704905016,0.0
1499820715429248975,0.0
1499925999491402292,0.25
1499964469691933358,0.0
1500373495125094791,0.0
1500460238314023699,0.0
1500462296909422399,0.25
1500546105718746227,0.0
1500679647837111315,0.18181818181818182
1501055450092853377,0.25
1501186115024793842,0.041666666666666664
1501324857093267782,0.07692307692307693
1501328285810134791,0.0
1501420142821040430,0.0
1501440293464892199,0.0
1501455062750607172,0.21428571428571427
1501594141290471914,0.0
1501612726061240242,0.0
1501779790791255349,0.0
1501784991071089286,0.0
1501795204260478230,0.0
1501805259570799430,0.0
1501912209817073780,0.08695652173913043
1502115998833944999,0.10810810810810811
1502372472144201414,0.058823529411764705
1502896042997124401,0.0
1502918698290771662,0.0
1502924656963132148,0.0
1503268594084799927,0.0
1503390015610732910,0.0
1504051028351073398,0.0
1504180218396070001,0.0625
1504317543290079045,0.0
1504342362975397147,0.0
1505551941770178517,0.030303030303030304
1505823993738749949,0.09615384615384616
1505826212341833359,0.0
1505978195708893456,0.0
1506194865472114907,0.03333333333333333
1506608177676370466,0.13043478260869565
1507099179976167985,0.047619047619047616
1507270895327785889,0.125
1507812292683132647,0.15625
1508314168460999840,0.0
1508417548493353247,0.0
1508608291600899968,0.08333333333333333
1508689125530518442,0.0
1508980455435650362,0.0
1509144019806731146,0.0
1509417190729769633,0.0
1509909039930845483,0.0
1510123446910280469,0.02857142857142857
1510907385850838856,0.0
1511131873523338756,0.0
1511266899245411683,0.16
1511562483758543428,0.037037037037037035
1511635165285336505,0.038461538461538464
1511649216878432602,0.0
1512426263085525469,0.0
1512848663726752782,0.0
1513058651734420212,0.0
1513068621374885523,0.0
1513071798350956848,0.0
1513126054551487157,0.5
1513134455725269198,0.0
1513566501217200801,0.0
1514027066831950527,0.0
1514307977398509002,0.041666666666666664
1514597041932816205,0.0
1514939342093062390,0.3333333333333333
1515619005921912093,0.0
1515644300627781640,0.0
1515678028061506001,0.0
1515718656026347806,0.0
1515788363414413545,0.0
1515800283749125888,0.0
1515815123651562811,0.125
1515835940940368972,0.25
1516013143302437358,0.058823529411764705
1516257210297983736,0.0
1516541838837053711,0.03333333333333333
1516562928257904814,0.0
1516754368077266042,0.041666666666666664
1517883686272140241,0.029411764705882353
1518069074080242096,0.0
1518732350564024084,0.1111111111111111
1518737907279350086,0.18181818181818182
1518783124112547210,0.0
1518787315802820219,0.0
1518912522829564599,0.0
1518914964936396669,0.07692307692307693
1518921804842359895,0.0
1518924830700557118,0.0625
1518927959915358319,0.0
1519167213817189920,0.0625
1519487046941064382,0.03571428571428571
1519625327967998319,0.041666666666666664
1520267716900054959,0.0136986301369863
1520791307973873005,0.0
1521475424215287349,0.08333333333333333
1521561755204666215,0.0
1521729681913363110,0.0
1521805140234432892,0.0
1521997503044158566,0.09090909090909091
1522105759274225036,0.0
1522240491877489715,0.08
1522247926760375549,0.0
1522287738979434994,0.2222222222222222
1522300518608933165,0.0
1522682717332086879,0.06666666666666667
1522807418123351196,0.125
1522821801582700212,0.2
1522841458019325479,0.0
1523333658689906864,0.0
1523661796781845943,0.0
1525130806313988932,0.0
1526856168149261958,0.0
1527395045072915324,0.0
1527420035604862531,0.0
1528249761800624699,0.04
1528256052475029438,0.07692307692307693
1528265522219655584,0.09090909090909091
1528270717490050725,0.0
1528281728199771921,0.06666666666666667
1528640650648499910,0.045454545454545456
1528860134572193437,0.0
1529491076737291401,0.07692307692307693
1529503290922424525,0.16
1529510124229912845,0.13043478260869565
1529515041382103733,0.05
1529520343654433560,0.09523809523809523
1529547527245862349,0.0
1529551514658055894,0.058823529411764705
1529654395045019896,0.0
1529682628580490424,0.06896551724137931
1530168187700344568,0.125
1530190956365655173,0.0
1530852836894571347,0.0
1531137130125061000,0.0
1531941458587301574,0.0
1532357470498089389,0.25
1532454946443593142,0.1
1532454988117874658,0.0
1532455040762912520,0.09523809523809523
1532470976789306223,0.037037037037037035
1532475175645234825,0.058823529411764705
1532587447772678223,0.045454545454545456
1532604229744592408,0.0
1532610636060450316,0.0
1532938033698518838,0.07407407407407407
1532959185058187634,0.043478260869565216
1532964429661406551,0.0
1532968016928262373,0.08695652173913043
1533020113982558441,0.06666666666666667
1533100065252759741,0.0
1533184472986855302,0.037037037037037035
1533557507750586521,0.08333333333333333
1533881075254259402,0.037037037037037035
1534601471630146245,0.0
1534606209341972862,0.07407407407407407
1534775650831018950,0.0
1534940988570961074,0.125
1535977309696294502,0.2
1535994914082674875,0.25
1536014961624885731,0.16666666666666666
1536097949928639856,0.0
1536123363488777519,0.0
1536255039070644586,0.13333333333333333
1536623375689904166,0.2857142857142857
1537721379693786721,0.0
1537874083677639860,0.0
1538113826444423047,0.0
1539085528506197975,0.0
1539093442616051440,0.0
1539220550483918690,0.0
1539675026951693917,0.0
1539847486881655270,0.0
1540185295758968473,0.0
1540416453962699879,0.0
1540983604286544016,0.0
1541040358901255178,0.0
1541184268614589264,0.25
1541259675332447411,0.2222222222222222
1541666085033119642,0.0
1542128395952625616,0.0
1542815602166503006,0.0
1543145851499329441,0.0
1543233967910775865,0.0
1543271244103759865,0.047619047619047616
1543297146152666517,0.0
1543487232480210468,0.1
1543498896464033415,0.14285714285714285
1544003116520266975,0.0
1544013850880721844,0.0
1544284752605866424,0.3333333333333333
1544594989553607299,0.0
1544724820713411742,0.0
1544734320536377531,0.08333333333333333
1544757021655552046,0.0
1544917805584994365,0.18181818181818182
1545073191304273633,0.07142857142857142
1546129561938743412,0.058823529411764705
1546440723908161040,0.14285714285714285
1546681863936522138,0.0
1546790952874191098,0.0
1546804480509117129,0.0
1547682958284189107,0.0
1548062440431132804,0.0
1548314740302796234,0.21428571428571427
1548345848922969593,0.14285714285714285
1548368299239425666,0.0
1548539017146439854,0.0
1548552356335330857,0.0
1548582589248821127,0.0
1548585284635143534,0.4
1549133673554512114,0.0
1549240482299584446,0.0
1549795643932095103,0.0
1549795653477100583,0.0
1549810767134331369,0.0
1549850905986461695,0.0
1549982644539877321,0.0
1550473100394620922,0.0
1550516119528338447,0.047619047619047616
1550586432826098523,0.0
1550700639641474324,0.0
1551274377445160128,0.0
1552030095884696436,0.0
1552164757298766964,0.0
1552166881832558396,0.1111111111111111
1552766699898532815,0.1111111111111111
1552893117449962111,0.0
1553068023920164834,0.0
1553341181617904179,0.0
1553359087960390027,0.2
1553415932069189028,0.0
1553825483238941769,0.0
1553828590657138835,0.0
1555077315806202790,0.0
1555167908382687589,0.0
1555189978513838955,0.15384615384615385
1555205153655633038,0.3333333333333333
1555762885083896657,0.0
1556440898461036962,0.2
1556499339485122464,0.0
1556529894727049905,0.4
1556535302013784524,0.0
1556548540749225604,0.5
1557285518277471403,0.25
1557722214226976099,0.0
1557752753592143443,0.2
1557955871248499767,0.18181818181818182
1558054238278822359,0.08333333333333333
1558409237712768132,0.0
1558547789007358928,0.0
1558553624441624567,0.13043478260869565
1559452363092978133,0.0
1560962827761219879,0.14285714285714285
1561386769676446385,0.043478260869565216
1561460678743161077,0.0
1561525922467921041,0.05555555555555555
1561731240672153139,0.07142857142857142
1561829977066105785,0.08823529411764706
1562056942508511544,0.0625
1562255463713704625,0.0
1562748802667566994,0.0
1563431698878151818,0.13636363636363635
1563441810152886375,0.0
1563521466580008699,0.0
1563569033190871795,0.0
1563620205120781377,0.0
1563863643220733327,0.0
1564559389317032810,0.0
1564774548733293063,0.0
1565231242604730909,0.0
1565816350547521368,0.0
1566462150865092975,0.0
1567151152219593880,0.11764705882352941
1567177218941064456,0.0
1567303624928657890,0.0
1567415301896176519,0.0
1567488842427220639,0.0
1567780695845961760,0.0
1567789248586733054,0.0
1568108496867805936,0.16666666666666666
1568148766093732630,0.09090909090909091
1568149060811940901,0.17647058823529413
1568486009009260452,0.0
1568632332032487717,0.0
1568675094506178372,0.0
1568853602524243175,0.03225806451612903
1569094503510181011,0.0625
1569298160896381635,0.0
1569318093323767051,0.0
1569319584152464045,0.16666666666666666
1569323954115954379,0.0
1569337267077621967,0.3333333333333333
1569339984911079852,0.0
1569368007363440750,0.0
1569395629033753395,0.15384615384615385
1569403760037347583,0.0
1569491539833565315,0.04
1569538870390671306,0.06060606060606061
1569584268690584116,0.09090909090909091
1569589020492528544,0.0
1570083152413822904,0.0
1570579418192399878,0.0
1570989366275631112,0.0
1571039009004937364,0.0
1571555756909986936,0.0
1571845177490740764,0.047619047619047616
1572168866605480512,0.06666666666666667
1572351011820557750,0.0
1572656195708179895,0.07692307692307693
1572976786502511081,0.0
1573050090275836775,0.1
1573131781192158454,0.3333333333333333
1573183301399069418,0.0
1573469925575961760,0.0
1573478349551116831,1.0
1573627821921442896,0.0
1573665384582393623,0.0
1573766702739724917,0.07142857142857142
1573792800650507829,0.0
1573809144712749979,0.16666666666666666
1573867180376272754,0.0
1573928216266351917,0.0
1574484457974312618,0.0
1574690038976045189,0.0
1575056225782651948,0.0
1575122403357077409,0.0
1575419476997266461,0.0
1576838303872336621,0.0
1576847891005320740,0.16666666666666666
1577474095851315925,0.15384615384615385
1577475852788697077,0.0
1577489562356520984,0.0
1577498585425651404,0.0
1577506794548083547,0.0
1577530366080730268,0.0
1577553400197152865,0.0
1577557145659253883,0.037037037037037035
1577557910321457323,0.0
1577986906842128416,0.0
1578027636061933077,0.05263157894736842
1578284613844609472,0.0
1578319043657750377,0.18181818181818182
1578324283401008953,0.0
1578775250809521393,0.0
1578830314679966125,0.25
1578864953781206057,0.0
1578966344783901916,0.0
1579004454624577392,0.05
1579012949496763603,0.08333333333333333
1579026622845625299,0.0
1579055940724117545,0.06666666666666667
1579105664117664475,0.0
1579117301291368173,0.0
1579132256265394963,0.0
1579501980712027437,0.0
1580394331196604741,0.0
1580788146734192525,0.0
1580851985487752436,0.5
1581693604031370626,0.05
1582007911591623492,0.0
1582018891451514221,0.14285714285714285
1582412145349692899,0.0
1583354672056965268,0.0
1583356027129860108,0.0
1583397528441464105,0.0
1583465973668047700,0.0
1583751586310550596,0.0
1583892924849064902,0.16666666666666666
1584005015196190224,0.0
1584073559165665369,0.0
1584568615460912943,0.0
1584615660327845124,0.15384615384615385
1584699880332685679,0.047619047619047616
1586185540335535220,0.0
1586633691171238245,0.0
1586698985051303550,0.0
1586744838346685411,0.0
1586759501526755943,0.0
1586780428711273213,0.0
1586809072268011770,0.0
1586832688866125916,0.0
1586837487669417343,0.0
1586910127413796161,0.0
1586914144894841557,0.2
1586922510378313234,0.0
1586927488008715887,0.0
1586934026419164129,0.0
1586959890606755498,0.125
1587364390884231914,0.5
1587373222631103566,0.0
1588083981036710645,0.0
1588269116014188480,0.14285714285714285
1588478657448231868,0.0
1588982366051716437,0.0
1588989835005061828,0.0
1589006945098825515,0.0
1589213215124660457,0.0
1590478723351473390,0.0
1591096220327621073,0.0
1591330388015188345,0.0
1591678875771088387,0.0
1591726138238028478,0.0
1591882330333159130,0.0
1592374416318662135,0.0
1592495147983611088,0.0
1592513234824904074,0.15384615384615385
1592515260397388464,0.13333333333333333
1593300398641536853,0.0
1593303329090909322,0.0
1594380543068597065,0.08333333333333333
1594704534042643164,0.0
1595030272837564534,0.0
1595460964162190214,0.0
1595520131659550994,0.0
1596202488143109341,0.5
1596743043468925511,0.2
1596990911162533843,0.0
1597461002464964195,0.0
1598287934559407192,0.0
1598376483205740679,0.0
1598582355554254205,0.0
1599673292132897450,0.0
1599685634185761096,0.07692307692307693
1599802106271273244,0.09090909090909091
1599824220659959303,0.0
1599875306887913655,0.08333333333333333
1600249739565698306,0.25
1600482052317320046,0.08333333333333333
1600796423948152891,0.0
1600845116881890680,0.06896551724137931
1600863264484162438,0.058823529411764705
1602729495193106428,0.0
1603318641099285374,0.0
1603496413577827060,0.0
1604231227842428750,0.0
1604925532964971717,0.0
1604964181407307994,0.0
1605574096197013271,0.037037037037037035
1605607617200789655,0.047619047619047616
1605776986023016720,0.0
1605777037471833172,0.0
1606226717350941558,0.06666666666666667
1606246363326527788,0.0
1606306325158046046,0.14285714285714285
1606346278880633411,0.0
1607004427615154162,0.0
1607271553183471518,0.0
1607356196112030092,0.1111111111111111
1607661614476337989,0.0
1607704570020063710,0.0
1607912567034602753,0.0
1607999688934524624,0.0
1608690786462948273,0.1
1608738787026948955,0.0
1609497192551231594,0.0
1609991916466085574,0.0
1610292795118592646,0.0
1610695811674307437,0.0
1610723970940150505,0.125
1610727736504768470,0.0
1610728121151738440,0.0
1610740536396777863,0.0
1610741774441785890,0.08333333333333333
1610771552715021502,0.0
1610882349000041218,0.13333333333333333
1611384951282603542,0.0
1611668493873363688,0.25
1611877306717309362,0.0
1612234467897979153,0.0
1612333383520646098,0.0
1612407927103872725,0.1111111111111111
1613518246385601229,0.05
1613822382525252755,0.0
1613983355941432632,0.09090909090909091
1614253303556298473,0.0625
1614414342959023610,0.0
1614415965799669777,0.1
1614436251548680691,0.07692307692307693
1614971336832201118,0.0
1615727371515857325,0.0
1615742141778400736,0.18181818181818182
1615752512038506708,0.0
1615759341163246512,0.0
1615853234682689411,0.0
1616418040706760853,0.0
1616461095378371682,0.0
1617109459354226859,0.0
1617119884120047637,0.16666666666666666
1617127533056720386,0.2
1617893083926949909,0.1111111111111111
1617993537095875662,0.0
1618171146065881794,0.0
1618177528976797554,0.0
1618695459085535801,0.0
1618739035817153426,0.0
1619236043461779773,0.16666666666666666
1619999506701645734,0.0
1621026831672949517,0.16666666666666666
1621125047803330346,0.125
1621139150672721925,0.2857142857142857
1623554915054020768,0.08333333333333333
1624471594564529671,0.0
1626476098600343886,0.0
1626659819498346064,0.0
1626777461460533309,0.0
1626834239257560857,0.08333333333333333
1627183926324776010,0.0
1627408029866440365,0.0
1627532048157192007,0.2
1628258784870307326,0.07692307692307693
1628304800171553713,0.0
1628772940346890036,0.0
1629348187019992168,0.0
1629403041581950031,0.0
1629456974212235118,0.14285714285714285
1629482725439351891,0.0
1629506996325032516,0.0
1629566397639571650,0.0
1629773866966332262,0.4
1629795063517407772,0.0
1629814560780073946,0.0
1629835497733259728,0.0
1629851066608344069,0.0
1629903120300561218,0.0
1630481125932837793,0.0
1631158899292193696,0.0
1631863073572065368,0.14285714285714285
1631867500256027242,0.5
1631892744325397851,0.0
1632202280659500113,0.0
1632385186690027639,0.0
1632455037165753415,0.0
1633226010890868211,0.0
1633286040105628696,0.16666666666666666
1634074691524100049,0.0
1634197434297066056,0.0
1634641715276321025,0.0
1634855665976386909,0.0
1635033005694490937,0.0
1635528583717466350,0.0
1635584533635909920,0.0
1635913286049518857,0.0
1635914073384486535,0.16666666666666666
1636297444865502622,1.0
1636882579889082627,0.0
1637058101095890265,0.125
1637332079718581464,0.0
1637373283618995641,0.0
1637393828348185919,0.0
1638101488157592014,0.0
1638218317493170654,0.0
1638254047602202272,0.0
1638276414329003746,0.0
1638459281028439979,0.0
1638932947032639208,0.0
1638971392626365459,0.0
1639114545307830926,0.0
1639487203735296930,0.0
1639556957783164998,0.16666666666666666
1639714929402627182,0.0
1639770749704870114,0.0
1639785721196721607,0.0
1639855185435252434,0.0
1640437743833454819,0.0
1640445058637237233,0.0
1640466546360547453,0.0
1641075957085346829,0.16666666666666666
1641115192642822148,0.0
1641974325936353347,0.25
1641997723823784062,0.0
1642503688743018079,0.0
1642582907977181950,0.0
1642584822645709781,0.0
1642703074644445452,0.0
1642848806359043116,0.125
1643080160428297928,0.0
1643291585984159157,0.0
1643297957271715723,0.0
1643357078285701143,0.0
1643380262842108682,0.0
1643399504869802901,0.0
1643426432006739304,0.0
1643564154512243022,0.0
1643871411104506547,0.0
1648304872144370506,0.0
1648545889483757998,0.0
1649348463249023934,0.0
1650039843317279135,0.0
1650588760057779466,0.0
1651335011104673689,0.25
1651374338376963681,0.0
1652132363648566243,0.0
1652349362226597044,0.0
1652367518108755769,0.0
1652639568402095734,0.4
1652649055615853795,0.0
1652657594009663561,0.14285714285714285
1652664679840919489,0.16666666666666666
1652670815279391995,0.1111111111111111
1652679251360766218,0.0
1652690647227553830,0.0
1652694085964161520,0.0
1652704642481022602,0.5
1652717692256600867,0.0
1652719484646440355,0.0
1653309164006573262,0.0
1653408784177351987,0.0
1653442737411549940,0.0
1653461680317040983,0.0
1653465060662596720,0.0
1653484790818133485,0.0
1653665837125099143,0.2
1653667480370407351,0.0
1654012735726854672,0.0
1654229366722293395,0.0
1654786535473345190,0.0
1654997426383360457,0.0
1655012006908942951,0.0
1655085646859448289,0.0
1655720511239131507,0.0
1657848719574236591,0.0
1658002260197182760,0.0
1658580551139335585,0.0
1659006015095971274,1.0
1659437632931629761,0.0
1659876112578601117,0.0
1659955124116007991,0.0
1660227865154921119,0.0
1660512336369250856,0.0
1660520788765431026,0.0
1660723211183510131,0.0
1660921251291187511,0.0
1661353987829418446,0.0
1661357354240406450,0.0
1661416036862899120,0.0
1662078285169980474,0.0
1662102206319650217,0.0
1662216486099283423,0.0
1662363601953713849,0.0
1662374584039808414,0.0
1662389500630081753,1.0
1662404291592239355,0.0
1662887715811477141,0.0
1662903351882275942,0.0
1662917871691987814,0.0
1663199315109099511,0.2
1663680537795395239,0.3333333333333333
1664279331405501393,0.0
1664552638439299512,0.125
1664886739997544465,0.0
1664890604024657646,0.0
1664943715825178461,0.0
1665042311752401766,0.0
1665268293038869757,0.0
1665963233160025608,0.0
1665996506359712975,0.0
1667888000444412423,0.0
1667890173162510547,0.25
1667933231450654862,0.0
1667945091232942885,0.0
1667947993151580919,0.2
1667954821545334681,0.0
1667965900431682430,0.5
1667970633589638844,0.0
1667992890848746569,0.0
1667996616306038827,0.0
1668001899323294195,0.0
1668059728790306686,0.0
1668197770027784150,0.0
1668672111152470065,0.0
1668934168326779909,0.0
1669198818938943247,0.0
1669200492814197640,0.3333333333333333
1669204283881776796,0.25
1669255493605008113,0.0
1669615238892735149,0.0
1669848424922470797,0.0
1670051530901913109,0.0
1670723377996395049,0.0
1670865855156838371,0.5
1670950355394971873,0.25
1671094419752199332,0.0
1671458297869854929,0.0
1671565732729091611,0.0
1671842507117914618,0.0
1672193904445040810,0.0
1672320536078451310,0.5
1672570651067647017,0.0
1672635080319058002,0.0
1672652513775501127,0.0
1672959290740358510,0.0
1672995315073580702,0.09090909090909091
1673014426923983745,0.0
1673016368638797375,0.0
1673875430284210501,0.0
1676685006785882710,0.0
1677619288759079749,0.0
1677624134879404875,0.0
1678728919814090639,0.0
1678792288136155898,0.0
1679002817860434654,0.0
1679077639844278235,0.0
1679406970341070543,0.0
1679432657441896443,0.0
1681668435834162099,0.07692307692307693
1682685909960329670,0.0
1683189304876826107,0.0
1683367732843011709,0.0
1683392740456573951,0.0
1684669144742647971,0.25
1685171147516552465,0.0
1685432829576645555,0.0
1685525753446516120,0.0
1686137085932033842,0.0
1686159232263831711,0.0
1686248789234637717,0.0
1687374325422995775,0.0
1687390955138766596,0.0
1687795752690579793,0.0
1688442055668697512,0.0
1688573047844278815,0.0
1688737823668320673,0.0
1688865459789024753,0.0
1689500223075067205,0.0
1689761901722349936,0.0
1689767988716396729,0.0
1689839054193955525,0.0
1689967311727125992,0.0
1690427289390745670,0.0
1690427449989038670,0.0
1690452295192918411,0.0
1690460475747659292,0.0
1690515715573255092,0.0
1690627773666798625,0.0
1690635384231512130,0.0
1690692732158865798,0.0
1691154980073602972,0.25
1691154993845621894,0.0
1691744064688504125,0.0
1691822132457876288,0.0
1691846528447686417,0.3333333333333333
1692017023399263716,0.5
1692026076874408405,0.0
1692035164658859477,0.0
1692209965085584812,0.0
1692557145964211630,0.16666666666666666
1692667236055336544,0.0
1693254543137941850,0.0
1693350386771661192,0.3333333333333333
1694301204334522239,0.5
1694751523175706477,0.0
1694951989281691640,0.0
1694970887996931255,0.2
1695378227083196750,0.0
1695478610757681330,0.0
1695678771989976762,0.0
1697051447854136644,0.0
1697145760917136255,0.0
1697198210288469234,0.0
1697483398471599334,0.0
1697503126900845235,0.0
1697682044620136363,0.0
1697688341699805402,0.0
1698247552751685716,0.0
1698357782975145705,0.0
1699275330917175120,0.0
1699686728282475033,0.0
1699752022991830706,0.0
1699889357129103427,0.0
1700017638468820537,0.0
1700444322157573154,0.0
1700954103825295687,0.0
1701419733943319228,0.0
1704222371625805354,0.0
1704222643566059964,0.3333333333333333
1709378099777573873,0.0
1713564882036107512,0.0
