object_id,url,標題,價格(元/月),押金(元),管理費(元),地址,行政區,路段,緯度,經度,格局,房,廳,衛,廚,陽台,可住人數,房型,建物型態,坪數,樓層,總樓層,最短租期(月),刊登日,出租方類型,特色標籤,家具家電,車位,租金含,租客條件,照片數,照片URL
lwm4pj9xeyff2vfp,https://www.dd-room.com/object/lwm4pj9xeyff2vfp,劍潭站●士林夜市●運動中心3+1房,68000,136000,0,臺北市士林區基河路,士林區,基河路,25.0980987,121.5144114,4房2廳2衛1廚1陽台,4,2,2,1,1,4.0,整層,elevator,48.5,10,16,12,2026-07-21,broker,可開伙、水泥隔間、有電梯、對外窗、垃圾代收、包裹代收、可報稅、水費照台水、電費照台電、有陽台、租金補貼,床、桌子、椅子、沙發、衣櫃、冷氣、洗衣機、冰箱、電視、流理台、熱水器、天然瓦斯、排油煙機、瓦斯爐,有汽車車位,未提供,未提供,12,https://static.dd-room.com/images/object/l/w/m/lwm4pj9xeyff2vfp/cover/1a7cd3c86294a69a9ffee5cbf5e07712_766x510.jpg | https://static.dd-room.com/images/object/l/w/m/lwm4pj9xeyff2vfp/cover/6742aca61fc2dfd7f3c8d078e293f3ab_766x510.jpg | https://static.dd-room.com/images/object/l/w/m/lwm4pj9xeyff2vfp/cover/e1f1cc4dcd1a51be30b9223b523ffeee_766x510.jpg | https://static.dd-room.com/images/object/l/w/m/lwm4pj9xeyff2vfp/cover/29df025b22441f3937765ebfdcdfc7a9_766x510.jpg | https://static.dd-room.com/images/object/l/w/m/lwm4pj9xeyff2vfp/cover/82d313abceeabfa41735e18e6e957e42_766x510.jpg | https://static.dd-room.com/images/object/l/w/m/lwm4pj9xeyff2vfp/cover/8650c60419fc47f571230c7353cfe7e3_766x510.jpg | https://static.dd-room.com/images/object/l/w/m/lwm4pj9xeyff2vfp/cover/219eafded24b5f0e8ea9ca7d98ecd6e6_766x510.jpg | https://static.dd-room.com/images/object/l/w/m/lwm4pj9xeyff2vfp/cover/5c38b1b962a607b3300b5aab749817b6_766x510.jpg | https://static.dd-room.com/images/object/l/w/m/lwm4pj9xeyff2vfp/cover/8d2003d146179b6a694a4b42afd5141d_766x510.jpg | https://static.dd-room.com/images/object/l/w/m/lwm4pj9xeyff2vfp/cover/bd06709e590d6390b592ab08f1856ced_766x510.jpg | https://static.dd-room.com/images/object/l/w/m/lwm4pj9xeyff2vfp/cover/15fd0d27141cc8d4ebb10da70a723425_766x510.jpg | https://static.dd-room.com/images/object/l/w/m/lwm4pj9xeyff2vfp/cover/0677ca44fc309c540a433f1b64769132_766x510.jpg
7kgrc8gpjgo931vt,https://www.dd-room.com/object/7kgrc8gpjgo931vt,近捷運忠孝新生【超值租案】可補助★採光優★垃圾代收,13999,27998,0,臺北市大安區八德路二段,大安區,八德路二段,25.0463441,121.5383265,1房1衛,1,0,1,0,0,2.0,獨立套房,apt,4.0,6,6,12,2026-07-21,broker,垃圾代收、租金補貼,冰箱、洗衣機、冷氣、熱水器、床、衣櫃、網路、天然瓦斯、桌子、椅子,未提供,未提供,未提供,6,https://img1.591.com.tw/house/2026/07/21/178463960040892605.png!1000x.png | https://img2.591.com.tw/house/2026/07/21/178463960055069200.png!1000x.png | https://img1.591.com.tw/house/2026/07/21/178463960020952008.png!1000x.png | https://img1.591.com.tw/house/2026/07/21/178463960015003303.png!1000x.png | https://img2.591.com.tw/house/2026/07/21/178463960043628607.png!1000x.png | https://img2.591.com.tw/house/2026/07/21/178463960013425002.png!1000x.png
aehhq6feci6xy0gs,https://www.dd-room.com/object/aehhq6feci6xy0gs,捷運景美5分【超值租案】可開伙★獨立衛浴★小資首選,8499,16998,0,臺北市文山區景興路,文山區,景興路,24.9903893,121.5430591,1房1衛,1,0,1,0,0,2.0,獨立套房,apt,4.0,4,4,12,2026-07-21,broker,可開伙,冰箱、洗衣機、電視、冷氣、熱水器、床、衣櫃、第四台、網路、天然瓦斯、桌子、椅子,未提供,未提供,未提供,7,https://renco-rentals-prod.s3.ap-northeast-1.amazonaws.com/43516/medium/96c134f6-f20c-4728-9bdb-3d1e5b5614c9.jpg | https://renco-rentals-prod.s3.ap-northeast-1.amazonaws.com/43516/medium/9fe1de3e-1501-418e-8f59-7dddb07068d0.jpg | https://renco-rentals-prod.s3.ap-northeast-1.amazonaws.com/43516/medium/9c25a44e-ec3b-4fe5-8ff0-359b9adb17ff.jpg | https://renco-rentals-prod.s3.ap-northeast-1.amazonaws.com/43516/medium/211ef81e-f245-4726-a3c2-c7d18f041e79.jpg | https://renco-rentals-prod.s3.ap-northeast-1.amazonaws.com/43516/medium/e6dff550-abe4-4b4b-b445-c103dadf7cae.jpg | https://renco-rentals-prod.s3.ap-northeast-1.amazonaws.com/43516/medium/ef4a9fb5-bf0a-4fa6-a744-74af24a7cf2d.jpg | https://renco-rentals-prod.s3.ap-northeast-1.amazonaws.com/43516/medium/2b7250c2-0fb3-4a0c-b827-efbc8f71af5c.jpg
bs97fvicw9edgxwv,https://www.dd-room.com/object/bs97fvicw9edgxwv,內湖區.捷運東湖站.共生宅.溫馨風設計感雅房502,10888,21774,0,臺北市內湖區安康路,內湖區,安康路,25.0647734,121.6089867,1房1衛1廚1陽台,1,0,1,1,1,2.0,分租套房,apt,6.0,5,5,12,2026-06-24,escrow,可無火煮食、對外窗、氣密窗、水泥隔間、租金補貼、有陽台,床、桌子、椅子、網路、冷氣、洗衣機、冰箱、電視、流理台、熱水器、住警器,未提供,水費、網路費,未提供,6,https://static.dd-room.com/images/object/b/s/9/bs97fvicw9edgxwv/cover/5f033ef64f5be94ba55e56b0d9bc10d9_766x510.jpg | https://static.dd-room.com/images/object/b/s/9/bs97fvicw9edgxwv/cover/768252aa9527c465b04dd5e5e6106097_766x510.jpg | https://static.dd-room.com/images/object/b/s/9/bs97fvicw9edgxwv/cover/a190269393c5daeb6984ef50249962a8_766x510.jpg | https://static.dd-room.com/images/object/b/s/9/bs97fvicw9edgxwv/cover/1bcdf5110032cf475cc353301144c3ad_766x510.jpg | https://static.dd-room.com/images/object/b/s/9/bs97fvicw9edgxwv/cover/3b7ec8099f358a9c79ad962d5332f512_766x510.jpg | https://static.dd-room.com/images/object/b/s/9/bs97fvicw9edgxwv/cover/97ca18c29ad36bd255d8ccaf4999df5d_766x510.jpg
axcwxpkfo9uzjhuk,https://www.dd-room.com/object/axcwxpkfo9uzjhuk,獨立套房、對外窗近台北商業大學、北科大,11000,22000,0,臺北市中正區杭州南路一段,中正區,杭州南路一段,25.0368297,121.5247724,1房1衛,1,0,1,0,0,2.0,獨立套房,apt,5.0,4,5,12,2026-07-21,broker,未提供,冰箱、洗衣機、冷氣、熱水器、床、衣櫃、天然瓦斯、桌子、椅子,未提供,未提供,未提供,4,https://renco-rentals-prod.s3.ap-northeast-1.amazonaws.com/43551/medium/dcbc9b60-f94d-443f-b52c-fb022def33d7.jpg | https://renco-rentals-prod.s3.ap-northeast-1.amazonaws.com/43551/medium/6b6a2cd5-6792-49f2-8238-f107edd74fa5.jpg | https://renco-rentals-prod.s3.ap-northeast-1.amazonaws.com/43551/medium/4706c4a6-871e-4d6d-917c-926e591289b8.jpg | https://renco-rentals-prod.s3.ap-northeast-1.amazonaws.com/43551/medium/3d94f07e-1da5-4a9d-9a48-a6366aca76cc.jpg
udtwimtxa06qmthf,https://www.dd-room.com/object/udtwimtxa06qmthf,近捷運萬芳醫院【優質2房2衛】可補助★垃圾代收★警衛管理,28499,56998,1400,臺北市文山區興隆路二段,文山區,興隆路二段,24.99929,121.5472572,2房2廳2衛1陽台,2,2,2,0,1,2.0,整層,elevator,18.0,6,6,12,2026-07-21,broker,可開伙、有電梯、垃圾代收、有陽台、租金補貼,冷氣、熱水器、衣櫃、天然瓦斯、桌子,未提供,未提供,未提供,12,https://renco-rentals-prod.s3.ap-northeast-1.amazonaws.com/43513/medium/e2b66a6b-df99-426c-a6da-bed952a0c764.jpg | https://renco-rentals-prod.s3.ap-northeast-1.amazonaws.com/43513/medium/c0efd5ec-19d6-48ec-973f-4ac75c75d643.jpg | https://renco-rentals-prod.s3.ap-northeast-1.amazonaws.com/43513/medium/bfa06806-177f-4f1d-8d31-83098f3bf6d0.jpg | https://renco-rentals-prod.s3.ap-northeast-1.amazonaws.com/43513/medium/51fe18d6-3d9c-4550-8eb1-e3e2ce36585a.jpg | https://renco-rentals-prod.s3.ap-northeast-1.amazonaws.com/43513/medium/b36080f5-8354-4d63-ac72-0ea7f19a7a32.jpg | https://renco-rentals-prod.s3.ap-northeast-1.amazonaws.com/43513/medium/e33a4d6b-aa5c-4f17-a075-969e7fdcc2fa.jpg | https://renco-rentals-prod.s3.ap-northeast-1.amazonaws.com/43513/medium/96e9224a-9cc1-4a65-81fa-e53cb6f731d6.jpg | https://renco-rentals-prod.s3.ap-northeast-1.amazonaws.com/43513/medium/82da8dc7-b3b7-4714-b4ca-e79d259d1d6c.jpg | https://renco-rentals-prod.s3.ap-northeast-1.amazonaws.com/43513/medium/eed1fbe8-dc84-4751-95bf-ba3678e4cfd1.jpg | https://renco-rentals-prod.s3.ap-northeast-1.amazonaws.com/43513/medium/4b407ce3-3feb-4a39-a1b0-5f115e8a8c05.jpg | https://renco-rentals-prod.s3.ap-northeast-1.amazonaws.com/43513/medium/36184ece-a5f4-4a18-9bf6-5e203aab389e.jpg | https://renco-rentals-prod.s3.ap-northeast-1.amazonaws.com/43513/medium/f95a461b-6268-4572-b5a9-c2a1622bd9b1.jpg
lzur6ckkjfmc0bdf,https://www.dd-room.com/object/lzur6ckkjfmc0bdf,捷運台電大樓3分【超值租案】免爬梯★獨立衛浴★師大專屬,8499,16998,0,臺北市中正區羅斯福路三段,中正區,羅斯福路三段,25.0210343,121.5293258,1房1衛,1,0,1,0,0,2.0,獨立套房,apt,2.0,1,3,12,2026-07-21,broker,未提供,冰箱、洗衣機、電視、冷氣、熱水器、床、衣櫃、第四台、網路、桌子、椅子,未提供,水費,未提供,6,https://renco-rentals-prod.s3.ap-northeast-1.amazonaws.com/43537/medium/4bfe7a60-740e-4004-b966-fa53b0fa9bbf.jpg | https://renco-rentals-prod.s3.ap-northeast-1.amazonaws.com/43537/medium/0a987017-a63b-4a8d-9aa3-a070718938ca.jpg | https://renco-rentals-prod.s3.ap-northeast-1.amazonaws.com/43537/medium/8f8a11df-170b-4467-8cac-88e70fc8c096.jpg | https://renco-rentals-prod.s3.ap-northeast-1.amazonaws.com/43537/medium/097f9abd-bb7b-4e34-b18f-a6fd6566952a.jpg | https://renco-rentals-prod.s3.ap-northeast-1.amazonaws.com/43537/medium/0372c870-0371-483b-a862-3e1c9266d7ed.jpg | https://renco-rentals-prod.s3.ap-northeast-1.amazonaws.com/43537/medium/1af5658b-d95e-42d2-994c-b3ee78757a2d.jpg
e1zjrqwfm6fhhkfi,https://www.dd-room.com/object/e1zjrqwfm6fhhkfi,近捷運辛亥【超值租案】可開伙★獨洗衣機★垃圾代收,9499,18998,0,臺北市文山區興隆路二段,文山區,興隆路二段,24.99929,121.5472572,1房1衛,1,0,1,0,0,2.0,獨立套房,elevator,3.0,2,9,12,2026-07-21,broker,可開伙、有電梯、垃圾代收,冰箱、洗衣機、冷氣、熱水器、床、衣櫃、第四台、網路、天然瓦斯、桌子、椅子,未提供,未提供,未提供,8,https://renco-rentals-prod.s3.ap-northeast-1.amazonaws.com/43530/medium/6659cfb0-bd13-4e72-a715-46c785573e4d.jpg | https://renco-rentals-prod.s3.ap-northeast-1.amazonaws.com/43530/medium/60b56a4b-2ac7-489c-84f1-65d269982fc2.jpg | https://renco-rentals-prod.s3.ap-northeast-1.amazonaws.com/43530/medium/58e77eee-9473-4249-8465-5fb47568cda4.jpg | https://renco-rentals-prod.s3.ap-northeast-1.amazonaws.com/43530/medium/1a50ed8d-fa58-47c3-a112-59aa5b869692.jpg | https://renco-rentals-prod.s3.ap-northeast-1.amazonaws.com/43530/medium/3bd438c6-ffd1-468e-98cc-e7268922ee5f.jpg | https://renco-rentals-prod.s3.ap-northeast-1.amazonaws.com/43530/medium/33334ebb-b4f4-4949-a369-f855da6a8f29.jpg | https://renco-rentals-prod.s3.ap-northeast-1.amazonaws.com/43530/medium/565c9561-4fc7-4672-a110-f7f86c21f5ed.jpg | https://renco-rentals-prod.s3.ap-northeast-1.amazonaws.com/43530/medium/f2c14c17-b72a-46a0-933e-e1f784ab4bcc.jpg
ermhljsmrhfp8hns,https://www.dd-room.com/object/ermhljsmrhfp8hns,政治大學【優質電梯】可補助★大空間★低樓層,14000,28000,0,臺北市文山區萬壽路,文山區,萬壽路,24.9812983,121.5852966,1房1衛1陽台,1,0,1,0,1,2.0,獨立套房,house,6.0,2,3,12,2026-07-21,broker,可開伙、有陽台、租金補貼,冰箱、洗衣機、電視、冷氣、熱水器、床、衣櫃、第四台、網路、桌子、椅子,未提供,未提供,未提供,5,https://renco-rentals-prod.s3.ap-northeast-1.amazonaws.com/43500/medium/6df2a20c-f4cb-4773-bec5-e3008577e51e.jpg | https://renco-rentals-prod.s3.ap-northeast-1.amazonaws.com/43500/medium/3dafb623-9163-47eb-9ed0-2470b995d1d8.jpg | https://renco-rentals-prod.s3.ap-northeast-1.amazonaws.com/43500/medium/48b3654e-4aae-450f-bf4b-fb6d1e3b39aa.jpg | https://renco-rentals-prod.s3.ap-northeast-1.amazonaws.com/43500/medium/0f7a36b0-f46d-45eb-a9b0-9e255de9bd7a.jpg | https://renco-rentals-prod.s3.ap-northeast-1.amazonaws.com/43500/medium/01e8f278-c837-4338-b222-d092ccb26d64.jpg
hqitpgc7epdbvpw7,https://www.dd-room.com/object/hqitpgc7epdbvpw7,近捷運士林站【優質電梯】可補助★大面採光★獨立陽台,35999,71998,0,臺北市士林區雨農路,士林區,雨農路,25.0996714,121.5325186,1房1衛1陽台,1,0,1,0,1,2.0,獨立套房,elevator,12.0,3,5,12,2026-07-21,broker,可開伙、有電梯、有陽台、租金補貼,冰箱、洗衣機、電視、冷氣、熱水器、床、衣櫃、沙發、桌子、椅子,未提供,未提供,未提供,10,https://renco-rentals-prod.s3.ap-northeast-1.amazonaws.com/43502/medium/271d572d-fc30-4259-9a74-6c2d7d9dc9d0.png | https://renco-rentals-prod.s3.ap-northeast-1.amazonaws.com/43502/medium/1f2a43e3-746f-4b73-9ea4-7da467937918.jpg | https://renco-rentals-prod.s3.ap-northeast-1.amazonaws.com/43502/medium/052cecb7-90b0-49f5-beac-8d2c48358890.jpg | https://renco-rentals-prod.s3.ap-northeast-1.amazonaws.com/43502/medium/e07acc6b-5f8d-4dbf-9cd3-6938bde786d5.jpg | https://renco-rentals-prod.s3.ap-northeast-1.amazonaws.com/43502/medium/8d680f5e-9025-4a00-a7f9-4bc8f549a564.jpg | https://renco-rentals-prod.s3.ap-northeast-1.amazonaws.com/43502/medium/3d35f2b3-bd60-4f4c-9f23-91f12dfa47fd.jpg | https://renco-rentals-prod.s3.ap-northeast-1.amazonaws.com/43502/medium/156c0f15-467d-4a38-94ea-ab36ba1bc49e.jpg | https://renco-rentals-prod.s3.ap-northeast-1.amazonaws.com/43502/medium/d2ed8635-84b7-412f-b760-722bc597ee4f.jpg | https://renco-rentals-prod.s3.ap-northeast-1.amazonaws.com/43502/medium/679859f1-e8ec-4c59-8147-72464836059a.jpg | https://renco-rentals-prod.s3.ap-northeast-1.amazonaws.com/43502/medium/f89f661c-64c7-45cd-ba10-485e84d7f19d.jpg
yhahfznvaxnqmaxv,https://www.dd-room.com/object/yhahfznvaxnqmaxv,★民權東★短租議★垃圾代收★捷運行天宮★松江市場,21000,0,0,臺北市中山區民權東路二段,中山區,民權東路二段,25.0627055,121.5277244,2房1廳1衛,2,1,1,0,0,2.0,整層,apt,10.0,2,4,3,2026-07-21,broker,可無火煮食、可養貓、可養狗、可養其他寵物、可開伙、對外窗、垃圾代收,床、桌子、椅子、沙發、衣櫃、網路、冷氣、洗衣機、冰箱、電視、第四台、熱水器,未提供,未提供,未提供,8,https://static.dd-room.com/images/object/y/h/a/yhahfznvaxnqmaxv/cover/56229de16c0dbd7808da8d05993cc245_766x510.jpg | https://static.dd-room.com/images/object/y/h/a/yhahfznvaxnqmaxv/cover/473c3a1037c0816b44e16b77e0894dae_766x510.jpg | https://static.dd-room.com/images/object/y/h/a/yhahfznvaxnqmaxv/cover/432138f9e36437d0005544fc1e2bc31b_766x510.jpg | https://static.dd-room.com/images/object/y/h/a/yhahfznvaxnqmaxv/cover/b8e9b9d05738516770c220e81b9fc44e_766x510.jpg | https://static.dd-room.com/images/object/y/h/a/yhahfznvaxnqmaxv/cover/a7365de9ac37944c7b7d5de31cc279f8_766x510.jpg | https://static.dd-room.com/images/object/y/h/a/yhahfznvaxnqmaxv/cover/ff978980f4420748fd1b79ea09aa6b64_766x510.jpg | https://static.dd-room.com/images/object/y/h/a/yhahfznvaxnqmaxv/cover/9c976d30703fd9cb5f11bbbf922e1fac_766x510.jpg | https://static.dd-room.com/images/object/y/h/a/yhahfznvaxnqmaxv/cover/ffabbf05d53d13264aaa569f8b00df66_766x510.jpg
jruwg7kcnpabseu8,https://www.dd-room.com/object/jruwg7kcnpabseu8,★信義路★短租議★收垃圾★陽台★捷運東門,22000,0,0,臺北市中正區信義路二段285,中正區,信義路二段,25.0460943,121.5193194,2房1廳1衛,2,1,1,0,0,2.0,整層,apt,15.0,4,4,3,2026-07-21,broker,可養貓、可養狗、垃圾代收、對外窗、氣密窗,床、桌子、椅子、沙發、衣櫃、網路、冷氣、洗衣機、冰箱、電視、第四台、電視盒、熱水器,未提供,未提供,未提供,15,https://static.dd-room.com/images/object/j/r/u/jruwg7kcnpabseu8/cover/842990f60dad929c77d7b80c3d7b5fea_766x510.jpg | https://static.dd-room.com/images/object/j/r/u/jruwg7kcnpabseu8/cover/52a00724e89249a49dd3e85ee659e053_766x510.jpg | https://static.dd-room.com/images/object/j/r/u/jruwg7kcnpabseu8/cover/32a7460a75fc12e174f4124afecea165_766x510.jpg | https://static.dd-room.com/images/object/j/r/u/jruwg7kcnpabseu8/cover/ca1e33a20640734435c9cf97525718e1_766x510.jpg | https://static.dd-room.com/images/object/j/r/u/jruwg7kcnpabseu8/cover/473ab1c38de2cb9871004309c5fa9599_766x510.jpg | https://static.dd-room.com/images/object/j/r/u/jruwg7kcnpabseu8/cover/1dad045f33ceac32bd07d34d5ff78152_766x510.jpg | https://static.dd-room.com/images/object/j/r/u/jruwg7kcnpabseu8/cover/6516365aa026e0cf3c76942b5e040d0c_766x510.jpg | https://static.dd-room.com/images/object/j/r/u/jruwg7kcnpabseu8/cover/b0b0e26bab74b446c0f8836eebddab62_766x510.jpg | https://static.dd-room.com/images/object/j/r/u/jruwg7kcnpabseu8/cover/577375795918ed32d10a0402b6062a09_766x510.jpg | https://static.dd-room.com/images/object/j/r/u/jruwg7kcnpabseu8/cover/68c07b19ce8207692437426e54a3a53b_766x510.jpg | https://static.dd-room.com/images/object/j/r/u/jruwg7kcnpabseu8/cover/cecb1d5f2af76292ea4de84b0db38d63_766x510.jpg | https://static.dd-room.com/images/object/j/r/u/jruwg7kcnpabseu8/cover/d08cf94d1f8c5d2144ccbdfd7fc5f5cf_766x510.jpg | https://static.dd-room.com/images/object/j/r/u/jruwg7kcnpabseu8/cover/52067a1d946e19db131faab0339e433f_766x510.jpg | https://static.dd-room.com/images/object/j/r/u/jruwg7kcnpabseu8/cover/323d0cf0e202c0b23ce384e408f4f479_766x510.jpg | https://static.dd-room.com/images/object/j/r/u/jruwg7kcnpabseu8/cover/6fccadd90f82966d5b2629616ed0acc3_766x510.jpg
dfodiohlnva6zefu,https://www.dd-room.com/object/dfodiohlnva6zefu,★新生北★捷運中山國小★收垃圾★皆有窗★可短租,23000,0,0,臺北市中山區新生北路三段,中山區,新生北路三段,25.0655896,121.5290694,2房1廳1衛,2,1,1,0,0,2.0,整層,apt,15.0,4,4,3,2026-07-21,broker,可養貓、可養狗、垃圾代收、對外窗,床、桌子、椅子、沙發、衣櫃、網路、冷氣、洗衣機、冰箱、電視、第四台、流理台、熱水器,未提供,未提供,未提供,12,https://static.dd-room.com/images/object/d/f/o/dfodiohlnva6zefu/cover/58e991768fbf7871e4ebfe06a6a5c277_766x510.jpg | https://static.dd-room.com/images/object/d/f/o/dfodiohlnva6zefu/cover/5fb753768b0ba494db39d21ea08de1b9_766x510.jpg | https://static.dd-room.com/images/object/d/f/o/dfodiohlnva6zefu/cover/5dce96e349c25e2d40b6fc2959e5dfef_766x510.jpg | https://static.dd-room.com/images/object/d/f/o/dfodiohlnva6zefu/cover/b98d49abcd1b7569e5d8f0258af1c675_766x510.jpg | https://static.dd-room.com/images/object/d/f/o/dfodiohlnva6zefu/cover/a62db2e4e21842114f218d3a968117bb_766x510.jpg | https://static.dd-room.com/images/object/d/f/o/dfodiohlnva6zefu/cover/5e1a96321ffd31bc5bc11e42dc0f4166_766x510.jpg | https://static.dd-room.com/images/object/d/f/o/dfodiohlnva6zefu/cover/f3b5b68cd7e00b5a17ebf6a62f5aa4e3_766x510.jpg | https://static.dd-room.com/images/object/d/f/o/dfodiohlnva6zefu/cover/65a8f25c59b78530459ed07cd2c13491_766x510.jpg | https://static.dd-room.com/images/object/d/f/o/dfodiohlnva6zefu/cover/9bf4168a387d0b308942e57c63c08e52_766x510.jpg | https://static.dd-room.com/images/object/d/f/o/dfodiohlnva6zefu/cover/9dedaf502b22d6631805b32e2146d472_766x510.jpg | https://static.dd-room.com/images/object/d/f/o/dfodiohlnva6zefu/cover/83e01e00eb9d43e64a75565f56548b02_766x510.jpg | https://static.dd-room.com/images/object/d/f/o/dfodiohlnva6zefu/cover/d4c1e7323ab001c66ec7d6e468f4850b_766x510.jpg
slfwmcq09wr4fsv9,https://www.dd-room.com/object/slfwmcq09wr4fsv9,★南京西★北門捷運★迪化商圈★禁菸寵★電梯大樓,14000,0,0,臺北市大同區南京西路,大同區,南京西路,25.0537899,121.5156011,1房1衛,1,0,1,0,0,2.0,分租套房,elevator,7.0,8,9,12,2026-06-17,broker,對外窗、氣密窗、有電梯,床、桌子、椅子、衣櫃、網路、冷氣、冰箱、電視、第四台、熱水器,未提供,水費、第四台、網路費,未提供,7,https://static.dd-room.com/images/object/s/l/f/slfwmcq09wr4fsv9/cover/d686e22ca5ccae696d196d3d7ca65324_766x510.jpg | https://static.dd-room.com/images/object/s/l/f/slfwmcq09wr4fsv9/cover/002b544f58699a5d94e1f5b7f3145583_766x510.jpg | https://static.dd-room.com/images/object/s/l/f/slfwmcq09wr4fsv9/cover/ef5cd4cddcdfd6a9f5b4d44ace6a6664_766x510.jpg | https://static.dd-room.com/images/object/s/l/f/slfwmcq09wr4fsv9/cover/d8b09f00127c1164402c3de4ea2bc611_766x510.jpg | https://static.dd-room.com/images/object/s/l/f/slfwmcq09wr4fsv9/cover/11620e618770be5eb32bc6a2e2b74007_766x510.jpg | https://static.dd-room.com/images/object/s/l/f/slfwmcq09wr4fsv9/cover/f5304d771e6af8796a1518f417e05a0d_766x510.jpg | https://static.dd-room.com/images/object/s/l/f/slfwmcq09wr4fsv9/cover/2208b138fc3cb532f14997816b2eb4ca_766x510.jpg
60b839f7f0e5486bab30d979,https://www.dd-room.com/object/60b839f7f0e5486bab30d979,即將釋出.內湖區.東湖站.獨立陽台.舒適設計感套房A03,19888,39776,0,臺北市內湖區東湖路,內湖區,東湖路,25.0685659,121.6148739,1房1廳1衛1廚1陽台,1,1,1,1,1,2.0,獨立套房,apt,8.0,4,5,12,2026-07-21,escrow,可無火煮食、對外窗、水泥隔間、氣密窗、有陽台,床、桌子、沙發、衣櫃、網路、冷氣、洗衣機、冰箱、電視、第四台、流理台、熱水器、住警器,未提供,水費、第四台、網路費,未提供,10,https://static.dd-room.com/images/object/6/0/b/60b839f7f0e5486bab30d979/cover/c33904a35d8c5b438c6643479fbfe666_766x510.jpg | https://static.dd-room.com/images/object/6/0/b/60b839f7f0e5486bab30d979/cover/a59d87cd9843621549d489d40f586a75_766x510.jpg | https://static.dd-room.com/images/object/6/0/b/60b839f7f0e5486bab30d979/cover/f5c1e4cc4ed7a4b1eb7ddc2ca21d3e68_766x510.jpg | https://static.dd-room.com/images/object/6/0/b/60b839f7f0e5486bab30d979/cover/000aa4afd9af413d86295a0319a08593_766x510.jpg | https://static.dd-room.com/images/object/6/0/b/60b839f7f0e5486bab30d979/cover/b12ac63078b6b2fba1a2ce7b46a283cc_766x510.jpg | https://static.dd-room.com/images/object/6/0/b/60b839f7f0e5486bab30d979/cover/6e8647092ece8cd34349bd22bbff49f8_766x510.jpg | https://static.dd-room.com/images/object/6/0/b/60b839f7f0e5486bab30d979/cover/114737580263fa8c31e0775fb8e5efc9_766x510.jpg | https://static.dd-room.com/images/object/6/0/b/60b839f7f0e5486bab30d979/cover/02942a3047d0ae7bd42bd66a413bf539_766x510.jpg | https://static.dd-room.com/images/object/6/0/b/60b839f7f0e5486bab30d979/cover/3ef17c7ddbf0b2f4386d9aecbca30c77_766x510.jpg | https://static.dd-room.com/images/object/6/0/b/60b839f7f0e5486bab30d979/cover/885464cbb7ebef782254aa6f2bf2cf7d_766x510.jpg
s2exvka9qnhgos1f,https://www.dd-room.com/object/s2exvka9qnhgos1f,💓六張犁捷運/信義安和捷運/可養貓咪/可租補/短租可談,14999,29998,0,臺北市大安區通化街,大安區,通化街,25.0287281,121.5538123,1房1衛1陽台,1,0,1,0,1,2.0,獨立套房,apt,5.0,4,4,12,2026-07-21,broker,可無火煮食、可養貓、租金補貼、可報稅、有陽台、可入籍、對外窗,床、衣櫃、冷氣、洗衣機、熱水器,未提供,未提供,未提供,10,https://static.dd-room.com/images/object/s/2/e/s2exvka9qnhgos1f/cover/57a9e2412ad8592d3bf84602792e0045_766x510.jpg | https://static.dd-room.com/images/object/s/2/e/s2exvka9qnhgos1f/cover/2e0b8f6e4f9514f970c61f9662bc61fc_766x510.jpg | https://static.dd-room.com/images/object/s/2/e/s2exvka9qnhgos1f/cover/43756bbd038474c4c6bfe987674e897b_766x510.jpg | https://static.dd-room.com/images/object/s/2/e/s2exvka9qnhgos1f/cover/b2bb68ae46e55e56f393aca376748011_766x510.jpg | https://static.dd-room.com/images/object/s/2/e/s2exvka9qnhgos1f/cover/1dda3733006cf09ac8135d8e401e64a9_766x510.jpg | https://static.dd-room.com/images/object/s/2/e/s2exvka9qnhgos1f/cover/78379fb3d2de6f5d2a1c32756d59b86b_766x510.jpg | https://static.dd-room.com/images/object/s/2/e/s2exvka9qnhgos1f/cover/713297ab1f86b333cb21ff807508de73_766x510.jpg | https://static.dd-room.com/images/object/s/2/e/s2exvka9qnhgos1f/cover/40d4c91b50690ad6479b4f3174d44789_766x510.jpg | https://static.dd-room.com/images/object/s/2/e/s2exvka9qnhgos1f/cover/09e264c443de5bf4e796c4ef8103fc0f_766x510.jpg | https://static.dd-room.com/images/object/s/2/e/s2exvka9qnhgos1f/cover/37ec0017c24699cd6adebdc45d94847c_766x510.jpg
iy1pvbzz3n4iyymd,https://www.dd-room.com/object/iy1pvbzz3n4iyymd,💓政大📚景文高中/電梯套房/浴室小小窗/拎包入住,10500,21000,0,臺北市文山區木新路二段,文山區,木新路二段,24.9850982,121.5704141,1房1衛,1,0,1,0,0,2.0,獨立套房,elevator,6.0,-1,5,12,2026-07-21,broker,可無火煮食,床、桌子、椅子、衣櫃、冷氣、洗衣機、冰箱、電視、熱水器,未提供,未提供,未提供,15,https://static.dd-room.com/images/object/i/y/1/iy1pvbzz3n4iyymd/cover/fd7055ee3e90a94d6302b0d65e50f710_766x510.jpg | https://static.dd-room.com/images/object/i/y/1/iy1pvbzz3n4iyymd/cover/5525d238ee1e0db74ec7ef2cb24fc5b9_766x510.jpg | https://static.dd-room.com/images/object/i/y/1/iy1pvbzz3n4iyymd/cover/ba76944c65cf7eebe7fdd8beef039db2_766x510.jpg | https://static.dd-room.com/images/object/i/y/1/iy1pvbzz3n4iyymd/cover/fe637c68cb5cc547f05111236335162b_766x510.jpg | https://static.dd-room.com/images/object/i/y/1/iy1pvbzz3n4iyymd/cover/d5c7723ea50ef6ef4868a97943dd54e3_766x510.jpg | https://static.dd-room.com/images/object/i/y/1/iy1pvbzz3n4iyymd/cover/c102740916ab88c406fc8d4f4c479745_766x510.jpg | https://static.dd-room.com/images/object/i/y/1/iy1pvbzz3n4iyymd/cover/91f958356a6b4edc7bd9b06d0a49bab4_766x510.jpg | https://static.dd-room.com/images/object/i/y/1/iy1pvbzz3n4iyymd/cover/01faf35f39195ca34ad2f310fa6bc9f2_766x510.jpg | https://static.dd-room.com/images/object/i/y/1/iy1pvbzz3n4iyymd/cover/41b41992e6c8c4188a10aab0abbd4797_766x510.jpg | https://static.dd-room.com/images/object/i/y/1/iy1pvbzz3n4iyymd/cover/8b36779b5b06cc887886e0b29b78e6e3_766x510.jpg | https://static.dd-room.com/images/object/i/y/1/iy1pvbzz3n4iyymd/cover/1ae26d37235ea370bc6dd47b391ce7d4_766x510.jpg | https://static.dd-room.com/images/object/i/y/1/iy1pvbzz3n4iyymd/cover/23b6d2aa6925eeb60313f3848bf9042d_766x510.jpg | https://static.dd-room.com/images/object/i/y/1/iy1pvbzz3n4iyymd/cover/6a6d8fce45bac0cad10b474c9a884b00_766x510.jpg | https://static.dd-room.com/images/object/i/y/1/iy1pvbzz3n4iyymd/cover/07ee712f1231de95c06f1a282bba8ea2_766x510.jpg | https://static.dd-room.com/images/object/i/y/1/iy1pvbzz3n4iyymd/cover/a785d41cb51de050aa36c29e8ee9372b_766x510.jpg
e6zg678lu6bkwvee,https://www.dd-room.com/object/e6zg678lu6bkwvee,💓中山國小捷運電梯套房/可養貓/可租補/獨洗獨曬,17000,34000,0,臺北市中山區吉林路,中山區,吉林路,25.0500274,121.5300457,1房1衛,1,0,1,0,0,2.0,獨立套房,elevator,7.5,2,7,12,2026-07-21,broker,可無火煮食、可養貓、可報稅、可入籍、對外窗、可養其他寵物、租金補貼、保全設施、包裹代收,床、桌子、椅子、沙發、衣櫃、櫃子、冷氣、洗衣機、冰箱、電視、流理台、熱水器,未提供,未提供,未提供,12,https://static.dd-room.com/images/object/e/6/z/e6zg678lu6bkwvee/cover/55fa946c75c68c18574ad52e61086927_766x510.jpg | https://static.dd-room.com/images/object/e/6/z/e6zg678lu6bkwvee/cover/67fe746b2a18f03040d3faa340c1e99a_766x510.jpg | https://static.dd-room.com/images/object/e/6/z/e6zg678lu6bkwvee/cover/e082baac8587bcc06b0238cfa0c46627_766x510.jpg | https://static.dd-room.com/images/object/e/6/z/e6zg678lu6bkwvee/cover/f82a7d996ab3177a6c935bcd320f699b_766x510.jpg | https://static.dd-room.com/images/object/e/6/z/e6zg678lu6bkwvee/cover/7d9e29ffce880e58f65678c9ee0a7269_766x510.jpg | https://static.dd-room.com/images/object/e/6/z/e6zg678lu6bkwvee/cover/71372274cdb7d914481c28b47e42bf8f_766x510.jpg | https://static.dd-room.com/images/object/e/6/z/e6zg678lu6bkwvee/cover/2a8a874469fa9cb3b76539b3b8f2b664_766x510.jpg | https://static.dd-room.com/images/object/e/6/z/e6zg678lu6bkwvee/cover/f52d036a98143536e83ef998fa7beba0_766x510.jpg | https://static.dd-room.com/images/object/e/6/z/e6zg678lu6bkwvee/cover/1c88c8d0e5b396ec78e2766699addb09_766x510.jpg | https://static.dd-room.com/images/object/e/6/z/e6zg678lu6bkwvee/cover/6832533ec14e7d4c678e9a923e900e80_766x510.jpg | https://static.dd-room.com/images/object/e/6/z/e6zg678lu6bkwvee/cover/183d4c7d5d9e4ebb2806bb8ea406a440_766x510.jpg | https://static.dd-room.com/images/object/e/6/z/e6zg678lu6bkwvee/cover/0496e0926009afa781f7c23e2a314689_766x510.jpg
lhfbd3mwdrjtbamu,https://www.dd-room.com/object/lhfbd3mwdrjtbamu,💓秒殺/中山國小捷運電梯套房/可養貓/可租補,16000,32000,0,臺北市中山區吉林路,中山區,吉林路,25.0500274,121.5300457,1房1衛,1,0,1,0,0,2.0,獨立套房,elevator,7.0,2,7,12,2026-07-21,broker,可無火煮食、可養貓、租金補貼、可報稅、可入籍、對外窗、包裹代收,床、桌子、椅子、沙發、衣櫃、櫃子、冷氣、洗衣機、冰箱、電視、流理台、熱水器,未提供,未提供,未提供,13,https://static.dd-room.com/images/object/l/h/f/lhfbd3mwdrjtbamu/cover/21962c252b8876f12d0cd4902fecf499_766x510.jpg | https://static.dd-room.com/images/object/l/h/f/lhfbd3mwdrjtbamu/cover/a7ef699ac943df181ae9f41994d7a69d_766x510.jpg | https://static.dd-room.com/images/object/l/h/f/lhfbd3mwdrjtbamu/cover/c69294b23511c9f22cbb1736b34bfe7a_766x510.jpg | https://static.dd-room.com/images/object/l/h/f/lhfbd3mwdrjtbamu/cover/22b327f7dbee31986fee95b029cf07a0_766x510.jpg | https://static.dd-room.com/images/object/l/h/f/lhfbd3mwdrjtbamu/cover/070975aa84fb0dc518d0c3cc8cc2cea9_766x510.jpg | https://static.dd-room.com/images/object/l/h/f/lhfbd3mwdrjtbamu/cover/99fba045dafbf841378b35c1fc8adcae_766x510.jpg | https://static.dd-room.com/images/object/l/h/f/lhfbd3mwdrjtbamu/cover/8eb545d5b821015fc51381f827a2aecf_766x510.jpg | https://static.dd-room.com/images/object/l/h/f/lhfbd3mwdrjtbamu/cover/dd00b9a330243b6bafbc2acf0e7826c2_766x510.jpg | https://static.dd-room.com/images/object/l/h/f/lhfbd3mwdrjtbamu/cover/ec396c30bf761e0067b7ec41b72e1e9d_766x510.jpg | https://static.dd-room.com/images/object/l/h/f/lhfbd3mwdrjtbamu/cover/4ce6af533315872a225c71d864cf6185_766x510.jpg | https://static.dd-room.com/images/object/l/h/f/lhfbd3mwdrjtbamu/cover/94fab35362e8afb1d5250def9b166fb4_766x510.jpg | https://static.dd-room.com/images/object/l/h/f/lhfbd3mwdrjtbamu/cover/228f431884c78b95c9189f865573c2bc_766x510.jpg | https://static.dd-room.com/images/object/l/h/f/lhfbd3mwdrjtbamu/cover/6a4fdbb7a7790e1eab976844a13de762_766x510.jpg
j2yinavurtxtirvi,https://www.dd-room.com/object/j2yinavurtxtirvi,💓秒殺/中山國小捷運電梯套房/可養寵物/代收包裹/短租可談,16000,32000,0,臺北市中山區吉林路,中山區,吉林路,25.0500274,121.5300457,1房1衛,1,0,1,0,0,2.0,獨立套房,elevator,7.5,2,7,12,2026-07-21,broker,可無火煮食、可養貓、可報稅、有電梯、可入籍、對外窗、包裹代收,床、桌子、椅子、沙發、衣櫃、櫃子、冷氣、洗衣機、冰箱、電視、流理台、熱水器,未提供,未提供,未提供,6,https://static.dd-room.com/images/object/j/2/y/j2yinavurtxtirvi/cover/99a81f4b0d182f6ded6065bf0b39d6cd_766x510.jpg | https://static.dd-room.com/images/object/j/2/y/j2yinavurtxtirvi/cover/819f5ccb398d17522460b0974858b3fd_766x510.jpg | https://static.dd-room.com/images/object/j/2/y/j2yinavurtxtirvi/cover/0fad6871a088296262ebf8b8ee82b90a_766x510.jpg | https://static.dd-room.com/images/object/j/2/y/j2yinavurtxtirvi/cover/0516e7885305e41f64c0230e1d80662d_766x510.jpg | https://static.dd-room.com/images/object/j/2/y/j2yinavurtxtirvi/cover/eca9b501e801b50f65d6e18a904f582e_766x510.jpg | https://static.dd-room.com/images/object/j/2/y/j2yinavurtxtirvi/cover/41a33621963a8ead31d4719453192fd1_766x510.jpg
fd16gmssvbiy5qr5,https://www.dd-room.com/object/fd16gmssvbiy5qr5,7/26退租才可看💓松江捷運電梯套房可租補可養貓短租可談,14500,29000,0,臺北市中山區南京東路二段,中山區,南京東路二段,25.0519468,121.5351156,1房1衛,1,0,1,0,0,2.0,獨立套房,elevator,6.0,5,8,12,2026-07-21,broker,可無火煮食、可養貓、租金補貼、可報稅、有電梯、可入籍、可養其他寵物,床、桌子、椅子、衣櫃、冷氣、洗衣機、冰箱、電視、熱水器,未提供,未提供,未提供,7,https://static.dd-room.com/images/object/f/d/1/fd16gmssvbiy5qr5/cover/e45f9f0f478850bd705d675faeab1f3c_766x510.jpg | https://static.dd-room.com/images/object/f/d/1/fd16gmssvbiy5qr5/cover/67854fee1d331533e46f5a418d5eb9b8_766x510.jpg | https://static.dd-room.com/images/object/f/d/1/fd16gmssvbiy5qr5/cover/687dd5e3e77959080c560f118cac5483_766x510.jpg | https://static.dd-room.com/images/object/f/d/1/fd16gmssvbiy5qr5/cover/0d18b7cee31f869553dc3f4910db0f13_766x510.jpg | https://static.dd-room.com/images/object/f/d/1/fd16gmssvbiy5qr5/cover/f51653aa6e5ba1e82253fee388212e23_766x510.jpg | https://static.dd-room.com/images/object/f/d/1/fd16gmssvbiy5qr5/cover/b3426710430d52a25d944636561195b6_766x510.jpg | https://static.dd-room.com/images/object/f/d/1/fd16gmssvbiy5qr5/cover/16fb633bdbb433a477384e84e3be086b_766x510.jpg
m0idfuiehhu9xsvi,https://www.dd-room.com/object/m0idfuiehhu9xsvi,還沒退租還不能看/古亭捷運套房請加賴登記/看內文,14000,28000,0,臺北市大安區羅斯福路三段,大安區,羅斯福路三段,25.0210343,121.5293258,1房1衛,1,0,1,0,0,2.0,獨立套房,apt,6.0,3,5,12,2026-07-21,broker,可無火煮食、可養貓、可報稅、可入籍、對外窗、可養其他寵物,床、桌子、椅子、沙發、衣櫃、冷氣、洗衣機、冰箱、電視、熱水器,未提供,未提供,未提供,9,https://static.dd-room.com/images/object/m/0/i/m0idfuiehhu9xsvi/cover/88cde3e35366cedc58eacaba669a56d5_766x510.jpg | https://static.dd-room.com/images/object/m/0/i/m0idfuiehhu9xsvi/cover/99e39da42f32918147e6935ba36560b1_766x510.jpg | https://static.dd-room.com/images/object/m/0/i/m0idfuiehhu9xsvi/cover/1d45f53ae2ef371103607c8c591dbcde_766x510.jpg | https://static.dd-room.com/images/object/m/0/i/m0idfuiehhu9xsvi/cover/9b9d94c164c14aa8ecc1cab435aca878_766x510.jpg | https://static.dd-room.com/images/object/m/0/i/m0idfuiehhu9xsvi/cover/185d6a35670b07521ff2a9967d83ea5a_766x510.jpg | https://static.dd-room.com/images/object/m/0/i/m0idfuiehhu9xsvi/cover/f32eb00a0da54aad9076938560b115de_766x510.jpg | https://static.dd-room.com/images/object/m/0/i/m0idfuiehhu9xsvi/cover/73ef0a96468dcfa34f53c70ad44e3db1_766x510.jpg | https://static.dd-room.com/images/object/m/0/i/m0idfuiehhu9xsvi/cover/6998f46815b93e1f1b183471255ffe28_766x510.jpg | https://static.dd-room.com/images/object/m/0/i/m0idfuiehhu9xsvi/cover/240b7c88403a0688cb13ab0c512092f3_766x510.jpg
5xtlpivizcotk20i,https://www.dd-room.com/object/5xtlpivizcotk20i,免佣）捷運松江南京【優質2房2廳】新裝潢★警衛管理★外商首選,55997,111994,3700,臺北市中山區建國北路一段,中山區,建國北路一段,25.0501503,121.5370083,2房2廳1衛1陽台,2,2,1,0,1,2.0,整層,elevator,21.0,3,15,12,2026-07-21,broker,可開伙、有電梯、有陽台、免仲介費,未提供,未提供,未提供,未提供,9,https://renco-rentals-prod.s3.ap-northeast-1.amazonaws.com/27681/medium/dd283e0f-a515-4415-9500-02a18aac8fdf.jpeg | https://renco-rentals-prod.s3.ap-northeast-1.amazonaws.com/27681/medium/17dd7a6d-9858-4ad3-ad69-7c6289bf67d3.jpeg | https://renco-rentals-prod.s3.ap-northeast-1.amazonaws.com/27681/medium/7c164440-19f0-49c5-a0f9-3e97b0bb49c9.jpeg | https://renco-rentals-prod.s3.ap-northeast-1.amazonaws.com/27681/medium/36861d59-2ae9-4312-92c2-8f90b5183b0e.jpeg | https://renco-rentals-prod.s3.ap-northeast-1.amazonaws.com/27681/medium/958b450d-6003-43a2-9563-448f889e29c3.jpeg | https://renco-rentals-prod.s3.ap-northeast-1.amazonaws.com/27681/medium/770828eb-255f-4a9c-b150-3a5d920741ce.jpeg | https://renco-rentals-prod.s3.ap-northeast-1.amazonaws.com/27681/medium/fd4b7a2c-2ab0-4897-a3e0-9aa54166bd6d.jpeg | https://renco-rentals-prod.s3.ap-northeast-1.amazonaws.com/27681/medium/01272c1a-5d20-4030-bb5c-585296aa778a.jpeg | https://renco-rentals-prod.s3.ap-northeast-1.amazonaws.com/27681/medium/e759b3d8-5480-4107-9548-d864c76c8159.jpeg
5fa4f50ef0e548fd604202f6,https://www.dd-room.com/object/5fa4f50ef0e548fd604202f6,即將釋出.內湖區.捷運內湖站.獨立陽台.舒適採光設計感套房A03,18888,37776,0,臺北市內湖區內湖路三段,內湖區,內湖路三段,25.1015132,121.570029,1房1廳1衛1廚1陽台,1,1,1,1,1,2.0,獨立套房,apt,8.0,4,5,12,2026-07-20,escrow,可無火煮食、對外窗、氣密窗、水泥隔間、有陽台,床、桌子、沙發、衣櫃、網路、冷氣、洗衣機、冰箱、電視、第四台、流理台、熱水器、電磁爐、住警器,未提供,水費、第四台、網路費,未提供,12,https://static.dd-room.com/images/object/5/f/a/5fa4f50ef0e548fd604202f6/cover/427e44f739475f720fe2d18242337055_766x510.jpg | https://static.dd-room.com/images/object/5/f/a/5fa4f50ef0e548fd604202f6/cover/9be0f994043b2c34e5dcbc2441a7ebca_766x510.jpg | https://static.dd-room.com/images/object/5/f/a/5fa4f50ef0e548fd604202f6/cover/bda10b642e8fa9701dddc64508fad447_766x510.jpg | https://static.dd-room.com/images/object/5/f/a/5fa4f50ef0e548fd604202f6/cover/1e189c31e2e5f574b37a42bd29b8efb7_766x510.jpg | https://static.dd-room.com/images/object/5/f/a/5fa4f50ef0e548fd604202f6/cover/dd6a2335fa59c5abf7e3a3149f6f3153_766x510.jpg | https://static.dd-room.com/images/object/5/f/a/5fa4f50ef0e548fd604202f6/cover/1174153d628a6073f3926f9d4b0f85da_766x510.jpg | https://static.dd-room.com/images/object/5/f/a/5fa4f50ef0e548fd604202f6/cover/fd8a69b4913b59207f9a9f23a629ab5f_766x510.jpg | https://static.dd-room.com/images/object/5/f/a/5fa4f50ef0e548fd604202f6/cover/653994edcbb7a5b870cd52a7f91f2035_766x510.jpg | https://static.dd-room.com/images/object/5/f/a/5fa4f50ef0e548fd604202f6/cover/c13851f6ba8ed1bd5ee9694f17cc06c5_766x510.jpg | https://static.dd-room.com/images/object/5/f/a/5fa4f50ef0e548fd604202f6/cover/69475d11044ea2d1e9236be529813209_766x510.jpg | https://static.dd-room.com/images/object/5/f/a/5fa4f50ef0e548fd604202f6/cover/448c8672b3e493425aadf8bdfae33259_766x510.jpg | https://static.dd-room.com/images/object/5/f/a/5fa4f50ef0e548fd604202f6/cover/a3c1d127a6c79713dd9deef52e5c2bf5_766x510.jpg
jqiod27hemmovxnn,https://www.dd-room.com/object/jqiod27hemmovxnn,🌳大安MRT＆全套家具家電＆明亮採光陽台美宅,30000,60000,3000,臺北市大安區信義路三段,大安區,信義路三段,25.0333951,121.5387475,1房1衛1廚1陽台,1,0,1,1,1,1.0,整層,elevator,11.0,4,14,12,2026-07-20,broker,可無火煮食、對外窗、有電梯、水泥隔間、垃圾代收、包裹代收、可報稅、水費照台水、電費照台電、有陽台,床、桌子、椅子、沙發、衣櫃、櫃子、冷氣、洗衣機、冰箱、電視、流理台、熱水器、排油煙機,有機車車位、有汽車車位,未提供,未提供,15,https://static.dd-room.com/images/object/j/q/i/jqiod27hemmovxnn/cover/112209e27adc03ba11d57d2d3ae849af_766x510.jpg | https://static.dd-room.com/images/object/j/q/i/jqiod27hemmovxnn/cover/0c6a7edfaae283d462666699821a2f64_766x510.jpg | https://static.dd-room.com/images/object/j/q/i/jqiod27hemmovxnn/cover/1bdca4adcced749a4480e77e72ea2d8d_766x510.jpg | https://static.dd-room.com/images/object/j/q/i/jqiod27hemmovxnn/cover/fdf843a23dfe57efa23267b53a128675_766x510.jpg | https://static.dd-room.com/images/object/j/q/i/jqiod27hemmovxnn/cover/054cbd1153ff9698f404beed437d5871_766x510.jpg | https://static.dd-room.com/images/object/j/q/i/jqiod27hemmovxnn/cover/4d8d4f61c7ea5c26c88f7aeb0decd24d_766x510.jpg | https://static.dd-room.com/images/object/j/q/i/jqiod27hemmovxnn/cover/f86635293ca2fa9fad047eaeba4782c6_766x510.jpg | https://static.dd-room.com/images/object/j/q/i/jqiod27hemmovxnn/cover/fbf2e27c7dfaed45cfa206e74eb5e853_766x510.jpg | https://static.dd-room.com/images/object/j/q/i/jqiod27hemmovxnn/cover/1698e7c39447a2bd48eecb1a4bd439a2_766x510.jpg | https://static.dd-room.com/images/object/j/q/i/jqiod27hemmovxnn/cover/c1fb4e577b71db0e40e599368a6089e0_766x510.jpg | https://static.dd-room.com/images/object/j/q/i/jqiod27hemmovxnn/cover/fe507b81feb385ea1aa343d837b6ae39_766x510.jpg | https://static.dd-room.com/images/object/j/q/i/jqiod27hemmovxnn/cover/35b514b4f574cc5e3eda5c4126e968c9_766x510.jpg | https://static.dd-room.com/images/object/j/q/i/jqiod27hemmovxnn/cover/28d4ff49a346a96307302be0b2578420_766x510.jpg | https://static.dd-room.com/images/object/j/q/i/jqiod27hemmovxnn/cover/92194e66b8324ee2349a42c09d91ede2_766x510.jpg | https://static.dd-room.com/images/object/j/q/i/jqiod27hemmovxnn/cover/aa74c48431b0dd181193a6b1d5fef3ce_766x510.jpg
l5mm9rzreqof6bhj,https://www.dd-room.com/object/l5mm9rzreqof6bhj,捷運士林2分【超值租案】採光優★獨立衛浴★低樓層,11999,23998,0,臺北市士林區中正路,士林區,中正路,25.0946753,121.5232748,1房1衛,1,0,1,0,0,2.0,獨立套房,apt,4.0,2,3,12,2026-07-20,broker,未提供,冰箱、洗衣機、電視、冷氣、熱水器、床、衣櫃、第四台、網路、沙發、桌子、椅子,未提供,未提供,未提供,5,https://renco-rentals-prod.s3.ap-northeast-1.amazonaws.com/43455/medium/023eb124-c5cf-4486-9ced-2a95d4aaae8d.jpg | https://renco-rentals-prod.s3.ap-northeast-1.amazonaws.com/43455/medium/87953af4-b9b4-4d0c-bfb5-a5f8a8ccdab3.jpg | https://renco-rentals-prod.s3.ap-northeast-1.amazonaws.com/43455/medium/4b2a450e-1e51-4e81-ac85-2672a2c3c1cc.jpg | https://renco-rentals-prod.s3.ap-northeast-1.amazonaws.com/43455/medium/e3400409-156c-491f-be83-9557f411b5a8.jpg | https://renco-rentals-prod.s3.ap-northeast-1.amazonaws.com/43455/medium/386a0281-9412-4fba-b31c-166b5986f30a.jpg
gvwzkaskrnm58n6k,https://www.dd-room.com/object/gvwzkaskrnm58n6k,捷運中山國中【超值２＋１房２衛】大露台★可補助★精緻裝潢,35999,71998,0,臺北市中山區合江街,中山區,合江街,25.057273,121.5391556,2房2廳2衛1陽台,2,2,2,0,1,2.0,整層,apt,19.0,4,5,12,2026-07-20,broker,可開伙、有陽台、租金補貼,冰箱、洗衣機、冷氣、熱水器、床、衣櫃、天然瓦斯、桌子、椅子,未提供,未提供,未提供,13,https://renco-rentals-prod.s3.ap-northeast-1.amazonaws.com/43392/medium/85075293-7aca-41ca-9230-16eabf69ca1e.jpg | https://renco-rentals-prod.s3.ap-northeast-1.amazonaws.com/43392/medium/921954d3-5ce3-4ff4-841e-50847a07ed54.jpg | https://renco-rentals-prod.s3.ap-northeast-1.amazonaws.com/43392/medium/c46b5c72-9899-442d-a523-99658dcd32e2.jpg | https://renco-rentals-prod.s3.ap-northeast-1.amazonaws.com/43392/medium/49adf8dd-7cba-4679-94f3-104e4cbad3b7.jpg | https://renco-rentals-prod.s3.ap-northeast-1.amazonaws.com/43392/medium/5b5e88e4-a3b0-4a49-a1fe-0dd893eaee1e.jpg | https://renco-rentals-prod.s3.ap-northeast-1.amazonaws.com/43392/medium/3eaa51a9-1d5e-4da6-98c3-5fefbb2d4317.jpg | https://renco-rentals-prod.s3.ap-northeast-1.amazonaws.com/43392/medium/abc12901-258f-40d6-88da-6abc833c3f6e.jpg | https://renco-rentals-prod.s3.ap-northeast-1.amazonaws.com/43392/medium/6994ef6b-d116-4162-83ae-874a59cb71e6.jpg | https://renco-rentals-prod.s3.ap-northeast-1.amazonaws.com/43392/medium/3592d585-27cd-4346-8cb7-f9ab362198a3.jpg | https://renco-rentals-prod.s3.ap-northeast-1.amazonaws.com/43392/medium/4c6c2942-f96f-4931-a4de-ab21ce2ce8c4.jpg | https://renco-rentals-prod.s3.ap-northeast-1.amazonaws.com/43392/medium/95a9ca07-c21d-4c26-adbb-927cf6316a47.jpg | https://renco-rentals-prod.s3.ap-northeast-1.amazonaws.com/43392/medium/b77c40f9-7e13-45e0-9848-656a0019156e.jpg | https://renco-rentals-prod.s3.ap-northeast-1.amazonaws.com/43392/medium/422a49de-645e-4d5e-8a1a-ff5c08981cd9.jpg
b7jg1buszeru6hrp,https://www.dd-room.com/object/b7jg1buszeru6hrp,捷運文德【超值2房1廳】有陽台★皆有窗★內湖高中,14999,29998,0,臺北市內湖區陽光街,內湖區,陽光街,25.0746398,121.5813007,2房1廳1衛1陽台,2,1,1,0,1,2.0,整層,apt,18.0,5,5,12,2026-07-20,broker,有陽台,未提供,未提供,未提供,未提供,7,https://renco-rentals-prod.s3.ap-northeast-1.amazonaws.com/43175/medium/68cb7fa7-379b-46c4-bd37-42ba62ca7bd5.jpg | https://renco-rentals-prod.s3.ap-northeast-1.amazonaws.com/43175/medium/c40a200d-0bbe-4def-a535-6a6a3795a0e4.jpg | https://renco-rentals-prod.s3.ap-northeast-1.amazonaws.com/43175/medium/500b9228-ae60-4c9c-ba96-69a03258deff.jpg | https://renco-rentals-prod.s3.ap-northeast-1.amazonaws.com/43175/medium/eb62ed93-acf7-4a96-b186-808a17fd997b.jpg | https://renco-rentals-prod.s3.ap-northeast-1.amazonaws.com/43175/medium/dd0dce35-7a70-4a9c-a82e-de516a2581fb.jpg | https://renco-rentals-prod.s3.ap-northeast-1.amazonaws.com/43175/medium/bfae3f46-3c6c-4999-8de4-712ebdf58442.jpg | https://renco-rentals-prod.s3.ap-northeast-1.amazonaws.com/43175/medium/9c31128d-498e-4ed2-b839-5240b3063c3e.jpg
sdwv0b00k36xqvir,https://www.dd-room.com/object/sdwv0b00k36xqvir,明道國小【超值3房2衛】可養寵★有陽台★皆有窗,24999,49998,0,臺北市文山區秀明路一段,文山區,秀明路一段,24.9911076,121.567234,3房2廳2衛1陽台,3,2,2,0,1,3.0,整層,apt,40.0,3,3,12,2026-07-20,broker,可開伙、有陽台,冷氣、熱水器、床、衣櫃、天然瓦斯、桌子、椅子,未提供,未提供,未提供,13,https://renco-rentals-prod.s3.ap-northeast-1.amazonaws.com/43478/medium/4d2c27a5-eb3d-4d4a-942e-dd89b5409dff.jpg | https://renco-rentals-prod.s3.ap-northeast-1.amazonaws.com/43478/medium/3c6f21d5-2197-48f3-9d15-41bf69c260ac.jpg | https://renco-rentals-prod.s3.ap-northeast-1.amazonaws.com/43478/medium/4236826f-07fc-4e30-9e09-a6c67a3829ca.jpg | https://renco-rentals-prod.s3.ap-northeast-1.amazonaws.com/43478/medium/b5e264e5-839e-4817-8780-be3a8255a26f.jpg | https://renco-rentals-prod.s3.ap-northeast-1.amazonaws.com/43478/medium/fd684e6c-6284-46b8-8aef-8c11d91cae37.jpg | https://renco-rentals-prod.s3.ap-northeast-1.amazonaws.com/43478/medium/9a497063-1720-4376-abd9-e2811bcb2345.jpg | https://renco-rentals-prod.s3.ap-northeast-1.amazonaws.com/43478/medium/88247760-0c89-43ef-a93a-49c6371a6890.jpg | https://renco-rentals-prod.s3.ap-northeast-1.amazonaws.com/43478/medium/bb193bf0-5654-4a01-8501-c017ae1852b3.jpg | https://renco-rentals-prod.s3.ap-northeast-1.amazonaws.com/43478/medium/fc58191a-c052-40e0-b15f-4d7097337174.jpg | https://renco-rentals-prod.s3.ap-northeast-1.amazonaws.com/43478/medium/1a8f0a81-591b-4eca-8802-89e7ddffe6fa.jpg | https://renco-rentals-prod.s3.ap-northeast-1.amazonaws.com/43478/medium/1c6f0638-a6a3-4503-89e4-67ead0a4eccf.jpg | https://renco-rentals-prod.s3.ap-northeast-1.amazonaws.com/43478/medium/a824f28d-764f-4f1a-b3f9-7bc3de39083b.jpg | https://renco-rentals-prod.s3.ap-northeast-1.amazonaws.com/43478/medium/8b657558-d748-414d-9687-8513cbc265d0.jpg
q96mik2xkg985axb,https://www.dd-room.com/object/q96mik2xkg985axb,內湖五期【優質電梯】大面採光★獨立陽台★獨洗衣機,34999,69998,0,臺北市內湖區民權東路六段,內湖區,民權東路六段,25.0667578,121.5995109,1房1衛1廚,1,0,1,1,0,2.0,獨立套房,elevator,8.0,6,11,12,2026-07-20,broker,可開伙、有電梯,未提供,未提供,未提供,未提供,10,https://img1.591.com.tw/house/2026/07/20/178454783212901804.png!1000x.png | https://img2.591.com.tw/house/2026/07/20/178454783206290604.png!1000x.png | https://img1.591.com.tw/house/2026/07/20/178454783210018602.png!1000x.png | https://img1.591.com.tw/house/2026/07/20/178454783251114901.png!1000x.png | https://img1.591.com.tw/house/2026/07/20/178454783252077505.png!1000x.png | https://img1.591.com.tw/house/2026/07/20/178454783224056804.png!1000x.png | https://img1.591.com.tw/house/2026/07/20/178454783222054201.png!1000x.png | https://img1.591.com.tw/house/2026/07/20/178454783238276207.png!1000x.png | https://img1.591.com.tw/house/2026/07/20/178454783237915503.png!1000x.png | https://img2.591.com.tw/house/2026/07/20/178454783222237700.png!1000x.png
eicblrnh7uhdzoic,https://www.dd-room.com/object/eicblrnh7uhdzoic,近捷運六張犁【超值租案】採光優★免爬梯★臨江商圈,12999,25998,0,臺北市大安區通化街,大安區,通化街,25.0287281,121.5538123,1房1衛,1,0,1,0,0,2.0,獨立套房,apt,13.0,1,2,12,2026-07-20,broker,未提供,冰箱、洗衣機、冷氣、熱水器、床、衣櫃、天然瓦斯、桌子、椅子,未提供,水費,未提供,6,https://img1.591.com.tw/house/2026/07/21/178463967498145601.png!1000x.png | https://img2.591.com.tw/house/2026/07/21/178463967462262507.png!1000x.png | https://img2.591.com.tw/house/2026/07/21/178463967472279607.png!1000x.png | https://img2.591.com.tw/house/2026/07/21/178463967470142304.png!1000x.png | https://img1.591.com.tw/house/2026/07/21/178463967479732400.png!1000x.png | https://img2.591.com.tw/house/2026/07/21/178463967545989002.png!1000x.png
ly3bwwvyi8xruu1i,https://www.dd-room.com/object/ly3bwwvyi8xruu1i,捷運信義安和【超值2房2衛】可補助★有陽台★報稅,29799,59598,0,臺北市大安區通化街,大安區,通化街,25.0287281,121.5538123,2房1廳2衛1陽台,2,1,2,0,1,2.0,整層,apt,14.0,1,4,12,2026-07-20,broker,有陽台、租金補貼,冰箱、洗衣機、冷氣、熱水器、床、衣櫃、沙發、桌子、椅子,未提供,未提供,未提供,12,https://renco-rentals-prod.s3.ap-northeast-1.amazonaws.com/43447/medium/3cc8ac39-7b99-4689-81d7-06e03c88647d.jpg | https://renco-rentals-prod.s3.ap-northeast-1.amazonaws.com/43447/medium/30d8b89a-183b-4e1c-9855-f3f213515226.jpg | https://renco-rentals-prod.s3.ap-northeast-1.amazonaws.com/43447/medium/906b58b1-7421-4cb1-9501-9b284f566810.jpg | https://renco-rentals-prod.s3.ap-northeast-1.amazonaws.com/43447/medium/d45f9e09-2f1f-4855-8929-5f2c76fa16a6.jpg | https://renco-rentals-prod.s3.ap-northeast-1.amazonaws.com/43447/medium/2312ef98-89ce-4672-9aea-ddeae5ac2a86.jpg | https://renco-rentals-prod.s3.ap-northeast-1.amazonaws.com/43447/medium/e317c3f5-df84-40e4-aa61-325b435f0c82.jpg | https://renco-rentals-prod.s3.ap-northeast-1.amazonaws.com/43447/medium/4271dfc0-9acc-46f4-b0fa-3c72bfcdf6f9.jpg | https://renco-rentals-prod.s3.ap-northeast-1.amazonaws.com/43447/medium/0960781f-d60c-4f32-a415-181809fa31ed.jpg | https://renco-rentals-prod.s3.ap-northeast-1.amazonaws.com/43447/medium/74aeebfe-43cd-4aac-8056-8194729c11b2.jpg | https://renco-rentals-prod.s3.ap-northeast-1.amazonaws.com/43447/medium/aab560a5-125e-4d95-b8cf-27274bf5438d.jpg | https://renco-rentals-prod.s3.ap-northeast-1.amazonaws.com/43447/medium/5341c4b0-5d7f-43c3-801a-c164b042b732.jpg | https://renco-rentals-prod.s3.ap-northeast-1.amazonaws.com/43447/medium/87a205e4-cc70-4103-88e8-7c7aea1964cc.jpg
glnqgml7jcp4bob3,https://www.dd-room.com/object/glnqgml7jcp4bob3,免佣）近捷運昆陽【超值租案】可補助★飲水機★女性專屬,13000,26000,0,臺北市南港區東新街,南港區,東新街,25.0476046,121.5854895,1房1衛,1,0,1,0,0,2.0,獨立套房,apt,4.0,1,3,12,2026-07-20,broker,可開伙、租金補貼,冰箱、洗衣機、電視、冷氣、熱水器、床、衣櫃、第四台、網路、天然瓦斯、桌子、椅子,未提供,未提供,限女性,6,https://img2.591.com.tw/house/2026/07/20/178454776807510900.png!1000x.png | https://img1.591.com.tw/house/2026/07/20/178454776802934107.png!1000x.png | https://img1.591.com.tw/house/2026/07/20/178454776813734500.png!1000x.png | https://img1.591.com.tw/house/2026/07/20/178454776821484804.png!1000x.png | https://img2.591.com.tw/house/2026/07/20/178454776814744900.png!1000x.png | https://img2.591.com.tw/house/2026/07/20/178454776792012602.png!1000x.png
3zhsmhq1r2e5rrh7,https://www.dd-room.com/object/3zhsmhq1r2e5rrh7,寧靜套房 採光通風 租屋補助 女性專屬,13000,26000,0,臺北市士林區德行東路206,士林區,德行東路,25.1088269,121.5315571,未提供,0,0,0,0,0,2.0,獨立套房,apt,6.0,4,6,12,2026-07-20,individual,對外窗、免仲介費、可報稅、租金補貼,床、桌子、椅子、衣櫃、鞋櫃、網路、冷氣、洗衣機、冰箱、電視、第四台、電視盒、熱水器,未提供,第四台、網路費,限女性,5,https://static.dd-room.com/images/object/3/z/h/3zhsmhq1r2e5rrh7/cover/5d36151907c6eed3068804ba9576d851_766x510.jpg | https://static.dd-room.com/images/object/3/z/h/3zhsmhq1r2e5rrh7/cover/390690b56f08ca70bc482a1f33b08367_766x510.jpg | https://static.dd-room.com/images/object/3/z/h/3zhsmhq1r2e5rrh7/cover/4eba37cdf1278657ea823efd27ed4835_766x510.jpg | https://static.dd-room.com/images/object/3/z/h/3zhsmhq1r2e5rrh7/cover/3fc147719941b5edf91d0f3b268a2e2c_766x510.jpg | https://static.dd-room.com/images/object/3/z/h/3zhsmhq1r2e5rrh7/cover/cd844a731c473679df19fa65ac72c44e_766x510.jpg
mapenjddxixum8nf,https://www.dd-room.com/object/mapenjddxixum8nf,葫蘆國小【超值租案】大空間★獨立陽台★獨洗衣機,9999,19998,0,臺北市士林區葫蘆街,士林區,葫蘆街,25.0801826,121.5092364,1房1衛,1,0,1,0,0,2.0,獨立套房,apt,10.0,5,5,12,2026-07-20,broker,未提供,冰箱、洗衣機、電視、冷氣、熱水器、床、衣櫃、第四台、桌子、椅子,未提供,未提供,未提供,5,https://renco-rentals-prod.s3.ap-northeast-1.amazonaws.com/43454/medium/b879801b-34c9-44c6-a444-f9a57cc5b430.jpg | https://renco-rentals-prod.s3.ap-northeast-1.amazonaws.com/43454/medium/84a64b21-9b61-4ad4-9893-9a3aebbce993.jpg | https://renco-rentals-prod.s3.ap-northeast-1.amazonaws.com/43454/medium/73fe8354-d3f1-444c-8013-ea5814aa2e7c.jpg | https://renco-rentals-prod.s3.ap-northeast-1.amazonaws.com/43454/medium/f71cd0a1-2c74-43dd-bf31-256acac88a51.jpg | https://renco-rentals-prod.s3.ap-northeast-1.amazonaws.com/43454/medium/9e747bc2-b79b-4b82-bc01-d6300166088b.jpg
spcvxrlhw0ikrf1p,https://www.dd-room.com/object/spcvxrlhw0ikrf1p,捷運中山國小5分【優質電梯】可補助★警衛管理★垃圾代收,27999,55998,0,臺北市中山區錦州街,中山區,錦州街,25.0602546,121.5271948,1房1廳1衛,1,1,1,0,0,1.0,整層,elevator,14.0,10,10,12,2026-07-20,broker,可開伙、有電梯、垃圾代收、租金補貼,冰箱、洗衣機、電視、冷氣、熱水器、床、衣櫃、沙發、桌子、椅子,未提供,未提供,未提供,8,https://renco-rentals-prod.s3.ap-northeast-1.amazonaws.com/43428/medium/776ac16a-0ef0-4e35-afa4-0411eaeeceb6.jpg | https://renco-rentals-prod.s3.ap-northeast-1.amazonaws.com/43428/medium/573cab9f-50db-4838-aea9-7708bc192255.jpg | https://renco-rentals-prod.s3.ap-northeast-1.amazonaws.com/43428/medium/3e72172d-1314-46d1-8527-806443f55041.jpg | https://renco-rentals-prod.s3.ap-northeast-1.amazonaws.com/43428/medium/58618290-25e6-4b86-960a-bebebe9fe12d.jpg | https://renco-rentals-prod.s3.ap-northeast-1.amazonaws.com/43428/medium/72b6b1f9-aa01-426c-92a5-9a14efe2fafb.jpg | https://renco-rentals-prod.s3.ap-northeast-1.amazonaws.com/43428/medium/186e84e9-7a07-446c-8b21-93234490414d.jpg | https://renco-rentals-prod.s3.ap-northeast-1.amazonaws.com/43428/medium/eb177ef9-33a6-4613-bab9-1e5f54e27258.jpg | https://renco-rentals-prod.s3.ap-northeast-1.amazonaws.com/43428/medium/6a56b392-ff62-4aa9-8fe7-d5276853c247.jpg
nmz63iyqz4qtq9mr,https://www.dd-room.com/object/nmz63iyqz4qtq9mr,捷運中山1分【優質租案】有電梯★警衛管理★獨洗衣機,20999,41998,1200,臺北市中山區南京西路,中山區,南京西路,25.0525017,121.5213531,1房1衛,1,0,1,0,0,2.0,獨立套房,elevator,6.0,12,13,12,2026-07-20,broker,有電梯,未提供,未提供,未提供,未提供,5,https://renco-rentals-prod.s3.ap-northeast-1.amazonaws.com/43486/medium/7bd9518a-3531-4aa3-990d-3a8b16d94383.jpg | https://renco-rentals-prod.s3.ap-northeast-1.amazonaws.com/43486/medium/95720f67-f9d1-4ec1-8b3b-d7559252cd24.jpg | https://renco-rentals-prod.s3.ap-northeast-1.amazonaws.com/43486/medium/8e7c246a-a375-4903-acc4-428bec709a89.jpg | https://renco-rentals-prod.s3.ap-northeast-1.amazonaws.com/43486/medium/bc0230ad-135e-4f78-bbd9-87ed0c5fc07d.jpg | https://renco-rentals-prod.s3.ap-northeast-1.amazonaws.com/43486/medium/02b9be3a-72a7-4534-9974-d11a055d5127.jpg
9dqkacqzc3aqm0tz,https://www.dd-room.com/object/9dqkacqzc3aqm0tz,@@古亭捷運商圈旁*陽光溫馨機能宅,38999,77998,0,臺北市中正區牯嶺街,中正區,牯嶺街,25.0326743,121.5144812,3房1廳3衛2陽台,3,1,3,0,2,3.0,整層,apt,36.0,-1,5,12,2026-07-20,broker,對外窗、可開伙、水泥隔間,冷氣、熱水器、天然瓦斯,未提供,未提供,未提供,5,https://static.dd-room.com/images/object/9/d/q/9dqkacqzc3aqm0tz/cover/c48500283a74304f831e72e9e15db5a9_766x510.jpg | https://static.dd-room.com/images/object/9/d/q/9dqkacqzc3aqm0tz/cover/c48c956ca512c04e1e367579b57d130b_766x510.jpg | https://static.dd-room.com/images/object/9/d/q/9dqkacqzc3aqm0tz/cover/9f26631c2f44be60a33a0a34082dc825_766x510.jpg | https://static.dd-room.com/images/object/9/d/q/9dqkacqzc3aqm0tz/cover/a10706a8a1bb4889a6125f96703058a8_766x510.jpg | https://static.dd-room.com/images/object/9/d/q/9dqkacqzc3aqm0tz/cover/4166012047ded24ba598d135cfcf44a3_766x510.jpg
d4pwmsfgpnukn9ff,https://www.dd-room.com/object/d4pwmsfgpnukn9ff,@@市政府捷運商圈旁*高機能陽光明亮美套房,30999,61998,1650,臺北市信義區忠孝東路五段,信義區,忠孝東路五段,25.0411286,121.5785763,1房1廳1衛,1,1,1,0,0,2.0,獨立套房,elevator,14.3,4,7,12,2026-07-20,broker,對外窗、有電梯、水泥隔間,床、桌子、椅子、衣櫃、冷氣、洗衣機、冰箱、電視、熱水器,未提供,未提供,未提供,6,https://static.dd-room.com/images/object/d/4/p/d4pwmsfgpnukn9ff/cover/1c2323849a34cffb608f472497e151f8_766x510.jpg | https://static.dd-room.com/images/object/d/4/p/d4pwmsfgpnukn9ff/cover/c85ec84223adf4bda66501e1c5018144_766x510.jpg | https://static.dd-room.com/images/object/d/4/p/d4pwmsfgpnukn9ff/cover/e9493cdd17b3c0805461c19a85eb237c_766x510.jpg | https://static.dd-room.com/images/object/d/4/p/d4pwmsfgpnukn9ff/cover/c5647d3ad2f5bb160cb963c33d5e936f_766x510.jpg | https://static.dd-room.com/images/object/d/4/p/d4pwmsfgpnukn9ff/cover/80fd67ba9a1be52e2c03d2c9bf0608ba_766x510.jpg | https://static.dd-room.com/images/object/d/4/p/d4pwmsfgpnukn9ff/cover/93450cdef549bc1b20946090040c5ef3_766x510.jpg
wo2lewcc47mrhxwt,https://www.dd-room.com/object/wo2lewcc47mrhxwt,@@信義安和捷運商圈旁*高樓景觀氣派名邸,200000,400000,7700,臺北市大安區安和路二段,大安區,安和路二段,25.0287705,121.5505724,4房2廳3衛9陽台,4,2,3,0,9,4.0,整層,elevator,133.6,11,15,12,2026-07-20,broker,可開伙、有電梯、對外窗、有陽台,床、桌子、椅子、沙發、衣櫃、冷氣、洗衣機、冰箱、熱水器、天然瓦斯,未提供,未提供,未提供,9,https://static.dd-room.com/images/object/w/o/2/wo2lewcc47mrhxwt/cover/cee439cf5996dd7e5bfa594e1dbcf895_766x510.jpg | https://static.dd-room.com/images/object/w/o/2/wo2lewcc47mrhxwt/cover/067445cf6dc92311f1587312b15e787a_766x510.jpg | https://static.dd-room.com/images/object/w/o/2/wo2lewcc47mrhxwt/cover/4fc4cbc03d8d7db6f8686085cb5ad32d_766x510.jpg | https://static.dd-room.com/images/object/w/o/2/wo2lewcc47mrhxwt/cover/6bd25b95951bdbefa02e242ea999aefa_766x510.jpg | https://static.dd-room.com/images/object/w/o/2/wo2lewcc47mrhxwt/cover/9c188481aafaa84a102625429d2524ca_766x510.jpg | https://static.dd-room.com/images/object/w/o/2/wo2lewcc47mrhxwt/cover/092390f98dc085c41730e245a3732769_766x510.jpg | https://static.dd-room.com/images/object/w/o/2/wo2lewcc47mrhxwt/cover/51c4803eee487e2a2a4a8616374ea1d5_766x510.jpg | https://static.dd-room.com/images/object/w/o/2/wo2lewcc47mrhxwt/cover/23a1ffe026e4dfbee3534fc494ca3047_766x510.jpg | https://static.dd-room.com/images/object/w/o/2/wo2lewcc47mrhxwt/cover/f94b1ee5971527576d49351d40b3c355_766x510.jpg
fdjhmjgsc6xjryhb,https://www.dd-room.com/object/fdjhmjgsc6xjryhb,@@忠孝敦化東區商圈旁*質感裝潢美三房,91999,184000,1650,臺北市大安區忠孝東路四段,大安區,忠孝東路四段,25.0415416,121.5510456,3房2廳2衛1陽台,3,2,2,0,1,3.0,整層,elevator,47.3,5,7,12,2026-07-20,broker,可開伙、有電梯、對外窗、有陽台,冷氣、熱水器、天然瓦斯,有汽車車位,未提供,未提供,8,https://static.dd-room.com/images/object/f/d/j/fdjhmjgsc6xjryhb/cover/b5553c57020a54ed8cf5e99d968a4715_766x510.jpg | https://static.dd-room.com/images/object/f/d/j/fdjhmjgsc6xjryhb/cover/dece09019fa24c8ae208c00fec9fbf6f_766x510.jpg | https://static.dd-room.com/images/object/f/d/j/fdjhmjgsc6xjryhb/cover/183623ee5aa55660157d741985ce5893_766x510.jpg | https://static.dd-room.com/images/object/f/d/j/fdjhmjgsc6xjryhb/cover/0ed3c1ca656c881a9c1f0da85be25e5f_766x510.jpg | https://static.dd-room.com/images/object/f/d/j/fdjhmjgsc6xjryhb/cover/b1198c7092740e46e510ff99776aca47_766x510.jpg | https://static.dd-room.com/images/object/f/d/j/fdjhmjgsc6xjryhb/cover/43313e7af9972970d6cad0bc75fb168b_766x510.jpg | https://static.dd-room.com/images/object/f/d/j/fdjhmjgsc6xjryhb/cover/16b84350bed64ebc65b23ad269ae8697_766x510.jpg | https://static.dd-room.com/images/object/f/d/j/fdjhmjgsc6xjryhb/cover/4d59a66ee8eb7e67d32c6abed7530537_766x510.jpg
xhfahvixgcjrosea,https://www.dd-room.com/object/xhfahvixgcjrosea,@@西門捷運商圈旁*清新明亮美居,86000,172000,7158,臺北市萬華區康定路,萬華區,康定路,25.0368274,121.5015066,4房2廳3衛2陽台,4,2,3,0,2,4.0,整層,elevator,65.5,4,15,12,2026-07-20,broker,可開伙、有電梯、對外窗、有陽台,冷氣、熱水器、天然瓦斯,未提供,管理費,未提供,6,https://static.dd-room.com/images/object/x/h/f/xhfahvixgcjrosea/cover/b6a0f1ad4325f1557d1a595705285bec_766x510.jpg | https://static.dd-room.com/images/object/x/h/f/xhfahvixgcjrosea/cover/3a01f813723d30dbe0a9a14f93f71a25_766x510.jpg | https://static.dd-room.com/images/object/x/h/f/xhfahvixgcjrosea/cover/cf646e1e236e007f1897730346e9d718_766x510.jpg | https://static.dd-room.com/images/object/x/h/f/xhfahvixgcjrosea/cover/9878daacaf8842d72ab3f215be35e6a3_766x510.jpg | https://static.dd-room.com/images/object/x/h/f/xhfahvixgcjrosea/cover/766183d3754f5653f83fa653e39032dc_766x510.jpg | https://static.dd-room.com/images/object/x/h/f/xhfahvixgcjrosea/cover/3854ce7d8327c21ad856074beb9a1b64_766x510.jpg
oum6ikdw8p4u1rjl,https://www.dd-room.com/object/oum6ikdw8p4u1rjl,@@忠孝敦化捷運商圈旁*靜巷溫馨機能宅,47799,95598,600,臺北市大安區敦化南路一段,大安區,敦化南路一段,25.0420962,121.5491292,3房2廳2衛1陽台,3,2,2,0,1,3.0,整層,apt,34.0,3,4,12,2026-07-20,broker,對外窗、可開伙、水泥隔間,衣櫃、冷氣、洗衣機、熱水器、天然瓦斯,未提供,未提供,未提供,7,https://static.dd-room.com/images/object/o/u/m/oum6ikdw8p4u1rjl/cover/32391c6e8ae970b47e51f45fd1e70d0a_766x510.jpg | https://static.dd-room.com/images/object/o/u/m/oum6ikdw8p4u1rjl/cover/82e659acd690f621a9b7daad315de1e6_766x510.jpg | https://static.dd-room.com/images/object/o/u/m/oum6ikdw8p4u1rjl/cover/d104664c7293dc5e3fcbd1f2c81bb415_766x510.jpg | https://static.dd-room.com/images/object/o/u/m/oum6ikdw8p4u1rjl/cover/1c9d034c559e9398a45c065adde3d079_766x510.jpg | https://static.dd-room.com/images/object/o/u/m/oum6ikdw8p4u1rjl/cover/ce65885dc9f3c5a844f8a4844f45d74a_766x510.jpg | https://static.dd-room.com/images/object/o/u/m/oum6ikdw8p4u1rjl/cover/301c66d8e5a74f4ef5f2f3e351c2ec6f_766x510.jpg | https://static.dd-room.com/images/object/o/u/m/oum6ikdw8p4u1rjl/cover/4a20a9929a259d23a3a71d5f1fdf2ef5_766x510.jpg
9vrjfkzpxy79q8j1,https://www.dd-room.com/object/9vrjfkzpxy79q8j1,@@南港軟體園區捷運商圈旁*高樓景觀美居,87999,175998,0,臺北市南港區經貿二路,南港區,經貿二路,25.0599955,121.6155702,4房2廳2衛1陽台,4,2,2,0,1,4.0,整層,elevator,61.6,8,12,12,2026-07-20,broker,可開伙、有電梯、對外窗、有陽台,床、桌子、椅子、沙發、衣櫃、冷氣、洗衣機、冰箱、熱水器、天然瓦斯,有汽車車位,管理費,未提供,15,https://static.dd-room.com/images/object/9/v/r/9vrjfkzpxy79q8j1/cover/b73c4a45ddfd8d44ed42a127063dc80b_766x510.jpg | https://static.dd-room.com/images/object/9/v/r/9vrjfkzpxy79q8j1/cover/779b52cf7b0ba6081f16fea0a922b7f0_766x510.jpg | https://static.dd-room.com/images/object/9/v/r/9vrjfkzpxy79q8j1/cover/5be3206a0490154ba355c4fac6512774_766x510.jpg | https://static.dd-room.com/images/object/9/v/r/9vrjfkzpxy79q8j1/cover/51f989be28e4d2732742c44dce4771db_766x510.jpg | https://static.dd-room.com/images/object/9/v/r/9vrjfkzpxy79q8j1/cover/dde7528ee287f7df473709754f5be26b_766x510.jpg | https://static.dd-room.com/images/object/9/v/r/9vrjfkzpxy79q8j1/cover/da2fad4f42250ed1716635509de8ab83_766x510.jpg | https://static.dd-room.com/images/object/9/v/r/9vrjfkzpxy79q8j1/cover/b25219fe8018a0a96f761833ce11e5af_766x510.jpg | https://static.dd-room.com/images/object/9/v/r/9vrjfkzpxy79q8j1/cover/f9cf3e1c6dc55c30c9217874a54fdb77_766x510.jpg | https://static.dd-room.com/images/object/9/v/r/9vrjfkzpxy79q8j1/cover/71fc1f036384329c170f425d6c3760f9_766x510.jpg | https://static.dd-room.com/images/object/9/v/r/9vrjfkzpxy79q8j1/cover/dacf80ce1afe8211b1689084a335d89e_766x510.jpg | https://static.dd-room.com/images/object/9/v/r/9vrjfkzpxy79q8j1/cover/e266def0445ff5a62e3f45f0e51685c1_766x510.jpg | https://static.dd-room.com/images/object/9/v/r/9vrjfkzpxy79q8j1/cover/93d34ceee347a4e6fc6952ae1324cf86_766x510.jpg | https://static.dd-room.com/images/object/9/v/r/9vrjfkzpxy79q8j1/cover/2982ff76057fbec84ced44a3b12ff27a_766x510.jpg | https://static.dd-room.com/images/object/9/v/r/9vrjfkzpxy79q8j1/cover/a746c43caaabcb961cbe624d1b609efa_766x510.jpg | https://static.dd-room.com/images/object/9/v/r/9vrjfkzpxy79q8j1/cover/d135e6ab8e228f8efc1f1ff0ee7a9cca_766x510.jpg
lqyhtktqb35vlywg,https://www.dd-room.com/object/lqyhtktqb35vlywg,@@大安森林公園捷運商圈旁*寬敞明亮美居,225000,450000,0,臺北市大安區建國南路二段,大安區,建國南路二段,25.0305614,121.5379908,4房2廳3衛3陽台,4,2,3,0,3,4.0,整層,elevator,127.0,2,9,12,2026-07-20,broker,可開伙、有電梯、對外窗、有陽台,桌子、椅子、沙發、衣櫃、冷氣、洗衣機、冰箱、熱水器、天然瓦斯,有汽車車位,管理費,未提供,10,https://static.dd-room.com/images/object/l/q/y/lqyhtktqb35vlywg/cover/25990611d2e1585e85d8755b5889770c_766x510.jpg | https://static.dd-room.com/images/object/l/q/y/lqyhtktqb35vlywg/cover/06a84ad32ac07fd8b01e4c17ec5a5f50_766x510.jpg | https://static.dd-room.com/images/object/l/q/y/lqyhtktqb35vlywg/cover/d8f66de96bad4705f6c3f617aef5cb8a_766x510.jpg | https://static.dd-room.com/images/object/l/q/y/lqyhtktqb35vlywg/cover/f3863484ce07d9f9eaf3039e5939f172_766x510.jpg | https://static.dd-room.com/images/object/l/q/y/lqyhtktqb35vlywg/cover/fd88900a5b9e8aaf610ea8b50982c77a_766x510.jpg | https://static.dd-room.com/images/object/l/q/y/lqyhtktqb35vlywg/cover/19eadae098510558a94fdad27b0bf6b8_766x510.jpg | https://static.dd-room.com/images/object/l/q/y/lqyhtktqb35vlywg/cover/e606ddf9118e9ce85d331143c5eabfb8_766x510.jpg | https://static.dd-room.com/images/object/l/q/y/lqyhtktqb35vlywg/cover/39879992c3e69767312bdee539871fb4_766x510.jpg | https://static.dd-room.com/images/object/l/q/y/lqyhtktqb35vlywg/cover/cd393028e2cce430d49e86bd4c384ecc_766x510.jpg | https://static.dd-room.com/images/object/l/q/y/lqyhtktqb35vlywg/cover/a17b06a02cc3b4b0542193c95e1961a4_766x510.jpg
nuevlmwwqfivsyly,https://www.dd-room.com/object/nuevlmwwqfivsyly,@@大安麟光捷運商圈旁*新裝潢機能採光三房,39999,79998,0,臺北市大安區和平東路三段,大安區,和平東路三段,25.0109102,121.5639627,3房2廳2衛1陽台,3,2,2,0,1,3.0,整層,apt,32.8,3,4,12,2026-07-20,broker,對外窗、水泥隔間、可開伙,熱水器,未提供,未提供,未提供,12,https://static.dd-room.com/images/object/n/u/e/nuevlmwwqfivsyly/cover/5cc250b294374f1f8144955cb9856021_766x510.jpg | https://static.dd-room.com/images/object/n/u/e/nuevlmwwqfivsyly/cover/7d3809bfffe1f11f70001f5cfba38eb6_766x510.jpg | https://static.dd-room.com/images/object/n/u/e/nuevlmwwqfivsyly/cover/bd1ed7c0df63828544c02e400c749c69_766x510.jpg | https://static.dd-room.com/images/object/n/u/e/nuevlmwwqfivsyly/cover/85bcb5e07614fa26ea32e7a92784bbec_766x510.jpg | https://static.dd-room.com/images/object/n/u/e/nuevlmwwqfivsyly/cover/4de0c8b792c9fadd47a584ce4a1a8711_766x510.jpg | https://static.dd-room.com/images/object/n/u/e/nuevlmwwqfivsyly/cover/2ab8f269345206745d3b8d0d150d5038_766x510.jpg | https://static.dd-room.com/images/object/n/u/e/nuevlmwwqfivsyly/cover/7f1dab6179bacc207a18f2badae4cc97_766x510.jpg | https://static.dd-room.com/images/object/n/u/e/nuevlmwwqfivsyly/cover/6bc8d4ce0da02a17df76cd02788e5b02_766x510.jpg | https://static.dd-room.com/images/object/n/u/e/nuevlmwwqfivsyly/cover/2cc3948449b56b8179572f253f7799d0_766x510.jpg | https://static.dd-room.com/images/object/n/u/e/nuevlmwwqfivsyly/cover/17e0315aee563ba3560bffefae94c591_766x510.jpg | https://static.dd-room.com/images/object/n/u/e/nuevlmwwqfivsyly/cover/072beada42c8816979aa7512e58ccb78_766x510.jpg | https://static.dd-room.com/images/object/n/u/e/nuevlmwwqfivsyly/cover/66c8af53bc326396241b5f1e35d459e6_766x510.jpg
npaht5iad5zzxi8r,https://www.dd-room.com/object/npaht5iad5zzxi8r,@@國父紀念館東區商圈旁*優質機能住辦,94999,189998,3900,臺北市大安區忠孝東路四段,大安區,忠孝東路四段,25.0415416,121.5510456,4房2廳3衛3陽台,4,2,3,0,3,4.0,整層,elevator,62.1,12,13,12,2026-07-20,broker,可開伙、有電梯、對外窗、有陽台,床、桌子、椅子、沙發、衣櫃、冷氣、洗衣機、冰箱、電視、熱水器、天然瓦斯,有汽車車位,未提供,未提供,10,https://static.dd-room.com/images/object/n/p/a/npaht5iad5zzxi8r/cover/4e7d45b08994f4f7fd54d0a54cb89e8a_766x510.jpg | https://static.dd-room.com/images/object/n/p/a/npaht5iad5zzxi8r/cover/2ad120907eb8f47bed82ef8ea6dbd4ce_766x510.jpg | https://static.dd-room.com/images/object/n/p/a/npaht5iad5zzxi8r/cover/b97c94ec95e2b05618ca5cd8b7816b73_766x510.jpg | https://static.dd-room.com/images/object/n/p/a/npaht5iad5zzxi8r/cover/917f6533476b9bca7acc6aaf828043f0_766x510.jpg | https://static.dd-room.com/images/object/n/p/a/npaht5iad5zzxi8r/cover/30cc0b099523d528b9ca7c7e68e6d180_766x510.jpg | https://static.dd-room.com/images/object/n/p/a/npaht5iad5zzxi8r/cover/c4785685673f32d40607fe33688f5f81_766x510.jpg | https://static.dd-room.com/images/object/n/p/a/npaht5iad5zzxi8r/cover/0f7ae7cc0c043b477970676dc0ccbbc9_766x510.jpg | https://static.dd-room.com/images/object/n/p/a/npaht5iad5zzxi8r/cover/d1e86b7dc6df22ad17a2cc5848d4caf3_766x510.jpg | https://static.dd-room.com/images/object/n/p/a/npaht5iad5zzxi8r/cover/5c10d8a704cc83d278ef5d6190a5ac02_766x510.jpg | https://static.dd-room.com/images/object/n/p/a/npaht5iad5zzxi8r/cover/b65bd143310a046b8f3886ed55c29df1_766x510.jpg
vm6ph049jkv6pcqn,https://www.dd-room.com/object/vm6ph049jkv6pcqn,@@信義世貿永春商圈旁*採光明亮小豪宅,44999,89998,4040,臺北市信義區忠孝東路五段,信義區,忠孝東路五段,25.0411286,121.5785763,1房1廳1衛,1,1,1,0,0,1.0,整層,elevator,20.2,5,14,12,2026-07-20,broker,可開伙、對外窗、有電梯,床、桌子、沙發、衣櫃、冷氣、洗衣機、冰箱、電視、熱水器、天然瓦斯,未提供,未提供,未提供,5,https://static.dd-room.com/images/object/v/m/6/vm6ph049jkv6pcqn/cover/b24f5aab49b84c55c5af03a0b152e513_766x510.jpg | https://static.dd-room.com/images/object/v/m/6/vm6ph049jkv6pcqn/cover/8324b9ed727e29f3d66dfcb586720356_766x510.jpg | https://static.dd-room.com/images/object/v/m/6/vm6ph049jkv6pcqn/cover/1774a537bd2965ab1503d2514869f984_766x510.jpg | https://static.dd-room.com/images/object/v/m/6/vm6ph049jkv6pcqn/cover/ad86f2a334777060a3f35c21cc585f78_766x510.jpg | https://static.dd-room.com/images/object/v/m/6/vm6ph049jkv6pcqn/cover/79b3cb0a0d884cc0104af53d50826c52_766x510.jpg
b6qq3ppihkqlvbzo,https://www.dd-room.com/object/b6qq3ppihkqlvbzo,@@忠孝新生華山文創商圈旁*採光明亮美居,44999,89998,2400,臺北市大安區市民大道三段,大安區,市民大道三段,25.0444775,121.5403523,2房1廳1衛1陽台,2,1,1,0,1,2.0,整層,elevator,9.7,9,13,12,2026-07-20,broker,可開伙、對外窗、有電梯、有陽台,床、沙發、衣櫃、冷氣、洗衣機、冰箱、電視、熱水器、天然瓦斯,有汽車車位,未提供,未提供,6,https://static.dd-room.com/images/object/b/6/q/b6qq3ppihkqlvbzo/cover/662942893336c7527513806b3cd7aed2_766x510.jpg | https://static.dd-room.com/images/object/b/6/q/b6qq3ppihkqlvbzo/cover/4027b440ec9c8c815f80e8515a9f9ecb_766x510.jpg | https://static.dd-room.com/images/object/b/6/q/b6qq3ppihkqlvbzo/cover/3d38c067dbd94bbbcdd42c88516d2d9f_766x510.jpg | https://static.dd-room.com/images/object/b/6/q/b6qq3ppihkqlvbzo/cover/d486221d0d66b7d5931a4af7c25dc1c8_766x510.jpg | https://static.dd-room.com/images/object/b/6/q/b6qq3ppihkqlvbzo/cover/15ea0bf58b7f42de03d387f6fb296a25_766x510.jpg | https://static.dd-room.com/images/object/b/6/q/b6qq3ppihkqlvbzo/cover/d1be64b36dd739d450b5197a87335709_766x510.jpg
jfjvmhn8h9meqbfa,https://www.dd-room.com/object/jfjvmhn8h9meqbfa,@@忠孝敦化微風商圈旁*敦南林蔭大道住辦,52000,104000,3000,臺北市松山區敦化南路一段,松山區,敦化南路一段,25.0465991,121.5486568,2房1廳2衛2陽台,2,1,2,0,2,2.0,整層,elevator,42.4,5,12,12,2026-07-20,broker,對外窗、有電梯、水泥隔間、可開伙、有陽台,衣櫃、冷氣、洗衣機、熱水器、天然瓦斯,未提供,未提供,未提供,13,https://static.dd-room.com/images/object/j/f/j/jfjvmhn8h9meqbfa/cover/ace5088bb1ebdc8ce281f7cbdc073fbf_766x510.jpg | https://static.dd-room.com/images/object/j/f/j/jfjvmhn8h9meqbfa/cover/35d424035474af80db18c3e8ce7d43f9_766x510.jpg | https://static.dd-room.com/images/object/j/f/j/jfjvmhn8h9meqbfa/cover/7e57abfaeb67a3187efb69705ed56fba_766x510.jpg | https://static.dd-room.com/images/object/j/f/j/jfjvmhn8h9meqbfa/cover/ea0aa7ff3e81f2b7a0f297e75b44c0aa_766x510.jpg | https://static.dd-room.com/images/object/j/f/j/jfjvmhn8h9meqbfa/cover/f41d688657c90a568393c252253e9417_766x510.jpg | https://static.dd-room.com/images/object/j/f/j/jfjvmhn8h9meqbfa/cover/f9522a2cb18d91d4a4166825481eba69_766x510.jpg | https://static.dd-room.com/images/object/j/f/j/jfjvmhn8h9meqbfa/cover/2d582be9e12ed85f78f403a9bcbfb2d5_766x510.jpg | https://static.dd-room.com/images/object/j/f/j/jfjvmhn8h9meqbfa/cover/c7a3b25bfe1eeba55e39bfb5a88217c0_766x510.jpg | https://static.dd-room.com/images/object/j/f/j/jfjvmhn8h9meqbfa/cover/aa81a5bc99ec71c9603a685494f4fea5_766x510.jpg | https://static.dd-room.com/images/object/j/f/j/jfjvmhn8h9meqbfa/cover/5ab760bdb0f89694f73bd1b1f43a494f_766x510.jpg | https://static.dd-room.com/images/object/j/f/j/jfjvmhn8h9meqbfa/cover/6b3f694681f83bbea975bb251c6dc4e4_766x510.jpg | https://static.dd-room.com/images/object/j/f/j/jfjvmhn8h9meqbfa/cover/bc25151821915f65b23f672f4476e5df_766x510.jpg | https://static.dd-room.com/images/object/j/f/j/jfjvmhn8h9meqbfa/cover/bb6b8683688677abed82816a80b5e691_766x510.jpg
lxd7ztuysyp2igka,https://www.dd-room.com/object/lxd7ztuysyp2igka,@@文山木柵商圈旁*高樓景觀美三房,74999,149998,5884,臺北市文山區木柵路三段,文山區,木柵路三段,24.989799,121.5697323,3房2廳2衛2陽台,3,2,2,0,2,3.0,整層,elevator,53.8,25,29,12,2026-07-20,broker,對外窗、可開伙、有電梯、有陽台,衣櫃、冷氣、熱水器、天然瓦斯,有汽車車位,未提供,未提供,9,https://static.dd-room.com/images/object/l/x/d/lxd7ztuysyp2igka/cover/72f591faa898b728550a91975ddf4032_766x510.jpg | https://static.dd-room.com/images/object/l/x/d/lxd7ztuysyp2igka/cover/98bc5e0f8950622fe5f534ce7042ef5f_766x510.jpg | https://static.dd-room.com/images/object/l/x/d/lxd7ztuysyp2igka/cover/d3d9e71f79d66944855368c97bfd44f4_766x510.jpg | https://static.dd-room.com/images/object/l/x/d/lxd7ztuysyp2igka/cover/1fd9423f1811b4969de1733cb142bf96_766x510.jpg | https://static.dd-room.com/images/object/l/x/d/lxd7ztuysyp2igka/cover/d371ec1694f33fe00441d369b67a203b_766x510.jpg | https://static.dd-room.com/images/object/l/x/d/lxd7ztuysyp2igka/cover/a458e3b828e9a484d9a47d6eff0deaf0_766x510.jpg | https://static.dd-room.com/images/object/l/x/d/lxd7ztuysyp2igka/cover/f4557aa472a2f272518aa55e02f9bbef_766x510.jpg | https://static.dd-room.com/images/object/l/x/d/lxd7ztuysyp2igka/cover/7e74d32be72ba24a67e118045ac83ecf_766x510.jpg | https://static.dd-room.com/images/object/l/x/d/lxd7ztuysyp2igka/cover/1f72814d232c88aa0b117610c9043197_766x510.jpg
li1svkqwormqbwof,https://www.dd-room.com/object/li1svkqwormqbwof,@@大安捷運商圈旁*典雅挑高採光美宅,42999,85998,3000,臺北市大安區大安路一段,大安區,大安路一段,25.0432575,121.5461836,1房1廳1衛1陽台,1,1,1,0,1,2.0,獨立套房,elevator,17.0,6,12,12,2026-07-20,broker,對外窗、有電梯、水泥隔間,床、沙發、衣櫃、冷氣、洗衣機、冰箱、電視、熱水器、天然瓦斯,未提供,未提供,未提供,7,https://static.dd-room.com/images/object/l/i/1/li1svkqwormqbwof/cover/5667c46edc6f79c2e88fec8ca4d420d9_766x510.jpg | https://static.dd-room.com/images/object/l/i/1/li1svkqwormqbwof/cover/86c6354136aba7e106eb8935bf00e052_766x510.jpg | https://static.dd-room.com/images/object/l/i/1/li1svkqwormqbwof/cover/131d3d72cfd422643501d2e1b58ae625_766x510.jpg | https://static.dd-room.com/images/object/l/i/1/li1svkqwormqbwof/cover/c6819940ce0e25f28b4b00b5d5e46dae_766x510.jpg | https://static.dd-room.com/images/object/l/i/1/li1svkqwormqbwof/cover/b1905aa6889b4ec124b377e20ee9a885_766x510.jpg | https://static.dd-room.com/images/object/l/i/1/li1svkqwormqbwof/cover/9fb060b014ddf6f3199853e284a01b95_766x510.jpg | https://static.dd-room.com/images/object/l/i/1/li1svkqwormqbwof/cover/ebfc12bbc57696e09e4be1f5837c1903_766x510.jpg
ovdyvc4v8ucnh56o,https://www.dd-room.com/object/ovdyvc4v8ucnh56o,@@台北101/世貿捷運商圈旁*高樓景觀採光二房,35999,71998,400,臺北市信義區基隆路一段,信義區,基隆路一段,25.0486217,121.5687628,2房2廳2衛1陽台,2,2,2,0,1,2.0,整層,elevator,32.1,12,12,12,2026-07-20,broker,對外窗、有電梯、水泥隔間,床、桌子、椅子、衣櫃、冷氣、冰箱、熱水器、天然瓦斯,未提供,未提供,未提供,8,https://static.dd-room.com/images/object/o/v/d/ovdyvc4v8ucnh56o/cover/51f55cc584d673540e31da3a247a1a9d_766x510.jpg | https://static.dd-room.com/images/object/o/v/d/ovdyvc4v8ucnh56o/cover/c244c1a87a31f4cf0798e39e2849c344_766x510.jpg | https://static.dd-room.com/images/object/o/v/d/ovdyvc4v8ucnh56o/cover/44b5b6b7403ed618bdc3cf68803481bc_766x510.jpg | https://static.dd-room.com/images/object/o/v/d/ovdyvc4v8ucnh56o/cover/5cb7a251e7f05c7bc48d0ec36a2cf81a_766x510.jpg | https://static.dd-room.com/images/object/o/v/d/ovdyvc4v8ucnh56o/cover/5facb9f41ffa2567f6b42358f147c116_766x510.jpg | https://static.dd-room.com/images/object/o/v/d/ovdyvc4v8ucnh56o/cover/e9519d33d83970e9e4c52153f46bc354_766x510.jpg | https://static.dd-room.com/images/object/o/v/d/ovdyvc4v8ucnh56o/cover/51aff84656e00084fe0805029431c105_766x510.jpg | https://static.dd-room.com/images/object/o/v/d/ovdyvc4v8ucnh56o/cover/7eafd6971f765e7fa75d958b41451859_766x510.jpg
vcuqovooi1sshirr,https://www.dd-room.com/object/vcuqovooi1sshirr,@@台北小巨蛋捷運商圈旁*交通便捷採光美三房,84999,169998,6000,臺北市松山區南京東路四段,松山區,南京東路四段,25.0517369,121.5518231,3房2廳2衛1陽台,3,2,2,0,1,3.0,整層,elevator,41.0,9,15,12,2026-07-20,broker,對外窗、有電梯、水泥隔間,冷氣、洗衣機、冰箱、天然瓦斯,未提供,未提供,未提供,7,https://static.dd-room.com/images/object/v/c/u/vcuqovooi1sshirr/cover/cadbf8265ef64d3830cca14f110718fd_766x510.jpg | https://static.dd-room.com/images/object/v/c/u/vcuqovooi1sshirr/cover/77fa82ebf606bed2e57e4a7b85c9f945_766x510.jpg | https://static.dd-room.com/images/object/v/c/u/vcuqovooi1sshirr/cover/852e0050454b608a53abeeec8ec65275_766x510.jpg | https://static.dd-room.com/images/object/v/c/u/vcuqovooi1sshirr/cover/c60ce0c62dcda0ccdb024b82ea818f43_766x510.jpg | https://static.dd-room.com/images/object/v/c/u/vcuqovooi1sshirr/cover/5af93206d1f5bfee36a953ab289e43db_766x510.jpg | https://static.dd-room.com/images/object/v/c/u/vcuqovooi1sshirr/cover/cc6ef3b69125a5895f1cef069faa9123_766x510.jpg | https://static.dd-room.com/images/object/v/c/u/vcuqovooi1sshirr/cover/4708e164ae1b68bd1040a2af0626cd1c_766x510.jpg
nos3ehwm7tqa6eb9,https://www.dd-room.com/object/nos3ehwm7tqa6eb9,@@中山捷運商圈旁*雙主臥質感氣派豪邸,159999,319998,15000,臺北市中山區中山北路一段,中山區,中山北路一段,25.0627663,121.5227366,3房2廳3衛2陽台,3,2,3,0,2,3.0,整層,elevator,90.0,6,22,12,2026-07-20,broker,對外窗、有電梯、水泥隔間,衣櫃、冷氣、洗衣機、冰箱、電視、熱水器、天然瓦斯,有汽車車位,未提供,未提供,10,https://static.dd-room.com/images/object/n/o/s/nos3ehwm7tqa6eb9/cover/c774719cf8c2e6a7dc75ea5f9e7e7bdc_766x510.jpg | https://static.dd-room.com/images/object/n/o/s/nos3ehwm7tqa6eb9/cover/2f66d11bd0be27fd81382c704d723fb6_766x510.jpg | https://static.dd-room.com/images/object/n/o/s/nos3ehwm7tqa6eb9/cover/0acb214f133e7fe51711b5a045b8c391_766x510.jpg | https://static.dd-room.com/images/object/n/o/s/nos3ehwm7tqa6eb9/cover/1d34915848dccde5f08e573a8ac30fda_766x510.jpg | https://static.dd-room.com/images/object/n/o/s/nos3ehwm7tqa6eb9/cover/9fec6e796690e100d2bff8a3d8cc0729_766x510.jpg | https://static.dd-room.com/images/object/n/o/s/nos3ehwm7tqa6eb9/cover/49e7eb6fee9c4fd31e58c1240e1b4d06_766x510.jpg | https://static.dd-room.com/images/object/n/o/s/nos3ehwm7tqa6eb9/cover/37b108625259dec72f12c8948e0ac319_766x510.jpg | https://static.dd-room.com/images/object/n/o/s/nos3ehwm7tqa6eb9/cover/4d77f54ee5280637e4c5af57d518e435_766x510.jpg | https://static.dd-room.com/images/object/n/o/s/nos3ehwm7tqa6eb9/cover/fd372eb79522e9b6369bed6b212293bb_766x510.jpg | https://static.dd-room.com/images/object/n/o/s/nos3ehwm7tqa6eb9/cover/a16c38209cf41723aa1328b0d5fcd94a_766x510.jpg
wrjcjpldseo0imyj,https://www.dd-room.com/object/wrjcjpldseo0imyj,@@士林捷運商圈旁*靜巷優質質感豪邸,65999,131998,6000,臺北市士林區士商路,士林區,士商路,25.0928032,121.5183673,3房2廳2衛1陽台,3,2,2,0,1,3.0,整層,elevator,60.9,3,13,12,2026-07-20,broker,對外窗、有電梯、水泥隔間,沙發、衣櫃、冷氣、熱水器、天然瓦斯,未提供,未提供,未提供,15,https://static.dd-room.com/images/object/w/r/j/wrjcjpldseo0imyj/cover/2cdb03d0ac252deaf8303f54f574517f_766x510.jpg | https://static.dd-room.com/images/object/w/r/j/wrjcjpldseo0imyj/cover/4b33a1587df86dd54e862ae7f72808b9_766x510.jpg | https://static.dd-room.com/images/object/w/r/j/wrjcjpldseo0imyj/cover/bee629f50a0dc22cd4706a834f5d4a4d_766x510.jpg | https://static.dd-room.com/images/object/w/r/j/wrjcjpldseo0imyj/cover/8cabc4ddd8f414522cd1a3c49f90377d_766x510.jpg | https://static.dd-room.com/images/object/w/r/j/wrjcjpldseo0imyj/cover/6ef5cabf4c65cf51dbacc68d07488d49_766x510.jpg | https://static.dd-room.com/images/object/w/r/j/wrjcjpldseo0imyj/cover/6dbbd3528fa02445c6d8f50af756a032_766x510.jpg | https://static.dd-room.com/images/object/w/r/j/wrjcjpldseo0imyj/cover/aa95fca386db402412362fe8b9bca0fb_766x510.jpg | https://static.dd-room.com/images/object/w/r/j/wrjcjpldseo0imyj/cover/e69f9d0ce23a9a903a377878b661efd9_766x510.jpg | https://static.dd-room.com/images/object/w/r/j/wrjcjpldseo0imyj/cover/f06c39c5f1ee0d44bfec8caaef7c142c_766x510.jpg | https://static.dd-room.com/images/object/w/r/j/wrjcjpldseo0imyj/cover/75b3596e74a48eb2c971811f1df6a03d_766x510.jpg | https://static.dd-room.com/images/object/w/r/j/wrjcjpldseo0imyj/cover/9637978472998a95375b06aac297d7b4_766x510.jpg | https://static.dd-room.com/images/object/w/r/j/wrjcjpldseo0imyj/cover/d8d18d9c3fbfbb53b54126e43929a882_766x510.jpg | https://static.dd-room.com/images/object/w/r/j/wrjcjpldseo0imyj/cover/664470b40969e33406e74aa773b0c90f_766x510.jpg | https://static.dd-room.com/images/object/w/r/j/wrjcjpldseo0imyj/cover/01040f0fc8284c442c2c79284c6e7a20_766x510.jpg | https://static.dd-room.com/images/object/w/r/j/wrjcjpldseo0imyj/cover/a8402cbdbd53e81e0913e6920fd51990_766x510.jpg
vjsx8tz4u0z4pgpk,https://www.dd-room.com/object/vjsx8tz4u0z4pgpk,@@大湖公園捷運商圈*景觀樓中樓美屋,168000,336000,12720,臺北市內湖區成功路四段,內湖區,成功路四段,25.0847146,121.597789,4房3廳3衛4陽台,4,3,3,0,4,4.0,整層,elevator,109.2,4,12,12,2026-07-20,broker,可開伙、有電梯、對外窗、有陽台,椅子、衣櫃、冷氣、洗衣機、冰箱、熱水器、天然瓦斯,有汽車車位,未提供,未提供,12,https://static.dd-room.com/images/object/v/j/s/vjsx8tz4u0z4pgpk/cover/25981ba7fb101219ec3fc01ef32f5f2a_766x510.jpg | https://static.dd-room.com/images/object/v/j/s/vjsx8tz4u0z4pgpk/cover/5e5c058c5a85c51ba1c44e8ca6ee7ae3_766x510.jpg | https://static.dd-room.com/images/object/v/j/s/vjsx8tz4u0z4pgpk/cover/1345cb5a8211d105b3fd652d0bfe46e2_766x510.jpg | https://static.dd-room.com/images/object/v/j/s/vjsx8tz4u0z4pgpk/cover/92a8f6081c31d09f318d1efa6ccdb57e_766x510.jpg | https://static.dd-room.com/images/object/v/j/s/vjsx8tz4u0z4pgpk/cover/ae61f6cdef1b1330cca946d16f5f05f5_766x510.jpg | https://static.dd-room.com/images/object/v/j/s/vjsx8tz4u0z4pgpk/cover/2550d60c73b2d966cd52d71d0756ab37_766x510.jpg | https://static.dd-room.com/images/object/v/j/s/vjsx8tz4u0z4pgpk/cover/b80e1af435d4a338f38cef76319aa465_766x510.jpg | https://static.dd-room.com/images/object/v/j/s/vjsx8tz4u0z4pgpk/cover/7f29e8821d79eda211a9e1e1d50bbea7_766x510.jpg | https://static.dd-room.com/images/object/v/j/s/vjsx8tz4u0z4pgpk/cover/874e272f2b5700d863d4f71567c48423_766x510.jpg | https://static.dd-room.com/images/object/v/j/s/vjsx8tz4u0z4pgpk/cover/cd853b9e0e624f925317e10a1711efc8_766x510.jpg | https://static.dd-room.com/images/object/v/j/s/vjsx8tz4u0z4pgpk/cover/a89e6f98fde00176a7166397593ff44d_766x510.jpg | https://static.dd-room.com/images/object/v/j/s/vjsx8tz4u0z4pgpk/cover/f9ad79f16ede8ad98609ed684efa2965_766x510.jpg
aqedzhjg8tjzej0b,https://www.dd-room.com/object/aqedzhjg8tjzej0b,@@圓山捷運商圈旁*簡約溫馨健身宅,34999,69998,0,臺北市大同區承德路三段,大同區,承德路三段,25.0671933,121.5184595,2房2廳1衛,2,2,1,0,0,2.0,整層,apt,19.8,3,4,12,2026-07-20,broker,對外窗、水泥隔間、可開伙,床、桌子、椅子、沙發、衣櫃、冷氣、洗衣機、冰箱、熱水器、天然瓦斯,未提供,未提供,未提供,15,https://static.dd-room.com/images/object/a/q/e/aqedzhjg8tjzej0b/cover/af85d6d2c9234e8fe40d2b30ebbc1689_766x510.jpg | https://static.dd-room.com/images/object/a/q/e/aqedzhjg8tjzej0b/cover/6f5451b8ab7df9f906ecbbec4de7c84f_766x510.jpg | https://static.dd-room.com/images/object/a/q/e/aqedzhjg8tjzej0b/cover/df518d31985ea86b75cae7f702cfd8db_766x510.jpg | https://static.dd-room.com/images/object/a/q/e/aqedzhjg8tjzej0b/cover/ec00cf561421b5d54a30ac4c1c58116f_766x510.jpg | https://static.dd-room.com/images/object/a/q/e/aqedzhjg8tjzej0b/cover/59dc8aa5d4dd74469495b20f5035e466_766x510.jpg | https://static.dd-room.com/images/object/a/q/e/aqedzhjg8tjzej0b/cover/9c824ce77d667adf528c8ce0cc31ace8_766x510.jpg | https://static.dd-room.com/images/object/a/q/e/aqedzhjg8tjzej0b/cover/216ff99e3b2a7fdadaee3f8872466e43_766x510.jpg | https://static.dd-room.com/images/object/a/q/e/aqedzhjg8tjzej0b/cover/83e6ea018a865f51ea6f7da99db482d4_766x510.jpg | https://static.dd-room.com/images/object/a/q/e/aqedzhjg8tjzej0b/cover/c26a1c3a01c0eaf8bbc22fb282e38395_766x510.jpg | https://static.dd-room.com/images/object/a/q/e/aqedzhjg8tjzej0b/cover/188923a0b5e1f29d5b7fe58e2ea18197_766x510.jpg | https://static.dd-room.com/images/object/a/q/e/aqedzhjg8tjzej0b/cover/e94ad61e4ff2f5e2a4ae264a67a5d8d2_766x510.jpg | https://static.dd-room.com/images/object/a/q/e/aqedzhjg8tjzej0b/cover/771e6b3bde7a41f6e992b1da937127c0_766x510.jpg | https://static.dd-room.com/images/object/a/q/e/aqedzhjg8tjzej0b/cover/54b40337d064798fcc70970e9bc12c6a_766x510.jpg | https://static.dd-room.com/images/object/a/q/e/aqedzhjg8tjzej0b/cover/e3c19047181427241806ce41ec121f5e_766x510.jpg | https://static.dd-room.com/images/object/a/q/e/aqedzhjg8tjzej0b/cover/525250a07b5681d760d016466ee205fd_766x510.jpg
hodj7olrid494cyn,https://www.dd-room.com/object/hodj7olrid494cyn,@@西門捷運商圈旁*明亮質感豪宅,65800,131600,5052,臺北市萬華區西寧南路,萬華區,西寧南路,25.0384998,121.5063353,2房2廳1衛2陽台,2,2,1,0,2,2.0,整層,elevator,33.6,11,27,12,2026-07-20,broker,對外窗、可開伙、有電梯、有陽台,床、桌子、椅子、沙發、衣櫃、保全設施、冷氣、洗衣機、冰箱、電視、熱水器、天然瓦斯,有汽車車位,未提供,未提供,5,https://static.dd-room.com/images/object/h/o/d/hodj7olrid494cyn/cover/6c7ea29564be600b8606181a4a9f10e8_766x510.jpg | https://static.dd-room.com/images/object/h/o/d/hodj7olrid494cyn/cover/dba607f025504ebf8511408ef99c883b_766x510.jpg | https://static.dd-room.com/images/object/h/o/d/hodj7olrid494cyn/cover/2ddd8ff6758e3a3dcafdac4866113187_766x510.jpg | https://static.dd-room.com/images/object/h/o/d/hodj7olrid494cyn/cover/4633143146125a1ab72c2c5c460758dd_766x510.jpg | https://static.dd-room.com/images/object/h/o/d/hodj7olrid494cyn/cover/f6e3926ec1eeae2e24b10e0b834838f1_766x510.jpg
cgkrvpujeinibxpo,https://www.dd-room.com/object/cgkrvpujeinibxpo,@@永春捷運商圈旁*清幽寧靜庭院宅,67999,136000,2500,臺北市信義區忠孝東路五段,信義區,忠孝東路五段,25.0411286,121.5785763,1房2廳1衛1陽台,1,2,1,0,1,1.0,整層,elevator,32.5,1,4,12,2026-07-20,broker,可開伙、對外窗、有陽台,床、桌子、椅子、沙發、衣櫃、冷氣、冰箱、電視、熱水器、天然瓦斯,未提供,未提供,未提供,12,https://static.dd-room.com/images/object/c/g/k/cgkrvpujeinibxpo/cover/e0150731450ca2093fd0068cceb01385_766x510.jpg | https://static.dd-room.com/images/object/c/g/k/cgkrvpujeinibxpo/cover/efb4846ffd62154a2774693acafa20af_766x510.jpg | https://static.dd-room.com/images/object/c/g/k/cgkrvpujeinibxpo/cover/8ea4610fe571f82670f07107cec31e07_766x510.jpg | https://static.dd-room.com/images/object/c/g/k/cgkrvpujeinibxpo/cover/1ee18bf592dc67775163f9ea82330696_766x510.jpg | https://static.dd-room.com/images/object/c/g/k/cgkrvpujeinibxpo/cover/2a3e94e867786a4de4c610224dc6d797_766x510.jpg | https://static.dd-room.com/images/object/c/g/k/cgkrvpujeinibxpo/cover/1be347b13f0ddfa659d5653a73f6d4ec_766x510.jpg | https://static.dd-room.com/images/object/c/g/k/cgkrvpujeinibxpo/cover/f83760dd103a97eb60761060cbf1e735_766x510.jpg | https://static.dd-room.com/images/object/c/g/k/cgkrvpujeinibxpo/cover/9de8d7a67f036403dd7f26448b2b4ee9_766x510.jpg | https://static.dd-room.com/images/object/c/g/k/cgkrvpujeinibxpo/cover/eb1397c4671c18091c8c88c47af175fb_766x510.jpg | https://static.dd-room.com/images/object/c/g/k/cgkrvpujeinibxpo/cover/491e02cfd33bfb81e5f6f8e0385db1c1_766x510.jpg | https://static.dd-room.com/images/object/c/g/k/cgkrvpujeinibxpo/cover/0523c28fb5b8bfb394c331d213562429_766x510.jpg | https://static.dd-room.com/images/object/c/g/k/cgkrvpujeinibxpo/cover/0907f201ad03c5bebe55fa224731e163_766x510.jpg
5btnuotqmmwijf1p,https://www.dd-room.com/object/5btnuotqmmwijf1p,@@東門站永康商圈旁*靜巷機能採光美邸,84999,169998,7210,臺北市大安區永康街,大安區,永康街,25.0324642,121.5297302,2房2廳1衛2陽台,2,2,1,0,2,2.0,整層,elevator,38.0,1,13,12,2026-07-20,broker,對外窗、有電梯、水泥隔間,衣櫃、冷氣、熱水器、天然瓦斯,未提供,未提供,未提供,6,https://static.dd-room.com/images/object/5/b/t/5btnuotqmmwijf1p/cover/65c44966abeb7824ff3f2779942af93e_766x510.jpg | https://static.dd-room.com/images/object/5/b/t/5btnuotqmmwijf1p/cover/371581d1c9514c22f4742be7bc0e467e_766x510.jpg | https://static.dd-room.com/images/object/5/b/t/5btnuotqmmwijf1p/cover/7543a261dc354c6a323db016816f534e_766x510.jpg | https://static.dd-room.com/images/object/5/b/t/5btnuotqmmwijf1p/cover/c659bab2be6c419a8a99552a51077f58_766x510.jpg | https://static.dd-room.com/images/object/5/b/t/5btnuotqmmwijf1p/cover/276bb2b1fa4bdd6e0c616c4a3dfc2350_766x510.jpg | https://static.dd-room.com/images/object/5/b/t/5btnuotqmmwijf1p/cover/8f383eaba2125969cd14d1a8546c0a4e_766x510.jpg
pb73vlvqsdezmyxz,https://www.dd-room.com/object/pb73vlvqsdezmyxz,@@國父紀念館捷運商圈旁*機能靜巷氣派豪邸,114999,229998,10826,臺北市大安區仁愛路四段,大安區,仁愛路四段,25.0366083,121.5511194,3房2廳2衛1陽台,3,2,2,0,1,3.0,整層,elevator,41.1,2,13,12,2026-07-20,broker,對外窗、有電梯、水泥隔間、可開伙,床、桌子、椅子、沙發、衣櫃、冷氣、洗衣機、冰箱、電視、熱水器、天然瓦斯,有汽車車位,未提供,未提供,10,https://static.dd-room.com/images/object/p/b/7/pb73vlvqsdezmyxz/cover/191d5efeefbbf566e9b58f0031107f6f_766x510.jpg | https://static.dd-room.com/images/object/p/b/7/pb73vlvqsdezmyxz/cover/1894fe0e2f46c13deedd27a25f28e3a0_766x510.jpg | https://static.dd-room.com/images/object/p/b/7/pb73vlvqsdezmyxz/cover/035799af2bf8eff625c8ff0b06bcb03e_766x510.jpg | https://static.dd-room.com/images/object/p/b/7/pb73vlvqsdezmyxz/cover/bd2cfbe66ba4dcaa0b66aadc90eb9aed_766x510.jpg | https://static.dd-room.com/images/object/p/b/7/pb73vlvqsdezmyxz/cover/dc10a553d188d1b6a8b5d41b995a98b1_766x510.jpg | https://static.dd-room.com/images/object/p/b/7/pb73vlvqsdezmyxz/cover/8aec115e6be95650c82f6c4b9b8d8e8c_766x510.jpg | https://static.dd-room.com/images/object/p/b/7/pb73vlvqsdezmyxz/cover/43ed2b53715ee67c625d4ba8e495cf3a_766x510.jpg | https://static.dd-room.com/images/object/p/b/7/pb73vlvqsdezmyxz/cover/58daffc1f251deb07fe66acf606b211a_766x510.jpg | https://static.dd-room.com/images/object/p/b/7/pb73vlvqsdezmyxz/cover/d533d602e7f2c5b844cd5bd95a08c53d_766x510.jpg | https://static.dd-room.com/images/object/p/b/7/pb73vlvqsdezmyxz/cover/334db8c75713074c8f944419d9960534_766x510.jpg
j9a9ftqjhvj4ckf1,https://www.dd-room.com/object/j9a9ftqjhvj4ckf1,@@忠孝新生東門商圈旁*質感裝潢美邸,109999,220000,12200,臺北市中正區泰安街,中正區,泰安街,25.040142,121.5280629,4房2廳3衛1陽台,4,2,3,0,1,4.0,整層,elevator,78.5,2,6,12,2026-07-20,broker,可開伙、有電梯、對外窗、有陽台,桌子、椅子、沙發、衣櫃、冷氣、洗衣機、冰箱、熱水器、天然瓦斯,有汽車車位,未提供,未提供,15,https://static.dd-room.com/images/object/j/9/a/j9a9ftqjhvj4ckf1/cover/80ad06e70e71bdcde97bdb2abc3bb790_766x510.jpg | https://static.dd-room.com/images/object/j/9/a/j9a9ftqjhvj4ckf1/cover/b16378fcb7bbe7ede3fed11984b3eade_766x510.jpg | https://static.dd-room.com/images/object/j/9/a/j9a9ftqjhvj4ckf1/cover/18e9caa6e0b113327bfe9f721888f44e_766x510.jpg | https://static.dd-room.com/images/object/j/9/a/j9a9ftqjhvj4ckf1/cover/cc9964c68fb07c072e0ac90d95b49915_766x510.jpg | https://static.dd-room.com/images/object/j/9/a/j9a9ftqjhvj4ckf1/cover/4d8ffe96cd1a9656559e28e22760a50e_766x510.jpg | https://static.dd-room.com/images/object/j/9/a/j9a9ftqjhvj4ckf1/cover/a64a1bbf980410b867c3fbf0fb4a49c1_766x510.jpg | https://static.dd-room.com/images/object/j/9/a/j9a9ftqjhvj4ckf1/cover/8f83b30644d560778b3b69384a014446_766x510.jpg | https://static.dd-room.com/images/object/j/9/a/j9a9ftqjhvj4ckf1/cover/68f5e5015d158aaec7d48cfa6ce3e26a_766x510.jpg | https://static.dd-room.com/images/object/j/9/a/j9a9ftqjhvj4ckf1/cover/0c29bc1779438a27fbc3c626990aa4e4_766x510.jpg | https://static.dd-room.com/images/object/j/9/a/j9a9ftqjhvj4ckf1/cover/6f525f84b7039d486a02cb4b586c5826_766x510.jpg | https://static.dd-room.com/images/object/j/9/a/j9a9ftqjhvj4ckf1/cover/48744a0c40b71fee9cfb7aa6482c772c_766x510.jpg | https://static.dd-room.com/images/object/j/9/a/j9a9ftqjhvj4ckf1/cover/e90a15ead84b4ee443f3091afbe4975a_766x510.jpg | https://static.dd-room.com/images/object/j/9/a/j9a9ftqjhvj4ckf1/cover/2772267bc6c74cac987546cdb4d270b9_766x510.jpg | https://static.dd-room.com/images/object/j/9/a/j9a9ftqjhvj4ckf1/cover/ba03f9d7f55b8918d1245d3c9dd7bbfe_766x510.jpg | https://static.dd-room.com/images/object/j/9/a/j9a9ftqjhvj4ckf1/cover/a4910659a70fa8e42a24551ec14f535e_766x510.jpg
lgcgjvtcwewm0t1c,https://www.dd-room.com/object/lgcgjvtcwewm0t1c,@@大安森林公園商圈旁*林蔭大道綠意住辦,113000,226000,8000,臺北市大安區仁愛路三段,大安區,仁愛路三段,25.037748,121.533251,1房1廳1衛1陽台,1,1,1,0,1,1.0,整層,elevator,70.9,2,12,12,2026-07-20,broker,可開伙、有電梯、有陽台、對外窗,未提供,未提供,未提供,未提供,14,https://static.dd-room.com/images/object/l/g/c/lgcgjvtcwewm0t1c/cover/03e8833e5f95b29bf6fb3d8b8c89024e_766x510.jpg | https://static.dd-room.com/images/object/l/g/c/lgcgjvtcwewm0t1c/cover/157c3b2918625524309eca0459a28cf7_766x510.jpg | https://static.dd-room.com/images/object/l/g/c/lgcgjvtcwewm0t1c/cover/9fffa1045d2e8b53c6005a06094afaa9_766x510.jpg | https://static.dd-room.com/images/object/l/g/c/lgcgjvtcwewm0t1c/cover/db0367d33cc01d04053cfb18c428b4dd_766x510.jpg | https://static.dd-room.com/images/object/l/g/c/lgcgjvtcwewm0t1c/cover/0632d49d7dc94d5a1c936cf12ec2cc68_766x510.jpg | https://static.dd-room.com/images/object/l/g/c/lgcgjvtcwewm0t1c/cover/4f206a1c675f761fd0448fd8c99f657c_766x510.jpg | https://static.dd-room.com/images/object/l/g/c/lgcgjvtcwewm0t1c/cover/629e87bbaa7af189396fd6c1a8d82cbd_766x510.jpg | https://static.dd-room.com/images/object/l/g/c/lgcgjvtcwewm0t1c/cover/e938d550497a4b947f17350af6562cb0_766x510.jpg | https://static.dd-room.com/images/object/l/g/c/lgcgjvtcwewm0t1c/cover/3270e03edf03536ff177622557bd21cc_766x510.jpg | https://static.dd-room.com/images/object/l/g/c/lgcgjvtcwewm0t1c/cover/f2e91a48d1b0313a3e3db7b6c217f2fd_766x510.jpg | https://static.dd-room.com/images/object/l/g/c/lgcgjvtcwewm0t1c/cover/574a6c01b7e71503cfba738504cfd338_766x510.jpg | https://static.dd-room.com/images/object/l/g/c/lgcgjvtcwewm0t1c/cover/3b72096e51f0ba9b2890a5cd8518e95c_766x510.jpg | https://static.dd-room.com/images/object/l/g/c/lgcgjvtcwewm0t1c/cover/22438345501b91f6764c7403f3d01985_766x510.jpg | https://static.dd-room.com/images/object/l/g/c/lgcgjvtcwewm0t1c/cover/fbb3e9114b44a67dc2be252500ef88d1_766x510.jpg
4eg6g0xwozdghmos,https://www.dd-room.com/object/4eg6g0xwozdghmos,@@台北車站寧夏中山商圈旁*溫馨明亮美居,64999,130000,6200,臺北市大同區南京西路,大同區,南京西路,25.0537899,121.5156011,3房2廳2衛1陽台,3,2,2,0,1,3.0,整層,elevator,47.7,12,19,12,2026-07-20,broker,對外窗、有電梯、可開伙、水泥隔間、有陽台,床、桌子、椅子、沙發、衣櫃、冷氣、洗衣機、冰箱、電視、熱水器、天然瓦斯,有汽車車位,未提供,未提供,7,https://static.dd-room.com/images/object/4/e/g/4eg6g0xwozdghmos/cover/729fdd7776d80d08f6a3d8b6868b0f6b_766x510.jpg | https://static.dd-room.com/images/object/4/e/g/4eg6g0xwozdghmos/cover/49740967215d96cbcb6193f389c9843d_766x510.jpg | https://static.dd-room.com/images/object/4/e/g/4eg6g0xwozdghmos/cover/7669b208acd865a458693fcc772038e3_766x510.jpg | https://static.dd-room.com/images/object/4/e/g/4eg6g0xwozdghmos/cover/cd187c415aa9914ec6b2c6f677ccf132_766x510.jpg | https://static.dd-room.com/images/object/4/e/g/4eg6g0xwozdghmos/cover/388ae873b34500a07280763aa58dcba9_766x510.jpg | https://static.dd-room.com/images/object/4/e/g/4eg6g0xwozdghmos/cover/b0a5f31bcc0a5fa9b9ec717843339d94_766x510.jpg | https://static.dd-room.com/images/object/4/e/g/4eg6g0xwozdghmos/cover/db99716ad1c417daea3793cb8065bc96_766x510.jpg
nopsm4epbdqiugcc,https://www.dd-room.com/object/nopsm4epbdqiugcc,@@北投石牌捷運商圈旁*高樓景觀裝潢美居,98799,197598,3990,臺北市北投區裕民二路,北投區,裕民二路,25.1152748,121.5168505,2房2廳2衛1陽台,2,2,2,0,1,2.0,整層,elevator,53.7,12,19,12,2026-07-20,broker,可開伙、有電梯、對外窗、有陽台,床、桌子、椅子、沙發、衣櫃、網路、冷氣、洗衣機、冰箱、電視、熱水器,有汽車車位,未提供,未提供,7,https://static.dd-room.com/images/object/n/o/p/nopsm4epbdqiugcc/cover/08225f547a9c5920f89f01afbaefb232_766x510.jpg | https://static.dd-room.com/images/object/n/o/p/nopsm4epbdqiugcc/cover/42b95953a82604d77401390884a038ea_766x510.jpg | https://static.dd-room.com/images/object/n/o/p/nopsm4epbdqiugcc/cover/29f019c6f5919c0eeb318775c1b5e783_766x510.jpg | https://static.dd-room.com/images/object/n/o/p/nopsm4epbdqiugcc/cover/df26857d04f929406197ac20bd40ecc8_766x510.jpg | https://static.dd-room.com/images/object/n/o/p/nopsm4epbdqiugcc/cover/f04798c17f631252a397fe89c1cc2a37_766x510.jpg | https://static.dd-room.com/images/object/n/o/p/nopsm4epbdqiugcc/cover/c674b45cfa7da95b15fda5a36e00a9a4_766x510.jpg | https://static.dd-room.com/images/object/n/o/p/nopsm4epbdqiugcc/cover/c8763d344466d56abc1e543d96e03b40_766x510.jpg
usjdnn62mu4qpa4a,https://www.dd-room.com/object/usjdnn62mu4qpa4a,@@忠孝復興SOGO商圈旁*機能景觀套房,15500,31000,0,臺北市大安區復興南路一段,大安區,復興南路一段,25.0433313,121.5438915,1房1廳1衛,1,1,1,0,0,2.0,獨立套房,elevator,6.0,12,12,12,2026-07-20,broker,對外窗、有電梯、水泥隔間,床、桌子、椅子、衣櫃、冷氣、冰箱、熱水器,未提供,管理費,未提供,15,https://static.dd-room.com/images/object/u/s/j/usjdnn62mu4qpa4a/cover/15d9e89742f9c57abb70e3bb3558a85e_766x510.jpg | https://static.dd-room.com/images/object/u/s/j/usjdnn62mu4qpa4a/cover/2c34cc383807d82e939504d12129cade_766x510.jpg | https://static.dd-room.com/images/object/u/s/j/usjdnn62mu4qpa4a/cover/5cc28542d09f09085321c196f70080e9_766x510.jpg | https://static.dd-room.com/images/object/u/s/j/usjdnn62mu4qpa4a/cover/2e04bd5ff33a0dcdb8a5dd21b874567d_766x510.jpg | https://static.dd-room.com/images/object/u/s/j/usjdnn62mu4qpa4a/cover/519485efe673467a3cc7d37c45bf8b36_766x510.jpg | https://static.dd-room.com/images/object/u/s/j/usjdnn62mu4qpa4a/cover/652be3d6596bf411fb0012cc2113975f_766x510.jpg | https://static.dd-room.com/images/object/u/s/j/usjdnn62mu4qpa4a/cover/c8324bcfad6a3da7bb03badeca944071_766x510.jpg | https://static.dd-room.com/images/object/u/s/j/usjdnn62mu4qpa4a/cover/581a8da1274404be62f144389d383f89_766x510.jpg | https://static.dd-room.com/images/object/u/s/j/usjdnn62mu4qpa4a/cover/d3a6c439d01275ea4a0f653e2820cb6c_766x510.jpg | https://static.dd-room.com/images/object/u/s/j/usjdnn62mu4qpa4a/cover/c4f65892e643be99fd910bfaf03ace89_766x510.jpg | https://static.dd-room.com/images/object/u/s/j/usjdnn62mu4qpa4a/cover/dec0e7989d98ac87dfd19a9182ba57ab_766x510.jpg | https://static.dd-room.com/images/object/u/s/j/usjdnn62mu4qpa4a/cover/4dafd7b6ecd2d6538bd082a289f23f47_766x510.jpg | https://static.dd-room.com/images/object/u/s/j/usjdnn62mu4qpa4a/cover/21ab9e87fd9fc8ebb2dd83b3e35b366f_766x510.jpg | https://static.dd-room.com/images/object/u/s/j/usjdnn62mu4qpa4a/cover/78fe70eafc2eee312922a0f9cf8aa50e_766x510.jpg | https://static.dd-room.com/images/object/u/s/j/usjdnn62mu4qpa4a/cover/ca92a70cb4cc05ce1ca5dc39b63f42ac_766x510.jpg
pg2hfvwpsvwntlio,https://www.dd-room.com/object/pg2hfvwpsvwntlio,@@忠孝新生東門商圈旁*採光明亮質感宅,80000,160000,6461,臺北市中正區仁愛路二段,中正區,仁愛路二段,25.0381707,121.5266952,2房2廳2衛1陽台,2,2,2,0,1,2.0,整層,elevator,30.3,6,10,12,2026-07-20,broker,可開伙、有電梯、對外窗、有陽台,床、桌子、椅子、沙發、衣櫃、冷氣、洗衣機、冰箱、電視、熱水器、天然瓦斯,有汽車車位,未提供,未提供,9,https://static.dd-room.com/images/object/p/g/2/pg2hfvwpsvwntlio/cover/6c0f2805a6450a14fbd0c3194eaf2ee2_766x510.jpg | https://static.dd-room.com/images/object/p/g/2/pg2hfvwpsvwntlio/cover/ad23ae377817fae9c0dc96ad8054f212_766x510.jpg | https://static.dd-room.com/images/object/p/g/2/pg2hfvwpsvwntlio/cover/0f9e1f49df0ef8f97840aaf55dc43c7d_766x510.jpg | https://static.dd-room.com/images/object/p/g/2/pg2hfvwpsvwntlio/cover/89e05e6f0c2308b61fa9e7732c9aa4d2_766x510.jpg | https://static.dd-room.com/images/object/p/g/2/pg2hfvwpsvwntlio/cover/c8784189b730cfc95cbf627df0930344_766x510.jpg | https://static.dd-room.com/images/object/p/g/2/pg2hfvwpsvwntlio/cover/d9b7a7be875c3a69e067cca3af41183f_766x510.jpg | https://static.dd-room.com/images/object/p/g/2/pg2hfvwpsvwntlio/cover/88cb3e09279ce9732fd79348571bf6fe_766x510.jpg | https://static.dd-room.com/images/object/p/g/2/pg2hfvwpsvwntlio/cover/e89a6f959cb48042e1e8234096560823_766x510.jpg | https://static.dd-room.com/images/object/p/g/2/pg2hfvwpsvwntlio/cover/9a8558bb14ce8fdee4e93eafd83b01c2_766x510.jpg
weeqehlhxcmryxdt,https://www.dd-room.com/object/weeqehlhxcmryxdt,@@大安信義復興敦南商圈旁*高樓景觀美居,89999,179998,3660,臺北市大安區信義路四段,大安區,信義路四段,25.0332246,121.5472642,4房2廳3衛1陽台,4,2,3,0,1,4.0,整層,elevator,60.6,12,17,12,2026-07-20,broker,對外窗、有電梯、水泥隔間,衣櫃、冷氣、熱水器、天然瓦斯,未提供,未提供,未提供,14,https://static.dd-room.com/images/object/w/e/e/weeqehlhxcmryxdt/cover/ccf94c679a439359a08d389d686e40cd_766x510.jpg | https://static.dd-room.com/images/object/w/e/e/weeqehlhxcmryxdt/cover/0f4f1e61b3bd7e7ec355b92c2a2357dd_766x510.jpg | https://static.dd-room.com/images/object/w/e/e/weeqehlhxcmryxdt/cover/6692bb7821907ff677cb8912a8df24ba_766x510.jpg | https://static.dd-room.com/images/object/w/e/e/weeqehlhxcmryxdt/cover/4079de6ad30ea2c67d2fbbbf0176452f_766x510.jpg | https://static.dd-room.com/images/object/w/e/e/weeqehlhxcmryxdt/cover/6299dce0a57639f580156a834d70bee9_766x510.jpg | https://static.dd-room.com/images/object/w/e/e/weeqehlhxcmryxdt/cover/2e1ae592348ba9e92f5dfa413ed82383_766x510.jpg | https://static.dd-room.com/images/object/w/e/e/weeqehlhxcmryxdt/cover/4e5789c09f6acf62097696e769d66d2b_766x510.jpg | https://static.dd-room.com/images/object/w/e/e/weeqehlhxcmryxdt/cover/959441c61e34be0cdc95d07e7154a984_766x510.jpg | https://static.dd-room.com/images/object/w/e/e/weeqehlhxcmryxdt/cover/2e1faf2cd59a5762e54b727cb8a69909_766x510.jpg | https://static.dd-room.com/images/object/w/e/e/weeqehlhxcmryxdt/cover/c835c40ba30a9f22ea2aaabb1b63fd7d_766x510.jpg | https://static.dd-room.com/images/object/w/e/e/weeqehlhxcmryxdt/cover/2b37efec5aa013105390b72789447ae3_766x510.jpg | https://static.dd-room.com/images/object/w/e/e/weeqehlhxcmryxdt/cover/4a3a2f0972041ae9bd696d2120ed3b35_766x510.jpg | https://static.dd-room.com/images/object/w/e/e/weeqehlhxcmryxdt/cover/c916940b1932c6742cef23605582e166_766x510.jpg | https://static.dd-room.com/images/object/w/e/e/weeqehlhxcmryxdt/cover/6ac7a0adde64c00abfae9e77edcdb131_766x510.jpg
46mgsynmqkdz82l1,https://www.dd-room.com/object/46mgsynmqkdz82l1,@@內湖家樂福商圈旁*溫馨採光通風宅,44999,89998,3665,臺北市內湖區行善路,內湖區,行善路,25.0562706,121.5749682,2房1廳1衛1陽台,2,1,1,0,1,2.0,整層,elevator,32.2,2,9,12,2026-07-20,broker,對外窗、有電梯、水泥隔間,床、桌子、椅子、沙發、衣櫃、冷氣、洗衣機、冰箱、電視、熱水器、天然瓦斯,未提供,未提供,未提供,6,https://static.dd-room.com/images/object/4/6/m/46mgsynmqkdz82l1/cover/a04dd2abd8e319f615e2ec4954a3f31b_766x510.jpg | https://static.dd-room.com/images/object/4/6/m/46mgsynmqkdz82l1/cover/e2b2bc41766a48c20e9bc7a053a9d5fc_766x510.jpg | https://static.dd-room.com/images/object/4/6/m/46mgsynmqkdz82l1/cover/1659b2395ed8ff84b7f4850f185454fc_766x510.jpg | https://static.dd-room.com/images/object/4/6/m/46mgsynmqkdz82l1/cover/5b5475f1136d813a3f7869d58f22a9e7_766x510.jpg | https://static.dd-room.com/images/object/4/6/m/46mgsynmqkdz82l1/cover/f6c2a8fe1757a289a1001d6a62a35e57_766x510.jpg | https://static.dd-room.com/images/object/4/6/m/46mgsynmqkdz82l1/cover/c1d91900a1b86e6e2e99821bb4ea1df6_766x510.jpg
52ryeffzqljewmsp,https://www.dd-room.com/object/52ryeffzqljewmsp,@@台電大樓商圈旁*挑高1+1房生活機能宅,37999,75998,0,臺北市大安區羅斯福路三段,大安區,羅斯福路三段,25.0210343,121.5293258,1房1廳1衛1陽台,1,1,1,0,1,1.0,整層,elevator,13.0,3,6,12,2026-07-20,broker,對外窗、有電梯、水泥隔間,床、桌子、椅子、沙發、衣櫃、冷氣、洗衣機、冰箱、電視、熱水器,未提供,未提供,未提供,8,https://static.dd-room.com/images/object/5/2/r/52ryeffzqljewmsp/cover/f348eb39b484b08b6dd74d0f217dcca3_766x510.jpg | https://static.dd-room.com/images/object/5/2/r/52ryeffzqljewmsp/cover/4481189c3a3b9d94ce5a4a586f0f105b_766x510.jpg | https://static.dd-room.com/images/object/5/2/r/52ryeffzqljewmsp/cover/11c54c527b2592bb78e932698cc62193_766x510.jpg | https://static.dd-room.com/images/object/5/2/r/52ryeffzqljewmsp/cover/96fef6ab4dd2cde156cab68ba198c675_766x510.jpg | https://static.dd-room.com/images/object/5/2/r/52ryeffzqljewmsp/cover/1c00fe0af20e43aba577edc7e67e2168_766x510.jpg | https://static.dd-room.com/images/object/5/2/r/52ryeffzqljewmsp/cover/17d913d5448d7a17887071e12c0b0860_766x510.jpg | https://static.dd-room.com/images/object/5/2/r/52ryeffzqljewmsp/cover/3b1850dd42733b554e25e850871e34f1_766x510.jpg | https://static.dd-room.com/images/object/5/2/r/52ryeffzqljewmsp/cover/2d77c238493e299aeb96b8b8b9dca753_766x510.jpg
9gmldfligevaiwkn,https://www.dd-room.com/object/9gmldfligevaiwkn,@@雙連捷運商圈旁*溫馨典雅高機能美居,61999,123998,3637,臺北市中山區新生北路二段,中山區,新生北路二段,25.0297486,121.5327247,2房1廳1衛1陽台,2,1,1,0,1,2.0,整層,elevator,23.9,11,12,12,2026-07-20,broker,對外窗、有電梯、水泥隔間,床、桌子、椅子、沙發、衣櫃、冷氣、洗衣機、冰箱、電視、熱水器、天然瓦斯,未提供,未提供,未提供,10,https://static.dd-room.com/images/object/9/g/m/9gmldfligevaiwkn/cover/6bb907424d20beeabbc9cc5ae5bc0112_766x510.jpg | https://static.dd-room.com/images/object/9/g/m/9gmldfligevaiwkn/cover/bce20b151cbde2ea03142a1ef9974154_766x510.jpg | https://static.dd-room.com/images/object/9/g/m/9gmldfligevaiwkn/cover/59db5bd5376f056adabe6340f94516ff_766x510.jpg | https://static.dd-room.com/images/object/9/g/m/9gmldfligevaiwkn/cover/746f14b98bef54de3cebf0d7d7efd68c_766x510.jpg | https://static.dd-room.com/images/object/9/g/m/9gmldfligevaiwkn/cover/4daccea47af510a5df18faf805eac8cc_766x510.jpg | https://static.dd-room.com/images/object/9/g/m/9gmldfligevaiwkn/cover/2bc6182adcee69412c004333a35b4aa1_766x510.jpg | https://static.dd-room.com/images/object/9/g/m/9gmldfligevaiwkn/cover/6ad6f81eed997a6d40080ec364f498c4_766x510.jpg | https://static.dd-room.com/images/object/9/g/m/9gmldfligevaiwkn/cover/4a6ea78e890ab98a2ee1a0909db80268_766x510.jpg | https://static.dd-room.com/images/object/9/g/m/9gmldfligevaiwkn/cover/ca113d0ed3e86d0b78cf81389ae58f9a_766x510.jpg | https://static.dd-room.com/images/object/9/g/m/9gmldfligevaiwkn/cover/1d9e76be9d394c39b309e2d0e520f767_766x510.jpg
iaeto4gaznhvmctg,https://www.dd-room.com/object/iaeto4gaznhvmctg,@@行天宮捷運商圈旁*優質機能採光明亮通風美居,74999,149998,5698,臺北市中山區建國北路二段,中山區,建國北路二段,25.0620364,121.5367952,3房2廳2衛2陽台,3,2,2,0,2,3.0,整層,elevator,40.0,9,15,12,2026-07-20,broker,對外窗、有電梯、水泥隔間,床、桌子、椅子、沙發、衣櫃、冷氣、洗衣機、冰箱、熱水器,有汽車車位,未提供,未提供,8,https://static.dd-room.com/images/object/i/a/e/iaeto4gaznhvmctg/cover/48752f52bb188d64bc9f03303d28fd1f_766x510.jpg | https://static.dd-room.com/images/object/i/a/e/iaeto4gaznhvmctg/cover/90511b7646524be15953d26f4c044448_766x510.jpg | https://static.dd-room.com/images/object/i/a/e/iaeto4gaznhvmctg/cover/43e2e4f0cc065bf116bf504d3de2dd29_766x510.jpg | https://static.dd-room.com/images/object/i/a/e/iaeto4gaznhvmctg/cover/75bf0c07b16ad78ef56e6605dedb1f47_766x510.jpg | https://static.dd-room.com/images/object/i/a/e/iaeto4gaznhvmctg/cover/d82539bacd32b6e75e06d7f61ef1e7e5_766x510.jpg | https://static.dd-room.com/images/object/i/a/e/iaeto4gaznhvmctg/cover/b347040dbca717f5c455431b15eba558_766x510.jpg | https://static.dd-room.com/images/object/i/a/e/iaeto4gaznhvmctg/cover/24ad40a177261853398322cbfb2db21c_766x510.jpg | https://static.dd-room.com/images/object/i/a/e/iaeto4gaznhvmctg/cover/6a5e043cd9200fe14cc9d60d0974ace6_766x510.jpg
vngzxjmzjbkbjcul,https://www.dd-room.com/object/vngzxjmzjbkbjcul,@@松江南京捷運商圈旁*高樓景觀採光明亮豪邸,239999,479998,20570,臺北市中山區吉林路,中山區,吉林路,25.0500274,121.5300457,5房2廳4衛2陽台,5,2,4,0,2,5.0,整層,elevator,130.0,7,14,12,2026-07-20,broker,對外窗、有電梯、水泥隔間、可開伙,床、桌子、椅子、沙發、衣櫃、冷氣、洗衣機、冰箱、熱水器、天然瓦斯,有汽車車位,未提供,未提供,13,https://static.dd-room.com/images/object/v/n/g/vngzxjmzjbkbjcul/cover/cdcc216f7704826fb5827007dd8ec9fe_766x510.jpg | https://static.dd-room.com/images/object/v/n/g/vngzxjmzjbkbjcul/cover/296182c85055538e534afa222ef99c4a_766x510.jpg | https://static.dd-room.com/images/object/v/n/g/vngzxjmzjbkbjcul/cover/9ef2c033175599ad600f84c0b3768659_766x510.jpg | https://static.dd-room.com/images/object/v/n/g/vngzxjmzjbkbjcul/cover/f583651d35ff3b99ac011473bda21196_766x510.jpg | https://static.dd-room.com/images/object/v/n/g/vngzxjmzjbkbjcul/cover/2ccec2702a3923314758e67b5112932c_766x510.jpg | https://static.dd-room.com/images/object/v/n/g/vngzxjmzjbkbjcul/cover/9a6f9d5c78f1757dda2aa66e13dccb8f_766x510.jpg | https://static.dd-room.com/images/object/v/n/g/vngzxjmzjbkbjcul/cover/dac2c2597942a02050037553cfebda7b_766x510.jpg | https://static.dd-room.com/images/object/v/n/g/vngzxjmzjbkbjcul/cover/5fdc17cf585a889bcf68f131e0507d23_766x510.jpg | https://static.dd-room.com/images/object/v/n/g/vngzxjmzjbkbjcul/cover/8571a2dfe5b8f09af5c355e34d48be87_766x510.jpg | https://static.dd-room.com/images/object/v/n/g/vngzxjmzjbkbjcul/cover/2fd620761e4c4f2618e681dac81cfe64_766x510.jpg | https://static.dd-room.com/images/object/v/n/g/vngzxjmzjbkbjcul/cover/ebafbcc5d8724ad65eba0797786a68d1_766x510.jpg | https://static.dd-room.com/images/object/v/n/g/vngzxjmzjbkbjcul/cover/ef7b759347fd808084f3a1b2feeb98cb_766x510.jpg | https://static.dd-room.com/images/object/v/n/g/vngzxjmzjbkbjcul/cover/9149933249a0c3f7e198795a18306808_766x510.jpg
pujy4osai5ntqyhq,https://www.dd-room.com/object/pujy4osai5ntqyhq,@@忠孝新生捷運商圈旁*靜巷質感美寓,48999,97998,0,臺北市中正區泰安街,中正區,泰安街,25.040142,121.5280629,3房2廳1衛2陽台,3,2,1,0,2,3.0,整層,apt,34.5,3,4,12,2026-07-20,broker,對外窗、可開伙、水泥隔間,床、桌子、椅子、沙發、衣櫃、冷氣、洗衣機、冰箱、熱水器,未提供,未提供,未提供,15,https://static.dd-room.com/images/object/p/u/j/pujy4osai5ntqyhq/cover/03a94b0f6f37d496deec741fc9faa502_766x510.jpg | https://static.dd-room.com/images/object/p/u/j/pujy4osai5ntqyhq/cover/ce449987cdd81d3a50ec791bbcdd45e9_766x510.jpg | https://static.dd-room.com/images/object/p/u/j/pujy4osai5ntqyhq/cover/cf2181da3ac2b3fd3216e04e7a79c8ee_766x510.jpg | https://static.dd-room.com/images/object/p/u/j/pujy4osai5ntqyhq/cover/7f5f2ffc9b84646ff416d9227237f37d_766x510.jpg | https://static.dd-room.com/images/object/p/u/j/pujy4osai5ntqyhq/cover/82e6b1b448d7b0ace1744122ffe50f31_766x510.jpg | https://static.dd-room.com/images/object/p/u/j/pujy4osai5ntqyhq/cover/4f4428fed5253d413f7cf1d78a91a891_766x510.jpg | https://static.dd-room.com/images/object/p/u/j/pujy4osai5ntqyhq/cover/f7ce66367c23a22a0e0168a59c2c4783_766x510.jpg | https://static.dd-room.com/images/object/p/u/j/pujy4osai5ntqyhq/cover/bf663edcd93adfd8bc875c4abfc620d0_766x510.jpg | https://static.dd-room.com/images/object/p/u/j/pujy4osai5ntqyhq/cover/6e87828a35cc1983d3010a21aee814ff_766x510.jpg | https://static.dd-room.com/images/object/p/u/j/pujy4osai5ntqyhq/cover/f1a54b3a962903d4bfdcc64332e248a8_766x510.jpg | https://static.dd-room.com/images/object/p/u/j/pujy4osai5ntqyhq/cover/c3cf60316032f92a5287243b9e5727c0_766x510.jpg | https://static.dd-room.com/images/object/p/u/j/pujy4osai5ntqyhq/cover/bdad9497f37425ccc85eb44a2e6f968a_766x510.jpg | https://static.dd-room.com/images/object/p/u/j/pujy4osai5ntqyhq/cover/b50c0fc0d5abaedde96f2dc00f8cd536_766x510.jpg | https://static.dd-room.com/images/object/p/u/j/pujy4osai5ntqyhq/cover/a63ceb86939adbcd99a51091549bbf9c_766x510.jpg | https://static.dd-room.com/images/object/p/u/j/pujy4osai5ntqyhq/cover/31e1c7cd4f3c8f6cc96c531e896adb2c_766x510.jpg
xu8ehgyikcn27ozo,https://www.dd-room.com/object/xu8ehgyikcn27ozo,@@中山捷運商圈旁*簡約採光明亮機能宅,31999,63998,4800,臺北市大同區承德路一段,大同區,承德路一段,25.0520756,121.5172753,2房1廳1衛,2,1,1,0,0,2.0,整層,elevator,38.0,8,12,12,2026-07-20,broker,對外窗、有電梯、水泥隔間,冷氣、熱水器,未提供,未提供,未提供,11,https://static.dd-room.com/images/object/x/u/8/xu8ehgyikcn27ozo/cover/509bd7ce935999f81a05a71744abbdba_766x510.jpg | https://static.dd-room.com/images/object/x/u/8/xu8ehgyikcn27ozo/cover/457bf6dbbbce8c7461db2c9a9ef51572_766x510.jpg | https://static.dd-room.com/images/object/x/u/8/xu8ehgyikcn27ozo/cover/5fd382eeb9c8fbe662c06760cd172fdc_766x510.jpg | https://static.dd-room.com/images/object/x/u/8/xu8ehgyikcn27ozo/cover/e694335c4587fb43d33fb91eab3f7ebf_766x510.jpg | https://static.dd-room.com/images/object/x/u/8/xu8ehgyikcn27ozo/cover/4565775e64f11f3eda1e0a9e71803e2d_766x510.jpg | https://static.dd-room.com/images/object/x/u/8/xu8ehgyikcn27ozo/cover/95ab6d25cc68ddd45f9cd5eb394e8ce8_766x510.jpg | https://static.dd-room.com/images/object/x/u/8/xu8ehgyikcn27ozo/cover/78011a22ca5348d55749abdddee18a6e_766x510.jpg | https://static.dd-room.com/images/object/x/u/8/xu8ehgyikcn27ozo/cover/3b97f95aaf137ed7eb3ce2abf189ee4d_766x510.jpg | https://static.dd-room.com/images/object/x/u/8/xu8ehgyikcn27ozo/cover/c3e8eac0c5b0360ff26bede5f344cf01_766x510.jpg | https://static.dd-room.com/images/object/x/u/8/xu8ehgyikcn27ozo/cover/d9004c89ea87eee0480f8e4fa335d06e_766x510.jpg | https://static.dd-room.com/images/object/x/u/8/xu8ehgyikcn27ozo/cover/5f49077a17254aeb75f377286536be15_766x510.jpg
smz8rbvni27nltax,https://www.dd-room.com/object/smz8rbvni27nltax,@@北投奇岩捷運商圈旁*景觀質感採光明亮美邸,94999,189998,0,臺北市北投區三合街一段,北投區,三合街一段,25.1270175,121.5056414,3房2廳2衛3陽台,3,2,2,0,3,3.0,整層,elevator,76.0,8,8,12,2026-06-16,broker,對外窗、有電梯、可開伙、水泥隔間,衣櫃、冷氣、熱水器、天然瓦斯,有汽車車位,管理費,未提供,15,https://static.dd-room.com/images/object/s/m/z/smz8rbvni27nltax/cover/4b07646efc9a829a565c811d8023d56e_766x510.jpg | https://static.dd-room.com/images/object/s/m/z/smz8rbvni27nltax/cover/7e185a447eebdcc052a0c3de4a1f44c2_766x510.jpg | https://static.dd-room.com/images/object/s/m/z/smz8rbvni27nltax/cover/da724c1cd5412946b2359cc4aeb385aa_766x510.jpg | https://static.dd-room.com/images/object/s/m/z/smz8rbvni27nltax/cover/57620bf6e675f855f55aef4333d052c1_766x510.jpg | https://static.dd-room.com/images/object/s/m/z/smz8rbvni27nltax/cover/ebfb20ff65622eeecc7cea38c7bc52f3_766x510.jpg | https://static.dd-room.com/images/object/s/m/z/smz8rbvni27nltax/cover/b1376203c11551a14875843f135201c6_766x510.jpg | https://static.dd-room.com/images/object/s/m/z/smz8rbvni27nltax/cover/8f9707ee2b4f34c71bc8d9f1f558052c_766x510.jpg | https://static.dd-room.com/images/object/s/m/z/smz8rbvni27nltax/cover/bbcf4eb1a072d1106d2f86303e7d18a1_766x510.jpg | https://static.dd-room.com/images/object/s/m/z/smz8rbvni27nltax/cover/b18fefaf3edb4c5cd9f88db4ce07e9f0_766x510.jpg | https://static.dd-room.com/images/object/s/m/z/smz8rbvni27nltax/cover/bca471123e43fd16a3fd41b284ad5d3a_766x510.jpg | https://static.dd-room.com/images/object/s/m/z/smz8rbvni27nltax/cover/496eec297df1891b88a21a6f9eff4b8c_766x510.jpg | https://static.dd-room.com/images/object/s/m/z/smz8rbvni27nltax/cover/6d8260cf7398b46b1f213e46af076637_766x510.jpg | https://static.dd-room.com/images/object/s/m/z/smz8rbvni27nltax/cover/0e3fcc9b9685002d3b5c04b410d84dde_766x510.jpg | https://static.dd-room.com/images/object/s/m/z/smz8rbvni27nltax/cover/78536410114d1bf6191da1b508a9b4d5_766x510.jpg | https://static.dd-room.com/images/object/s/m/z/smz8rbvni27nltax/cover/8c761e8c8b534745f015711053f803a7_766x510.jpg
nuhvddcrhs9niupq,https://www.dd-room.com/object/nuhvddcrhs9niupq,@@台電大樓捷運商圈旁*景觀採光明亮機能美邸,179999,359998,0,臺北市中正區羅斯福路三段,中正區,羅斯福路三段,25.0210343,121.5293258,4房2廳3衛2陽台,4,2,3,0,2,4.0,整層,elevator,70.3,8,19,12,2026-06-16,broker,對外窗、有電梯、水泥隔間、可開伙,衣櫃、冷氣、熱水器、天然瓦斯,未提供,管理費,未提供,11,https://static.dd-room.com/images/object/n/u/h/nuhvddcrhs9niupq/cover/9bfdedb96dd887e138ccf50be4255b91_766x510.jpg | https://static.dd-room.com/images/object/n/u/h/nuhvddcrhs9niupq/cover/d30839b1d43bcbd4fe44812d8b3c56f6_766x510.jpg | https://static.dd-room.com/images/object/n/u/h/nuhvddcrhs9niupq/cover/4ddf8ef5847f6be536d1d404bf7d5eb7_766x510.jpg | https://static.dd-room.com/images/object/n/u/h/nuhvddcrhs9niupq/cover/25a3fb745b8a63d06baaf136f05ea9c4_766x510.jpg | https://static.dd-room.com/images/object/n/u/h/nuhvddcrhs9niupq/cover/63d43cb3bd682cda2768a966abf9d516_766x510.jpg | https://static.dd-room.com/images/object/n/u/h/nuhvddcrhs9niupq/cover/fc9bf6366f531531f41125c94607d2f7_766x510.jpg | https://static.dd-room.com/images/object/n/u/h/nuhvddcrhs9niupq/cover/5372b6c32caba565997ba980576c0bea_766x510.jpg | https://static.dd-room.com/images/object/n/u/h/nuhvddcrhs9niupq/cover/a60a7a187288c6b80e66805a57d5e30c_766x510.jpg | https://static.dd-room.com/images/object/n/u/h/nuhvddcrhs9niupq/cover/c12c75ec29a59d4575b15d7c1eda58a2_766x510.jpg | https://static.dd-room.com/images/object/n/u/h/nuhvddcrhs9niupq/cover/2721636de7f1385d6291112b08c71e65_766x510.jpg | https://static.dd-room.com/images/object/n/u/h/nuhvddcrhs9niupq/cover/cbaa795674f4e9aef869e5a374fd5d8e_766x510.jpg
plom2tfldk5by2av,https://www.dd-room.com/object/plom2tfldk5by2av,近捷運古亭【超值租案】限女性★大面採光★台師大,9299,18598,0,臺北市中正區廈門街,中正區,廈門街,25.026447,121.5178804,1房1衛,1,0,1,0,0,2.0,獨立套房,apt,4.0,4,4,12,2026-07-20,broker,未提供,未提供,未提供,未提供,未提供,4,https://renco-rentals-prod.s3.ap-northeast-1.amazonaws.com/43485/medium/df8124fe-60e0-4120-8f9f-300a388c5a36.jpg | https://renco-rentals-prod.s3.ap-northeast-1.amazonaws.com/43485/medium/9dbc694f-0ce4-4b3f-83d4-da9049bdce77.jpg | https://renco-rentals-prod.s3.ap-northeast-1.amazonaws.com/43485/medium/0bf2dc19-29db-4d55-bd90-a74c24165ae7.jpg | https://renco-rentals-prod.s3.ap-northeast-1.amazonaws.com/43485/medium/a478c4ac-4a73-4640-a9e0-a98253142321.jpg
xkuggpn9fb3c6tuq,https://www.dd-room.com/object/xkuggpn9fb3c6tuq,捷運萬芳醫院3分【超值3房1廳】流理台★獨洗衣機★獨立陽台,22999,45998,0,臺北市文山區興隆路三段,文山區,興隆路三段,24.9981483,121.5588495,3房1廳1衛1陽台,3,1,1,0,1,3.0,整層,apt,27.0,5,4,12,2026-07-20,broker,有陽台,未提供,未提供,未提供,未提供,12,https://img2.591.com.tw/house/2026/07/20/178454768792161402.png!1000x.png | https://img2.591.com.tw/house/2026/07/20/178454768792229709.png!1000x.png | https://img2.591.com.tw/house/2026/07/20/178454768744930505.png!1000x.png | https://img2.591.com.tw/house/2026/07/20/178454768739531708.png!1000x.png | https://img1.591.com.tw/house/2026/07/20/178454768785196504.png!1000x.png | https://img2.591.com.tw/house/2026/07/20/178454768751904702.png!1000x.png | https://img1.591.com.tw/house/2026/07/20/178454768758120308.png!1000x.png | https://img1.591.com.tw/house/2026/07/20/178454768788699505.png!1000x.png | https://img1.591.com.tw/house/2026/07/20/178454768776046000.png!1000x.png | https://img2.591.com.tw/house/2026/07/20/178454768783809809.png!1000x.png | https://img2.591.com.tw/house/2026/07/20/178454768810580501.png!1000x.png | https://img2.591.com.tw/house/2026/07/20/178454768817095006.png!1000x.png
nosmwml9pknwl9hc,https://www.dd-room.com/object/nosmwml9pknwl9hc,中國科大【超值電梯★大空間】陽台★流理台,16999,33998,0,臺北市文山區仙岩路,文山區,仙岩路,24.9994089,121.5492909,1房1衛,1,0,1,0,0,2.0,獨立套房,elevator,10.0,4,8,12,2026-07-20,broker,有電梯,未提供,未提供,未提供,未提供,5,https://renco-rentals-prod.s3.ap-northeast-1.amazonaws.com/22848/medium/eabd7c47-54ca-4c30-8134-7216e957978b.jpg | https://renco-rentals-prod.s3.ap-northeast-1.amazonaws.com/22848/medium/0134c4c4-c4b2-4c0a-82db-7271df27a7d6.jpg | https://renco-rentals-prod.s3.ap-northeast-1.amazonaws.com/22848/medium/f4e304e6-ee8c-47ac-8932-be4cce6db41b.jpg | https://renco-rentals-prod.s3.ap-northeast-1.amazonaws.com/22848/medium/a2a9b82e-ebc0-49e8-9fd8-88936e04adb6.jpg | https://renco-rentals-prod.s3.ap-northeast-1.amazonaws.com/22848/medium/048db178-617a-4e99-be59-9c330c4d0271.jpg
t8xstwk7hqfxumof,https://www.dd-room.com/object/t8xstwk7hqfxumof,捷運世貿3分【優質獨戶】補助入籍洽★警衛管理★小廚房,39990,79980,3000,臺北市信義區信義路五段,信義區,信義路五段,25.0330722,121.5605445,1房1衛1陽台,1,0,1,0,1,2.0,獨立套房,elevator,8.0,3,18,12,2026-07-20,broker,可開伙、有電梯、有陽台、租金補貼、可入籍,冰箱、洗衣機、電視、冷氣、熱水器、床、衣櫃、沙發、桌子、椅子,未提供,未提供,未提供,6,https://renco-rentals-prod.s3.ap-northeast-1.amazonaws.com/43465/medium/be6a41d4-81cc-493b-9172-f1f1c48041a9.jpg | https://renco-rentals-prod.s3.ap-northeast-1.amazonaws.com/43465/medium/fe9c4e02-4aa1-4a07-a680-86de0b430022.jpg | https://renco-rentals-prod.s3.ap-northeast-1.amazonaws.com/43465/medium/57ea87bd-7d67-4f0c-afdb-92ba3b649067.jpg | https://renco-rentals-prod.s3.ap-northeast-1.amazonaws.com/43465/medium/2c3178fe-e2cc-4bfd-b741-01f04fca8fb0.jpg | https://renco-rentals-prod.s3.ap-northeast-1.amazonaws.com/43465/medium/e80048cb-086a-466f-9b63-efa7369e6286.jpg | https://renco-rentals-prod.s3.ap-northeast-1.amazonaws.com/43465/medium/f28a88e0-1035-429b-b0a4-87a95eb0dce4.jpg
d7uziv41jbet2ga8,https://www.dd-room.com/object/d7uziv41jbet2ga8,捷運永春1分【超值租案】可補助★獨洗陽台★垃圾代收,13987,27974,1000,臺北市信義區虎林街,信義區,虎林街,25.0371893,121.5772788,1房1衛,1,0,1,0,0,2.0,獨立套房,apt,3.0,3,4,12,2026-07-20,broker,垃圾代收、租金補貼,冰箱、洗衣機、電視、冷氣、床、衣櫃、第四台、網路、桌子、椅子,未提供,未提供,未提供,6,https://renco-rentals-prod.s3.ap-northeast-1.amazonaws.com/43464/medium/d1459c80-2e3f-4fec-93e5-f942e2d9446a.jpg | https://renco-rentals-prod.s3.ap-northeast-1.amazonaws.com/43464/medium/240e9721-7d71-4ffc-9b2c-c62ebe0e6665.jpg | https://renco-rentals-prod.s3.ap-northeast-1.amazonaws.com/43464/medium/d0512a8f-dd9c-444a-a547-091108434a9f.jpg | https://renco-rentals-prod.s3.ap-northeast-1.amazonaws.com/43464/medium/bae53af2-9dbd-4e97-bcfa-5831d85f7124.jpg | https://renco-rentals-prod.s3.ap-northeast-1.amazonaws.com/43464/medium/744af5f0-4e51-427f-98e2-8458c2a35e2c.jpg | https://renco-rentals-prod.s3.ap-northeast-1.amazonaws.com/43464/medium/0d4d906a-aaf9-4357-82ae-cae6bd37c2c7.jpg
jtkoh8taluwml3vl,https://www.dd-room.com/object/jtkoh8taluwml3vl,中正紀念堂3分【超值1房1廳】垃圾代收★警衛管理★獨洗衣機,26999,53998,2600,臺北市中正區南昌路一段,中正區,南昌路一段,25.0330441,121.5158762,1房1廳1衛,1,1,1,0,0,1.0,整層,elevator,6.0,4,13,12,2026-07-20,broker,有電梯、垃圾代收,洗衣機、冷氣、熱水器、衣櫃,未提供,未提供,未提供,5,https://renco-rentals-prod.s3.ap-northeast-1.amazonaws.com/temp/0e86c11d-379d-4a72-9f99-a441af5c2ec9.jpg | https://renco-rentals-prod.s3.ap-northeast-1.amazonaws.com/temp/f03f3be8-b7fe-4e52-87cd-b5b451f15703.jpg | https://renco-rentals-prod.s3.ap-northeast-1.amazonaws.com/temp/bd92ebff-19b3-497d-84c5-ea9ab056e1b6.jpg | https://renco-rentals-prod.s3.ap-northeast-1.amazonaws.com/temp/25ff505f-1ed5-4b48-b137-f59a7305f8d1.jpg | https://renco-rentals-prod.s3.ap-northeast-1.amazonaws.com/temp/175a1af7-fe71-4367-90ee-078fbdb5050b.jpg
i5ryejbyqbythxw1,https://www.dd-room.com/object/i5ryejbyqbythxw1,兆基社會住宅🏠友善屋源🧡西門站/雙衛浴/可租補入籍,26000,52000,0,臺北市萬華區貴陽街二段,萬華區,貴陽街二段,25.0393921,121.5063921,3房1廳2衛,3,1,2,0,0,3.0,整層,apt,30.0,4,4,12,2026-07-20,broker,可無火煮食、可報稅、可入籍、社會住宅、免仲介費、可開伙、租金補貼,床、桌子、椅子、衣櫃、冷氣、冰箱、熱水器、天然瓦斯,未提供,未提供,未提供,14,https://static.dd-room.com/images/object/i/5/r/i5ryejbyqbythxw1/cover/f730d05f8f2c29354d290458505541bd_766x510.jpg | https://static.dd-room.com/images/object/i/5/r/i5ryejbyqbythxw1/cover/0aa59f550885a905415ccb2b4a309559_766x510.jpg | https://static.dd-room.com/images/object/i/5/r/i5ryejbyqbythxw1/cover/63b15896bf9771b84ec92cc538a7eb03_766x510.jpg | https://static.dd-room.com/images/object/i/5/r/i5ryejbyqbythxw1/cover/ef98de5ab20f31d59ddcd62ac03be9b3_766x510.jpg | https://static.dd-room.com/images/object/i/5/r/i5ryejbyqbythxw1/cover/a12564c0a52bd38e213683ed0b32912a_766x510.jpg | https://static.dd-room.com/images/object/i/5/r/i5ryejbyqbythxw1/cover/6d24443eebbb9f65782dcd2cddc2034e_766x510.jpg | https://static.dd-room.com/images/object/i/5/r/i5ryejbyqbythxw1/cover/900ec9b5f70a8650d24cd2aa510f51ae_766x510.jpg | https://static.dd-room.com/images/object/i/5/r/i5ryejbyqbythxw1/cover/4377a2a10f126f34bfd327e69f8f355e_766x510.jpg | https://static.dd-room.com/images/object/i/5/r/i5ryejbyqbythxw1/cover/333dbaf63380c829a64a11f32584cc6c_766x510.jpg | https://static.dd-room.com/images/object/i/5/r/i5ryejbyqbythxw1/cover/346a1fd967caf700cf1152d3d6aa7284_766x510.jpg | https://static.dd-room.com/images/object/i/5/r/i5ryejbyqbythxw1/cover/6e38fda653253b477e756c34da2d26bc_766x510.jpg | https://static.dd-room.com/images/object/i/5/r/i5ryejbyqbythxw1/cover/68e2af5ce77b15b932679b0682837575_766x510.jpg | https://static.dd-room.com/images/object/i/5/r/i5ryejbyqbythxw1/cover/c95b2652293a506ae6ecdb41d262133e_766x510.jpg | https://static.dd-room.com/images/object/i/5/r/i5ryejbyqbythxw1/cover/5a3c013ab49b348660127d8e2315e866_766x510.jpg
n89krezvrfkn5y3l,https://www.dd-room.com/object/n89krezvrfkn5y3l,捷運大直4分【超值租案】採光優★垃圾代收★獨立衛浴,14499,28998,0,臺北市中山區北安路,中山區,北安路,25.0816861,121.5486651,1房1衛,1,0,1,0,0,2.0,獨立套房,apt,5.0,4,5,12,2026-07-20,broker,垃圾代收,未提供,未提供,未提供,未提供,2,https://img2.591.com.tw/house/2026/07/20/178451599004389909.jpg!1000x.jpg | https://img1.591.com.tw/house/2026/07/20/178451599042356702.jpg!1000x.jpg
hgmhvplxs1h8d6vx,https://www.dd-room.com/object/hgmhvplxs1h8d6vx,台北信義永春捷運藍線可短租免押金,8500,0,0,臺北市信義區松山路,信義區,松山路,25.0349996,121.5797394,3房1廳3衛1廚1陽台,3,1,3,1,1,4.0,雅房,apt,30.0,1,4,1,2026-07-19,agent,可開伙、可無火煮食、對外窗、有飲水機、水泥隔間、定期清潔、免仲介費、有陽台、共生公寓、可報稅、租金補貼,床、桌子、椅子、沙發、衣櫃、鞋櫃、櫃子、網路、洗衣機、冰箱、電視、電視盒、流理台、熱水器、排油煙機、電磁爐,未提供,未提供,未提供,13,https://static.dd-room.com/images/object/h/g/m/hgmhvplxs1h8d6vx/cover/02c1bc2f5906b2d7b394e09b75f92b8c_766x510.jpg | https://static.dd-room.com/images/object/h/g/m/hgmhvplxs1h8d6vx/cover/298b99770fe1afb8a34953dd042e9010_766x510.jpg | https://static.dd-room.com/images/object/h/g/m/hgmhvplxs1h8d6vx/cover/c6b20e233128215d7cf1ee352d8b0109_766x510.jpg | https://static.dd-room.com/images/object/h/g/m/hgmhvplxs1h8d6vx/cover/36b9e888fb0aab0905d663b4733c63cf_766x510.jpg | https://static.dd-room.com/images/object/h/g/m/hgmhvplxs1h8d6vx/cover/883a8d5cda598e994eb4da2bd82badf5_766x510.jpg | https://static.dd-room.com/images/object/h/g/m/hgmhvplxs1h8d6vx/cover/3a1da2f7cbf2e4a2b774c17adc03f195_766x510.jpg | https://static.dd-room.com/images/object/h/g/m/hgmhvplxs1h8d6vx/cover/19cfc2aa221541092c7a777f051342a5_766x510.jpg | https://static.dd-room.com/images/object/h/g/m/hgmhvplxs1h8d6vx/cover/2adcec6e28f64c89da6538689a0cc3fc_766x510.jpg | https://static.dd-room.com/images/object/h/g/m/hgmhvplxs1h8d6vx/cover/78c0d5ef6f80dd9e9bc2d472579eb8df_766x510.jpg | https://static.dd-room.com/images/object/h/g/m/hgmhvplxs1h8d6vx/cover/c494dcdcd73363afaacd916a113d76fe_766x510.jpg | https://static.dd-room.com/images/object/h/g/m/hgmhvplxs1h8d6vx/cover/2c8ce741c7995bfbd3f0161dddf4d1eb_766x510.jpg | https://static.dd-room.com/images/object/h/g/m/hgmhvplxs1h8d6vx/cover/fc6d9aeb191461d80a92b506669832f5_766x510.jpg | https://static.dd-room.com/images/object/h/g/m/hgmhvplxs1h8d6vx/cover/4af1980b1e8f5100c534ae19849a82b2_766x510.jpg
r5pqmk1qtxhv3amn,https://www.dd-room.com/object/r5pqmk1qtxhv3amn,古亭台電雙捷運近台大師大包水電可短租,7500,0,0,臺北市中正區金門街,中正區,金門街,25.0213904,121.5230115,4房1廳2衛1廚1陽台,4,1,2,1,1,4.0,雅房,apt,5.0,2,5,1,2026-07-19,agent,共生公寓、可開伙、保全設施、對外窗、水泥隔間、有飲水機、免仲介費,床、桌子、椅子、沙發、衣櫃、鞋櫃、櫃子、網路、冷氣、洗衣機、冰箱、電視、流理台、熱水器、天然瓦斯、排油煙機、瓦斯爐、電磁爐,有機車車位,電費、水費、瓦斯費、第四台、網路費、管理費、清潔費,未提供,11,https://static.dd-room.com/images/object/r/5/p/r5pqmk1qtxhv3amn/cover/efb5c80f6581198a12f0c518117c6349_766x510.jpg | https://static.dd-room.com/images/object/r/5/p/r5pqmk1qtxhv3amn/cover/a187678c9fdbcc2bc1d79af0dcd0189f_766x510.jpg | https://static.dd-room.com/images/object/r/5/p/r5pqmk1qtxhv3amn/cover/64574f892e4e85fda2be541802c90d83_766x510.jpg | https://static.dd-room.com/images/object/r/5/p/r5pqmk1qtxhv3amn/cover/cc7462f202e6ae017b33457d54a6ac61_766x510.jpg | https://static.dd-room.com/images/object/r/5/p/r5pqmk1qtxhv3amn/cover/5a7c8ee27f84260d5a62697221466542_766x510.jpg | https://static.dd-room.com/images/object/r/5/p/r5pqmk1qtxhv3amn/cover/a0bde21b59a6b91c96dec479f9514048_766x510.jpg | https://static.dd-room.com/images/object/r/5/p/r5pqmk1qtxhv3amn/cover/540a589ec9a8fdc2b837b086df54aecb_766x510.jpg | https://static.dd-room.com/images/object/r/5/p/r5pqmk1qtxhv3amn/cover/8e6e62b2c027b5434632db0bfde3bdcd_766x510.jpg | https://static.dd-room.com/images/object/r/5/p/r5pqmk1qtxhv3amn/cover/899bb6f4579f892fd486dd98538f8dde_766x510.jpg | https://static.dd-room.com/images/object/r/5/p/r5pqmk1qtxhv3amn/cover/f22d288ab468a950e50907de27645cbd_766x510.jpg | https://static.dd-room.com/images/object/r/5/p/r5pqmk1qtxhv3amn/cover/e3ec99072d4312037355739d7cf4408b_766x510.jpg
19ulot6iy6njg9ru,https://www.dd-room.com/object/19ulot6iy6njg9ru,松山車站藍綠線雙捷運公車總站免押金月租起包水電,7600,0,0,臺北市南港區八德路四段,南港區,八德路四段,25.0488403,121.564381,8房1廳3衛1廚1陽台,8,1,3,1,1,10.0,雅房,elevator,8.0,1,13,1,2026-07-19,agent,共生公寓、可開伙、保全設施、包裹代收、定期清潔、垃圾代收、免仲介費、有飲水機、可無火煮食、有陽台,床、桌子、椅子、沙發、衣櫃、櫃子、網路、冷氣、洗衣機、冰箱、電視、流理台、熱水器、排油煙機、瓦斯爐、電磁爐,有機車車位,電費、水費、瓦斯費、第四台、網路費、管理費、清潔費,未提供,13,https://static.dd-room.com/images/object/1/9/u/19ulot6iy6njg9ru/cover/9350ec22063325f58add28a7acb519e0_766x510.jpg | https://static.dd-room.com/images/object/1/9/u/19ulot6iy6njg9ru/cover/7804e9f5a4a1b990b878d44244687022_766x510.jpg | https://static.dd-room.com/images/object/1/9/u/19ulot6iy6njg9ru/cover/965b1a532c9a5e8502609dcdaa19e199_766x510.jpg | https://static.dd-room.com/images/object/1/9/u/19ulot6iy6njg9ru/cover/526bf7822351decd9d2c37fcff00263b_766x510.jpg | https://static.dd-room.com/images/object/1/9/u/19ulot6iy6njg9ru/cover/39feb3fb10dbc6aff57281f1606e98b4_766x510.jpg | https://static.dd-room.com/images/object/1/9/u/19ulot6iy6njg9ru/cover/5fbc3f87584106ff1d895f1b9081190b_766x510.jpg | https://static.dd-room.com/images/object/1/9/u/19ulot6iy6njg9ru/cover/1e949694b853d46d149b00dc1b1d4e3d_766x510.jpg | https://static.dd-room.com/images/object/1/9/u/19ulot6iy6njg9ru/cover/3485655aa9d10d42ea84a52446bfb290_766x510.jpg | https://static.dd-room.com/images/object/1/9/u/19ulot6iy6njg9ru/cover/1675b6bd728984b5ce27148a26e03ff4_766x510.jpg | https://static.dd-room.com/images/object/1/9/u/19ulot6iy6njg9ru/cover/2d3cea9cc75cb18ff46a76a2609cfe2a_766x510.jpg | https://static.dd-room.com/images/object/1/9/u/19ulot6iy6njg9ru/cover/56b377380b7751251728ed4ba1e0647d_766x510.jpg | https://static.dd-room.com/images/object/1/9/u/19ulot6iy6njg9ru/cover/130448d5c95158c85602fb2bd0fad590_766x510.jpg | https://static.dd-room.com/images/object/1/9/u/19ulot6iy6njg9ru/cover/438588ccd3d932b938fab508d5da4fa0_766x510.jpg
cmgc8osejbyfpfku,https://www.dd-room.com/object/cmgc8osejbyfpfku,近美麗華【電梯3房2衛】可補助★新裝潢★報稅入籍,44998,89996,1300,臺北市內湖區文湖街,內湖區,文湖街,25.086527,121.5615921,3房2廳2衛2陽台,3,2,2,0,2,3.0,整層,elevator,34.0,3,7,12,2026-07-19,broker,可開伙、有電梯、有陽台、租金補貼、可入籍,冷氣、熱水器、天然瓦斯,未提供,未提供,未提供,8,https://renco-rentals-prod.s3.ap-northeast-1.amazonaws.com/temp/d6a40aa1-ed61-4831-99f2-c0c98163ef3f.jpg | https://renco-rentals-prod.s3.ap-northeast-1.amazonaws.com/temp/46c9e73a-1107-492f-bea0-d9433db76b31.jpg | https://renco-rentals-prod.s3.ap-northeast-1.amazonaws.com/temp/b2bd7e8a-1607-4cab-a641-b8fd016f76e6.jpg | https://renco-rentals-prod.s3.ap-northeast-1.amazonaws.com/temp/728d969e-048f-4aec-9a33-30d96f3f4751.jpg | https://renco-rentals-prod.s3.ap-northeast-1.amazonaws.com/temp/e6106d19-1d92-48e6-b4e6-ba1cfce376fe.jpg | https://renco-rentals-prod.s3.ap-northeast-1.amazonaws.com/temp/1f2de8af-7bbc-4752-8fea-69161a9ccbf6.jpg | https://renco-rentals-prod.s3.ap-northeast-1.amazonaws.com/temp/d9a0ac59-31cb-4090-8ea5-0665286dc18f.jpg | https://renco-rentals-prod.s3.ap-northeast-1.amazonaws.com/temp/d4fb0c85-9156-4801-b243-0ee6df557ea9.jpg
gblheymjlvj773ry,https://www.dd-room.com/object/gblheymjlvj773ry,捷運忠孝敦化5分【超值租案】大空間★採光佳★衛浴窗,15999,31998,0,臺北市大安區仁愛路四段,大安區,仁愛路四段,25.0366083,121.5511194,1房1衛,1,0,1,0,0,2.0,獨立套房,apt,6.0,5,5,12,2026-07-19,broker,可開伙,冰箱、洗衣機、電視、冷氣、熱水器、床、衣櫃、第四台、網路、沙發、桌子、椅子,未提供,1,未提供,5,https://img1.591.com.tw/house/2026/07/20/178454007142642505.png!1000x.png | https://img1.591.com.tw/house/2026/07/20/178454007143146609.png!1000x.png | https://img1.591.com.tw/house/2026/07/20/178454007139404401.png!1000x.png | https://img1.591.com.tw/house/2026/07/20/178454007115118905.png!1000x.png | https://img1.591.com.tw/house/2026/07/20/178454007119967302.png!1000x.png
nhqzvrr9m0gatghb,https://www.dd-room.com/object/nhqzvrr9m0gatghb,近捷運內湖【優質獨戶】大空間★飯店管理★獨洗衣機,23499,46998,0,臺北市內湖區星雲街,內湖區,星雲街,25.0804626,121.5960403,1房1衛,1,0,1,0,0,2.0,獨立套房,elevator,10.0,15,21,12,2026-07-19,broker,可開伙、有電梯,未提供,未提供,未提供,未提供,7,https://img2.591.com.tw/house/2026/07/20/178451607032827108.jpg!1000x.jpg | https://img2.591.com.tw/house/2026/07/20/178451607046576709.jpg!1000x.jpg | https://img2.591.com.tw/house/2026/07/20/178451607041104209.jpg!1000x.jpg | https://img1.591.com.tw/house/2026/07/20/178451607044195103.jpg!1000x.jpg | https://img1.591.com.tw/house/2026/07/20/178451607054937802.jpg!1000x.jpg | https://img2.591.com.tw/house/2026/07/20/178451607056827207.jpg!1000x.jpg | https://img1.591.com.tw/house/2026/07/20/178451607055090005.jpg!1000x.jpg
wvtu6iqfjquwwup8,https://www.dd-room.com/object/wvtu6iqfjquwwup8,捷運市政府站【豪邸3房2衛】新裝潢★車位洽★一層2戶,89999,179998,0,臺北市信義區基隆路一段,信義區,基隆路一段,25.0486217,121.5687628,3房2廳2衛2陽台,3,2,2,0,2,3.0,整層,elevator,30.0,5,7,12,2026-07-19,broker,可開伙、有電梯、有陽台,冷氣、熱水器、天然瓦斯,未提供,未提供,未提供,15,https://img2.591.com.tw/house/2026/07/20/178453968737283404.png!1000x.png | https://img1.591.com.tw/house/2026/07/20/178453968706256101.png!1000x.png | https://img2.591.com.tw/house/2026/07/20/178453968656817304.png!1000x.png | https://img1.591.com.tw/house/2026/07/20/178453968704390103.png!1000x.png | https://img2.591.com.tw/house/2026/07/20/178453968648337003.png!1000x.png | https://img2.591.com.tw/house/2026/07/20/178453968681699406.png!1000x.png | https://img2.591.com.tw/house/2026/07/20/178453968707567505.png!1000x.png | https://img2.591.com.tw/house/2026/07/20/178453968653236402.png!1000x.png | https://img2.591.com.tw/house/2026/07/20/178453968703030704.png!1000x.png | https://img1.591.com.tw/house/2026/07/20/178453968723979108.png!1000x.png | https://img1.591.com.tw/house/2026/07/20/178453968736009509.png!1000x.png | https://img1.591.com.tw/house/2026/07/20/178453968661764201.png!1000x.png | https://img2.591.com.tw/house/2026/07/20/178453968674796106.png!1000x.png | https://img2.591.com.tw/house/2026/07/20/178453968708185005.png!1000x.png | https://img1.591.com.tw/house/2026/07/20/178453968755891706.png!1000x.png
onmiztdwch6rf5ca,https://www.dd-room.com/object/onmiztdwch6rf5ca,近捷運萬隆【超值雅房】含網路★對外窗★小資首選,4999,9998,0,臺北市文山區羅斯福路五段,文山區,羅斯福路五段,25.0038756,121.5391233,1房1衛,1,0,1,0,0,2.0,獨立套房,apt,3.0,4,5,12,2026-07-19,broker,未提供,未提供,未提供,水費,未提供,2,https://renco-rentals-prod.s3.ap-northeast-1.amazonaws.com/43451/medium/120022f9-3ea2-4e19-8808-9fa44bf7a62a.jpg | https://renco-rentals-prod.s3.ap-northeast-1.amazonaws.com/43451/medium/317d1072-9235-4d59-a0e1-9698692db0a3.jpg
dzjxc4ixqf5gf0kc,https://www.dd-room.com/object/dzjxc4ixqf5gf0kc,近捷運古亭【精緻4房2衛】可補助★報稅入籍★房皆有窗,79800,159600,0,臺北市中正區廈門街,中正區,廈門街,25.026447,121.5178804,4房2廳2衛2陽台,4,2,2,0,2,4.0,整層,apt,45.0,5,5,12,2026-07-19,broker,可開伙、有陽台、租金補貼、可入籍,未提供,未提供,未提供,未提供,15,https://img2.591.com.tw/house/2026/07/20/178454029837949802.png!1000x.png | https://img2.591.com.tw/house/2026/07/20/178454029835027704.png!1000x.png | https://img2.591.com.tw/house/2026/07/20/178454029882487203.png!1000x.png | https://img1.591.com.tw/house/2026/07/20/178454029804598509.png!1000x.png | https://img2.591.com.tw/house/2026/07/20/178454029813127702.png!1000x.png | https://img1.591.com.tw/house/2026/07/20/178454029797567908.png!1000x.png | https://img2.591.com.tw/house/2026/07/20/178454029851914100.png!1000x.png | https://img2.591.com.tw/house/2026/07/20/178454029812937504.png!1000x.png | https://img2.591.com.tw/house/2026/07/20/178454029863852109.png!1000x.png | https://img2.591.com.tw/house/2026/07/20/178454029814281400.png!1000x.png | https://img2.591.com.tw/house/2026/07/20/178454029876459805.png!1000x.png | https://img1.591.com.tw/house/2026/07/20/178454029846690500.png!1000x.png | https://img2.591.com.tw/house/2026/07/20/178454029835145006.png!1000x.png | https://img2.591.com.tw/house/2026/07/20/178454029897733502.png!1000x.png | https://img2.591.com.tw/house/2026/07/20/178454029866609408.png!1000x.png
vcr9uch31ezmuktr,https://www.dd-room.com/object/vcr9uch31ezmuktr,捷運東湖3分【超值2房1廳】免爬高★有陽台★衛浴窗,25799,51598,0,臺北市內湖區安康路,內湖區,安康路,25.0647734,121.6089867,2房1廳1衛1陽台,2,1,1,0,1,2.0,整層,house,19.0,3,3,12,2026-07-19,broker,可開伙、有陽台,冰箱、洗衣機、電視、冷氣、熱水器、床、衣櫃、第四台、網路、沙發、桌子、椅子,未提供,0、2,未提供,13,https://img1.591.com.tw/house/2026/07/20/178451621649045909.jpg!1000x.jpg | https://img1.591.com.tw/house/2026/07/20/178451621655634801.jpg!1000x.jpg | https://img1.591.com.tw/house/2026/07/20/178451621660212604.jpg!1000x.jpg | https://img1.591.com.tw/house/2026/07/20/178451621664773404.jpg!1000x.jpg | https://img1.591.com.tw/house/2026/07/20/178451621695003507.jpg!1000x.jpg | https://img1.591.com.tw/house/2026/07/20/178451621701585304.jpg!1000x.jpg | https://img2.591.com.tw/house/2026/07/20/178451621685154200.jpg!1000x.jpg | https://img2.591.com.tw/house/2026/07/20/178451621691153306.jpg!1000x.jpg | https://img1.591.com.tw/house/2026/07/20/178451621686709604.jpg!1000x.jpg | https://img1.591.com.tw/house/2026/07/20/178451621675608204.jpg!1000x.jpg | https://img1.591.com.tw/house/2026/07/20/178451621713894006.jpg!1000x.jpg | https://img1.591.com.tw/house/2026/07/20/178451621660515308.jpg!1000x.jpg | https://img1.591.com.tw/house/2026/07/20/178451621701766104.jpg!1000x.jpg
p4tq8kx2ll0bazeq,https://www.dd-room.com/object/p4tq8kx2ll0bazeq,莊敬路靜巷近世貿101，電梯四房方正明亮，北醫學生合租最適合,43000,86000,1050,臺北市信義區莊敬路,信義區,莊敬路,25.0339173,121.5612988,4房2廳2衛1廚1陽台,4,2,2,1,1,4.0,整層,elevator,40.0,7,7,12,2026-07-19,broker,可開伙、對外窗、有電梯、水泥隔間、垃圾代收、電費照台電、水費照台水、有陽台,床、桌子、椅子、衣櫃、櫃子、冷氣、冰箱、流理台、熱水器、天然瓦斯、排油煙機、瓦斯爐,未提供,未提供,未提供,14,https://static.dd-room.com/images/object/p/4/t/p4tq8kx2ll0bazeq/cover/a08fddff091ef2d6f367511a916cedfe_766x510.jpg | https://static.dd-room.com/images/object/p/4/t/p4tq8kx2ll0bazeq/cover/801ad1a6c0c524d4e080ab1e58c6e52a_766x510.jpg | https://static.dd-room.com/images/object/p/4/t/p4tq8kx2ll0bazeq/cover/098a0c55f4648a6d4dc7e925f671c8a9_766x510.jpg | https://static.dd-room.com/images/object/p/4/t/p4tq8kx2ll0bazeq/cover/bd396ffb699873f5180233e359fde0f8_766x510.jpg | https://static.dd-room.com/images/object/p/4/t/p4tq8kx2ll0bazeq/cover/97eb490f95c780dfb7c9477cd2ddf349_766x510.jpg | https://static.dd-room.com/images/object/p/4/t/p4tq8kx2ll0bazeq/cover/8e9aacaa3e2e313f76cba2b397881dcb_766x510.jpg | https://static.dd-room.com/images/object/p/4/t/p4tq8kx2ll0bazeq/cover/19e659194a2b3f65be7ea9c232a22b5e_766x510.jpg | https://static.dd-room.com/images/object/p/4/t/p4tq8kx2ll0bazeq/cover/04f4d946ba774bc70d3f9ba8538780ea_766x510.jpg | https://static.dd-room.com/images/object/p/4/t/p4tq8kx2ll0bazeq/cover/0a32c875a2f3530f42fa566682c62b5e_766x510.jpg | https://static.dd-room.com/images/object/p/4/t/p4tq8kx2ll0bazeq/cover/1f1f9de196e5436e96d9798cc8d465b3_766x510.jpg | https://static.dd-room.com/images/object/p/4/t/p4tq8kx2ll0bazeq/cover/89adcc15173c88801a428bacbf5f6ef1_766x510.jpg | https://static.dd-room.com/images/object/p/4/t/p4tq8kx2ll0bazeq/cover/5e1109116b43c54c941793030b1a5b30_766x510.jpg | https://static.dd-room.com/images/object/p/4/t/p4tq8kx2ll0bazeq/cover/8d38968cc5fa830d4d071a189f4697f0_766x510.jpg | https://static.dd-room.com/images/object/p/4/t/p4tq8kx2ll0bazeq/cover/7d5618290091809326f6ef2d7c83de33_766x510.jpg
iimdfjw3kbccgkwr,https://www.dd-room.com/object/iimdfjw3kbccgkwr,MRT東門，陽光庭院一樓，可停車，速洽,53000,0,0,臺北市中正區杭州南路一段,中正區,杭州南路一段,25.0368297,121.5247724,3房2廳2衛1廚1陽台,3,2,2,1,1,3.0,整層,apt,26.0,1,5,12,2026-07-19,broker,可開伙、對外窗、水泥隔間、電費照台電、水費照台水、有陽台,桌子、椅子、沙發、衣櫃、櫃子、冷氣、流理台、熱水器、天然瓦斯、排油煙機、瓦斯爐,未提供,未提供,未提供,13,https://static.dd-room.com/images/object/i/i/m/iimdfjw3kbccgkwr/cover/8b0ecb88a7c9e07dd775c69827b1a13e_766x510.jpg | https://static.dd-room.com/images/object/i/i/m/iimdfjw3kbccgkwr/cover/7d2984ba1fdac0f9b528f575b80ddaa2_766x510.jpg | https://static.dd-room.com/images/object/i/i/m/iimdfjw3kbccgkwr/cover/396158ebbb1fb2d739ae9a8b508b5ecb_766x510.jpg | https://static.dd-room.com/images/object/i/i/m/iimdfjw3kbccgkwr/cover/792e431cd4d9b0bd6210f2655c6370c9_766x510.jpg | https://static.dd-room.com/images/object/i/i/m/iimdfjw3kbccgkwr/cover/31b8227529e57de3ca147aab6ac1cff1_766x510.jpg | https://static.dd-room.com/images/object/i/i/m/iimdfjw3kbccgkwr/cover/e66d59fd3be73058d09917880cf5c893_766x510.jpg | https://static.dd-room.com/images/object/i/i/m/iimdfjw3kbccgkwr/cover/27409625638f4da3dd369f78edafb8dd_766x510.jpg | https://static.dd-room.com/images/object/i/i/m/iimdfjw3kbccgkwr/cover/3a6012af8771712238c86fdf34e137aa_766x510.jpg | https://static.dd-room.com/images/object/i/i/m/iimdfjw3kbccgkwr/cover/05b10b79e37b4f6dd3f50779d668e38e_766x510.jpg | https://static.dd-room.com/images/object/i/i/m/iimdfjw3kbccgkwr/cover/92da56b0372e3c8c8b1c1bcfe25a85f1_766x510.jpg | https://static.dd-room.com/images/object/i/i/m/iimdfjw3kbccgkwr/cover/3b9c05991eeccf734a516a4d573d5f7e_766x510.jpg | https://static.dd-room.com/images/object/i/i/m/iimdfjw3kbccgkwr/cover/69cc6f2f9c38e85faf6b08e0305c40ac_766x510.jpg | https://static.dd-room.com/images/object/i/i/m/iimdfjw3kbccgkwr/cover/daa5d48d58b02c7a9b82350d8a32a32b_766x510.jpg
0tlx2hbbheam9tpu,https://www.dd-room.com/object/0tlx2hbbheam9tpu,近捷運信義安和【優質獨戶】有電梯★大空間★警衛管理,33000,66000,1910,臺北市大安區敦化南路二段,大安區,敦化南路二段,25.0333105,121.5490456,1房1衛1陽台,1,0,1,0,1,2.0,獨立套房,elevator,12.0,8,16,12,2026-07-19,broker,可開伙、有電梯、有陽台,冷氣、熱水器,未提供,未提供,未提供,10,https://img1.591.com.tw/house/2026/07/20/178453999290190002.png!1000x.png | https://img1.591.com.tw/house/2026/07/20/178453999236701409.png!1000x.png | https://img1.591.com.tw/house/2026/07/20/178453999268145100.png!1000x.png | https://img2.591.com.tw/house/2026/07/20/178453999275163501.png!1000x.png | https://img1.591.com.tw/house/2026/07/20/178453999263416508.png!1000x.png | https://img2.591.com.tw/house/2026/07/20/178453999224652206.png!1000x.png | https://img2.591.com.tw/house/2026/07/20/178453999232792700.png!1000x.png | https://img2.591.com.tw/house/2026/07/20/178453999269669307.png!1000x.png | https://img2.591.com.tw/house/2026/07/20/178453999294397308.png!1000x.png | https://img2.591.com.tw/house/2026/07/20/178453999278038204.png!1000x.png
j2zkidxxawix0p8x,https://www.dd-room.com/object/j2zkidxxawix0p8x,捷運圓山站【優質2房1廳】可補助★低樓層★獨立陽台,26999,53998,0,臺北市大同區延平北路四段,大同區,延平北路四段,25.0756739,121.5118405,2房1廳1衛1陽台,2,1,1,0,1,2.0,整層,apt,13.0,2,4,12,2026-07-19,broker,可開伙、有陽台、租金補貼,冰箱、洗衣機、電視、冷氣、熱水器、床、衣櫃、第四台、網路、沙發、桌子、椅子,未提供,0、2,未提供,10,https://img1.591.com.tw/house/2026/07/20/178451603097296809.jpg!1000x.jpg | https://img2.591.com.tw/house/2026/07/20/178451603055518603.jpg!1000x.jpg | https://img1.591.com.tw/house/2026/07/20/178451603084173903.jpg!1000x.jpg | https://img1.591.com.tw/house/2026/07/20/178451603074288301.jpg!1000x.jpg | https://img1.591.com.tw/house/2026/07/20/178451603068726009.jpg!1000x.jpg | https://img2.591.com.tw/house/2026/07/20/178451603094892308.jpg!1000x.jpg | https://img2.591.com.tw/house/2026/07/20/178451603111469700.jpg!1000x.jpg | https://img1.591.com.tw/house/2026/07/20/178451603118616201.jpg!1000x.jpg | https://img1.591.com.tw/house/2026/07/20/178451603101298102.jpg!1000x.jpg | https://img1.591.com.tw/house/2026/07/20/178451603109861000.jpg!1000x.jpg
c30hwanx6y0deqfy,https://www.dd-room.com/object/c30hwanx6y0deqfy,捷運雙連4分【優質2房1廳】車位洽★有陽台★警衛管理,48999,97998,3500,臺北市大同區承德路二段,大同區,承德路二段,25.0600848,121.5183019,2房1廳1衛1陽台,2,1,1,0,1,2.0,整層,elevator,21.0,13,15,12,2026-07-18,broker,可開伙、有電梯、有陽台,冷氣、天然瓦斯,未提供,未提供,未提供,7,https://img1.591.com.tw/house/2026/07/19/178444616569943107.jpg!1000x.jpg | https://img1.591.com.tw/house/2026/07/19/178444616606889301.jpg!1000x.jpg | https://img1.591.com.tw/house/2026/07/19/178444616600738403.jpg!1000x.jpg | https://img1.591.com.tw/house/2026/07/19/178444616601848107.jpg!1000x.jpg | https://img2.591.com.tw/house/2026/07/19/178444616593542708.jpg!1000x.jpg | https://img2.591.com.tw/house/2026/07/19/178444616621144504.jpg!1000x.jpg | https://img2.591.com.tw/house/2026/07/19/178444616611238803.jpg!1000x.jpg
vgktbriir8bgos9l,https://www.dd-room.com/object/vgktbriir8bgos9l,捷運唭哩岸3分【超值租案】獨立衛浴★採光優★陽明交通,12499,24998,0,臺北市北投區東華街二段,北投區,東華街二段,25.1171922,121.5139524,1房1衛,1,0,1,0,0,2.0,獨立套房,apt,5.0,3,3,12,2026-07-18,broker,未提供,未提供,未提供,未提供,未提供,5,https://img1.591.com.tw/house/2026/07/19/178444661351998805.jpg!1000x.jpg | https://img2.591.com.tw/house/2026/07/19/178444661338871503.jpg!1000x.jpg | https://img1.591.com.tw/house/2026/07/19/178444661341031403.jpg!1000x.jpg | https://img1.591.com.tw/house/2026/07/19/178444661341511002.jpg!1000x.jpg | https://img1.591.com.tw/house/2026/07/19/178444661358710809.jpg!1000x.jpg
cg20njlgfkqte5ku,https://www.dd-room.com/object/cg20njlgfkqte5ku,捷運大安4分【優質租案】可補助★有警衛★洗衣機,34999,69998,2041,臺北市大安區復興南路二段,大安區,復興南路二段,25.0242174,121.5433511,1房1衛,1,0,1,0,0,2.0,獨立套房,elevator,4.0,5,15,12,2026-07-18,broker,可開伙、有電梯、租金補貼,冰箱、洗衣機、冷氣、熱水器、床、衣櫃、桌子、椅子,未提供,未提供,未提供,6,https://img1.591.com.tw/house/2026/07/21/178463987659864406.png!1000x.png | https://img1.591.com.tw/house/2026/07/21/178463987690546406.png!1000x.png | https://img1.591.com.tw/house/2026/07/21/178463987652111401.png!1000x.png | https://img2.591.com.tw/house/2026/07/21/178463987658634504.png!1000x.png | https://img1.591.com.tw/house/2026/07/21/178463987693855205.png!1000x.png | https://img1.591.com.tw/house/2026/07/21/178463987686073609.png!1000x.png
ms6xi8uhdjinijtk,https://www.dd-room.com/object/ms6xi8uhdjinijtk,可看大安森林公園電梯三房新裝潢,68000,68000,0,臺北市大安區建國南路一段,大安區,建國南路一段,25.0431737,121.5369269,3房1廳2衛1廚2陽台,3,1,2,1,2,3.0,整層,elevator,40.0,6,14,12,2026-07-18,individual,可開伙、有飲水機、對外窗、氣密窗、水泥隔間、有電梯、垃圾代收、免仲介費、電費照台電、水費照台水、可入籍、有陽台、高齡友善,床、桌子、椅子、沙發、衣櫃、鞋櫃、櫃子、網路、冷氣、洗衣機、冰箱、電視、流理台、熱水器、天然瓦斯、排油煙機、瓦斯爐、住警器,未提供,未提供,未提供,14,https://static.dd-room.com/images/object/m/s/6/ms6xi8uhdjinijtk/cover/54cea664c30aa050c6f909891e14743d_766x510.jpg | https://static.dd-room.com/images/object/m/s/6/ms6xi8uhdjinijtk/cover/1fda3b9c3fccda0d333c009bb2a9dab2_766x510.jpg | https://static.dd-room.com/images/object/m/s/6/ms6xi8uhdjinijtk/cover/f4f8bc5b7ee35db2ffcffd7b265d9ea0_766x510.jpg | https://static.dd-room.com/images/object/m/s/6/ms6xi8uhdjinijtk/cover/3163beeff1ea33ee2104d1e89d278d6f_766x510.jpg | https://static.dd-room.com/images/object/m/s/6/ms6xi8uhdjinijtk/cover/bae7647bbc2c457da76f76966d934381_766x510.jpg | https://static.dd-room.com/images/object/m/s/6/ms6xi8uhdjinijtk/cover/f41cc28798c094700201ed4a7013bee0_766x510.jpg | https://static.dd-room.com/images/object/m/s/6/ms6xi8uhdjinijtk/cover/d5af9fe1566363ce1e62df5311c1f40f_766x510.jpg | https://static.dd-room.com/images/object/m/s/6/ms6xi8uhdjinijtk/cover/697b679e6348a0b4680d2a0e3575d0a1_766x510.jpg | https://static.dd-room.com/images/object/m/s/6/ms6xi8uhdjinijtk/cover/8ae60df4f7cdd19c218d62d5575a4a35_766x510.jpg | https://static.dd-room.com/images/object/m/s/6/ms6xi8uhdjinijtk/cover/42b0c6b8478bd348238213836057c793_766x510.jpg | https://static.dd-room.com/images/object/m/s/6/ms6xi8uhdjinijtk/cover/48b5d2216fc669159b2a37fa905db7a8_766x510.jpg | https://static.dd-room.com/images/object/m/s/6/ms6xi8uhdjinijtk/cover/5f1676ad6fc17d5997e9f731a85ed4b2_766x510.jpg | https://static.dd-room.com/images/object/m/s/6/ms6xi8uhdjinijtk/cover/9a0eccdc354ceacc6f5fc9a4c792f9c8_766x510.jpg | https://static.dd-room.com/images/object/m/s/6/ms6xi8uhdjinijtk/cover/cdc0e7955b8b7d35c3d99c4bb805d97d_766x510.jpg
u2zq4vxq65trmjj4,https://www.dd-room.com/object/u2zq4vxq65trmjj4,極新裝潢時尚極簡風近光復南路快~可租補,18000,0,0,臺北市松山區八德路三段,松山區,八德路三段,25.0480249,121.5554986,未提供,0,0,0,0,0,2.0,獨立套房,house,8.0,3,3,12,2026-07-18,broker,氣密窗、可無火煮食、對外窗、租金補貼、可報稅、電費照台電,床、桌子、椅子、沙發、網路、冷氣、洗衣機、冰箱、電視、第四台、電視盒、流理台、熱水器,未提供,水費、第四台、網路費,未提供,8,https://static.dd-room.com/images/object/u/2/z/u2zq4vxq65trmjj4/cover/6a4604e12c796a298514541f8a8c39bf_766x510.jpg | https://static.dd-room.com/images/object/u/2/z/u2zq4vxq65trmjj4/cover/793031da3ce8437274ccee3cbfd530f1_766x510.jpg | https://static.dd-room.com/images/object/u/2/z/u2zq4vxq65trmjj4/cover/04acae006841947ee283891a9ef364e2_766x510.jpg | https://static.dd-room.com/images/object/u/2/z/u2zq4vxq65trmjj4/cover/70060952a0f5e5dd65476b24c7bd22c7_766x510.jpg | https://static.dd-room.com/images/object/u/2/z/u2zq4vxq65trmjj4/cover/8b64fef186bf5b56092987ec06d948c2_766x510.jpg | https://static.dd-room.com/images/object/u/2/z/u2zq4vxq65trmjj4/cover/4a7a8f477aed14fc4bd3d9494ae57de4_766x510.jpg | https://static.dd-room.com/images/object/u/2/z/u2zq4vxq65trmjj4/cover/8a1274a23ed4cef5c40cadcda459fe53_766x510.jpg | https://static.dd-room.com/images/object/u/2/z/u2zq4vxq65trmjj4/cover/f89a33c8d5d523f42f5a6cbb45025773_766x510.jpg
av1oe6udccx4980i,https://www.dd-room.com/object/av1oe6udccx4980i,捷運石牌4分【超值租案】警衛管理★大面採光★高樓景觀,14999,29998,0,臺北市北投區義理街,北投區,義理街,25.1171809,121.5157262,1房1衛,1,0,1,0,0,2.0,獨立套房,elevator,5.0,8,8,12,2026-07-18,broker,有電梯,未提供,未提供,未提供,未提供,5,https://renco-rentals-prod.s3.ap-northeast-1.amazonaws.com/41001/medium/6a918a75-3a79-43aa-9dde-ef0df3403676.jpg | https://renco-rentals-prod.s3.ap-northeast-1.amazonaws.com/41001/medium/ac2c442b-8b3c-4158-8131-417fa40e3ccd.jpg | https://renco-rentals-prod.s3.ap-northeast-1.amazonaws.com/41001/medium/974d3c64-83a5-4468-a091-04117f69710b.jpg | https://renco-rentals-prod.s3.ap-northeast-1.amazonaws.com/41001/medium/9f68eeda-1992-463a-a8a3-4e6b71726406.jpg | https://renco-rentals-prod.s3.ap-northeast-1.amazonaws.com/41001/medium/fa2aa723-4710-41c7-9ced-2fd11f027a8e.jpg
13bdnlpq0ueihmrl,https://www.dd-room.com/object/13bdnlpq0ueihmrl,木柵公園【超值租案】可養貓★洗衣機★有陽台,12999,25998,0,臺北市文山區木柵路一段,文山區,木柵路一段,24.9886465,121.5571187,1房1衛1陽台,1,0,1,0,1,2.0,獨立套房,apt,7.0,5,5,12,2026-07-18,broker,可開伙、有陽台,冰箱、洗衣機、電視、冷氣、床、衣櫃、第四台、網路、桌子、椅子,未提供,未提供,未提供,5,https://renco-rentals-prod.s3.ap-northeast-1.amazonaws.com/43370/medium/610b0f7a-8ccb-4a95-985f-f4b12ddbb24e.jpg | https://renco-rentals-prod.s3.ap-northeast-1.amazonaws.com/43370/medium/8d64a6f4-0a62-4da4-a48b-f4efad91e135.jpg | https://renco-rentals-prod.s3.ap-northeast-1.amazonaws.com/43370/medium/d615ffa0-a52b-4766-b392-5cd958a463a8.jpg | https://renco-rentals-prod.s3.ap-northeast-1.amazonaws.com/43370/medium/0465579e-0d28-4e72-855a-9dca4b4e418f.jpg | https://renco-rentals-prod.s3.ap-northeast-1.amazonaws.com/43370/medium/8663cff6-e594-4150-bda8-79469915d109.jpg
gy9rn1tmvq0hn1br,https://www.dd-room.com/object/gy9rn1tmvq0hn1br,可短租藍線後山埤站2分鐘採光雅房剩一間！有打掃,11000,22000,1000,臺北市信義區大道路,信義區,大道路,25.040638,121.5825313,3房2廳1衛1廚1陽台,3,2,1,1,1,1.0,整層,apt,5.5,3,5,12,2026-07-18,individual,可開伙、對外窗、水泥隔間、免仲介費、電費照台電、水費照台水、定期清潔、共生公寓、有陽台,床、桌子、椅子、鞋櫃、櫃子、網路、冷氣、洗衣機、冰箱、電視盒、流理台、熱水器、排油煙機、瓦斯爐,未提供,未提供,未提供,11,https://static.dd-room.com/images/object/g/y/9/gy9rn1tmvq0hn1br/cover/15f5750f76d2facb2792df286d1af33b_766x510.jpg | https://static.dd-room.com/images/object/g/y/9/gy9rn1tmvq0hn1br/cover/6ec53ecc371a284b0d2eb96470829cf6_766x510.jpg | https://static.dd-room.com/images/object/g/y/9/gy9rn1tmvq0hn1br/cover/8fa3b430afadc18cf0bbdacd898103b0_766x510.jpg | https://static.dd-room.com/images/object/g/y/9/gy9rn1tmvq0hn1br/cover/8bb6036d3b627b45a4280d3856f9117c_766x510.jpg | https://static.dd-room.com/images/object/g/y/9/gy9rn1tmvq0hn1br/cover/82c1e1d4218d05120a93f255eb90dedf_766x510.jpg | https://static.dd-room.com/images/object/g/y/9/gy9rn1tmvq0hn1br/cover/c1decf37255b5db9c0f031d0bc0e25df_766x510.jpg | https://static.dd-room.com/images/object/g/y/9/gy9rn1tmvq0hn1br/cover/b75849ca5a70a583fc8235a3e04d88ff_766x510.jpg | https://static.dd-room.com/images/object/g/y/9/gy9rn1tmvq0hn1br/cover/1d91f0936ad7fc5bb594ec5bddc23a95_766x510.jpg | https://static.dd-room.com/images/object/g/y/9/gy9rn1tmvq0hn1br/cover/bfea3045f8c17ddc23a1fe4b357f5587_766x510.jpg | https://static.dd-room.com/images/object/g/y/9/gy9rn1tmvq0hn1br/cover/7bdedeec64bb0682a8410a89cc2318b1_766x510.jpg | https://static.dd-room.com/images/object/g/y/9/gy9rn1tmvq0hn1br/cover/23b2a0e2cdf8b195213ba3187e3949f0_766x510.jpg
fo7oc5uealoxtgjz,https://www.dd-room.com/object/fo7oc5uealoxtgjz,捷運劍潭【超值租案】限女性★採光優★精緻裝潢,15499,30998,0,臺北市士林區承德路四段,士林區,承德路四段,25.0902764,121.5173712,1房1衛,1,0,1,0,0,2.0,獨立套房,apt,4.0,3,4,12,2026-07-17,broker,可開伙,冰箱、電視、冷氣、熱水器、床、衣櫃、第四台、網路、桌子、椅子,未提供,未提供,限女性,5,https://renco-rentals-prod.s3.ap-northeast-1.amazonaws.com/temp/46b8d6c5-7c62-4137-8613-08a6f355dd90.jpg | https://renco-rentals-prod.s3.ap-northeast-1.amazonaws.com/temp/a56f8c9a-78f8-46e6-b899-0817665bd2ba.jpg | https://renco-rentals-prod.s3.ap-northeast-1.amazonaws.com/temp/c1b77688-3b80-425c-a823-66f4b2ff8ebe.jpg | https://renco-rentals-prod.s3.ap-northeast-1.amazonaws.com/temp/1e8676bb-c634-49da-b49e-fb12f916c631.jpg | https://renco-rentals-prod.s3.ap-northeast-1.amazonaws.com/temp/d85fbcb7-f3ca-4c89-a023-06c5e7494ec3.jpg
uvtjwwp3jhzgmdix,https://www.dd-room.com/object/uvtjwwp3jhzgmdix,捷運中山2分【優質租案】可補助★洗衣機★大空間,25799,51598,0,臺北市大同區赤峰街,大同區,赤峰街,25.0552168,121.5196301,1房1衛,1,0,1,0,0,2.0,獨立套房,apt,13.0,3,5,12,2026-07-17,broker,可開伙、租金補貼,冰箱、洗衣機、電視、冷氣、熱水器、床、衣櫃、第四台、網路、沙發、桌子、椅子,未提供,未提供,未提供,6,https://img1.591.com.tw/house/2026/07/18/178434794734775507.jpg!1000x.jpg | https://img1.591.com.tw/house/2026/07/18/178434794765214008.jpg!1000x.jpg | https://img2.591.com.tw/house/2026/07/18/178434794749660104.jpg!1000x.jpg | https://img2.591.com.tw/house/2026/07/18/178434794758230900.jpg!1000x.jpg | https://img1.591.com.tw/house/2026/07/18/178434794763659902.jpg!1000x.jpg | https://img1.591.com.tw/house/2026/07/18/178434794788410102.jpg!1000x.jpg
50fjfldk6ga8qgeg,https://www.dd-room.com/object/50fjfldk6ga8qgeg,捷運內湖【超值租案】有陽台★皆有窗★附傢俱,36000,72000,0,臺北市內湖區康寧路一段,內湖區,康寧路一段,25.0783845,121.5965324,3房2廳2衛1陽台,3,2,2,0,1,3.0,整層,apt,28.0,4,5,12,2026-07-17,broker,可開伙、有陽台,冰箱、電視、冷氣、熱水器、床、衣櫃、天然瓦斯、沙發、桌子、椅子,未提供,未提供,未提供,15,https://img1.591.com.tw/house/2026/07/18/178434816942110200.jpg!1000x.jpg | https://img2.591.com.tw/house/2026/07/18/178434816955540009.jpg!1000x.jpg | https://img1.591.com.tw/house/2026/07/18/178434816941160305.jpg!1000x.jpg | https://img2.591.com.tw/house/2026/07/18/178434816946641903.jpg!1000x.jpg | https://img2.591.com.tw/house/2026/07/18/178434816904018409.jpg!1000x.jpg | https://img2.591.com.tw/house/2026/07/18/178434816937032204.jpg!1000x.jpg | https://img1.591.com.tw/house/2026/07/18/178434816957874804.jpg!1000x.jpg | https://img1.591.com.tw/house/2026/07/18/178434816977669405.jpg!1000x.jpg | https://img1.591.com.tw/house/2026/07/18/178434816979042902.jpg!1000x.jpg | https://img1.591.com.tw/house/2026/07/18/178434816982771506.jpg!1000x.jpg | https://img1.591.com.tw/house/2026/07/18/178434816973290509.jpg!1000x.jpg | https://img2.591.com.tw/house/2026/07/18/178434816986933203.jpg!1000x.jpg | https://img2.591.com.tw/house/2026/07/18/178434816988822704.jpg!1000x.jpg | https://img2.591.com.tw/house/2026/07/18/178434817002811601.jpg!1000x.jpg | https://img2.591.com.tw/house/2026/07/18/178434817005527109.jpg!1000x.jpg
putcqtsqiwlaulzw,https://www.dd-room.com/object/putcqtsqiwlaulzw,捷運東湖【超值租案】洗衣機★有陽台★採光優,13499,26998,500,臺北市內湖區東湖路,內湖區,東湖路,25.0685659,121.6148739,1房1衛,1,0,1,0,0,2.0,獨立套房,apt,5.0,6,6,12,2026-07-17,broker,未提供,未提供,未提供,未提供,未提供,6,https://img1.591.com.tw/house/2026/07/18/178434799514191508.jpg!1000x.jpg | https://img2.591.com.tw/house/2026/07/18/178434799507658204.jpg!1000x.jpg | https://img1.591.com.tw/house/2026/07/18/178434799530965709.jpg!1000x.jpg | https://img1.591.com.tw/house/2026/07/18/178434799516629706.jpg!1000x.jpg | https://img2.591.com.tw/house/2026/07/18/178434799522131404.jpg!1000x.jpg | https://img1.591.com.tw/house/2026/07/18/178434799519621108.jpg!1000x.jpg
idn9j910irilh8qc,https://www.dd-room.com/object/idn9j910irilh8qc,近捷運石牌【超值租案】採光優★大空間★北護大,10000,20000,0,臺北市北投區明德路,北投區,明德路,25.1151274,121.5220539,1房1衛,1,0,1,0,0,2.0,獨立套房,apt,7.0,5,5,12,2026-07-17,broker,未提供,未提供,未提供,未提供,未提供,5,https://img2.591.com.tw/house/2026/06/05/178062756064912000.jpg!1000x.jpg | https://img1.591.com.tw/house/2026/06/05/178062756058151209.jpg!1000x.jpg | https://img2.591.com.tw/house/2026/06/05/178062756053468101.jpg!1000x.jpg | https://img2.591.com.tw/house/2026/06/05/178062756067849200.jpg!1000x.jpg | https://img2.591.com.tw/house/2026/06/05/178062756057985608.jpg!1000x.jpg
c2wicgm5ajuihds9,https://www.dd-room.com/object/c2wicgm5ajuihds9,"西門捷運,獨立門戶,4F對外窗明亮超值大套房",12000,24000,0,臺北市萬華區雅江街,萬華區,雅江街,25.0439843,121.5016185,1房1衛,1,0,1,0,0,2.0,獨立套房,apt,9.0,4,4,12,2026-07-17,individual,對外窗,床、桌子、椅子、衣櫃、網路、冷氣、洗衣機、冰箱、熱水器,未提供,水費、網路費,未提供,8,https://static.dd-room.com/images/object/c/2/w/c2wicgm5ajuihds9/cover/21fa58671079c697a04d99ef62dc7184_766x510.jpg | https://static.dd-room.com/images/object/c/2/w/c2wicgm5ajuihds9/cover/846aeacc2763b08ca9557cfd9543a1ee_766x510.jpg | https://static.dd-room.com/images/object/c/2/w/c2wicgm5ajuihds9/cover/3670cca77e800930d1f16ce210f63bff_766x510.jpg | https://static.dd-room.com/images/object/c/2/w/c2wicgm5ajuihds9/cover/7b95a6468d14ab5af82f2cb06a1a05b3_766x510.jpg | https://static.dd-room.com/images/object/c/2/w/c2wicgm5ajuihds9/cover/d35d06c481e299ed69108075c5eb5e44_766x510.jpg | https://static.dd-room.com/images/object/c/2/w/c2wicgm5ajuihds9/cover/f82c25abc46d962159acdf6c11d6c3dc_766x510.jpg | https://static.dd-room.com/images/object/c/2/w/c2wicgm5ajuihds9/cover/fdb05779fdc8472041a5ee9134a39f57_766x510.jpg | https://static.dd-room.com/images/object/c/2/w/c2wicgm5ajuihds9/cover/78f117ebde55f679383f37e524ba24c0_766x510.jpg
fgbb8crhos7y7ryi,https://www.dd-room.com/object/fgbb8crhos7y7ryi,捷運忠孝敦化【優質租案】垃圾代收★採光優★精緻裝潢,31999,63998,0,臺北市大安區忠孝東路四段,大安區,忠孝東路四段,25.0415416,121.5510456,1房1衛,1,0,1,0,0,2.0,獨立套房,elevator,13.0,7,8,12,2026-07-17,broker,有電梯、垃圾代收,冰箱、洗衣機、電視、冷氣、熱水器、床、衣櫃、第四台、網路、天然瓦斯、沙發、桌子、椅子,未提供,未提供,未提供,6,https://renco-rentals-prod.s3.ap-northeast-1.amazonaws.com/43307/medium/6a87c2dc-eddc-44b7-8ea0-be94be25e8e1.jpg | https://renco-rentals-prod.s3.ap-northeast-1.amazonaws.com/43307/medium/a71a97f0-8740-429f-883f-107bde2a37cd.jpg | https://renco-rentals-prod.s3.ap-northeast-1.amazonaws.com/43307/medium/6642d0e0-3755-47bf-bf1b-f41adfa8d7f5.jpg | https://renco-rentals-prod.s3.ap-northeast-1.amazonaws.com/43307/medium/8848558f-6b0d-4517-9aac-6d1a617fbf08.jpg | https://renco-rentals-prod.s3.ap-northeast-1.amazonaws.com/43307/medium/b8d089a7-efb3-4ebd-a892-8a9703e75780.jpg | https://renco-rentals-prod.s3.ap-northeast-1.amazonaws.com/43307/medium/715e88d5-437d-4ac6-b3ce-8b7c2a9fcd24.jpg
mdwwgc7vza33tu5g,https://www.dd-room.com/object/mdwwgc7vza33tu5g,近捷運芝山【優質租案】可補助★可養寵★可開伙,32888,65776,0,臺北市士林區至誠路,士林區,至誠路,25.1012186,121.5362158,1房1衛,1,0,1,0,0,2.0,獨立套房,apt,18.0,1,2,12,2026-07-17,broker,可開伙、租金補貼,冰箱、洗衣機、電視、冷氣、熱水器、床、衣櫃、網路、沙發、桌子、椅子,未提供,未提供,未提供,12,https://img2.591.com.tw/house/2026/07/18/178434825799246305.jpg!1000x.jpg | https://img2.591.com.tw/house/2026/07/18/178434825767018500.jpg!1000x.jpg | https://img2.591.com.tw/house/2026/07/18/178434825775275309.jpg!1000x.jpg | https://img1.591.com.tw/house/2026/07/18/178434825815865903.jpg!1000x.jpg | https://img1.591.com.tw/house/2026/07/18/178434825778898206.jpg!1000x.jpg | https://img1.591.com.tw/house/2026/07/18/178434825783199805.jpg!1000x.jpg | https://img1.591.com.tw/house/2026/07/18/178434825811170509.jpg!1000x.jpg | https://img2.591.com.tw/house/2026/07/18/178434825804008806.jpg!1000x.jpg | https://img1.591.com.tw/house/2026/07/18/178434825784683202.jpg!1000x.jpg | https://img1.591.com.tw/house/2026/07/18/178434825784291800.jpg!1000x.jpg | https://img1.591.com.tw/house/2026/07/18/178434825813546301.jpg!1000x.jpg | https://img2.591.com.tw/house/2026/07/18/178434825812173203.jpg!1000x.jpg
up9uwnwc6hz6kldl,https://www.dd-room.com/object/up9uwnwc6hz6kldl,捷運松山【超值租案】採光優★獨立衛浴★饒河商圈,9499,18998,0,臺北市松山區八德路四段,松山區,八德路四段,25.0488403,121.564381,1房1衛,1,0,1,0,0,2.0,獨立套房,apt,4.0,5,5,12,2026-07-17,broker,未提供,未提供,未提供,未提供,未提供,5,https://img2.591.com.tw/house/2026/07/17/178429523484628605.png!1000x.png | https://img1.591.com.tw/house/2026/07/17/178429523470821503.png!1000x.png | https://img2.591.com.tw/house/2026/07/17/178429523483368202.png!1000x.png | https://img2.591.com.tw/house/2026/07/17/178429523487942302.png!1000x.png | https://img2.591.com.tw/house/2026/07/17/178429523469378609.png!1000x.png
o1hbz52uviocwi9j,https://www.dd-room.com/object/o1hbz52uviocwi9j,近國道一號【優質1房1廳】可寵物★門口可停車★迪化商圈,26999,53998,0,臺北市大同區迪化街二段,大同區,迪化街二段,25.0738011,121.5124167,1房1廳1衛,1,1,1,0,0,1.0,整層,apt,16.0,1,5,12,2026-07-17,broker,可開伙,未提供,未提供,未提供,未提供,10,https://renco-rentals-prod.s3.ap-northeast-1.amazonaws.com/25126/medium/0eed74b8-a9d5-4aed-9c0b-23a91ebcd92a.jpg | https://renco-rentals-prod.s3.ap-northeast-1.amazonaws.com/25126/medium/4d785b75-b4ca-4fdf-8fa5-b1e3c5f5a12e.jpg | https://renco-rentals-prod.s3.ap-northeast-1.amazonaws.com/25126/medium/9453a251-3792-4066-aa34-ffd5268a28e4.jpg | https://renco-rentals-prod.s3.ap-northeast-1.amazonaws.com/25126/medium/7e4bb6c3-977c-4deb-9e70-221c258726fe.jpg | https://renco-rentals-prod.s3.ap-northeast-1.amazonaws.com/25126/medium/2fadce59-0ae2-4f20-9d50-49ceb6e8ad59.jpg | https://renco-rentals-prod.s3.ap-northeast-1.amazonaws.com/25126/medium/87e23b29-60d8-4ae3-8520-13a526128519.jpg | https://renco-rentals-prod.s3.ap-northeast-1.amazonaws.com/25126/medium/ef75b893-017c-4258-8f7d-6060ddb6bc8e.jpg | https://renco-rentals-prod.s3.ap-northeast-1.amazonaws.com/25126/medium/fde55d97-d095-4a9e-a773-63fe3245746c.jpg | https://renco-rentals-prod.s3.ap-northeast-1.amazonaws.com/25126/medium/120e1545-ce6d-4e54-b6a6-a4fcf30a3102.jpg | https://renco-rentals-prod.s3.ap-northeast-1.amazonaws.com/25126/medium/c8effc06-007b-48fc-8401-6b23d8a1779d.jpg
acxn7lwufezhtrqb,https://www.dd-room.com/object/acxn7lwufezhtrqb,近捷運中山國小【優質2房1廳】有電梯★附傢俱★精緻裝潢,32999,65998,0,臺北市中山區新生北路三段,中山區,新生北路三段,25.0655896,121.5290694,2房1廳1衛1陽台,2,1,1,0,1,2.0,整層,elevator,13.0,2,6,12,2026-07-17,broker,可開伙、有電梯、有陽台,冰箱、洗衣機、電視、冷氣、熱水器、床、衣櫃、第四台、網路、天然瓦斯、沙發、桌子、椅子,未提供,未提供,未提供,9,https://img2.591.com.tw/house/2026/07/17/178429484334885203.png!1000x.png | https://img1.591.com.tw/house/2026/07/17/178429484307169401.png!1000x.png | https://img1.591.com.tw/house/2026/07/17/178429484339234807.png!1000x.png | https://img2.591.com.tw/house/2026/07/17/178429484343393703.png!1000x.png | https://img1.591.com.tw/house/2026/07/17/178429484345593303.png!1000x.png | https://img1.591.com.tw/house/2026/07/17/178429484307934400.png!1000x.png | https://img1.591.com.tw/house/2026/07/17/178429484309983805.png!1000x.png | https://img2.591.com.tw/house/2026/07/17/178429484350719005.png!1000x.png | https://img1.591.com.tw/house/2026/07/17/178429484345322503.png!1000x.png
w2jemtrcx5unchiw,https://www.dd-room.com/object/w2jemtrcx5unchiw,美國學校【超值4房2衛】可補助★養寵洽★報稅入籍,49999,99998,0,臺北市士林區中山北路七段,士林區,中山北路七段,25.1208556,121.5313422,4房2廳2衛2陽台,4,2,2,0,2,4.0,整層,apt,46.0,4,5,12,2026-07-17,broker,可開伙、有陽台、租金補貼、可入籍,冰箱、冷氣、熱水器、床、衣櫃、天然瓦斯、沙發、桌子、椅子,未提供,未提供,未提供,15,https://img2.591.com.tw/house/2026/07/18/178434844572229804.jpg!1000x.jpg | https://img1.591.com.tw/house/2026/07/18/178434844521319109.jpg!1000x.jpg | https://img1.591.com.tw/house/2026/07/18/178434844542043702.jpg!1000x.jpg | https://img1.591.com.tw/house/2026/07/18/178434844541810102.jpg!1000x.jpg | https://img2.591.com.tw/house/2026/07/18/178434844555581103.jpg!1000x.jpg | https://img2.591.com.tw/house/2026/07/18/178434844568279108.jpg!1000x.jpg | https://img2.591.com.tw/house/2026/07/18/178434844562590500.jpg!1000x.jpg | https://img1.591.com.tw/house/2026/07/18/178434844533401607.jpg!1000x.jpg | https://img2.591.com.tw/house/2026/07/18/178434844491879303.jpg!1000x.jpg | https://img2.591.com.tw/house/2026/07/18/178434844571208707.jpg!1000x.jpg | https://img1.591.com.tw/house/2026/07/18/178434844513793309.jpg!1000x.jpg | https://img2.591.com.tw/house/2026/07/18/178434844568668006.jpg!1000x.jpg | https://img2.591.com.tw/house/2026/07/18/178434844591940904.jpg!1000x.jpg | https://img2.591.com.tw/house/2026/07/18/178434844584417000.jpg!1000x.jpg | https://img1.591.com.tw/house/2026/07/18/178434844595890108.jpg!1000x.jpg
jlcmadi9nbs3ndrm,https://www.dd-room.com/object/jlcmadi9nbs3ndrm,捷運中山國小【優質租案】精緻裝潢★有電梯★大同大學,16499,32998,0,臺北市中山區民權東路,中山區,民權東路,25.0637572,121.5278304,1房1衛,1,0,1,0,0,2.0,獨立套房,elevator,4.0,3,10,12,2026-07-17,broker,有電梯,未提供,未提供,未提供,未提供,6,https://renco-rentals-prod.s3.ap-northeast-1.amazonaws.com/43412/medium/5182abc9-032c-4a83-8840-cc74303fe58a.jpg | https://renco-rentals-prod.s3.ap-northeast-1.amazonaws.com/43412/medium/195019e9-f455-41c9-aafd-fc74b2477f38.jpg | https://renco-rentals-prod.s3.ap-northeast-1.amazonaws.com/43412/medium/d65c66fc-9fc6-4e2b-b3ff-bee5f039dbbe.jpg | https://renco-rentals-prod.s3.ap-northeast-1.amazonaws.com/43412/medium/c12b50aa-d008-4616-95aa-60d02cf3bd8f.jpg | https://renco-rentals-prod.s3.ap-northeast-1.amazonaws.com/43412/medium/9958beb7-87d1-418d-bb9b-f512ed8a733f.jpg | https://renco-rentals-prod.s3.ap-northeast-1.amazonaws.com/43412/medium/d7f9957f-f1de-4bb6-9d3e-7d51d9f59755.jpg
2mgicfvhbjizijg0,https://www.dd-room.com/object/2mgicfvhbjizijg0,捷運忠孝復興5分【優質租案】警衛管理★有陽台★限女生,49799,99598,2900,臺北市大安區忠孝東路三段,大安區,忠孝東路三段,25.0417942,121.537076,1房1衛,1,0,1,0,0,2.0,獨立套房,elevator,12.0,7,7,12,2026-07-17,broker,可開伙、有電梯,冰箱、洗衣機、電視、冷氣、熱水器、床、衣櫃、天然瓦斯、沙發、桌子、椅子,未提供,未提供,未提供,11,https://img2.591.com.tw/house/2026/07/17/178429460385302702.png!1000x.png | https://img1.591.com.tw/house/2026/07/17/178429460370491906.png!1000x.png | https://img1.591.com.tw/house/2026/07/17/178429460382029905.png!1000x.png | https://img2.591.com.tw/house/2026/07/17/178429460399302305.png!1000x.png | https://img2.591.com.tw/house/2026/07/17/178429460375031806.png!1000x.png | https://img2.591.com.tw/house/2026/07/17/178429460417503202.png!1000x.png | https://img2.591.com.tw/house/2026/07/17/178429460397790604.png!1000x.png | https://img2.591.com.tw/house/2026/07/17/178429460409960304.png!1000x.png | https://img1.591.com.tw/house/2026/07/17/178429460428196907.png!1000x.png | https://img2.591.com.tw/house/2026/07/17/178429460396611600.png!1000x.png | https://img2.591.com.tw/house/2026/07/17/178429460411259704.png!1000x.png
zlzg0qciqvtz2e8o,https://www.dd-room.com/object/zlzg0qciqvtz2e8o,捷運忠孝敦化3分【稀有租案】正東區★獨立衛浴,13500,27000,0,臺北市大安區敦化南路一段,大安區,敦化南路一段,25.0420962,121.5491292,1房1衛,1,0,1,0,0,2.0,獨立套房,apt,5.0,2,5,12,2026-07-17,broker,未提供,未提供,未提供,未提供,未提供,5,https://renco-rentals-prod.s3.ap-northeast-1.amazonaws.com/18352/medium/99043fd9-fbbc-4a65-a983-db73be456a49.jpg | https://renco-rentals-prod.s3.ap-northeast-1.amazonaws.com/18352/medium/fecccdbb-b8bf-4c87-8c25-3a301d17b78e.jpg | https://renco-rentals-prod.s3.ap-northeast-1.amazonaws.com/18352/medium/b60f1d55-0835-44d1-9533-12751991757d.jpg | https://renco-rentals-prod.s3.ap-northeast-1.amazonaws.com/18352/medium/c469ab2a-15af-457a-a35f-d6a0ad6dd977.jpg | https://renco-rentals-prod.s3.ap-northeast-1.amazonaws.com/18352/medium/2025f76f-01ee-4c55-a664-dbcdfa103d23.jpg
gllsj7hmqo6ojovb,https://www.dd-room.com/object/gllsj7hmqo6ojovb,捷運中正紀念堂5分【優質租案】垃圾代收★乾溼分離★獨洗衣機,19000,38000,0,臺北市中正區南昌路一段,中正區,南昌路一段,25.0330441,121.5158762,1房1衛,1,0,1,0,0,2.0,獨立套房,apt,4.0,-1,5,12,2026-07-17,broker,垃圾代收,未提供,未提供,未提供,未提供,6,https://renco-rentals-prod.s3.ap-northeast-1.amazonaws.com/28272/medium/14a6c223-e160-459d-b8df-c90b6d43996f.png | https://renco-rentals-prod.s3.ap-northeast-1.amazonaws.com/28272/medium/6cf54c5c-9afd-47cf-8227-62742597298b.png | https://renco-rentals-prod.s3.ap-northeast-1.amazonaws.com/28272/medium/7c33afdc-9f40-480b-a236-42814b705095.png | https://renco-rentals-prod.s3.ap-northeast-1.amazonaws.com/28272/medium/7dd5ec23-1461-4658-b407-0fe3729b5876.png | https://renco-rentals-prod.s3.ap-northeast-1.amazonaws.com/28272/medium/214a9095-b9fd-422e-aa67-84129227f50c.png | https://renco-rentals-prod.s3.ap-northeast-1.amazonaws.com/28272/medium/9a365948-58e1-4eae-9c8e-cc0c1d17d92e.png
nhua6ermzrd8vvmd,https://www.dd-room.com/object/nhua6ermzrd8vvmd,台北車站4分【優質租案】可補助★有警衛★魔術空間,25999,51998,1441,臺北市中正區重慶南路一段,中正區,重慶南路一段,25.0428667,121.5132259,1房1衛,1,0,1,0,0,2.0,獨立套房,elevator,10.0,14,14,12,2026-07-17,broker,可開伙、有電梯、租金補貼,冰箱、洗衣機、冷氣、熱水器、衣櫃、桌子,未提供,未提供,未提供,9,https://img1.591.com.tw/house/2026/07/17/178429494973537408.png!1000x.png | https://img2.591.com.tw/house/2026/07/17/178429494959163200.png!1000x.png | https://img2.591.com.tw/house/2026/07/17/178429494937935105.png!1000x.png | https://img1.591.com.tw/house/2026/07/17/178429494952110008.png!1000x.png | https://img1.591.com.tw/house/2026/07/17/178429494961597806.png!1000x.png | https://img2.591.com.tw/house/2026/07/17/178429494956930609.png!1000x.png | https://img1.591.com.tw/house/2026/07/17/178429494981673002.png!1000x.png | https://img2.591.com.tw/house/2026/07/17/178429494950062102.png!1000x.png | https://img1.591.com.tw/house/2026/07/17/178429494979512508.png!1000x.png
xnuxidkwltqme026,https://www.dd-room.com/object/xnuxidkwltqme026,捷運台電大樓【優質租案】洗衣機★有電梯★精緻裝潢,34999,69998,2054,臺北市大安區泰順街,大安區,泰順街,25.0250271,121.5314639,1房1衛,1,0,1,0,0,2.0,獨立套房,elevator,9.0,3,7,12,2026-07-17,broker,可開伙、有電梯,未提供,未提供,未提供,未提供,6,https://img1.591.com.tw/house/2026/07/17/178429454378680608.png!1000x.png | https://img2.591.com.tw/house/2026/07/17/178429454369214802.png!1000x.png | https://img1.591.com.tw/house/2026/07/17/178429454352465205.png!1000x.png | https://img2.591.com.tw/house/2026/07/17/178429454370646004.png!1000x.png | https://img2.591.com.tw/house/2026/07/17/178429454369142008.png!1000x.png | https://img1.591.com.tw/house/2026/07/17/178429454358184501.png!1000x.png
hruxcwksflecfi8t,https://www.dd-room.com/object/hruxcwksflecfi8t,捷運善導寺4分【超值租案】可養寵★有警衛★陽台,11999,23998,0,臺北市中正區杭州北路,中正區,杭州北路,25.0447613,121.5270763,1房1衛,1,0,1,0,0,2.0,獨立套房,elevator,13.0,9,9,12,2026-07-17,broker,可開伙、有電梯,冰箱、洗衣機、冷氣、熱水器、床、衣櫃、天然瓦斯、桌子、椅子,未提供,水費,未提供,7,https://renco-rentals-prod.s3.ap-northeast-1.amazonaws.com/43379/medium/edda6987-4b1b-444e-86c1-cf85fc9c5e54.jpg | https://renco-rentals-prod.s3.ap-northeast-1.amazonaws.com/43379/medium/ec962553-703d-4977-8b20-391b440eaff3.jpg | https://renco-rentals-prod.s3.ap-northeast-1.amazonaws.com/43379/medium/b46b0063-c26d-464e-920d-e06b84c543e2.jpg | https://renco-rentals-prod.s3.ap-northeast-1.amazonaws.com/43379/medium/71aebc15-830d-4061-a215-d73e8c01bdc1.jpg | https://renco-rentals-prod.s3.ap-northeast-1.amazonaws.com/43379/medium/726f5ac5-da32-42a6-ae79-a30bd7f4b6b6.jpg | https://renco-rentals-prod.s3.ap-northeast-1.amazonaws.com/43379/medium/24d337ea-3a54-415c-97f8-9f49ed1f223f.jpg | https://renco-rentals-prod.s3.ap-northeast-1.amazonaws.com/43379/medium/e53ac25e-113a-4a2f-a4af-432a8d6a99b8.jpg
qjikaaqm8bjp778z,https://www.dd-room.com/object/qjikaaqm8bjp778z,木柵公園【超值3房1衛】洗衣機★有陽台★皆有窗,14000,28000,0,臺北市文山區興隆路四段,文山區,興隆路四段,24.989967,121.5595526,3房1衛1陽台,3,0,1,0,1,3.0,整層,apt,12.0,5,4,12,2026-07-17,broker,有陽台,洗衣機、冷氣、熱水器、床、衣櫃、桌子、椅子,未提供,水費,未提供,8,https://renco-rentals-prod.s3.ap-northeast-1.amazonaws.com/43292/medium/8d451be2-716f-44b3-8ce7-c52b62c6b001.jpg | https://renco-rentals-prod.s3.ap-northeast-1.amazonaws.com/43292/medium/0d2c1f4b-61d0-40b1-86b1-74123642dd3e.jpg | https://renco-rentals-prod.s3.ap-northeast-1.amazonaws.com/43292/medium/f785ccfe-a033-4a65-b104-8475b6060c98.jpg | https://renco-rentals-prod.s3.ap-northeast-1.amazonaws.com/43292/medium/2c50ab00-20ad-4836-83ae-02854a34c144.jpg | https://renco-rentals-prod.s3.ap-northeast-1.amazonaws.com/43292/medium/f53cb30f-cdf4-43e4-abcf-8e550b395b6f.jpg | https://renco-rentals-prod.s3.ap-northeast-1.amazonaws.com/43292/medium/633d1cad-38c5-4491-9fe2-884645c45734.jpg | https://renco-rentals-prod.s3.ap-northeast-1.amazonaws.com/43292/medium/a50b7e53-809e-4a27-901d-dcff48db3c8c.jpg | https://renco-rentals-prod.s3.ap-northeast-1.amazonaws.com/43292/medium/00d24ed8-923d-4091-9ede-dd1d0905c728.jpg
mkqmjmowjyg74umn,https://www.dd-room.com/object/mkqmjmowjyg74umn,捷運忠孝復興【景觀租案】可補助★警衛管理★垃圾代收,30999,61998,900,臺北市大安區仁愛路四段,大安區,仁愛路四段,25.0366083,121.5511194,1房1衛,1,0,1,0,0,2.0,獨立套房,elevator,11.0,13,14,12,2026-07-17,broker,有電梯、垃圾代收、租金補貼,洗衣機、冷氣、熱水器、衣櫃,未提供,未提供,未提供,6,https://img1.591.com.tw/house/2026/07/17/178429466435237906.png!1000x.png | https://img2.591.com.tw/house/2026/07/17/178429466443793200.png!1000x.png | https://img1.591.com.tw/house/2026/07/17/178429466432941705.png!1000x.png | https://img2.591.com.tw/house/2026/07/17/178429466410662101.png!1000x.png | https://img1.591.com.tw/house/2026/07/17/178429466428628906.png!1000x.png | https://img2.591.com.tw/house/2026/07/17/178429466417165702.png!1000x.png
rurtlgjuouhquea1,https://www.dd-room.com/object/rurtlgjuouhquea1,捷運劍南路2分【優質租案】獨立衛浴★有對外窗,10499,20998,500,臺北市中山區北安路,中山區,北安路,25.0816861,121.5486651,1房1衛,1,0,1,0,0,2.0,獨立套房,apt,4.0,3,5,12,2026-07-17,broker,可開伙,未提供,未提供,未提供,未提供,6,https://img1.591.com.tw/house/2026/07/18/178435612661943104.jpg!1000x.jpg | https://img2.591.com.tw/house/2026/07/18/178435612664287207.jpg!1000x.jpg | https://img1.591.com.tw/house/2026/07/18/178435612666739507.jpg!1000x.jpg | https://img2.591.com.tw/house/2026/07/18/178435612666803004.jpg!1000x.jpg | https://img1.591.com.tw/house/2026/07/18/178435612668176104.jpg!1000x.jpg | https://img2.591.com.tw/house/2026/07/18/178435612668955909.jpg!1000x.jpg
1yejlqvwwlqnldbr,https://www.dd-room.com/object/1yejlqvwwlqnldbr,捷運圓山3分【超值電梯】補助入籍★雙窗採光★衛浴有窗,13799,27598,1000,臺北市大同區庫倫街,大同區,庫倫街,25.0719403,121.5176015,1房1衛,1,0,1,0,0,2.0,獨立套房,elevator,6.0,3,10,12,2026-07-17,broker,有電梯、租金補貼、可入籍,未提供,未提供,未提供,未提供,6,https://renco-rentals-prod.s3.ap-northeast-1.amazonaws.com/43249/medium/53a3f621-6915-49de-9d5d-ae0f38b04c05.jpg | https://renco-rentals-prod.s3.ap-northeast-1.amazonaws.com/43249/medium/e3f5e4c8-450b-44d7-b65c-75e5f7493156.jpg | https://renco-rentals-prod.s3.ap-northeast-1.amazonaws.com/43249/medium/11709a33-29d7-451a-982e-6892d57ad37b.jpg | https://renco-rentals-prod.s3.ap-northeast-1.amazonaws.com/43249/medium/c733224d-e387-4f2c-8701-e98ec9e22a33.jpg | https://renco-rentals-prod.s3.ap-northeast-1.amazonaws.com/43249/medium/2505f634-69ba-4a68-9984-86166227d096.jpg | https://renco-rentals-prod.s3.ap-northeast-1.amazonaws.com/43249/medium/79b63c6e-a809-4125-a495-7538ead533a4.jpg
btugrlbu02aeoplf,https://www.dd-room.com/object/btugrlbu02aeoplf,五星景觀豪華房,26000,26000,0,臺北市中正區博愛路,中正區,博愛路,25.037819,121.5110521,1房1衛,1,0,1,0,0,2.0,獨立套房,elevator,10.0,6,9,3,2026-07-17,individual,有飲水機、對外窗、水泥隔間、有電梯、定期清潔,床、桌子、椅子、衣櫃、鞋櫃、櫃子、網路、冷氣、洗衣機、冰箱、電視、第四台、電視盒,未提供,電費、水費、第四台、網路費、管理費、清潔費,未提供,10,https://static.dd-room.com/images/object/b/t/u/btugrlbu02aeoplf/cover/56ca647639945a223d97935a1615c138_766x510.jpg | https://static.dd-room.com/images/object/b/t/u/btugrlbu02aeoplf/cover/7b5eb24e59cc1bb242b2c3d2d443b7d1_766x510.jpg | https://static.dd-room.com/images/object/b/t/u/btugrlbu02aeoplf/cover/4dfef1852f6b2e30f74445db823cb9c1_766x510.jpg | https://static.dd-room.com/images/object/b/t/u/btugrlbu02aeoplf/cover/84677c10bbbf635d59727de9e12dc0f2_766x510.jpg | https://static.dd-room.com/images/object/b/t/u/btugrlbu02aeoplf/cover/ec617469d044fed9bd0215b754b5656a_766x510.jpg | https://static.dd-room.com/images/object/b/t/u/btugrlbu02aeoplf/cover/15e59507d88079a1f8e1b1e4ead7e0cd_766x510.jpg | https://static.dd-room.com/images/object/b/t/u/btugrlbu02aeoplf/cover/07d3a314fa6ff271f428a5585a485d20_766x510.jpg | https://static.dd-room.com/images/object/b/t/u/btugrlbu02aeoplf/cover/d51bf4d9f8baa715b14a50588a36a33c_766x510.jpg | https://static.dd-room.com/images/object/b/t/u/btugrlbu02aeoplf/cover/524f470347c3d95407f56f02d372e246_766x510.jpg | https://static.dd-room.com/images/object/b/t/u/btugrlbu02aeoplf/cover/b960ad5336e89f069ffdd45e66feb0fd_766x510.jpg
ykmbhh6elnvun3zh,https://www.dd-room.com/object/ykmbhh6elnvun3zh,森美館~📍設備齊全📍中山國小站 景觀美 安靜,42000,84000,2755,臺北市中山區林森北路,中山區,林森北路,25.0485295,121.5244036,2房2廳1衛1廚1陽台,2,2,1,1,1,2.0,整層,elevator,22.9,9,9,12,2026-07-17,broker,可開伙、對外窗、氣密窗、有電梯、水泥隔間、保全設施、垃圾代收、包裹代收、定期清潔、電費照台電、水費照台水、有陽台,床、桌子、椅子、衣櫃、鞋櫃、櫃子、保全設施、冷氣、洗衣機、冰箱、流理台、熱水器、天然瓦斯、排油煙機、瓦斯爐、住警器,未提供,未提供,未提供,10,https://static.dd-room.com/images/object/y/k/m/ykmbhh6elnvun3zh/cover/d24ea2b399f2e9781f56a343195cec8b_766x510.jpg | https://static.dd-room.com/images/object/y/k/m/ykmbhh6elnvun3zh/cover/fd54c478670c95700ec94f79f92f07ff_766x510.jpg | https://static.dd-room.com/images/object/y/k/m/ykmbhh6elnvun3zh/cover/2d734e826d914b001a1a87863254efb4_766x510.jpg | https://static.dd-room.com/images/object/y/k/m/ykmbhh6elnvun3zh/cover/c15019df991c4baa61ced30b943cb302_766x510.jpg | https://static.dd-room.com/images/object/y/k/m/ykmbhh6elnvun3zh/cover/a3a9f7eafb6d00426490f749754179ee_766x510.jpg | https://static.dd-room.com/images/object/y/k/m/ykmbhh6elnvun3zh/cover/d01de8e24dbc0451242c99606eff6b18_766x510.jpg | https://static.dd-room.com/images/object/y/k/m/ykmbhh6elnvun3zh/cover/ca2588b2cc0fc5bb822d8be9b6a3714b_766x510.jpg | https://static.dd-room.com/images/object/y/k/m/ykmbhh6elnvun3zh/cover/e4c5ad7cbee0e841ade2a1331c18e76e_766x510.jpg | https://static.dd-room.com/images/object/y/k/m/ykmbhh6elnvun3zh/cover/d5a791e55f1e18c9fd9ec16453bf5d6e_766x510.jpg | https://static.dd-room.com/images/object/y/k/m/ykmbhh6elnvun3zh/cover/9ffbec7fbc843413c78b8db2dd5695e1_766x510.jpg
x6usjoezxmzqg4xv,https://www.dd-room.com/object/x6usjoezxmzqg4xv,(屋齡0年)西門站捷運|西門町|電梯大樓|共生宅|北門站,16000,32000,0,臺北市萬華區開封街二段,萬華區,開封街二段,25.0465997,121.5068178,4房1廳2衛1廚2陽台,4,1,2,1,2,2.0,雅房,elevator,49.0,7,15,12,2026-07-16,individual,可開伙、對外窗、氣密窗、有飲水機、有電梯、垃圾代收、包裹代收、定期清潔、免仲介費、共生公寓、電費照台電、水費照台水、智慧宅、保全設施、可無火煮食,床、桌子、椅子、衣櫃、鞋櫃、櫃子、保全設施、網路、冷氣、洗衣機、冰箱、流理台、熱水器、天然瓦斯、排油煙機、瓦斯爐、住警器,有機車車位,水費、網路費、管理費、清潔費,未提供,5,https://static.dd-room.com/images/object/x/6/u/x6usjoezxmzqg4xv/cover/749ff6314e4318058210c8de13219b1e_766x510.jpg | https://static.dd-room.com/images/object/x/6/u/x6usjoezxmzqg4xv/cover/ca8c278c5c45aab4ee7a50411d825335_766x510.jpg | https://static.dd-room.com/images/object/x/6/u/x6usjoezxmzqg4xv/cover/87ad2fce95717ea3b24977bc8706b384_766x510.jpg | https://static.dd-room.com/images/object/x/6/u/x6usjoezxmzqg4xv/cover/a4461ea84be1444362bd1510a1a43b8a_766x510.jpg | https://static.dd-room.com/images/object/x/6/u/x6usjoezxmzqg4xv/cover/d002461a4da8020bc650b6915b1ead1e_766x510.jpg
7ewpqt1pdr888mpi,https://www.dd-room.com/object/7ewpqt1pdr888mpi,(屋齡0年)西門站捷運|西門町|電梯大樓|共生宅|北門站,18000,36000,0,臺北市萬華區開封街二段,萬華區,開封街二段,25.0465997,121.5068178,4房1廳2衛1廚2陽台,4,1,2,1,2,2.0,雅房,elevator,49.0,7,15,12,2026-07-16,individual,可開伙、有飲水機、對外窗、氣密窗、有電梯、垃圾代收、包裹代收、定期清潔、免仲介費、電費照台電、水費照台水、共生公寓、智慧宅,床、桌子、椅子、衣櫃、鞋櫃、櫃子、網路、冷氣、洗衣機、冰箱、流理台、熱水器、天然瓦斯、排油煙機、瓦斯爐、住警器,有機車車位,水費、網路費、管理費、清潔費,未提供,5,https://static.dd-room.com/images/object/7/e/w/7ewpqt1pdr888mpi/cover/b8cdb381a79221f1318ad1e7b5a9aa4f_766x510.jpg | https://static.dd-room.com/images/object/7/e/w/7ewpqt1pdr888mpi/cover/e69a24d1a28964b544cb5063b6846517_766x510.jpg | https://static.dd-room.com/images/object/7/e/w/7ewpqt1pdr888mpi/cover/e3b627ab3695cc39a76d2d2114e4fa06_766x510.jpg | https://static.dd-room.com/images/object/7/e/w/7ewpqt1pdr888mpi/cover/89064d46705081c17b64608c1be17d93_766x510.jpg | https://static.dd-room.com/images/object/7/e/w/7ewpqt1pdr888mpi/cover/36dd6bf98aef01705d7a9946818ea9f2_766x510.jpg
pehsslpeuxchaoyj,https://www.dd-room.com/object/pehsslpeuxchaoyj,(屋齡0年)西門站捷運|西門町|電梯大樓|共生宅|北門站,22000,44000,0,臺北市萬華區開封街二段,萬華區,開封街二段,25.0465997,121.5068178,4房1廳2衛1廚2陽台,4,1,2,1,2,2.0,雅房,elevator,49.0,7,15,12,2026-07-16,individual,可開伙、可無火煮食、氣密窗、對外窗、有電梯、垃圾代收、包裹代收、定期清潔、免仲介費、電費照台電、水費照台水、有陽台、智慧宅、保全設施,床、衣櫃、鞋櫃、櫃子、保全設施、網路、冷氣、洗衣機、冰箱、流理台、熱水器、天然瓦斯、排油煙機、瓦斯爐、住警器,有機車車位、有汽車車位,水費、網路費、管理費、清潔費,未提供,6,https://static.dd-room.com/images/object/p/e/h/pehsslpeuxchaoyj/cover/7786ece6782b7f958319683e37570366_766x510.jpg | https://static.dd-room.com/images/object/p/e/h/pehsslpeuxchaoyj/cover/4b52b0f4b6596f71b9431f0949c2642c_766x510.jpg | https://static.dd-room.com/images/object/p/e/h/pehsslpeuxchaoyj/cover/fe50f10ffa01230734796ee038704d16_766x510.jpg | https://static.dd-room.com/images/object/p/e/h/pehsslpeuxchaoyj/cover/983dfc6ed28358fa4c5cea03343fb495_766x510.jpg | https://static.dd-room.com/images/object/p/e/h/pehsslpeuxchaoyj/cover/0bffdaa37f2018a6501a2126be573c1f_766x510.jpg | https://static.dd-room.com/images/object/p/e/h/pehsslpeuxchaoyj/cover/35046437edef1e8077da77f953145159_766x510.jpg
wf2a72zrdk4hpcf1,https://www.dd-room.com/object/wf2a72zrdk4hpcf1,中山捷運站1分鐘，全新裝潢，精品雅房，生活機能完善,23000,0,0,臺北市大同區赤峰街,大同區,赤峰街,25.0552168,121.5196301,1房,1,0,0,0,0,1.0,雅房,apt,6.5,4,4,12,2026-07-16,individual,未提供,床、桌子、椅子、沙發、衣櫃、網路、冷氣、洗衣機、冰箱、電視、第四台、流理台、熱水器、天然瓦斯、瓦斯爐,未提供,水費、瓦斯費、第四台、網路費,未提供,6,https://static.dd-room.com/images/object/w/f/2/wf2a72zrdk4hpcf1/cover/ea1d7ebf7809161faaae288832212650_766x510.jpg | https://static.dd-room.com/images/object/w/f/2/wf2a72zrdk4hpcf1/cover/e4c6f271b1aeb33758b2d46e3564dae1_766x510.jpg | https://static.dd-room.com/images/object/w/f/2/wf2a72zrdk4hpcf1/cover/3522f532c61040dec5d2141466b3adc0_766x510.jpg | https://static.dd-room.com/images/object/w/f/2/wf2a72zrdk4hpcf1/cover/c0565fa9fe9b119e887afe14a15a9ca5_766x510.jpg | https://static.dd-room.com/images/object/w/f/2/wf2a72zrdk4hpcf1/cover/949e2aa6ec62ddfee155ce1cbb87d53c_766x510.jpg | https://static.dd-room.com/images/object/w/f/2/wf2a72zrdk4hpcf1/cover/06ddf16df08aa9355e39fcddfbe3ad41_766x510.jpg
9uboc8yptboe2scu,https://www.dd-room.com/object/9uboc8yptboe2scu,近捷運松江南京站【超值電梯】可補助★大空間★光華商場,15999,31998,0,臺北市中山區松江路,中山區,松江路,25.0720372,121.5314822,1房1衛,1,0,1,0,0,2.0,獨立套房,elevator,10.0,6,6,12,2026-07-16,broker,有電梯、租金補貼,冰箱、洗衣機、電視、冷氣、熱水器、床、衣櫃、第四台、網路、天然瓦斯、桌子、椅子,未提供,未提供,未提供,7,https://renco-rentals-prod.s3.ap-northeast-1.amazonaws.com/43338/medium/ab6db71a-b70c-428a-9211-d1ce0ae424ed.jpg | https://renco-rentals-prod.s3.ap-northeast-1.amazonaws.com/43338/medium/7f7b895f-eedc-4ea3-9774-8e6b79dad268.jpg | https://renco-rentals-prod.s3.ap-northeast-1.amazonaws.com/43338/medium/11f2ac97-e880-42c3-98f9-6c8002022767.jpg | https://renco-rentals-prod.s3.ap-northeast-1.amazonaws.com/43338/medium/14a0b0e0-af70-491f-854c-24794733348c.jpg | https://renco-rentals-prod.s3.ap-northeast-1.amazonaws.com/43338/medium/50d67753-e30d-4e1a-98e1-e09ad67683f9.jpg | https://renco-rentals-prod.s3.ap-northeast-1.amazonaws.com/43338/medium/5d9ada81-52a1-45e5-a2b0-0edf16a95572.jpg | https://renco-rentals-prod.s3.ap-northeast-1.amazonaws.com/43338/medium/3783567a-c45b-4e8e-a776-63c5e5fab730.jpg
h6r66lscczwwuvlw,https://www.dd-room.com/object/h6r66lscczwwuvlw,捷運圓山2分【優質電梯】可報稅★大空間★警衛管理,22999,45998,0,臺北市大同區承德路三段,大同區,承德路三段,25.0671933,121.5184595,1房1衛,1,0,1,0,0,2.0,獨立套房,elevator,10.0,7,7,12,2026-07-16,broker,有電梯,未提供,未提供,未提供,未提供,7,https://renco-rentals-prod.s3.ap-northeast-1.amazonaws.com/43334/medium/ec971909-a2aa-4b97-82aa-494af41f5727.jpg | https://renco-rentals-prod.s3.ap-northeast-1.amazonaws.com/43334/medium/a60273aa-aab7-4ffc-a96d-cf314d2d8ce6.jpg | https://renco-rentals-prod.s3.ap-northeast-1.amazonaws.com/43334/medium/bcf3604f-f6f4-4528-8e8e-926641be9d3d.jpg | https://renco-rentals-prod.s3.ap-northeast-1.amazonaws.com/43334/medium/6e417c41-b827-45ba-885b-9a16e04a2669.jpg | https://renco-rentals-prod.s3.ap-northeast-1.amazonaws.com/43334/medium/3c50735d-991a-4e45-a579-4cccdbc9af52.jpg | https://renco-rentals-prod.s3.ap-northeast-1.amazonaws.com/43334/medium/64dfadd9-d09b-40f9-8cc7-b612d9ae4e3d.jpg | https://renco-rentals-prod.s3.ap-northeast-1.amazonaws.com/43334/medium/52a16d1e-11a3-4685-bbe7-641d6badfdec.jpg
o53qckeafn55jyck,https://www.dd-room.com/object/o53qckeafn55jyck,捷運內湖站【超值租案】新裝潢★垃圾代收★小資首選,8499,16998,0,臺北市內湖區內湖路三段,內湖區,內湖路三段,25.1015132,121.570029,1房1衛,1,0,1,0,0,2.0,獨立套房,apt,3.0,5,6,12,2026-07-16,broker,可開伙、垃圾代收,未提供,未提供,未提供,未提供,4,https://renco-rentals-prod.s3.ap-northeast-1.amazonaws.com/28651/medium/34f41b75-b7f7-4e70-848c-02f5172d4d8e.jpg | https://renco-rentals-prod.s3.ap-northeast-1.amazonaws.com/28651/medium/b9cf9af3-3e6c-4504-a06b-ab4d1b860110.jpg | https://renco-rentals-prod.s3.ap-northeast-1.amazonaws.com/28651/medium/e586945f-940f-4955-bacd-8c3ea057175b.jpg | https://renco-rentals-prod.s3.ap-northeast-1.amazonaws.com/28651/medium/c88735a0-5ef3-4a48-acef-d8ae583b7ca9.jpg
ivwc0f7xxyoxvymi,https://www.dd-room.com/object/ivwc0f7xxyoxvymi,捷運台電大樓1分【優質1＋１房】開伙電★垃圾代收★警衛管理,38499,76998,2851,臺北市大安區羅斯福路三段,大安區,羅斯福路三段,25.0210343,121.5293258,1房1廳1衛,1,1,1,0,0,1.0,整層,elevator,9.0,14,16,12,2026-07-16,broker,可開伙、有電梯、垃圾代收,冰箱、洗衣機、電視、冷氣、熱水器、床、衣櫃、沙發、桌子、椅子,未提供,未提供,未提供,15,https://renco-rentals-prod.s3.ap-northeast-1.amazonaws.com/43360/medium/3d87c90a-74f6-43d3-a6f3-96e3ec6d6807.jpg | https://renco-rentals-prod.s3.ap-northeast-1.amazonaws.com/43360/medium/3d28245c-9ecf-43d4-8c54-dab12f7f3726.jpg | https://renco-rentals-prod.s3.ap-northeast-1.amazonaws.com/43360/medium/f033ca1d-3faa-49ae-83f0-76805d295f2b.jpg | https://renco-rentals-prod.s3.ap-northeast-1.amazonaws.com/43360/medium/77027b1d-2ebb-4e6f-b83d-9d145101bd9f.jpg | https://renco-rentals-prod.s3.ap-northeast-1.amazonaws.com/43360/medium/14ddb32d-9347-4889-ab3d-5f7d505be859.jpg | https://renco-rentals-prod.s3.ap-northeast-1.amazonaws.com/43360/medium/82871491-e043-491e-b233-37c278d4e4b9.jpg | https://renco-rentals-prod.s3.ap-northeast-1.amazonaws.com/43360/medium/f271186b-2588-4b22-b052-64c8217c2c44.jpg | https://renco-rentals-prod.s3.ap-northeast-1.amazonaws.com/43360/medium/f463582f-0a83-4969-847e-83841e01300a.jpg | https://renco-rentals-prod.s3.ap-northeast-1.amazonaws.com/43360/medium/6afc849e-91c1-4674-be32-453ab11540b3.jpg | https://renco-rentals-prod.s3.ap-northeast-1.amazonaws.com/43360/medium/13e915e2-34ef-4a88-844d-7da491897b65.jpg | https://renco-rentals-prod.s3.ap-northeast-1.amazonaws.com/43360/medium/4af03afc-8dec-4c91-9ee3-92af3152347f.jpg | https://renco-rentals-prod.s3.ap-northeast-1.amazonaws.com/43360/medium/3711748b-6ac3-45a4-b80e-9ad35643e27b.jpg | https://renco-rentals-prod.s3.ap-northeast-1.amazonaws.com/43360/medium/fb4d08b2-2c9a-43ac-8db7-000da295b68e.jpg | https://renco-rentals-prod.s3.ap-northeast-1.amazonaws.com/43360/medium/f8a1cd25-62da-452b-a49e-f7f6de38ef01.jpg | https://renco-rentals-prod.s3.ap-northeast-1.amazonaws.com/43360/medium/69f3927e-b56c-4620-b5ba-182631394c45.jpg
gn1oqvzfmtvi6xwf,https://www.dd-room.com/object/gn1oqvzfmtvi6xwf,忠孝敦化1分【優質電梯】警衛管理★垃圾代收★獨洗衣機,37999,75998,4023,臺北市大安區敦化南路一段,大安區,敦化南路一段,25.0420962,121.5491292,1房1衛,1,0,1,0,0,2.0,獨立套房,elevator,7.0,7,9,12,2026-07-16,broker,有電梯、垃圾代收,未提供,未提供,未提供,未提供,4,https://renco-rentals-prod.s3.ap-northeast-1.amazonaws.com/41836/medium/624bd037-8093-4100-a3f8-481d765d2c51.jpg | https://renco-rentals-prod.s3.ap-northeast-1.amazonaws.com/41836/medium/24928c9b-5077-4c72-877c-b5297ba9be77.jpg | https://renco-rentals-prod.s3.ap-northeast-1.amazonaws.com/41836/medium/24d5439a-bf2a-41b4-8223-a42faba6aeda.jpg | https://renco-rentals-prod.s3.ap-northeast-1.amazonaws.com/41836/medium/d36bfcee-1dcf-4470-847e-8a3b230a9328.jpg
dikopoacdc21z9vo,https://www.dd-room.com/object/dikopoacdc21z9vo,近捷運象山【優質租案】免爬梯★大空間★獨立衛浴,16999,33998,0,臺北市信義區信義路六段,信義區,信義路六段,25.0349379,121.5765026,1房1衛,1,0,1,0,0,2.0,獨立套房,apt,10.0,1,5,12,2026-07-16,broker,未提供,未提供,未提供,未提供,未提供,6,https://renco-rentals-prod.s3.ap-northeast-1.amazonaws.com/42723/medium/8f9d9000-3198-4aca-9637-c0bd24410ba3.jpg | https://renco-rentals-prod.s3.ap-northeast-1.amazonaws.com/42723/medium/3971bc8b-1db7-4469-9ef6-0b369b4d2c84.jpg | https://renco-rentals-prod.s3.ap-northeast-1.amazonaws.com/42723/medium/bd85c5cd-6ea6-4bd4-b69e-bcafebffe7bb.jpg | https://renco-rentals-prod.s3.ap-northeast-1.amazonaws.com/42723/medium/f5681f6b-d0eb-48e1-9e29-828ee2e24ccc.jpg | https://renco-rentals-prod.s3.ap-northeast-1.amazonaws.com/42723/medium/85f1e05e-5acb-4efd-8d3a-5f139ec96c11.jpg | https://renco-rentals-prod.s3.ap-northeast-1.amazonaws.com/42723/medium/2c24472b-f7ca-4f47-b376-d4062712484c.jpg
pwz0wyoq89n7ewmg,https://www.dd-room.com/object/pwz0wyoq89n7ewmg,近捷運公館【優質電梯】獨洗陽台★警衛管理★垃圾代收,29999,59998,690,臺北市文山區羅斯福路四段,文山區,羅斯福路四段,25.0103997,121.5371773,1房1衛1陽台,1,0,1,0,1,2.0,獨立套房,elevator,15.0,6,10,12,2026-07-16,broker,可開伙、有電梯、垃圾代收、有陽台,冰箱、洗衣機、冷氣、熱水器、衣櫃,未提供,未提供,未提供,6,https://renco-rentals-prod.s3.ap-northeast-1.amazonaws.com/43357/medium/9f7ccbf1-72a4-417a-a69d-bd5be691f1f8.jpg | https://renco-rentals-prod.s3.ap-northeast-1.amazonaws.com/43357/medium/df087ea8-8ec8-4e10-832f-82d2457ab41d.jpg | https://renco-rentals-prod.s3.ap-northeast-1.amazonaws.com/43357/medium/89003653-66f0-4b54-bed5-7816470df13a.jpg | https://renco-rentals-prod.s3.ap-northeast-1.amazonaws.com/43357/medium/dfc268e3-8eb0-4715-b5f3-9d7d3f943d46.jpg | https://renco-rentals-prod.s3.ap-northeast-1.amazonaws.com/43357/medium/f39f3d73-1d39-4995-a5c8-1050c3cacbef.jpg | https://renco-rentals-prod.s3.ap-northeast-1.amazonaws.com/43357/medium/fd621d2a-10ad-4662-b63b-1d46adef8b03.jpg
y4edvbdkhezvigmz,https://www.dd-room.com/object/y4edvbdkhezvigmz,忠孝敦化站&國父紀念館站5分鐘/可租補/可開伙/文青套房,18500,37000,650,臺北市大安區忠孝東路四段,大安區,忠孝東路四段,25.0415416,121.5510456,5房1廳3衛1廚1陽台,5,1,3,1,1,2.0,分租套房,apt,5.0,4,5,12,2026-07-16,individual,可開伙、有飲水機、對外窗、水泥隔間、垃圾代收、定期清潔、免仲介費、電費照台電、水費照台水、可報稅、共生公寓、有陽台、租金補貼,床、桌子、椅子、衣櫃、鞋櫃、櫃子、網路、冷氣、洗衣機、冰箱、電視、流理台、熱水器、天然瓦斯、排油煙機、瓦斯爐、住警器,未提供,未提供,限女性,8,https://static.dd-room.com/images/object/y/4/e/y4edvbdkhezvigmz/cover/55ccd077ebedf2134c8880654bb1f264_766x510.jpg | https://static.dd-room.com/images/object/y/4/e/y4edvbdkhezvigmz/cover/62a0f2e04f752395485562109c3e65d8_766x510.jpg | https://static.dd-room.com/images/object/y/4/e/y4edvbdkhezvigmz/cover/8821bf43be597b7719f7706f79e07ec9_766x510.jpg | https://static.dd-room.com/images/object/y/4/e/y4edvbdkhezvigmz/cover/db43fecc9747201631e3ea146e73d51b_766x510.jpg | https://static.dd-room.com/images/object/y/4/e/y4edvbdkhezvigmz/cover/08c00591466b385697f205ff8ea04543_766x510.jpg | https://static.dd-room.com/images/object/y/4/e/y4edvbdkhezvigmz/cover/e1be8b1ff76ae5b84bfbc7efb44ac286_766x510.jpg | https://static.dd-room.com/images/object/y/4/e/y4edvbdkhezvigmz/cover/3424a70b7ca631cf4be8a87f89fa0798_766x510.jpg | https://static.dd-room.com/images/object/y/4/e/y4edvbdkhezvigmz/cover/3dbd04cfea88bee8c405298fe6c5f1ae_766x510.jpg
ctvlizpmhygzj45s,https://www.dd-room.com/object/ctvlizpmhygzj45s,兆基社會住宅🏡友善屋源🧡近社子市場/可租補入籍/免仲,26000,52000,0,臺北市士林區環河北路三段,士林區,環河北路三段,25.0836784,121.5068808,3房2廳2衛1陽台,3,2,2,0,1,3.0,整層,apt,36.3,4,5,12,2026-07-16,broker,可無火煮食、可養貓、租金補貼、可報稅、可入籍、社會住宅、免仲介費、有陽台、可開伙,床、桌子、椅子、衣櫃、冷氣、熱水器,未提供,未提供,未提供,10,https://static.dd-room.com/images/object/c/t/v/ctvlizpmhygzj45s/cover/8d4a1d18ecbc9b8b95e04de7bdaea4fa_766x510.jpg | https://static.dd-room.com/images/object/c/t/v/ctvlizpmhygzj45s/cover/6cbe5d6182b961da499ee377905cc226_766x510.jpg | https://static.dd-room.com/images/object/c/t/v/ctvlizpmhygzj45s/cover/7844bd50190ef10e7d7011bbf316d7ee_766x510.jpg | https://static.dd-room.com/images/object/c/t/v/ctvlizpmhygzj45s/cover/82579470482e342f0aab2c677e8d1721_766x510.jpg | https://static.dd-room.com/images/object/c/t/v/ctvlizpmhygzj45s/cover/fe008e618636a9bc26e37849a8f52358_766x510.jpg | https://static.dd-room.com/images/object/c/t/v/ctvlizpmhygzj45s/cover/4833ff12651ddb2b3bbc6ecbab80d5a3_766x510.jpg | https://static.dd-room.com/images/object/c/t/v/ctvlizpmhygzj45s/cover/92c42ab06525d924d9a31160d5ba94df_766x510.jpg | https://static.dd-room.com/images/object/c/t/v/ctvlizpmhygzj45s/cover/94fa3b2058678a199c681ff97f7220c3_766x510.jpg | https://static.dd-room.com/images/object/c/t/v/ctvlizpmhygzj45s/cover/a340768130e9a05f6e499018567f4440_766x510.jpg | https://static.dd-room.com/images/object/c/t/v/ctvlizpmhygzj45s/cover/8c0359a2606a050aa87aacc49a8350bc_766x510.jpg
k6y5ykshc5g1qb79,https://www.dd-room.com/object/k6y5ykshc5g1qb79,兆基社會住宅🏠友善屋源🧡西門商圈🧡免爬高🧡可申請租補,22000,44000,50,臺北市萬華區西昌街,萬華區,西昌街,25.0422342,121.5006996,1房1廳1衛1陽台,1,1,1,0,1,1.0,整層,elevator,10.8,1,7,12,2026-07-16,broker,可無火煮食、租金補貼、可報稅、可入籍、社會住宅、免仲介費、有陽台、可開伙,冷氣、熱水器,未提供,未提供,未提供,7,https://static.dd-room.com/images/object/k/6/y/k6y5ykshc5g1qb79/cover/32948282605fd8f6d805404ee16836aa_766x510.jpg | https://static.dd-room.com/images/object/k/6/y/k6y5ykshc5g1qb79/cover/23624fd6b49572f5612afacbaf8e01e9_766x510.jpg | https://static.dd-room.com/images/object/k/6/y/k6y5ykshc5g1qb79/cover/d840340e315a7bd84e60e8998bd3e5cd_766x510.jpg | https://static.dd-room.com/images/object/k/6/y/k6y5ykshc5g1qb79/cover/5a46ff20e126deae0c3b4ffeed338d43_766x510.jpg | https://static.dd-room.com/images/object/k/6/y/k6y5ykshc5g1qb79/cover/ff1c4ef08b4e2bea61866c76a248cc43_766x510.jpg | https://static.dd-room.com/images/object/k/6/y/k6y5ykshc5g1qb79/cover/fa061ea3b649c9230f8b4cc5bccac8f2_766x510.jpg | https://static.dd-room.com/images/object/k/6/y/k6y5ykshc5g1qb79/cover/8b028503ddb05d4a9aafb0bb463a83ef_766x510.jpg
00xmb3jxll98gejr,https://www.dd-room.com/object/00xmb3jxll98gejr,兆基社會住宅🏠1.整理中.可租補,30000,60000,0,臺北市北投區中和街,北投區,中和街,25.1405111,121.5002439,3房2廳1衛,3,2,1,0,0,3.0,整層,apt,26.9,4,4,12,2026-07-16,broker,可無火煮食、免仲介費、社會住宅、租金補貼、可報稅、可入籍,衣櫃、冷氣、冰箱、熱水器、天然瓦斯,未提供,未提供,未提供,8,https://static.dd-room.com/images/object/0/0/x/00xmb3jxll98gejr/cover/394d6f7d7f22bed79fb138bfbf8da984_766x510.jpg | https://static.dd-room.com/images/object/0/0/x/00xmb3jxll98gejr/cover/e53a12e28e1aa12082f37ef25a52d4c2_766x510.jpg | https://static.dd-room.com/images/object/0/0/x/00xmb3jxll98gejr/cover/34421c30e2495271509ef69049077bd7_766x510.jpg | https://static.dd-room.com/images/object/0/0/x/00xmb3jxll98gejr/cover/e97cddf78eeebae14cf883a3ee27a7be_766x510.jpg | https://static.dd-room.com/images/object/0/0/x/00xmb3jxll98gejr/cover/5859104cd2e1c8e37587d2470affd0b5_766x510.jpg | https://static.dd-room.com/images/object/0/0/x/00xmb3jxll98gejr/cover/e074a734438982cc9e533b92cdf1a1fa_766x510.jpg | https://static.dd-room.com/images/object/0/0/x/00xmb3jxll98gejr/cover/747d2a81aec092520d919c03014f7e48_766x510.jpg | https://static.dd-room.com/images/object/0/0/x/00xmb3jxll98gejr/cover/cf7d0d47d4b7251d34ec9e519b0be71f_766x510.jpg
258nny8j5dxlg8hr,https://www.dd-room.com/object/258nny8j5dxlg8hr,兆基社會住宅🏠友善屋源🧡捷運永春站、可租補入籍免仲介費,21500,43000,600,臺北市信義區松山路,信義區,松山路,25.0349996,121.5797394,1房1廳1衛1陽台,1,1,1,0,1,2.0,獨立套房,elevator,15.1,11,15,12,2026-07-16,broker,可無火煮食、可報稅、有電梯、有陽台、可入籍、社會住宅、免仲介費、可開伙、租金補貼,衣櫃、冷氣、熱水器、天然瓦斯,未提供,未提供,未提供,11,https://static.dd-room.com/images/object/2/5/8/258nny8j5dxlg8hr/cover/17fe681c12c6b34292f2546cda041b39_766x510.jpg | https://static.dd-room.com/images/object/2/5/8/258nny8j5dxlg8hr/cover/b938bf4df4dc7147ed56b68d2fc3bd51_766x510.jpg | https://static.dd-room.com/images/object/2/5/8/258nny8j5dxlg8hr/cover/9ba0e30c0a2e0cb333a812afb7abd011_766x510.jpg | https://static.dd-room.com/images/object/2/5/8/258nny8j5dxlg8hr/cover/dfd574cd45004bffc94de7f2ce38a415_766x510.jpg | https://static.dd-room.com/images/object/2/5/8/258nny8j5dxlg8hr/cover/d5ca9fe7ebee2a5e570e40f5610b3806_766x510.jpg | https://static.dd-room.com/images/object/2/5/8/258nny8j5dxlg8hr/cover/14fe0f59d29c5905324ddaee38040ff7_766x510.jpg | https://static.dd-room.com/images/object/2/5/8/258nny8j5dxlg8hr/cover/5abf8f03142dbc25bbf5acf6f678018c_766x510.jpg | https://static.dd-room.com/images/object/2/5/8/258nny8j5dxlg8hr/cover/1e922abddefb078407ea14b0d6a62b29_766x510.jpg | https://static.dd-room.com/images/object/2/5/8/258nny8j5dxlg8hr/cover/5b68ce54468d1b3ec5f24c759e9137a6_766x510.jpg | https://static.dd-room.com/images/object/2/5/8/258nny8j5dxlg8hr/cover/950875e96bda186162a3c471ba6dfdcf_766x510.jpg | https://static.dd-room.com/images/object/2/5/8/258nny8j5dxlg8hr/cover/7968112fda1b1e7573332b99f8825857_766x510.jpg
utn6gyuubcsuytlp,https://www.dd-room.com/object/utn6gyuubcsuytlp,2.兆基社會住宅🏠友善屋源🧡文化大學凱旋苑獨立套房雙床房,8000,0,800,臺北市士林區凱旋路,士林區,凱旋路,25.1362122,121.5444527,1房1衛1陽台,1,0,1,0,1,2.0,獨立套房,apt,5.2,3,5,12,2026-07-16,broker,可報稅、有陽台、可入籍、社會住宅、免仲介費、租金補貼,床、桌子、椅子、沙發、衣櫃、冷氣、洗衣機、冰箱、電視、熱水器,未提供,未提供,未提供,9,https://static.dd-room.com/images/object/u/t/n/utn6gyuubcsuytlp/cover/855a458082bf1446c2484510b7444d5a_766x510.jpg | https://static.dd-room.com/images/object/u/t/n/utn6gyuubcsuytlp/cover/fc578abebaa20e5401bd270cd27d1e7b_766x510.jpg | https://static.dd-room.com/images/object/u/t/n/utn6gyuubcsuytlp/cover/ef4db59e695bd32d6c3cfbbd1461d443_766x510.jpg | https://static.dd-room.com/images/object/u/t/n/utn6gyuubcsuytlp/cover/74620648d3c585e6786281ff53ed9d69_766x510.jpg | https://static.dd-room.com/images/object/u/t/n/utn6gyuubcsuytlp/cover/9041bc3a8dbc6c5c7b3250bb6822b8fe_766x510.jpg | https://static.dd-room.com/images/object/u/t/n/utn6gyuubcsuytlp/cover/44d169b31765a6109c7aa631126a409c_766x510.jpg | https://static.dd-room.com/images/object/u/t/n/utn6gyuubcsuytlp/cover/61a43d79fcb79ee3d99ca94ecf21364e_766x510.jpg | https://static.dd-room.com/images/object/u/t/n/utn6gyuubcsuytlp/cover/86b7ee16a8fee165c954ddd2bd7fda63_766x510.jpg | https://static.dd-room.com/images/object/u/t/n/utn6gyuubcsuytlp/cover/1f43ff8644a18203fc042bbd312fd136_766x510.jpg
gyq7sumtrugejxqo,https://www.dd-room.com/object/gyq7sumtrugejxqo,兆基社會住宅🏠友善屋源🧡貴陽街市場內可租補/陽台大1房,20000,40000,0,臺北市萬華區貴陽街二段,萬華區,貴陽街二段,25.0393921,121.5063921,1房1廳1衛1陽台,1,1,1,0,1,1.0,整層,apt,24.8,3,5,12,2026-07-16,broker,可無火煮食、可報稅、可入籍、社會住宅、免仲介費、有陽台、可開伙、租金補貼,床、桌子、椅子、衣櫃、冷氣、洗衣機、熱水器、天然瓦斯,未提供,未提供,未提供,8,https://static.dd-room.com/images/object/g/y/q/gyq7sumtrugejxqo/cover/ad723f9b8d10d489f8b22fe1a97da6ee_766x510.jpg | https://static.dd-room.com/images/object/g/y/q/gyq7sumtrugejxqo/cover/b069bd2d54b3229686a991ada7593f91_766x510.jpg | https://static.dd-room.com/images/object/g/y/q/gyq7sumtrugejxqo/cover/a0a6d757c6d11896145a7eb0b6e68e6a_766x510.jpg | https://static.dd-room.com/images/object/g/y/q/gyq7sumtrugejxqo/cover/38f1a588429327b477b423d289339b52_766x510.jpg | https://static.dd-room.com/images/object/g/y/q/gyq7sumtrugejxqo/cover/05a159156be18fe20b0e9e7dce8c567a_766x510.jpg | https://static.dd-room.com/images/object/g/y/q/gyq7sumtrugejxqo/cover/e8b08eba2ba8787ce19b4f9a53ee88d4_766x510.jpg | https://static.dd-room.com/images/object/g/y/q/gyq7sumtrugejxqo/cover/e26cbdd86d5695fd8057f4d086f847f6_766x510.jpg | https://static.dd-room.com/images/object/g/y/q/gyq7sumtrugejxqo/cover/ef23aa894dfc19facc43195138b34043_766x510.jpg
mjkluzdinao5uxh5,https://www.dd-room.com/object/mjkluzdinao5uxh5,近士東國小士東市場高島屋可租金補助,43000,86000,1800,臺北市士林區士東路,士林區,士東路,25.1129284,121.5352283,3房2廳2衛1廚1陽台,3,2,2,1,1,3.0,整層,elevator,36.7,2,7,12,2026-07-16,broker,可開伙、對外窗、保全設施、包裹代收、社會住宅、有電梯、水泥隔間、電費照台電、水費照台水、可報稅、有陽台、租金補貼、可入籍,床、桌子、椅子、衣櫃、鞋櫃、櫃子、冷氣、流理台、熱水器、天然瓦斯、排油煙機、瓦斯爐,未提供,未提供,未提供,15,https://static.dd-room.com/images/object/m/j/k/mjkluzdinao5uxh5/cover/0862db214b90427f8e34114de284f74a_766x510.jpg | https://static.dd-room.com/images/object/m/j/k/mjkluzdinao5uxh5/cover/910c34a1a01ddf9c247f5e00046339b7_766x510.jpg | https://static.dd-room.com/images/object/m/j/k/mjkluzdinao5uxh5/cover/4f786315f87d64f4d35188ae50e80ab5_766x510.jpg | https://static.dd-room.com/images/object/m/j/k/mjkluzdinao5uxh5/cover/7888908e7a0c107c91d9178c0f7bb652_766x510.jpg | https://static.dd-room.com/images/object/m/j/k/mjkluzdinao5uxh5/cover/059c498f75c3ca2fdec98533d68315aa_766x510.jpg | https://static.dd-room.com/images/object/m/j/k/mjkluzdinao5uxh5/cover/0c18a0b8f2f005ee78ffd1234b5c9f95_766x510.jpg | https://static.dd-room.com/images/object/m/j/k/mjkluzdinao5uxh5/cover/fd340feefa0fd13e853319bfd7be313d_766x510.jpg | https://static.dd-room.com/images/object/m/j/k/mjkluzdinao5uxh5/cover/8d60931b78506f5764688e73c2df2d73_766x510.jpg | https://static.dd-room.com/images/object/m/j/k/mjkluzdinao5uxh5/cover/1f5f304bfb098f48c039ece96bf05b9c_766x510.jpg | https://static.dd-room.com/images/object/m/j/k/mjkluzdinao5uxh5/cover/b4e8bfe4de5176296d93843dae3888ae_766x510.jpg | https://static.dd-room.com/images/object/m/j/k/mjkluzdinao5uxh5/cover/55a9b677c14d8619df22c9e2296634ea_766x510.jpg | https://static.dd-room.com/images/object/m/j/k/mjkluzdinao5uxh5/cover/ec5dc7712397c369299a23dbf1663487_766x510.jpg | https://static.dd-room.com/images/object/m/j/k/mjkluzdinao5uxh5/cover/ca9414911c03e4170569d9e432d29468_766x510.jpg | https://static.dd-room.com/images/object/m/j/k/mjkluzdinao5uxh5/cover/09baafcf57938a6d93a90006364277eb_766x510.jpg | https://static.dd-room.com/images/object/m/j/k/mjkluzdinao5uxh5/cover/816aaaf493599aceb1b2b0c6f0bd931a_766x510.jpg
jdmutgf4bxur6woc,https://www.dd-room.com/object/jdmutgf4bxur6woc,兆基社會住宅🏠友善屋源🧡文山區.全室油漆.低樓層.優質三,30000,60000,0,臺北市文山區興隆路四段,文山區,興隆路四段,24.989967,121.5595526,3房2廳1衛1陽台,3,2,1,0,1,3.0,整層,apt,28.6,2,4,12,2026-07-16,broker,可無火煮食、可報稅、可入籍、社會住宅、免仲介費、有陽台、租金補貼、可開伙,衣櫃、冷氣、洗衣機、冰箱、電視、熱水器,未提供,未提供,未提供,15,https://static.dd-room.com/images/object/j/d/m/jdmutgf4bxur6woc/cover/7f16bcd834745537671c8a534906f771_766x510.jpg | https://static.dd-room.com/images/object/j/d/m/jdmutgf4bxur6woc/cover/9c676490716451307af4b314bc4a546d_766x510.jpg | https://static.dd-room.com/images/object/j/d/m/jdmutgf4bxur6woc/cover/51dcdd135da403845f4b09240d1c5fcb_766x510.jpg | https://static.dd-room.com/images/object/j/d/m/jdmutgf4bxur6woc/cover/466d7354dd31da1f55aa0cd9f192f4a7_766x510.jpg | https://static.dd-room.com/images/object/j/d/m/jdmutgf4bxur6woc/cover/7d7aa91197cfd46e8cf456613b5e7ba2_766x510.jpg | https://static.dd-room.com/images/object/j/d/m/jdmutgf4bxur6woc/cover/560c8a3c5b2afd0f9ff18a6f2328a5d1_766x510.jpg | https://static.dd-room.com/images/object/j/d/m/jdmutgf4bxur6woc/cover/34f7c7b02879da7515a12f9cd1086501_766x510.jpg | https://static.dd-room.com/images/object/j/d/m/jdmutgf4bxur6woc/cover/38375b73f70e66f35565455f06f4a643_766x510.jpg | https://static.dd-room.com/images/object/j/d/m/jdmutgf4bxur6woc/cover/3a642774968a26de2b892eceb2cbdca4_766x510.jpg | https://static.dd-room.com/images/object/j/d/m/jdmutgf4bxur6woc/cover/74a2a2ffd9df6b13aa3abcb09f7c2189_766x510.jpg | https://static.dd-room.com/images/object/j/d/m/jdmutgf4bxur6woc/cover/465d1d6850d6c8cce079ab64795feba2_766x510.jpg | https://static.dd-room.com/images/object/j/d/m/jdmutgf4bxur6woc/cover/f9aca720ad3715394ce24e18d07096c9_766x510.jpg | https://static.dd-room.com/images/object/j/d/m/jdmutgf4bxur6woc/cover/036ac1f52ad76c3f7bfd103bed5f28db_766x510.jpg | https://static.dd-room.com/images/object/j/d/m/jdmutgf4bxur6woc/cover/e2836042b9c7eaab904de265239e8df4_766x510.jpg | https://static.dd-room.com/images/object/j/d/m/jdmutgf4bxur6woc/cover/65d83ecd5a2fdb431f761a10df14cc3e_766x510.jpg
uxv8i1qp3umfzmph,https://www.dd-room.com/object/uxv8i1qp3umfzmph,兆基社會住宅🏠中正紀念堂/大露臺可寵/可租補入籍,39000,78000,1500,臺北市中正區金華街,中正區,金華街,25.0307433,121.5230236,2房2廳2衛1陽台,2,2,2,0,1,2.0,整層,elevator,39.0,8,9,12,2026-07-16,broker,可無火煮食、可養貓、可報稅、有電梯、可入籍、社會住宅、免仲介費、有陽台、租金補貼、可開伙,床、桌子、椅子、沙發、衣櫃、冷氣、洗衣機、冰箱、熱水器、天然瓦斯,未提供,未提供,未提供,8,https://static.dd-room.com/images/object/u/x/v/uxv8i1qp3umfzmph/cover/0d41858a7d4076b75e185f6b3c413f3d_766x510.jpg | https://static.dd-room.com/images/object/u/x/v/uxv8i1qp3umfzmph/cover/4fe739cd28305077f088fe38d825173f_766x510.jpg | https://static.dd-room.com/images/object/u/x/v/uxv8i1qp3umfzmph/cover/d1b96ce4b3f4ab355e279a8b2d914883_766x510.jpg | https://static.dd-room.com/images/object/u/x/v/uxv8i1qp3umfzmph/cover/66b448869a2789670f8695d419cf62d4_766x510.jpg | https://static.dd-room.com/images/object/u/x/v/uxv8i1qp3umfzmph/cover/4fe85e58e1778be70679d7b0c59b04dd_766x510.jpg | https://static.dd-room.com/images/object/u/x/v/uxv8i1qp3umfzmph/cover/5d1f60d0b1a6148e949eaf1e275ff13f_766x510.jpg | https://static.dd-room.com/images/object/u/x/v/uxv8i1qp3umfzmph/cover/9fd55fa9b389969486f927b10c85f802_766x510.jpg | https://static.dd-room.com/images/object/u/x/v/uxv8i1qp3umfzmph/cover/d79bca522c67e91a52a7b8806e42cfb2_766x510.jpg
u8bchuvq9pfznuwl,https://www.dd-room.com/object/u8bchuvq9pfznuwl,兆基社會住宅🏠友善屋源🧡台北晶麒/精美一房一廳/可寵/可,39000,78000,2620,臺北市萬華區康定路,萬華區,康定路,25.0368274,121.5015066,1房1廳1衛1陽台,1,1,1,0,1,1.0,整層,elevator,14.9,13,26,12,2026-07-16,broker,可無火煮食、可養貓、可報稅、有電梯、可入籍、社會住宅、免仲介費、有陽台、可開伙、租金補貼,沙發、衣櫃、冷氣、洗衣機、冰箱、電視、熱水器、天然瓦斯,有汽車車位,未提供,未提供,11,https://static.dd-room.com/images/object/u/8/b/u8bchuvq9pfznuwl/cover/87b491892bb6c0a01e9f3d97644aee4f_766x510.jpg | https://static.dd-room.com/images/object/u/8/b/u8bchuvq9pfznuwl/cover/4f993e87d34852b50c5c3620aef4cc66_766x510.jpg | https://static.dd-room.com/images/object/u/8/b/u8bchuvq9pfznuwl/cover/f96ec85cfe31c1b4164df9fbe7b45320_766x510.jpg | https://static.dd-room.com/images/object/u/8/b/u8bchuvq9pfznuwl/cover/ac589010e00723c9ab06cf4f7ef3063f_766x510.jpg | https://static.dd-room.com/images/object/u/8/b/u8bchuvq9pfznuwl/cover/a6854d8f8b6c18f2edd63aa2de0cf2a7_766x510.jpg | https://static.dd-room.com/images/object/u/8/b/u8bchuvq9pfznuwl/cover/47777982b89203172a05810a8921b940_766x510.jpg | https://static.dd-room.com/images/object/u/8/b/u8bchuvq9pfznuwl/cover/a6f0442116b5babd2fe89a7d1e7cf724_766x510.jpg | https://static.dd-room.com/images/object/u/8/b/u8bchuvq9pfznuwl/cover/6d41a0947025f6643b592a3745c7b371_766x510.jpg | https://static.dd-room.com/images/object/u/8/b/u8bchuvq9pfznuwl/cover/1ab50ae1c7a87110de33bd2c8ecfc8f4_766x510.jpg | https://static.dd-room.com/images/object/u/8/b/u8bchuvq9pfznuwl/cover/fdb2825ab3186bd370b629da0b09780a_766x510.jpg | https://static.dd-room.com/images/object/u/8/b/u8bchuvq9pfznuwl/cover/bf82f84fc60ecd3e9d2af56cee54456e_766x510.jpg
ujrbx9jvwkybfr7q,https://www.dd-room.com/object/ujrbx9jvwkybfr7q,兆基社會住宅🏠友善屋源🧡龍山寺站/寵可談/免爬高/可租補,23000,46000,0,臺北市萬華區環河南路二段,萬華區,環河南路二段,25.036949,121.4957855,2房1廳1衛1陽台,2,1,1,0,1,2.0,整層,apt,19.6,2,5,12,2026-07-16,broker,可無火煮食、可報稅、可入籍、社會住宅、免仲介費、有陽台、可開伙、租金補貼,衣櫃、冷氣、洗衣機、熱水器,未提供,未提供,未提供,7,https://static.dd-room.com/images/object/u/j/r/ujrbx9jvwkybfr7q/cover/6a8e9febcefae3c024a77582b4df135e_766x510.jpg | https://static.dd-room.com/images/object/u/j/r/ujrbx9jvwkybfr7q/cover/7f9506b677da0ffefdf0949947d0912a_766x510.jpg | https://static.dd-room.com/images/object/u/j/r/ujrbx9jvwkybfr7q/cover/c850b5bb62a84f539c7cc12ccdf53884_766x510.jpg | https://static.dd-room.com/images/object/u/j/r/ujrbx9jvwkybfr7q/cover/f2a8ff5f816d027670315448c7780051_766x510.jpg | https://static.dd-room.com/images/object/u/j/r/ujrbx9jvwkybfr7q/cover/e5c01ab92e1cad56f2572e3824a651db_766x510.jpg | https://static.dd-room.com/images/object/u/j/r/ujrbx9jvwkybfr7q/cover/42235fb8e8df9e52d7b01731a9901e06_766x510.jpg | https://static.dd-room.com/images/object/u/j/r/ujrbx9jvwkybfr7q/cover/61992e1685838e6fcddcc449ae6aa1fd_766x510.jpg
xjalylqk8txlyfua,https://www.dd-room.com/object/xjalylqk8txlyfua,兆基社會住宅🏠近螢橋國中/台師大商圈/可租補,35000,70000,0,臺北市中正區水源路,中正區,水源路,25.0240425,121.5147413,2房1廳1衛1陽台,2,1,1,0,1,2.0,整層,elevator,18.0,8,13,12,2026-07-16,broker,可無火煮食、可報稅、有電梯、可入籍、社會住宅、免仲介費、有陽台、可開伙、租金補貼,椅子、沙發、衣櫃、冷氣、冰箱、熱水器、天然瓦斯,未提供,未提供,未提供,9,https://static.dd-room.com/images/object/x/j/a/xjalylqk8txlyfua/cover/c5303b89e0326ef214a42947d5c62f40_766x510.jpg | https://static.dd-room.com/images/object/x/j/a/xjalylqk8txlyfua/cover/c4a2320bf99e946e58b1b6ebeb187f46_766x510.jpg | https://static.dd-room.com/images/object/x/j/a/xjalylqk8txlyfua/cover/bf0e7ad6d5a2668070fd7d07ed1dba80_766x510.jpg | https://static.dd-room.com/images/object/x/j/a/xjalylqk8txlyfua/cover/257eb5b0039b74694f29b99eab018685_766x510.jpg | https://static.dd-room.com/images/object/x/j/a/xjalylqk8txlyfua/cover/5be8934826c18b55605dec1bf0444095_766x510.jpg | https://static.dd-room.com/images/object/x/j/a/xjalylqk8txlyfua/cover/7c7dde34fd5f429002644bc9c39ffd6e_766x510.jpg | https://static.dd-room.com/images/object/x/j/a/xjalylqk8txlyfua/cover/023b4d3a4b78d71b142623c932e38e15_766x510.jpg | https://static.dd-room.com/images/object/x/j/a/xjalylqk8txlyfua/cover/a6eaf5eaecaa2b7674e3482399448aaa_766x510.jpg | https://static.dd-room.com/images/object/x/j/a/xjalylqk8txlyfua/cover/5e151ab0e4e532517acf24e67b0663cb_766x510.jpg
iwjhw7w7ra2y0ukd,https://www.dd-room.com/object/iwjhw7w7ra2y0ukd,兆基社會住宅🏠友善屋源🧡捷運中山站/可租補入籍/晶華酒店,32000,64000,1820,臺北市中山區新生北路二段,中山區,新生北路二段,25.0297486,121.5327247,2房2廳1衛2陽台,2,2,1,0,2,2.0,整層,elevator,22.0,14,15,12,2026-07-16,broker,可無火煮食、可報稅、有電梯、可入籍、社會住宅、免仲介費、有陽台、可開伙、租金補貼,床、桌子、椅子、衣櫃、冷氣、洗衣機、冰箱、電視、熱水器、天然瓦斯,未提供,未提供,未提供,5,https://static.dd-room.com/images/object/i/w/j/iwjhw7w7ra2y0ukd/cover/8d88776ab3c30c02381730ab88986aff_766x510.jpg | https://static.dd-room.com/images/object/i/w/j/iwjhw7w7ra2y0ukd/cover/733d569942df0917ce6734e4b8833437_766x510.jpg | https://static.dd-room.com/images/object/i/w/j/iwjhw7w7ra2y0ukd/cover/c7d1eee5bd59d4253c7412234542858c_766x510.jpg | https://static.dd-room.com/images/object/i/w/j/iwjhw7w7ra2y0ukd/cover/7db34ff9177583b2d6ff31feb53c5443_766x510.jpg | https://static.dd-room.com/images/object/i/w/j/iwjhw7w7ra2y0ukd/cover/90786ba9b0157773064ce4b1ef2360ef_766x510.jpg
ukmdxw42htpdcs4g,https://www.dd-room.com/object/ukmdxw42htpdcs4g,捷運後山埤4分【超值租案】免爬梯★乾溼分離★衛浴開窗,16499,32998,0,臺北市南港區玉成街,南港區,玉成街,25.0502987,121.5817854,1房1衛,1,0,1,0,0,2.0,獨立套房,apt,4.0,1,4,12,2026-07-16,broker,未提供,未提供,未提供,未提供,未提供,5,https://renco-rentals-prod.s3.ap-northeast-1.amazonaws.com/41067/medium/29596871-dae2-4334-9eb8-13e76c166097.jpg | https://renco-rentals-prod.s3.ap-northeast-1.amazonaws.com/41067/medium/a1b25961-eea4-47bf-8ac3-4d2bd49e3667.jpg | https://renco-rentals-prod.s3.ap-northeast-1.amazonaws.com/41067/medium/f221cebd-4add-48cf-9df2-c491ee3be5d3.jpg | https://renco-rentals-prod.s3.ap-northeast-1.amazonaws.com/41067/medium/901f9eb3-987d-40c6-87d1-06d87d5e4095.jpg | https://renco-rentals-prod.s3.ap-northeast-1.amazonaws.com/41067/medium/912b2f66-cb6e-419a-88e7-59b4da2f4e9f.jpg
vujxzvynugadarsx,https://www.dd-room.com/object/vujxzvynugadarsx,溝子口考試院  設備齊全 二樓免爬高 拎包入住,21999,44000,0,臺北市文山區木柵路一段,文山區,木柵路一段,24.9886465,121.5571187,4房1廳2衛1廚1陽台,4,1,2,1,1,4.0,整層,apt,20.0,2,4,12,2026-07-16,broker,可開伙、對外窗、可養其他寵物、可報稅、可入籍、可養狗、電費照台電、租金補貼、有陽台、可養貓,床、桌子、椅子、沙發、衣櫃、鞋櫃、櫃子、冷氣、洗衣機、冰箱、流理台、熱水器、排油煙機、瓦斯爐,未提供,未提供,未提供,13,https://static.dd-room.com/images/object/v/u/j/vujxzvynugadarsx/cover/c719882191bd760474986a3317d9625b_766x510.jpg | https://static.dd-room.com/images/object/v/u/j/vujxzvynugadarsx/cover/09a113f20b2da4b488aae363045a510d_766x510.jpg | https://static.dd-room.com/images/object/v/u/j/vujxzvynugadarsx/cover/cfae48b1310b220a0574f1a3031b23f8_766x510.jpg | https://static.dd-room.com/images/object/v/u/j/vujxzvynugadarsx/cover/3b93effe00ac170c585a321e1b780495_766x510.jpg | https://static.dd-room.com/images/object/v/u/j/vujxzvynugadarsx/cover/ef9eedcc66180da406a94e9ddb82dce0_766x510.jpg | https://static.dd-room.com/images/object/v/u/j/vujxzvynugadarsx/cover/726ee0e4cfae1ba69e83e892ed9234f9_766x510.jpg | https://static.dd-room.com/images/object/v/u/j/vujxzvynugadarsx/cover/253dbb10165dad7caefe3018ae952ec5_766x510.jpg | https://static.dd-room.com/images/object/v/u/j/vujxzvynugadarsx/cover/206ecfc54b3c3c8836ab73015823e5c1_766x510.jpg | https://static.dd-room.com/images/object/v/u/j/vujxzvynugadarsx/cover/c17f5da38db962bde2032972b4d11fba_766x510.jpg | https://static.dd-room.com/images/object/v/u/j/vujxzvynugadarsx/cover/818142649cbb38fb3019b83b3abbddeb_766x510.jpg | https://static.dd-room.com/images/object/v/u/j/vujxzvynugadarsx/cover/276a25d4640286dca1aa6ff4f4e94e51_766x510.jpg | https://static.dd-room.com/images/object/v/u/j/vujxzvynugadarsx/cover/63a814bc2c8dc283e62fc4c6bfbd04ce_766x510.jpg | https://static.dd-room.com/images/object/v/u/j/vujxzvynugadarsx/cover/5f9fa3e13c6673b1fdd3af3b67d5d7d4_766x510.jpg
iaiqz70qt3cx9uqp,https://www.dd-room.com/object/iaiqz70qt3cx9uqp,優質地段🍧可入籍🍧無法租補特惠價,18000,36000,0,臺北市文山區木柵路一段154,文山區,木柵路一段,24.9977825,121.5741323,3房2廳1衛1廚1陽台,3,2,1,1,1,3.0,整層,apt,25.0,4,4,12,2026-07-16,broker,可養貓、可開伙、對外窗、氣密窗、有電梯、可報稅、有陽台、可養狗、可養其他寵物、可入籍、電費照台電、租金補貼,床、桌子、椅子、沙發、衣櫃、鞋櫃、櫃子、冷氣、洗衣機、冰箱、熱水器,未提供,未提供,未提供,12,https://static.dd-room.com/images/object/i/a/i/iaiqz70qt3cx9uqp/cover/b89da589dbcf212f4721a3ada7ee33eb_766x510.jpg | https://static.dd-room.com/images/object/i/a/i/iaiqz70qt3cx9uqp/cover/baa5a062379458d2287e0ee3c05b6d35_766x510.jpg | https://static.dd-room.com/images/object/i/a/i/iaiqz70qt3cx9uqp/cover/821588e9572f094dbae7fd43830902b5_766x510.jpg | https://static.dd-room.com/images/object/i/a/i/iaiqz70qt3cx9uqp/cover/7d4760ff32f3fd425f58ce1e4162ba06_766x510.jpg | https://static.dd-room.com/images/object/i/a/i/iaiqz70qt3cx9uqp/cover/d5cd8c42f90656e6afb48271bb768aa5_766x510.jpg | https://static.dd-room.com/images/object/i/a/i/iaiqz70qt3cx9uqp/cover/875a3b280e2b41a9e158468cf26cfdcf_766x510.jpg | https://static.dd-room.com/images/object/i/a/i/iaiqz70qt3cx9uqp/cover/fc4584c6881f18591f88424620317437_766x510.jpg | https://static.dd-room.com/images/object/i/a/i/iaiqz70qt3cx9uqp/cover/69b14abae3d5112e70f94c286c26f83a_766x510.jpg | https://static.dd-room.com/images/object/i/a/i/iaiqz70qt3cx9uqp/cover/dfef3415dffcaaef700310e9c547b4fd_766x510.jpg | https://static.dd-room.com/images/object/i/a/i/iaiqz70qt3cx9uqp/cover/f6e1e9ca179ca2ecba9f09c5b553ccf5_766x510.jpg | https://static.dd-room.com/images/object/i/a/i/iaiqz70qt3cx9uqp/cover/ed9d0ec505d52c5f622f2a79cb8afb47_766x510.jpg | https://static.dd-room.com/images/object/i/a/i/iaiqz70qt3cx9uqp/cover/43ce625c3be3b6bef85c525f1fc0a8b2_766x510.jpg
o0vi43detjdvqdf1,https://www.dd-room.com/object/o0vi43detjdvqdf1,捷運大安3分【豪邸3房2衛】報稅洽★新裝潢★含車位,128000,256000,11905,臺北市大安區大安路一段,大安區,大安路一段,25.0432575,121.5461836,3房2廳2衛2陽台,3,2,2,0,2,3.0,整層,elevator,41.0,3,12,12,2026-07-15,broker,可開伙、有電梯、有陽台,未提供,未提供,未提供,未提供,15,https://renco-rentals-prod.s3.ap-northeast-1.amazonaws.com/43346/medium/2cf88230-e050-4005-a078-630e9512eafa.jpg | https://renco-rentals-prod.s3.ap-northeast-1.amazonaws.com/43346/medium/40fd1957-146c-40ef-87ef-547a2ef64010.jpg | https://renco-rentals-prod.s3.ap-northeast-1.amazonaws.com/43346/medium/f8566e30-3854-467a-9e44-84625dfbb7fd.jpg | https://renco-rentals-prod.s3.ap-northeast-1.amazonaws.com/43346/medium/f6875458-8220-4af6-8f72-186942997c42.jpg | https://renco-rentals-prod.s3.ap-northeast-1.amazonaws.com/43346/medium/9f19bd99-5e9b-45e5-b883-8c665e9177e0.jpg | https://renco-rentals-prod.s3.ap-northeast-1.amazonaws.com/43346/medium/ea95498f-ddf3-4062-b8e5-b035c51e9f63.jpg | https://renco-rentals-prod.s3.ap-northeast-1.amazonaws.com/43346/medium/fdf1c572-b34c-45fc-b10c-ffd795111485.jpg | https://renco-rentals-prod.s3.ap-northeast-1.amazonaws.com/43346/medium/ddd8598c-da2d-4c11-91ff-81863c547d20.jpg | https://renco-rentals-prod.s3.ap-northeast-1.amazonaws.com/43346/medium/b4fc3e4c-f422-46fc-9a4c-ae42bb542280.jpg | https://renco-rentals-prod.s3.ap-northeast-1.amazonaws.com/43346/medium/5f0dd85e-1e39-42d2-980f-6b584e76d12a.jpg | https://renco-rentals-prod.s3.ap-northeast-1.amazonaws.com/43346/medium/2d635295-eb19-4a42-993c-bab9891a59c2.jpg | https://renco-rentals-prod.s3.ap-northeast-1.amazonaws.com/43346/medium/3f6e0745-bafe-48b0-96be-fa76e310467d.jpg | https://renco-rentals-prod.s3.ap-northeast-1.amazonaws.com/43346/medium/d92535d2-55d5-4241-9bd7-b2ca9743b411.jpg | https://renco-rentals-prod.s3.ap-northeast-1.amazonaws.com/43346/medium/351ba11d-1360-470d-863c-c886921d78fc.jpg | https://renco-rentals-prod.s3.ap-northeast-1.amazonaws.com/43346/medium/1b5a540f-72d0-448b-ae46-83fcb8f0d78e.jpg
6nvciasndqund7lr,https://www.dd-room.com/object/6nvciasndqund7lr,天母運動公園【超值3房2廳】可補助★養寵物★垃圾代收,31999,63998,333,臺北市士林區天母東路,士林區,天母東路,25.118193,121.5367728,3房2廳1衛1陽台,3,2,1,0,1,3.0,整層,apt,28.0,-1,7,12,2026-07-15,broker,可開伙、垃圾代收、有陽台、租金補貼,冰箱、洗衣機、電視、冷氣、熱水器、床、衣櫃、沙發、桌子、椅子,未提供,未提供,未提供,11,https://renco-rentals-prod.s3.ap-northeast-1.amazonaws.com/43331/medium/af19aea7-7685-405b-9827-9bfe8ad7be8b.jpg | https://renco-rentals-prod.s3.ap-northeast-1.amazonaws.com/43331/medium/2f79ea98-c8be-4c98-9749-8793ced27b8c.jpg | https://renco-rentals-prod.s3.ap-northeast-1.amazonaws.com/43331/medium/c7d8b852-59e7-4454-8255-23d47f809ef1.jpg | https://renco-rentals-prod.s3.ap-northeast-1.amazonaws.com/43331/medium/638236bb-3a34-4fb0-aa88-7cab442c1afe.jpg | https://renco-rentals-prod.s3.ap-northeast-1.amazonaws.com/43331/medium/9d734424-4959-47b7-83ca-17a62ab9c4cd.jpg | https://renco-rentals-prod.s3.ap-northeast-1.amazonaws.com/43331/medium/c53bebcc-87ba-4b64-905c-5e8a3a0e8dc8.jpg | https://renco-rentals-prod.s3.ap-northeast-1.amazonaws.com/43331/medium/a574e7fc-0d1d-46ed-836d-0a8b48d4735f.jpg | https://renco-rentals-prod.s3.ap-northeast-1.amazonaws.com/43331/medium/80764b15-e096-4d7b-bf9c-d1d643395945.jpg | https://renco-rentals-prod.s3.ap-northeast-1.amazonaws.com/43331/medium/4ce42a5f-259c-496f-a241-6582cc18a52a.jpg | https://renco-rentals-prod.s3.ap-northeast-1.amazonaws.com/43331/medium/ce2328d8-eeab-439d-90a8-1cf3be6bff65.jpg | https://renco-rentals-prod.s3.ap-northeast-1.amazonaws.com/43331/medium/21284807-6f0a-4a99-9913-df72fcf43c14.jpg
ubrmei2whhemthsl,https://www.dd-room.com/object/ubrmei2whhemthsl,天母運動公園【優質3房2衛】雙陽台★附傢俱★皆有窗,41999,83998,0,臺北市士林區中山北路六段,士林區,中山北路六段,25.1032702,121.5250883,3房2廳2衛2陽台,3,2,2,0,2,3.0,整層,apt,35.0,2,5,12,2026-07-15,broker,可開伙、有陽台,冰箱、洗衣機、電視、冷氣、熱水器、床、衣櫃、天然瓦斯、沙發、桌子、椅子,未提供,未提供,未提供,15,https://renco-rentals-prod.s3.ap-northeast-1.amazonaws.com/43261/medium/cf0b31ee-a9b9-42ed-a320-5d914eb9ac3b.jpg | https://renco-rentals-prod.s3.ap-northeast-1.amazonaws.com/43261/medium/571d145d-89fd-4d59-9002-59aabafed532.jpg | https://renco-rentals-prod.s3.ap-northeast-1.amazonaws.com/43261/medium/5eb176cc-d57a-4303-b4bd-88f6c82f6e9a.jpg | https://renco-rentals-prod.s3.ap-northeast-1.amazonaws.com/43261/medium/4ded9852-ffe7-4703-b93f-2c65586b4690.jpg | https://renco-rentals-prod.s3.ap-northeast-1.amazonaws.com/43261/medium/64a1e8e1-a201-4ed0-8fe1-f97d33a87167.jpg | https://renco-rentals-prod.s3.ap-northeast-1.amazonaws.com/43261/medium/95d4e29b-1890-4b90-9fa7-5aa6e937348c.jpg | https://renco-rentals-prod.s3.ap-northeast-1.amazonaws.com/43261/medium/83f2d114-4a67-49e7-86f3-b894714ea0f4.jpg | https://renco-rentals-prod.s3.ap-northeast-1.amazonaws.com/43261/medium/e9238102-9a27-46f9-8dc0-af0234f1932b.jpg | https://renco-rentals-prod.s3.ap-northeast-1.amazonaws.com/43261/medium/a177811c-457a-4912-84e1-c311b9128c37.jpg | https://renco-rentals-prod.s3.ap-northeast-1.amazonaws.com/43261/medium/760d98e8-7028-4b34-b850-aad8538393f6.jpg | https://renco-rentals-prod.s3.ap-northeast-1.amazonaws.com/43261/medium/0d216813-003c-4a82-b083-3e6c6273b3ff.jpg | https://renco-rentals-prod.s3.ap-northeast-1.amazonaws.com/43261/medium/3bcfb197-e11d-41a0-98ed-3f0125f31bce.jpg | https://renco-rentals-prod.s3.ap-northeast-1.amazonaws.com/43261/medium/b1bd3fcf-4bf6-4c76-9ca1-f45a2a0d7135.jpg | https://renco-rentals-prod.s3.ap-northeast-1.amazonaws.com/43261/medium/e08ba97d-ee2d-468f-bf7d-56b1f31deea4.jpg | https://renco-rentals-prod.s3.ap-northeast-1.amazonaws.com/43261/medium/6cfe5a6d-76c1-4a74-8ada-5a38ec85fa75.jpg
4ovtvazz6bdcumjr,https://www.dd-room.com/object/4ovtvazz6bdcumjr,木柵市場【超值租案】採光優★獨立衛浴★小資首選,8999,17998,0,臺北市文山區木新路二段,文山區,木新路二段,24.9850982,121.5704141,1房1衛,1,0,1,0,0,2.0,獨立套房,apt,6.0,4,5,12,2026-07-15,broker,未提供,冰箱、洗衣機、冷氣、熱水器、床、衣櫃、網路、天然瓦斯、桌子、椅子,未提供,未提供,未提供,6,https://renco-rentals-prod.s3.ap-northeast-1.amazonaws.com/43354/medium/c2f4f89f-9805-457d-9e60-5a79f9e09053.jpg | https://renco-rentals-prod.s3.ap-northeast-1.amazonaws.com/43354/medium/97ccbdda-791a-497f-858c-12e752edea19.jpg | https://renco-rentals-prod.s3.ap-northeast-1.amazonaws.com/43354/medium/aa994176-4120-4e24-b201-a9b8751e25b7.jpg | https://renco-rentals-prod.s3.ap-northeast-1.amazonaws.com/43354/medium/9eff2b95-61c6-4994-baf8-b8f7616b86f1.jpg | https://renco-rentals-prod.s3.ap-northeast-1.amazonaws.com/43354/medium/e9b030be-bfbb-4dcd-a743-07686f719bb5.jpg | https://renco-rentals-prod.s3.ap-northeast-1.amazonaws.com/43354/medium/b0889dda-2282-414e-9349-6f9665647740.jpg
idj6aabq6wf5dft0,https://www.dd-room.com/object/idj6aabq6wf5dft0,近捷運松江南京【超值租案】洗衣機★精緻裝潢★免爬梯,15998,31996,0,臺北市中山區南京東路一段,中山區,南京東路一段,25.0521308,121.5233964,1房1衛,1,0,1,0,0,2.0,獨立套房,apt,4.0,1,1,12,2026-07-15,broker,未提供,冰箱、洗衣機、電視、冷氣、熱水器、床、衣櫃、網路、天然瓦斯、沙發,未提供,未提供,未提供,6,https://renco-rentals-prod.s3.ap-northeast-1.amazonaws.com/43336/medium/eec123ad-2b90-448e-8e40-ad43de6ac82f.jpg | https://renco-rentals-prod.s3.ap-northeast-1.amazonaws.com/43336/medium/b4627754-b4ac-4d0d-993a-b3b062bd102b.jpg | https://renco-rentals-prod.s3.ap-northeast-1.amazonaws.com/43336/medium/f145c8bf-d759-47d5-9805-5b6fc40da150.jpg | https://renco-rentals-prod.s3.ap-northeast-1.amazonaws.com/43336/medium/4b911b82-d362-4d3d-999a-5a66e56c6698.jpg | https://renco-rentals-prod.s3.ap-northeast-1.amazonaws.com/43336/medium/457fcecd-e37d-4d5d-a5c5-c24145361850.jpg | https://renco-rentals-prod.s3.ap-northeast-1.amazonaws.com/43336/medium/076e3d5e-128b-434a-82db-8bb399e68a58.jpg
qzbxpfx0ebahgzpp,https://www.dd-room.com/object/qzbxpfx0ebahgzpp,黎和公園【超值租案】雙窗採光★獨立衛浴★低樓層,8499,16998,0,臺北市大安區和平東路三段,大安區,和平東路三段,25.0109102,121.5639627,1房1衛,1,0,1,0,0,2.0,獨立套房,apt,4.0,2,2,12,2026-07-15,broker,未提供,冰箱、洗衣機、電視、冷氣、熱水器、床、衣櫃、第四台、網路、天然瓦斯、桌子、椅子,未提供,未提供,未提供,5,https://renco-rentals-prod.s3.ap-northeast-1.amazonaws.com/42987/medium/14e8443f-a559-47a1-9722-edd24a3ea41c.jpg | https://renco-rentals-prod.s3.ap-northeast-1.amazonaws.com/42987/medium/f261e914-4606-4f91-a7a3-99f873287b77.jpg | https://renco-rentals-prod.s3.ap-northeast-1.amazonaws.com/42987/medium/46821413-edb8-44f9-a155-28d50092720c.jpg | https://renco-rentals-prod.s3.ap-northeast-1.amazonaws.com/42987/medium/961e04de-2b44-40e2-9385-f64e409de398.jpg | https://renco-rentals-prod.s3.ap-northeast-1.amazonaws.com/42987/medium/fda76f6f-f3c7-4161-bbf6-6d2ee867624f.jpg
mcq7fw8t2ouyoeoz,https://www.dd-room.com/object/mcq7fw8t2ouyoeoz,近捷運松江南京【優質租案】大空間★瓦斯爐★獨洗衣機,19899,39798,500,臺北市中山區新生北路,中山區,新生北路,25.0565064,121.5281099,1房1衛1廚,1,0,1,1,0,2.0,獨立套房,apt,13.0,3,4,12,2026-07-15,broker,可開伙,未提供,未提供,未提供,未提供,8,https://renco-rentals-prod.s3.ap-northeast-1.amazonaws.com/43340/medium/b33ba806-e186-49db-ba83-d011bac3973f.jpg | https://renco-rentals-prod.s3.ap-northeast-1.amazonaws.com/43340/medium/711440cc-9e66-4f1d-8bbd-49deb3f76813.jpg | https://renco-rentals-prod.s3.ap-northeast-1.amazonaws.com/43340/medium/66e55c51-d0d6-4bff-95af-c9bb6dcb31f9.jpg | https://renco-rentals-prod.s3.ap-northeast-1.amazonaws.com/43340/medium/f470d36e-3387-47e0-b995-18fc9a65f061.jpg | https://renco-rentals-prod.s3.ap-northeast-1.amazonaws.com/43340/medium/aad483c0-a4b9-44b9-b809-a08c98ddad06.jpg | https://renco-rentals-prod.s3.ap-northeast-1.amazonaws.com/43340/medium/76fd2384-b231-4111-aed6-f50e734204da.jpg | https://renco-rentals-prod.s3.ap-northeast-1.amazonaws.com/43340/medium/9bdc91c4-7511-43e5-9180-346fc7383f05.jpg | https://renco-rentals-prod.s3.ap-northeast-1.amazonaws.com/43340/medium/c199516b-7e03-4caa-9ff2-da4adacad3bd.jpg
ip6xj0wfhctsdj4w,https://www.dd-room.com/object/ip6xj0wfhctsdj4w,近捷運大橋頭【優質租案】可補助★雙面採光★獨立衛浴,16999,33998,0,臺北市大同區涼州街,大同區,涼州街,25.0605815,121.510336,1房1衛,1,0,1,0,0,2.0,獨立套房,apt,4.0,4,4,12,2026-07-15,broker,租金補貼,冰箱、洗衣機、電視、冷氣、熱水器、床、衣櫃、網路、桌子、椅子,未提供,未提供,未提供,6,https://renco-rentals-prod.s3.ap-northeast-1.amazonaws.com/43295/medium/68a10a2f-4815-4c40-8644-8c4d8154188f.jpg | https://renco-rentals-prod.s3.ap-northeast-1.amazonaws.com/43295/medium/cbe80303-49a9-41be-abec-3e28e3a4d6cb.jpg | https://renco-rentals-prod.s3.ap-northeast-1.amazonaws.com/43295/medium/23c71480-677b-4c88-8cfd-18d435d7901b.jpg | https://renco-rentals-prod.s3.ap-northeast-1.amazonaws.com/43295/medium/74056ae8-f19c-4670-9f76-47e41b31ee97.jpg | https://renco-rentals-prod.s3.ap-northeast-1.amazonaws.com/43295/medium/19851ec6-50b6-4d1c-aba1-65c67aefdbe0.jpg | https://renco-rentals-prod.s3.ap-northeast-1.amazonaws.com/43295/medium/84293d16-220f-4bde-b9ec-815cc339b73e.jpg
hnmul5m7wwzwjzpq,https://www.dd-room.com/object/hnmul5m7wwzwjzpq,劍潭捷運文昌套房,11000,22000,0,臺北市士林區中山北路五段,士林區,中山北路五段,25.1017715,121.5260559,1房1衛,1,0,1,0,0,2.0,分租套房,house,5.0,2,2,12,2026-07-15,broker,可無火煮食、對外窗、保全設施、電費照台電,床、桌子、椅子、衣櫃、保全設施、網路、冷氣、洗衣機、冰箱,未提供,水費、網路費,限男性,7,https://static.dd-room.com/images/object/h/n/m/hnmul5m7wwzwjzpq/cover/88283ce3ff268d1a947e4ff900fff1bc_766x510.jpg | https://static.dd-room.com/images/object/h/n/m/hnmul5m7wwzwjzpq/cover/2ff8dc106fe3ba8d692b1a83d827ae27_766x510.jpg | https://static.dd-room.com/images/object/h/n/m/hnmul5m7wwzwjzpq/cover/5e5a9faf9db281c45a5aef88e66f38e0_766x510.jpg | https://static.dd-room.com/images/object/h/n/m/hnmul5m7wwzwjzpq/cover/e51a2eb77a35bf9621c2c2c82f90aa09_766x510.jpg | https://static.dd-room.com/images/object/h/n/m/hnmul5m7wwzwjzpq/cover/ddf84599ba1bb6bf34cc4c373b8e0957_766x510.jpg | https://static.dd-room.com/images/object/h/n/m/hnmul5m7wwzwjzpq/cover/3a499967499dca347fad1107877e7ae4_766x510.jpg | https://static.dd-room.com/images/object/h/n/m/hnmul5m7wwzwjzpq/cover/9489afd4e5683ac10a256e614bd8652f_766x510.jpg
cavfippngbmnhrda,https://www.dd-room.com/object/cavfippngbmnhrda,捷運南京復興5分【優質大空間】租補★採光佳★貓可洽,13199,26398,0,臺北市中山區遼寧街,中山區,遼寧街,25.0485439,121.5421529,1房1衛,1,0,1,0,0,2.0,獨立套房,apt,6.0,3,4,12,2026-07-15,broker,租金補貼,未提供,未提供,未提供,未提供,8,https://renco-rentals-prod.s3.ap-northeast-1.amazonaws.com/43308/medium/780836ea-c867-4b2b-a715-d0b8a4e0b8c6.jpg | https://renco-rentals-prod.s3.ap-northeast-1.amazonaws.com/43308/medium/2aafcdcf-4835-4115-8479-36c9bb71114e.jpg | https://renco-rentals-prod.s3.ap-northeast-1.amazonaws.com/43308/medium/6797b251-8940-428e-bce4-ab5be4a1523c.jpg | https://renco-rentals-prod.s3.ap-northeast-1.amazonaws.com/43308/medium/02dee602-0071-4a8d-8086-d776dd639185.jpg | https://renco-rentals-prod.s3.ap-northeast-1.amazonaws.com/43308/medium/65a65e50-ef01-4c5f-a575-06b2386577f3.jpg | https://renco-rentals-prod.s3.ap-northeast-1.amazonaws.com/43308/medium/eaf38718-81b6-499d-95b8-df2fcfd18021.jpg | https://renco-rentals-prod.s3.ap-northeast-1.amazonaws.com/43308/medium/6d608a0e-10bb-4038-bf5d-2971bd4d6422.jpg | https://renco-rentals-prod.s3.ap-northeast-1.amazonaws.com/43308/medium/fb16af44-094f-47ea-b6aa-ae34584a3c0c.jpg
7dabgh8xe6uchgyi,https://www.dd-room.com/object/7dabgh8xe6uchgyi,師大分部【超值租案】大面採光★獨洗衣機★獨立陽台,9999,19998,0,臺北市文山區羅斯福路五段,文山區,羅斯福路五段,25.0038756,121.5391233,1房1衛,1,0,1,0,0,2.0,獨立套房,apt,7.0,4,5,12,2026-07-15,broker,未提供,冰箱、洗衣機、冷氣、熱水器、床、衣櫃、網路、桌子、椅子,未提供,未提供,未提供,4,https://img1.591.com.tw/house/2026/07/15/178412335402297003.png!1000x.png | https://img2.591.com.tw/house/2026/07/15/178412335408747209.png!1000x.png | https://img2.591.com.tw/house/2026/07/15/178412335403968007.png!1000x.png | https://img2.591.com.tw/house/2026/07/15/178412335406805204.png!1000x.png
mphdcpgvrxvomva3,https://www.dd-room.com/object/mphdcpgvrxvomva3,捷運松山5分【超值租案】可補助★可開伙★獨立衛浴,9499,18998,0,臺北市南港區八德路四段,南港區,八德路四段,25.0488403,121.564381,1房1衛,1,0,1,0,0,2.0,獨立套房,apt,4.0,5,5,12,2026-07-15,broker,可開伙、租金補貼,冰箱、洗衣機、電視、冷氣、熱水器、床、衣櫃、第四台、網路、桌子、椅子,未提供,未提供,未提供,5,https://img1.591.com.tw/house/2026/07/15/178412353112019201.png!1000x.png | https://img1.591.com.tw/house/2026/07/15/178412353124028904.png!1000x.png | https://img1.591.com.tw/house/2026/07/15/178412353122830704.png!1000x.png | https://img2.591.com.tw/house/2026/07/15/178412353123866103.png!1000x.png | https://img1.591.com.tw/house/2026/07/15/178412353127547403.png!1000x.png
iygdjtmrdla3grey,https://www.dd-room.com/object/iygdjtmrdla3grey,近捷運新北投【優質租案】可寵物★入籍洽★垃圾代收,19000,38000,2350,臺北市北投區光明路,北投區,光明路,25.1361231,121.5054011,1房1衛,1,0,1,0,0,2.0,獨立套房,elevator,10.0,13,13,12,2026-07-15,broker,可開伙、有電梯、垃圾代收、可入籍,冷氣、床、衣櫃、天然瓦斯,未提供,未提供,未提供,8,https://img2.591.com.tw/house/2026/07/15/178409393098144706.jpg!1000x.jpg | https://img1.591.com.tw/house/2026/07/15/178409393064610605.jpg!1000x.jpg | https://img2.591.com.tw/house/2026/07/15/178409393083903000.jpg!1000x.jpg | https://img1.591.com.tw/house/2026/07/15/178409393104723907.jpg!1000x.jpg | https://img1.591.com.tw/house/2026/07/15/178409393059271205.jpg!1000x.jpg | https://img2.591.com.tw/house/2026/07/15/178409393098549804.jpg!1000x.jpg | https://img1.591.com.tw/house/2026/07/15/178409393110668706.jpg!1000x.jpg | https://img1.591.com.tw/house/2026/07/15/178409393089971303.jpg!1000x.jpg
siaouqrzinwtseg5,https://www.dd-room.com/object/siaouqrzinwtseg5,424F【學生首選】近台大、師大、捷運站｜可租補入籍,14800,29600,0,臺北市大安區浦城街4巷24號,大安區,浦城街,25.0237688,121.5268477,1房1衛,1,0,1,0,0,1.0,雅房,apt,7.0,3,4,99,2026-07-15,broker,可開伙、可無火煮食、有飲水機、對外窗、垃圾代收、定期清潔、電費照台電、水費照台水、可報稅、共生公寓、有陽台、可入籍、租金補貼,床、桌子、椅子、衣櫃、鞋櫃、櫃子、網路、冷氣、洗衣機、冰箱、流理台、熱水器、天然瓦斯、排油煙機、瓦斯爐,未提供,未提供,未提供,15,https://static.dd-room.com/images/object/s/i/a/siaouqrzinwtseg5/cover/c7ad9974b1ba02f9e7c53a3e05aad2fd_766x510.jpg | https://static.dd-room.com/images/object/s/i/a/siaouqrzinwtseg5/cover/5b12a42d5558975278e684955b7d0323_766x510.jpg | https://static.dd-room.com/images/object/s/i/a/siaouqrzinwtseg5/cover/bdad9e8e11db3098e7337c6d4d0e5d04_766x510.jpg | https://static.dd-room.com/images/object/s/i/a/siaouqrzinwtseg5/cover/720917bcaa378de0c817bb12a5967acf_766x510.jpg | https://static.dd-room.com/images/object/s/i/a/siaouqrzinwtseg5/cover/c45dcb3cbe7a208cec738cb0f5a3eee5_766x510.jpg | https://static.dd-room.com/images/object/s/i/a/siaouqrzinwtseg5/cover/79b2957313df18cf9ee331b199beca5b_766x510.jpg | https://static.dd-room.com/images/object/s/i/a/siaouqrzinwtseg5/cover/5b12252912aa21966dc0b76e6f275ce5_766x510.jpg | https://static.dd-room.com/images/object/s/i/a/siaouqrzinwtseg5/cover/7a29cb62b17d7d294ec70f12375ef9fd_766x510.jpg | https://static.dd-room.com/images/object/s/i/a/siaouqrzinwtseg5/cover/947178ed1764f3c1ebb150b5a7eed590_766x510.jpg | https://static.dd-room.com/images/object/s/i/a/siaouqrzinwtseg5/cover/fbbe0c3067138d94ebf0bc804e73bf0b_766x510.jpg | https://static.dd-room.com/images/object/s/i/a/siaouqrzinwtseg5/cover/ce2e560948e4987eddd80b0bf58a9a8b_766x510.jpg | https://static.dd-room.com/images/object/s/i/a/siaouqrzinwtseg5/cover/3b608d464dc33dfc4d3a24842d59a3ed_766x510.jpg | https://static.dd-room.com/images/object/s/i/a/siaouqrzinwtseg5/cover/6f9d68aece0383c2a3f6e547b10dc790_766x510.jpg | https://static.dd-room.com/images/object/s/i/a/siaouqrzinwtseg5/cover/b40652dd8e51591ae0643a2c1e4aea19_766x510.jpg | https://static.dd-room.com/images/object/s/i/a/siaouqrzinwtseg5/cover/c93e43619dcd33b201c3c3127d5cf9dd_766x510.jpg
wbebhf4slqvghizg,https://www.dd-room.com/object/wbebhf4slqvghizg,💓萬華小資族套房/台電/可養貓🐱可拎包入住,9999,19998,0,臺北市萬華區長泰街,萬華區,長泰街,25.0228656,121.4998912,1房1衛,1,0,1,0,0,2.0,獨立套房,apt,6.0,4,3,12,2026-07-15,broker,可無火煮食、可養貓、對外窗、可養其他寵物,床、桌子、椅子、衣櫃、冷氣、洗衣機、熱水器,未提供,未提供,未提供,9,https://static.dd-room.com/images/object/w/b/e/wbebhf4slqvghizg/cover/d86b732e3e8dae5fc47fec03277d1b26_766x510.jpg | https://static.dd-room.com/images/object/w/b/e/wbebhf4slqvghizg/cover/e43c4837725665d00071968edf0b618d_766x510.jpg | https://static.dd-room.com/images/object/w/b/e/wbebhf4slqvghizg/cover/4dfe7b90befa5029eb552c089ac708b9_766x510.jpg | https://static.dd-room.com/images/object/w/b/e/wbebhf4slqvghizg/cover/f7043e43373327a098128d55be48f63f_766x510.jpg | https://static.dd-room.com/images/object/w/b/e/wbebhf4slqvghizg/cover/2adff8a18866c29b2791ae65a48fbf00_766x510.jpg | https://static.dd-room.com/images/object/w/b/e/wbebhf4slqvghizg/cover/5ff7e563ba0fd4fa1ceca22cdfa6c88e_766x510.jpg | https://static.dd-room.com/images/object/w/b/e/wbebhf4slqvghizg/cover/a000fe6b3063b9b9093ff3581ff0cb62_766x510.jpg | https://static.dd-room.com/images/object/w/b/e/wbebhf4slqvghizg/cover/7fabd72647f3763cbd4437039e452651_766x510.jpg | https://static.dd-room.com/images/object/w/b/e/wbebhf4slqvghizg/cover/d28854f98d50a46c0cd81e4c39a73641_766x510.jpg
6qahhg3yzv58yw6b,https://www.dd-room.com/object/6qahhg3yzv58yw6b,💓忠孝新生捷運/善導寺捷運/可租補/採光/可養貓/北科大,10000,20000,0,臺北市中正區忠孝東路二段,中正區,忠孝東路二段,25.0425436,121.531746,1房,1,0,0,0,0,1.0,雅房,apt,6.0,2,5,12,2026-07-15,broker,可無火煮食、可養貓、租金補貼、可報稅、可入籍、對外窗,床、桌子、椅子、衣櫃、冷氣、洗衣機、冰箱、電視、熱水器,未提供,未提供,未提供,9,https://static.dd-room.com/images/object/6/q/a/6qahhg3yzv58yw6b/cover/a742c8770f97d4f320fcb7659aa3ee17_766x510.jpg | https://static.dd-room.com/images/object/6/q/a/6qahhg3yzv58yw6b/cover/8d69b28f20d1fe81869e0feca42a3303_766x510.jpg | https://static.dd-room.com/images/object/6/q/a/6qahhg3yzv58yw6b/cover/29fe5c76477bd1130d8b4c3f439ed3a6_766x510.jpg | https://static.dd-room.com/images/object/6/q/a/6qahhg3yzv58yw6b/cover/184c811fd0f816b631ba83dcabd24f60_766x510.jpg | https://static.dd-room.com/images/object/6/q/a/6qahhg3yzv58yw6b/cover/751ebc94cb514af76d392136e109d7dd_766x510.jpg | https://static.dd-room.com/images/object/6/q/a/6qahhg3yzv58yw6b/cover/3e84c0ca1285784590d3bdda7fbe4a0a_766x510.jpg | https://static.dd-room.com/images/object/6/q/a/6qahhg3yzv58yw6b/cover/2d34c8df5ade826ae716afe7e1a85e92_766x510.jpg | https://static.dd-room.com/images/object/6/q/a/6qahhg3yzv58yw6b/cover/c00529e0811a0a1e5e61df215f79d688_766x510.jpg | https://static.dd-room.com/images/object/6/q/a/6qahhg3yzv58yw6b/cover/bac472cc04dbdd6abc69f4000cd73700_766x510.jpg
oxdlbs3h76hf0ew8,https://www.dd-room.com/object/oxdlbs3h76hf0ew8,💓大橋頭捷運採光套房/可養貓🐱獨立洗衣曬衣/短租可談,13999,27998,500,臺北市大同區保安街,大同區,保安街,25.059116,121.5125116,1房1衛,1,0,1,0,0,2.0,獨立套房,apt,8.0,3,2,12,2026-07-15,broker,可無火煮食、可養貓、對外窗,床、桌子、椅子、沙發、衣櫃、櫃子、冷氣、洗衣機、冰箱、電視、流理台、熱水器,未提供,未提供,未提供,8,https://static.dd-room.com/images/object/o/x/d/oxdlbs3h76hf0ew8/cover/c0413abca0e6b80e285b3189805857a9_766x510.jpg | https://static.dd-room.com/images/object/o/x/d/oxdlbs3h76hf0ew8/cover/fd6eb72b4d62cd897cef4a0e519c5c13_766x510.jpg | https://static.dd-room.com/images/object/o/x/d/oxdlbs3h76hf0ew8/cover/0124f4ce8a8697976d79cde0a6a523e1_766x510.jpg | https://static.dd-room.com/images/object/o/x/d/oxdlbs3h76hf0ew8/cover/9503096b1ca7396ff3573f9d36764d52_766x510.jpg | https://static.dd-room.com/images/object/o/x/d/oxdlbs3h76hf0ew8/cover/ecda0524527d9f8f5a7025285c096f35_766x510.jpg | https://static.dd-room.com/images/object/o/x/d/oxdlbs3h76hf0ew8/cover/620864ff1bd520375e50c056f774f7fd_766x510.jpg | https://static.dd-room.com/images/object/o/x/d/oxdlbs3h76hf0ew8/cover/49574745f4b0e328f6e8805721c7832a_766x510.jpg | https://static.dd-room.com/images/object/o/x/d/oxdlbs3h76hf0ew8/cover/8d2c57be26be43d8c8cb46cd06b6f78a_766x510.jpg
wmdsclybyxfshwxz,https://www.dd-room.com/object/wmdsclybyxfshwxz,💓忠孝新生捷運/善導寺/可養貓/可租補/華山文創,7500,15000,0,臺北市中正區忠孝東路二段,中正區,忠孝東路二段,25.0425436,121.531746,1房,1,0,0,0,0,1.0,雅房,apt,3.0,2,5,12,2026-07-15,broker,可無火煮食、可養貓、租金補貼、可報稅、可入籍,床、桌子、椅子、衣櫃、冷氣、洗衣機、冰箱、電視、熱水器,未提供,未提供,未提供,3,https://static.dd-room.com/images/object/w/m/d/wmdsclybyxfshwxz/cover/45a3deae444cc66ce5f8a286cb64a2e4_766x510.jpg | https://static.dd-room.com/images/object/w/m/d/wmdsclybyxfshwxz/cover/15abaa74730737c4822d635be2fabb58_766x510.jpg | https://static.dd-room.com/images/object/w/m/d/wmdsclybyxfshwxz/cover/f73267a74c97c5aa2a9abfb42b335712_766x510.jpg
t9aagpgnr8vbq8n7,https://www.dd-room.com/object/t9aagpgnr8vbq8n7,👍南京三民MRT｜可租補公證租約｜高樓101景觀泳池飯店,34000,68000,2174,臺北市松山區南京東路五段,松山區,南京東路五段,25.0511644,121.5693308,1房1廳1衛1廚1陽台,1,1,1,1,1,1.0,整層,elevator,16.0,18,18,12,2026-07-15,broker,有電梯、水泥隔間、可無火煮食、對外窗、垃圾代收、包裹代收、電費照台電、水費照台水、可報稅、有陽台、可入籍、租金補貼,床、桌子、衣櫃、櫃子、冷氣、洗衣機、冰箱、電視、流理台、熱水器、天然瓦斯、電磁爐,未提供,未提供,未提供,15,https://static.dd-room.com/images/object/t/9/a/t9aagpgnr8vbq8n7/cover/62e0daab043dcf107721f8b8c36ecaa4_766x510.jpg | https://static.dd-room.com/images/object/t/9/a/t9aagpgnr8vbq8n7/cover/e124dada767badb0cf705ecd7b94c4e7_766x510.jpg | https://static.dd-room.com/images/object/t/9/a/t9aagpgnr8vbq8n7/cover/3902e36544ea2e53000b7ca98a28961b_766x510.jpg | https://static.dd-room.com/images/object/t/9/a/t9aagpgnr8vbq8n7/cover/f9bdc27ec92666e29afc15ec3c0e6b18_766x510.jpg | https://static.dd-room.com/images/object/t/9/a/t9aagpgnr8vbq8n7/cover/8b440efa4b94dbca48313bff2625b5e9_766x510.jpg | https://static.dd-room.com/images/object/t/9/a/t9aagpgnr8vbq8n7/cover/a71b85f913f1804e88b424d6aaa880b9_766x510.jpg | https://static.dd-room.com/images/object/t/9/a/t9aagpgnr8vbq8n7/cover/265aa41e18348ac22392646f998bd5a9_766x510.jpg | https://static.dd-room.com/images/object/t/9/a/t9aagpgnr8vbq8n7/cover/f4a604c0a27f622d9537389e69cd3e5f_766x510.jpg | https://static.dd-room.com/images/object/t/9/a/t9aagpgnr8vbq8n7/cover/be156a9604d975328e2b871bc7a682c5_766x510.jpg | https://static.dd-room.com/images/object/t/9/a/t9aagpgnr8vbq8n7/cover/a1229d4d2c20a05406da97fbde2feeec_766x510.jpg | https://static.dd-room.com/images/object/t/9/a/t9aagpgnr8vbq8n7/cover/322126c171d942993544ce9536291364_766x510.jpg | https://static.dd-room.com/images/object/t/9/a/t9aagpgnr8vbq8n7/cover/50fcb58980b2b00f2c47699fcc3b3e65_766x510.jpg | https://static.dd-room.com/images/object/t/9/a/t9aagpgnr8vbq8n7/cover/b725798754a2087d1a6e84714d7f1278_766x510.jpg | https://static.dd-room.com/images/object/t/9/a/t9aagpgnr8vbq8n7/cover/d5b69cec02754e917288332958dfd2ee_766x510.jpg | https://static.dd-room.com/images/object/t/9/a/t9aagpgnr8vbq8n7/cover/2e2cc46fe897e5b3d0cfc7a023675afc_766x510.jpg
wjiaigyvsbe0nov0,https://www.dd-room.com/object/wjiaigyvsbe0nov0,D83A大雅房｜高CP值雅房｜租補可申請｜生活機佳,14800,29600,0,臺北市大同區哈密街83巷3號,大同區,哈密街,25.0740593,121.519404,1房1衛,1,0,1,0,0,1.0,雅房,apt,5.0,4,4,99,2026-07-15,broker,可開伙、可無火煮食、有飲水機、對外窗、氣密窗、垃圾代收、定期清潔、共生公寓、可報稅、電費照台電、租金補貼、可入籍、有陽台,床、桌子、椅子、沙發、衣櫃、鞋櫃、網路、冷氣、洗衣機、冰箱、流理台、熱水器、排油煙機、瓦斯爐,未提供,未提供,未提供,12,https://static.dd-room.com/images/object/w/j/i/wjiaigyvsbe0nov0/cover/d122c432fb109d9acebc3598b61e5442_766x510.jpg | https://static.dd-room.com/images/object/w/j/i/wjiaigyvsbe0nov0/cover/0606eccf161f113714ada9a495093576_766x510.jpg | https://static.dd-room.com/images/object/w/j/i/wjiaigyvsbe0nov0/cover/8301e5f3fc68bb02ce6d6cfe26e4d731_766x510.jpg | https://static.dd-room.com/images/object/w/j/i/wjiaigyvsbe0nov0/cover/311e7edeb38e28ff7ceeb4a5419d1369_766x510.jpg | https://static.dd-room.com/images/object/w/j/i/wjiaigyvsbe0nov0/cover/5138d1344ad79669b78bb8e1cde414a4_766x510.jpg | https://static.dd-room.com/images/object/w/j/i/wjiaigyvsbe0nov0/cover/6c658460f27e80b4a3562661ef84ff4e_766x510.jpg | https://static.dd-room.com/images/object/w/j/i/wjiaigyvsbe0nov0/cover/0a27dc6c70d1fbb7f0e0dcff83e60fb5_766x510.jpg | https://static.dd-room.com/images/object/w/j/i/wjiaigyvsbe0nov0/cover/315f0f1b38c04844c30ceae7b9c3b23b_766x510.jpg | https://static.dd-room.com/images/object/w/j/i/wjiaigyvsbe0nov0/cover/a7fc1311ae5e9046e971ceadf009bd53_766x510.jpg | https://static.dd-room.com/images/object/w/j/i/wjiaigyvsbe0nov0/cover/0935e8a624099974eee9248d0340b5eb_766x510.jpg | https://static.dd-room.com/images/object/w/j/i/wjiaigyvsbe0nov0/cover/36848a141d8361fe03b38976eb7af783_766x510.jpg | https://static.dd-room.com/images/object/w/j/i/wjiaigyvsbe0nov0/cover/c210308f084ab867331d4a15c70c8c60_766x510.jpg
clmcds7ko5tptrkt,https://www.dd-room.com/object/clmcds7ko5tptrkt,💓台北車站捷運/西門/可養貓咪/可租補/可報稅/陽台套房,15000,30000,0,臺北市中正區開封街一段,中正區,開封街一段,25.0459566,121.5104087,1房1衛1陽台,1,0,1,0,1,2.0,獨立套房,apt,7.0,2,3,12,2026-07-15,broker,可無火煮食、可養貓、租金補貼、可報稅、有陽台、可入籍、對外窗、可養其他寵物,床、桌子、椅子、衣櫃、冷氣、冰箱、電視、熱水器,未提供,未提供,未提供,8,https://static.dd-room.com/images/object/c/l/m/clmcds7ko5tptrkt/cover/821650a29ae6d48164106286881568bb_766x510.jpg | https://static.dd-room.com/images/object/c/l/m/clmcds7ko5tptrkt/cover/ddf8d850671acb2411d47ac7b44cdfa4_766x510.jpg | https://static.dd-room.com/images/object/c/l/m/clmcds7ko5tptrkt/cover/a979b75750a18fc87ee11264e81a3115_766x510.jpg | https://static.dd-room.com/images/object/c/l/m/clmcds7ko5tptrkt/cover/5d260a62d61b72f9770309d39f170508_766x510.jpg | https://static.dd-room.com/images/object/c/l/m/clmcds7ko5tptrkt/cover/368c0351819dec9181216c76379eba78_766x510.jpg | https://static.dd-room.com/images/object/c/l/m/clmcds7ko5tptrkt/cover/a15ed1ef23020a99c2a0650c6756600c_766x510.jpg | https://static.dd-room.com/images/object/c/l/m/clmcds7ko5tptrkt/cover/71cb15436f44c082aaf7c4396596c082_766x510.jpg | https://static.dd-room.com/images/object/c/l/m/clmcds7ko5tptrkt/cover/9be40f702116fe06463c9b5d791a404e_766x510.jpg
yf6we0ryndqyzzwz,https://www.dd-room.com/object/yf6we0ryndqyzzwz,💓中山國小捷運/樓中樓🏡可養貓🐱台電/短租可談,27500,55000,0,臺北市中山區新生北路二段,中山區,新生北路二段,25.0297486,121.5327247,1房1廳1衛,1,1,1,0,0,1.0,整層,elevator,11.7,8,12,12,2026-07-15,broker,可無火煮食、可養貓、有電梯、對外窗、電費照台電、水費照台水、垃圾代收,床、冰箱、電視,未提供,管理費,未提供,14,https://static.dd-room.com/images/object/y/f/6/yf6we0ryndqyzzwz/cover/bb2c9e5ca0fa77483920024cd228cd7a_766x510.jpg | https://static.dd-room.com/images/object/y/f/6/yf6we0ryndqyzzwz/cover/97d5335ab5d13df698ef6da69857fdc9_766x510.jpg | https://static.dd-room.com/images/object/y/f/6/yf6we0ryndqyzzwz/cover/87f3c2ff7ede7cae6b2178190d5740fb_766x510.jpg | https://static.dd-room.com/images/object/y/f/6/yf6we0ryndqyzzwz/cover/a429526e0d0e488974c4036c84d5c27b_766x510.jpg | https://static.dd-room.com/images/object/y/f/6/yf6we0ryndqyzzwz/cover/a09caf6aa47858bc8516c7388ae9e2ff_766x510.jpg | https://static.dd-room.com/images/object/y/f/6/yf6we0ryndqyzzwz/cover/257175db6da89f64006def6ce452a333_766x510.jpg | https://static.dd-room.com/images/object/y/f/6/yf6we0ryndqyzzwz/cover/89701a2e5b9b7fa20cb30f62ab87008e_766x510.jpg | https://static.dd-room.com/images/object/y/f/6/yf6we0ryndqyzzwz/cover/a74422f918c2ec7bb942b0a722f2a5e4_766x510.jpg | https://static.dd-room.com/images/object/y/f/6/yf6we0ryndqyzzwz/cover/c6dc3550a9dcc05ee608aaab8959bba6_766x510.jpg | https://static.dd-room.com/images/object/y/f/6/yf6we0ryndqyzzwz/cover/39d084b0e2efb04767f45e643fba44a2_766x510.jpg | https://static.dd-room.com/images/object/y/f/6/yf6we0ryndqyzzwz/cover/e29b68b4c034108f1742775177d625dd_766x510.jpg | https://static.dd-room.com/images/object/y/f/6/yf6we0ryndqyzzwz/cover/1f9514f74abaac49b95143f1af25b0eb_766x510.jpg | https://static.dd-room.com/images/object/y/f/6/yf6we0ryndqyzzwz/cover/41759065d1329b2a814f270ff401999c_766x510.jpg | https://static.dd-room.com/images/object/y/f/6/yf6we0ryndqyzzwz/cover/d117c8975d696a68eeece97cbf848861_766x510.jpg
hwwfhlvilhkclxqz,https://www.dd-room.com/object/hwwfhlvilhkclxqz,565C💻南軟工程師首選｜步行上班｜優質套房｜可租補✨,16800,33600,0,臺北市南港區三重路5號,南港區,三重路,25.0614371,121.6138333,1房1衛,1,0,1,0,0,2.0,分租套房,apt,6.0,5,5,99,2026-07-15,broker,可開伙、可無火煮食、有飲水機、定期清潔、垃圾代收、電費照台電、水費照台水、可報稅、可入籍、租金補貼,床、桌子、椅子、衣櫃、鞋櫃、網路、冷氣、洗衣機、冰箱、流理台、熱水器、排油煙機、瓦斯爐,未提供,未提供,未提供,10,https://static.dd-room.com/images/object/h/w/w/hwwfhlvilhkclxqz/cover/6f5229f595c89905c92c882dea967a6f_766x510.jpg | https://static.dd-room.com/images/object/h/w/w/hwwfhlvilhkclxqz/cover/1bb8637338cf71605a8929cf682f9e3b_766x510.jpg | https://static.dd-room.com/images/object/h/w/w/hwwfhlvilhkclxqz/cover/00aaf9cabe8bebaeb354764c0a9726a4_766x510.jpg | https://static.dd-room.com/images/object/h/w/w/hwwfhlvilhkclxqz/cover/c99a3cf9dc65d5a21637efa5e9539444_766x510.jpg | https://static.dd-room.com/images/object/h/w/w/hwwfhlvilhkclxqz/cover/448d14beedf9f66b61bd3f4166318e7a_766x510.jpg | https://static.dd-room.com/images/object/h/w/w/hwwfhlvilhkclxqz/cover/7b6c67d0f6f4936453a7b708cb771093_766x510.jpg | https://static.dd-room.com/images/object/h/w/w/hwwfhlvilhkclxqz/cover/81196b8077f679305c4fd2dff177b6be_766x510.jpg | https://static.dd-room.com/images/object/h/w/w/hwwfhlvilhkclxqz/cover/4a4712f7100bbcd993ff84bedcde51ff_766x510.jpg | https://static.dd-room.com/images/object/h/w/w/hwwfhlvilhkclxqz/cover/ddf40410027558aa7e177c7e2a3afad5_766x510.jpg | https://static.dd-room.com/images/object/h/w/w/hwwfhlvilhkclxqz/cover/48775cb8f0ba0c30d1a12c9427d9f950_766x510.jpg
fhzjonfzdei5s0w4,https://www.dd-room.com/object/fhzjonfzdei5s0w4,55A⭐遠企商圈・敦南林蔭大道旁｜獨洗獨陽台套房｜雙租補,22800,45600,800,臺北市大安區敦化南路二段55巷8號,大安區,敦化南路二段,25.0206622,121.5483922,1房1衛1陽台,1,0,1,0,1,2.0,分租套房,elevator,9.0,3,7,99,2026-07-15,broker,可開伙、可無火煮食、有飲水機、對外窗、有電梯、水泥隔間、定期清潔、包裹代收、垃圾代收、保全設施、電費照台電、水費照台水、可報稅、共生公寓、有陽台、可入籍、租金補貼,床、桌子、椅子、沙發、衣櫃、鞋櫃、保全設施、網路、冷氣、洗衣機、冰箱、流理台、熱水器、天然瓦斯、排油煙機、瓦斯爐,未提供,未提供,未提供,15,https://static.dd-room.com/images/object/f/h/z/fhzjonfzdei5s0w4/cover/fb4172c6ad27dd093f6b25bb68f2b5fb_766x510.jpg | https://static.dd-room.com/images/object/f/h/z/fhzjonfzdei5s0w4/cover/7a7cef5e29a7e79fdee9c10688b4de8c_766x510.jpg | https://static.dd-room.com/images/object/f/h/z/fhzjonfzdei5s0w4/cover/c2a6cdc1539d5a6ef6da46feae754e70_766x510.jpg | https://static.dd-room.com/images/object/f/h/z/fhzjonfzdei5s0w4/cover/a4dcbf636aec2527e9da622d5e8f367f_766x510.jpg | https://static.dd-room.com/images/object/f/h/z/fhzjonfzdei5s0w4/cover/862a5688ea771bcdc8fdca4ebc3fda31_766x510.jpg | https://static.dd-room.com/images/object/f/h/z/fhzjonfzdei5s0w4/cover/8f159f1be53aedf100b6468a7d958960_766x510.jpg | https://static.dd-room.com/images/object/f/h/z/fhzjonfzdei5s0w4/cover/e72a2f42fd1e4408d2962d2b1f0304a7_766x510.jpg | https://static.dd-room.com/images/object/f/h/z/fhzjonfzdei5s0w4/cover/b007b90219a3200746864c732f74932f_766x510.jpg | https://static.dd-room.com/images/object/f/h/z/fhzjonfzdei5s0w4/cover/2c833645cb1554d493e043b0cc8c13cf_766x510.jpg | https://static.dd-room.com/images/object/f/h/z/fhzjonfzdei5s0w4/cover/4c9a019b21a1765ae1f006a4e65d4e21_766x510.jpg | https://static.dd-room.com/images/object/f/h/z/fhzjonfzdei5s0w4/cover/cdd3ba3d3f5b6dcecec4ea2e08f6eded_766x510.jpg | https://static.dd-room.com/images/object/f/h/z/fhzjonfzdei5s0w4/cover/215a333d386ab6833eb28e7f296505c5_766x510.jpg | https://static.dd-room.com/images/object/f/h/z/fhzjonfzdei5s0w4/cover/c9894c9663d2e3b2cc7c130cf1edbe0c_766x510.jpg | https://static.dd-room.com/images/object/f/h/z/fhzjonfzdei5s0w4/cover/788f79ff8cb6bceb3803021870d3804d_766x510.jpg | https://static.dd-room.com/images/object/f/h/z/fhzjonfzdei5s0w4/cover/ee824c6886b4fad8f4d255879df1cc49_766x510.jpg
zqi1eeystkraiuzg,https://www.dd-room.com/object/zqi1eeystkraiuzg,前房客用來辦公聯絡會面，住他處,12000,24000,0,臺北市中正區水源路33巷10號,中正區,水源路,25.0240425,121.5147413,2房1廳1衛1廚2陽台,2,1,1,1,2,2.0,整層,apt,14.0,3,5,12,2026-07-15,individual,可養貓、可養狗、可開伙、免仲介費、電費照台電、水費照台水、有陽台,椅子、冷氣、流理台、熱水器,未提供,未提供,未提供,6,https://static.dd-room.com/images/object/z/q/i/zqi1eeystkraiuzg/cover/52bf41e2bc67c6d9974896a4bae7bd93_766x510.jpg | https://static.dd-room.com/images/object/z/q/i/zqi1eeystkraiuzg/cover/4206ca48179bb3fd314dd4c239663e44_766x510.jpg | https://static.dd-room.com/images/object/z/q/i/zqi1eeystkraiuzg/cover/c86d6eedb257db2036f9a3e8f5fced52_766x510.jpg | https://static.dd-room.com/images/object/z/q/i/zqi1eeystkraiuzg/cover/899c7d21a29db07cfa0f3e1cab5ab7fe_766x510.jpg | https://static.dd-room.com/images/object/z/q/i/zqi1eeystkraiuzg/cover/c8a8e4c9523cd7b6c320c09a310c3bd3_766x510.jpg | https://static.dd-room.com/images/object/z/q/i/zqi1eeystkraiuzg/cover/dba73a1ec2dc5e9fc305ec2a65170386_766x510.jpg
cqumwg0pfrih0iic,https://www.dd-room.com/object/cqumwg0pfrih0iic,💓台北車站捷運/補習街/可養貓/代收垃圾/短租可談,8000,16000,0,臺北市中正區南陽街,中正區,南陽街,25.0444464,121.5161033,1房,1,0,0,0,0,1.0,雅房,apt,5.0,5,4,12,2026-07-15,broker,可無火煮食、可養貓、垃圾代收,床、桌子、椅子、衣櫃、冷氣、洗衣機、冰箱、電視、熱水器,未提供,未提供,未提供,4,https://static.dd-room.com/images/object/c/q/u/cqumwg0pfrih0iic/cover/fd72782a808bae9b8ec17660d1e6c4c2_766x510.jpg | https://static.dd-room.com/images/object/c/q/u/cqumwg0pfrih0iic/cover/4421d12b18785c2fc93ab816d42eeb5a_766x510.jpg | https://static.dd-room.com/images/object/c/q/u/cqumwg0pfrih0iic/cover/56cc0f382f0ce26c293c81b3265b2487_766x510.jpg | https://static.dd-room.com/images/object/c/q/u/cqumwg0pfrih0iic/cover/324f512dc6a2d7027074fac222151bc8_766x510.jpg
7igdkscjmi4fg03w,https://www.dd-room.com/object/7igdkscjmi4fg03w,💓新北投/採光套房/可租補/可報稅/全新床墊/可養貓,9000,18000,0,臺北市北投區中和街,北投區,中和街,25.1405111,121.5002439,未提供,0,0,0,0,0,2.0,獨立套房,apt,4.0,5,5,12,2026-07-15,broker,可無火煮食、可養貓、租金補貼、可報稅、可入籍、可養狗、對外窗、可養其他寵物,床、桌子、椅子、衣櫃、冷氣、冰箱、電視、熱水器,未提供,未提供,未提供,3,https://static.dd-room.com/images/object/7/i/g/7igdkscjmi4fg03w/cover/69a5a4c9ac0629d6c19501269dc7f1fa_766x510.jpg | https://static.dd-room.com/images/object/7/i/g/7igdkscjmi4fg03w/cover/1478cb674595e03f0011f54602f885ef_766x510.jpg | https://static.dd-room.com/images/object/7/i/g/7igdkscjmi4fg03w/cover/d564da88bd4e7b3ff5ff5b6e25d8b5f2_766x510.jpg
mgthsfnaare24ft4,https://www.dd-room.com/object/mgthsfnaare24ft4,青年公園【超值1房1廳】可開伙★有陽台★獨洗衣機,14999,29998,0,臺北市萬華區青年路,萬華區,青年路,25.0250272,121.5034777,1房1廳1衛1陽台,1,1,1,0,1,1.0,整層,apt,8.0,4,5,12,2026-07-15,broker,可開伙、有陽台,冰箱、洗衣機、電視、冷氣、熱水器、床、衣櫃、桌子、椅子,未提供,未提供,未提供,6,https://img1.591.com.tw/house/2026/07/15/178412348636410001.png!1000x.png | https://img2.591.com.tw/house/2026/07/15/178412348635409801.png!1000x.png | https://img2.591.com.tw/house/2026/07/15/178412348640419205.png!1000x.png | https://img1.591.com.tw/house/2026/07/15/178412348625634903.png!1000x.png | https://img2.591.com.tw/house/2026/07/15/178412348637024309.png!1000x.png | https://img1.591.com.tw/house/2026/07/15/178412348618042600.png!1000x.png
tqkslgkw4tzplykg,https://www.dd-room.com/object/tqkslgkw4tzplykg,💓台北車站捷運/西門捷運套房/可租補/可養貓咪,12000,24000,0,臺北市中正區開封街一段,中正區,開封街一段,25.0459566,121.5104087,1房1衛,1,0,1,0,0,2.0,獨立套房,apt,6.5,3,3,12,2026-07-15,broker,可無火煮食、可養貓、租金補貼、可報稅、可入籍、對外窗,床、桌子、椅子、沙發、衣櫃、冷氣、冰箱、電視、熱水器,未提供,未提供,未提供,9,https://static.dd-room.com/images/object/t/q/k/tqkslgkw4tzplykg/cover/78b3727dfe9ab64c7ab5049602860a20_766x510.jpg | https://static.dd-room.com/images/object/t/q/k/tqkslgkw4tzplykg/cover/e275a2210106d374f84402d2200ddc83_766x510.jpg | https://static.dd-room.com/images/object/t/q/k/tqkslgkw4tzplykg/cover/f9d2173fd2a44af3a5f4417d81a02a28_766x510.jpg | https://static.dd-room.com/images/object/t/q/k/tqkslgkw4tzplykg/cover/399d07bff4b91cab9475b15d74bba790_766x510.jpg | https://static.dd-room.com/images/object/t/q/k/tqkslgkw4tzplykg/cover/c0c193c9349e287ff02bfe0b1caa7c42_766x510.jpg | https://static.dd-room.com/images/object/t/q/k/tqkslgkw4tzplykg/cover/49f0ba3a66c06fea914f6875af851394_766x510.jpg | https://static.dd-room.com/images/object/t/q/k/tqkslgkw4tzplykg/cover/a3b150eba6bcaf38aa0b72f8fb001365_766x510.jpg | https://static.dd-room.com/images/object/t/q/k/tqkslgkw4tzplykg/cover/820c6cd3d11fce52533852302a48890b_766x510.jpg | https://static.dd-room.com/images/object/t/q/k/tqkslgkw4tzplykg/cover/547f611ab8d8f4fc6921de5130184a69_766x510.jpg
vrw4jbdwoxrej8bu,https://www.dd-room.com/object/vrw4jbdwoxrej8bu,捷運麟光5分【優質3房2廳】可補助★低樓層★報稅入籍,41499,82998,0,臺北市大安區安居街,大安區,安居街,25.0185559,121.552177,3房2廳1衛2陽台,3,2,1,0,2,3.0,整層,apt,30.0,2,4,12,2026-07-15,broker,可開伙、有陽台、租金補貼、可入籍,冰箱、洗衣機、電視、冷氣、熱水器、床、衣櫃、第四台、網路、天然瓦斯、沙發、桌子、椅子,未提供,未提供,未提供,14,https://img1.591.com.tw/house/2026/07/15/178412301661516306.png!1000x.png | https://img1.591.com.tw/house/2026/07/15/178412301654280005.png!1000x.png | https://img1.591.com.tw/house/2026/07/15/178412301641162604.png!1000x.png | https://img1.591.com.tw/house/2026/07/15/178412301623316800.png!1000x.png | https://img1.591.com.tw/house/2026/07/15/178412301693010602.png!1000x.png | https://img2.591.com.tw/house/2026/07/15/178412301690128402.png!1000x.png | https://img2.591.com.tw/house/2026/07/15/178412301681240405.png!1000x.png | https://img2.591.com.tw/house/2026/07/15/178412301649965702.png!1000x.png | https://img2.591.com.tw/house/2026/07/15/178412301671086702.png!1000x.png | https://img1.591.com.tw/house/2026/07/15/178412301701834707.png!1000x.png | https://img1.591.com.tw/house/2026/07/15/178412301636930606.png!1000x.png | https://img1.591.com.tw/house/2026/07/15/178412301625110901.png!1000x.png | https://img2.591.com.tw/house/2026/07/15/178412301638487504.png!1000x.png | https://img2.591.com.tw/house/2026/07/15/178412301620106100.png!1000x.png
cn4elirj5elnutwt,https://www.dd-room.com/object/cn4elirj5elnutwt,💓大橋頭捷運/可養貓/一樓/可租補/兩房無採光,23500,47000,0,臺北市大同區保安街,大同區,保安街,25.059116,121.5125116,2房1廳1衛1陽台,2,1,1,0,1,2.0,整層,apt,18.0,1,2,12,2026-07-15,broker,可無火煮食、可養貓、可報稅、可入籍、有陽台、對外窗,床、桌子、椅子、沙發、衣櫃、櫃子、冷氣、洗衣機、冰箱、電視、流理台、熱水器、電磁爐,未提供,未提供,未提供,15,https://static.dd-room.com/images/object/c/n/4/cn4elirj5elnutwt/cover/09f6a46b856180bd41d416942d4a844b_766x510.jpg | https://static.dd-room.com/images/object/c/n/4/cn4elirj5elnutwt/cover/37032a5b3979411eb6ebb3673754e2d8_766x510.jpg | https://static.dd-room.com/images/object/c/n/4/cn4elirj5elnutwt/cover/9f809650ef15bdf3502e5387421e178d_766x510.jpg | https://static.dd-room.com/images/object/c/n/4/cn4elirj5elnutwt/cover/c614855c43cd8fb448c59f5754cbb849_766x510.jpg | https://static.dd-room.com/images/object/c/n/4/cn4elirj5elnutwt/cover/99a86e8155654f283766d90ee0f6bb89_766x510.jpg | https://static.dd-room.com/images/object/c/n/4/cn4elirj5elnutwt/cover/98b67bb7213ae8baa2b8ff2d1e2a5935_766x510.jpg | https://static.dd-room.com/images/object/c/n/4/cn4elirj5elnutwt/cover/ce0f2994833c7191fabad52bf6093706_766x510.jpg | https://static.dd-room.com/images/object/c/n/4/cn4elirj5elnutwt/cover/0c211d7828bdfd8beb7723b1aec00ed8_766x510.jpg | https://static.dd-room.com/images/object/c/n/4/cn4elirj5elnutwt/cover/618c801bd96cbd9c2cfe560ad2273ad5_766x510.jpg | https://static.dd-room.com/images/object/c/n/4/cn4elirj5elnutwt/cover/c38215fdb5dca1155d183a09f2931f04_766x510.jpg | https://static.dd-room.com/images/object/c/n/4/cn4elirj5elnutwt/cover/9a76b5c3fd40ab3c86c11b6138dc2f71_766x510.jpg | https://static.dd-room.com/images/object/c/n/4/cn4elirj5elnutwt/cover/2cc0809b19170c5e7cf00c959b0f3e54_766x510.jpg | https://static.dd-room.com/images/object/c/n/4/cn4elirj5elnutwt/cover/8bd7b830d83a1d5141f4ea990f974e9c_766x510.jpg | https://static.dd-room.com/images/object/c/n/4/cn4elirj5elnutwt/cover/344c57a1da84aad009019abe8c7c6b92_766x510.jpg | https://static.dd-room.com/images/object/c/n/4/cn4elirj5elnutwt/cover/b6e14704fe3161d33dcaf74139456619_766x510.jpg
krvrpj849a1pqejv,https://www.dd-room.com/object/krvrpj849a1pqejv,💓中山捷運/松江南京捷運/電梯/可養貓/屋況需要整理,16500,33000,0,臺北市中山區南京東路一段,中山區,南京東路一段,25.0521308,121.5233964,1房1衛,1,0,1,0,0,2.0,獨立套房,elevator,6.0,7,7,12,2026-07-15,broker,可無火煮食、可養貓、可報稅、有電梯、可入籍、對外窗、租金補貼,床、桌子、椅子、沙發、衣櫃、櫃子、冷氣、洗衣機、冰箱、電視、流理台、熱水器,未提供,未提供,未提供,4,https://static.dd-room.com/images/object/k/r/v/krvrpj849a1pqejv/cover/7404bd39e26ef3d558c8a9135e837714_766x510.jpg | https://static.dd-room.com/images/object/k/r/v/krvrpj849a1pqejv/cover/f143065d9d160a438d46cf0190a1e3c7_766x510.jpg | https://static.dd-room.com/images/object/k/r/v/krvrpj849a1pqejv/cover/fa4b2e27935804c50aeccdf10a414e3a_766x510.jpg | https://static.dd-room.com/images/object/k/r/v/krvrpj849a1pqejv/cover/b56e67051488e6acb223dc3e63d6da10_766x510.jpg
3v32sbooqowkkvuj,https://www.dd-room.com/object/3v32sbooqowkkvuj,捷運台電大樓1分【優質電梯】雙面採光★獨洗衣機★獨立衛浴,15499,30998,500,臺北市大安區師大路,大安區,師大路,25.0218269,121.528185,1房1衛,1,0,1,0,0,2.0,獨立套房,elevator,4.0,5,7,12,2026-07-15,broker,未提供,未提供,未提供,未提供,未提供,5,https://img1.591.com.tw/house/2026/07/15/178412284007821909.png!1000x.png | https://img2.591.com.tw/house/2026/07/15/178412284003976400.png!1000x.png | https://img2.591.com.tw/house/2026/07/15/178412284005498908.png!1000x.png | https://img1.591.com.tw/house/2026/07/15/178412283994946806.png!1000x.png | https://img1.591.com.tw/house/2026/07/15/178412284010681407.png!1000x.png
m4sjrhgxxvyyelxn,https://www.dd-room.com/object/m4sjrhgxxvyyelxn,內湖分租套房,9800,19600,0,臺北市內湖區金龍路,內湖區,金龍路,25.087531,121.5875696,1房1衛,1,0,1,0,0,2.0,分租套房,apt,4.0,5,6,12,2026-07-14,agent,對外窗、水泥隔間、免仲介費、租金補貼,床、桌子、椅子、衣櫃、網路、冷氣、洗衣機、冰箱、電視、第四台、熱水器,未提供,水費、第四台、網路費,未提供,11,https://static.dd-room.com/images/object/m/4/s/m4sjrhgxxvyyelxn/cover/2514b57dc2de4bdc17db6611df77f644_766x510.jpg | https://static.dd-room.com/images/object/m/4/s/m4sjrhgxxvyyelxn/cover/94e794d31ef32817b73a3c15482f52e7_766x510.jpg | https://static.dd-room.com/images/object/m/4/s/m4sjrhgxxvyyelxn/cover/99d63bc6741f15ce6325a18b5c6d0f55_766x510.jpg | https://static.dd-room.com/images/object/m/4/s/m4sjrhgxxvyyelxn/cover/2a8898e5c19fa1080ddcc907cf1ac143_766x510.jpg | https://static.dd-room.com/images/object/m/4/s/m4sjrhgxxvyyelxn/cover/28c663e61341dc71528ca51aa9e59c33_766x510.jpg | https://static.dd-room.com/images/object/m/4/s/m4sjrhgxxvyyelxn/cover/c50a7442a1e3abbe6fae1c52db95cb22_766x510.jpg | https://static.dd-room.com/images/object/m/4/s/m4sjrhgxxvyyelxn/cover/3895f4e50bc546aed44f319e7baad5f1_766x510.jpg | https://static.dd-room.com/images/object/m/4/s/m4sjrhgxxvyyelxn/cover/acc5715bc9f0bf8ae024b717958f23a2_766x510.jpg | https://static.dd-room.com/images/object/m/4/s/m4sjrhgxxvyyelxn/cover/869366d83307d20aeaf049858e15dce6_766x510.jpg | https://static.dd-room.com/images/object/m/4/s/m4sjrhgxxvyyelxn/cover/e67df0c5194238c7d392f36ecb7d9ea9_766x510.jpg | https://static.dd-room.com/images/object/m/4/s/m4sjrhgxxvyyelxn/cover/3b86632315a285d37b861f9f0be8071f_766x510.jpg
aoh6mr0iccmtyj6u,https://www.dd-room.com/object/aoh6mr0iccmtyj6u,北投捷運站●景觀三房附車位,62000,124000,4427,臺北市北投區光明路,北投區,光明路,25.1361231,121.5054011,3房2廳2衛1廚1陽台,3,2,2,1,1,3.0,整層,elevator,46.2,19,29,12,2026-07-14,broker,可開伙、水泥隔間、有電梯、氣密窗、對外窗、垃圾代收、包裹代收、有陽台、水費照台水、電費照台電,床、桌子、椅子、沙發、衣櫃、冷氣、冰箱、電視、流理台、熱水器、天然瓦斯、排油煙機、瓦斯爐,有汽車車位,未提供,未提供,14,https://static.dd-room.com/images/object/a/o/h/aoh6mr0iccmtyj6u/cover/02ec75a1642ff001d1b5963db3c3018a_766x510.jpg | https://static.dd-room.com/images/object/a/o/h/aoh6mr0iccmtyj6u/cover/c8705b710eb8846bc52ea196da1e122b_766x510.jpg | https://static.dd-room.com/images/object/a/o/h/aoh6mr0iccmtyj6u/cover/324e79af071d32c7d52a4f05ab11cf3f_766x510.jpg | https://static.dd-room.com/images/object/a/o/h/aoh6mr0iccmtyj6u/cover/51a3330e2aa1cf1a86ec39b8d6fc5865_766x510.jpg | https://static.dd-room.com/images/object/a/o/h/aoh6mr0iccmtyj6u/cover/998dacaa238b001c14897ddcaed15502_766x510.jpg | https://static.dd-room.com/images/object/a/o/h/aoh6mr0iccmtyj6u/cover/a40b424fda081310a35f3e9a1dd439f3_766x510.jpg | https://static.dd-room.com/images/object/a/o/h/aoh6mr0iccmtyj6u/cover/1e8e22a191950752a76104673a4ca49d_766x510.jpg | https://static.dd-room.com/images/object/a/o/h/aoh6mr0iccmtyj6u/cover/36885a33142a9b7c1f09ebdb0c6bed5d_766x510.jpg | https://static.dd-room.com/images/object/a/o/h/aoh6mr0iccmtyj6u/cover/f9cac59f1889c8bc00c70144ac78cafe_766x510.jpg | https://static.dd-room.com/images/object/a/o/h/aoh6mr0iccmtyj6u/cover/a525f956647571b5d058fabecf8606ef_766x510.jpg | https://static.dd-room.com/images/object/a/o/h/aoh6mr0iccmtyj6u/cover/605e20b96cf20af06a001192cda26153_766x510.jpg | https://static.dd-room.com/images/object/a/o/h/aoh6mr0iccmtyj6u/cover/e247d8a863d64977980196cc90c99039_766x510.jpg | https://static.dd-room.com/images/object/a/o/h/aoh6mr0iccmtyj6u/cover/42e72d9a089cf26753375813c4f599e2_766x510.jpg | https://static.dd-room.com/images/object/a/o/h/aoh6mr0iccmtyj6u/cover/310dc84492c9ca0d9020e4c7edd3dbde_766x510.jpg
gxkrnciylfmyfk7i,https://www.dd-room.com/object/gxkrnciylfmyfk7i,近捷運台北小巨蛋【優質電梯】可補助★警衛管理★雙窗採光,17999,35998,1551,臺北市松山區八德路三段,松山區,八德路三段,25.0480249,121.5554986,1房1衛1陽台,1,0,1,0,1,2.0,獨立套房,elevator,17.0,8,12,12,2026-07-14,broker,可開伙、有電梯、有陽台、租金補貼,冷氣、熱水器、天然瓦斯,未提供,未提供,未提供,7,https://img2.591.com.tw/house/2026/07/14/178403612200553109.png!1000x.png | https://img2.591.com.tw/house/2026/07/14/178403612152198303.png!1000x.png | https://img2.591.com.tw/house/2026/07/14/178403612162108004.png!1000x.png | https://img1.591.com.tw/house/2026/07/14/178403612162161809.png!1000x.png | https://img1.591.com.tw/house/2026/07/14/178403612190572302.png!1000x.png | https://img1.591.com.tw/house/2026/07/14/178403612190641803.png!1000x.png | https://img1.591.com.tw/house/2026/07/14/178403612191051604.png!1000x.png
pujn3scgvdgkkryh,https://www.dd-room.com/object/pujn3scgvdgkkryh,士林區.芝山站.可寵.1F獨立陽台.舒適設計感1+1房1廳1衛1F,32888,65776,0,臺北市士林區至誠路二段,士林區,至誠路二段,25.1014323,121.5278885,2房1廳1衛1廚1陽台,2,1,1,1,1,2.0,整層,apt,20.0,1,2,12,2026-07-14,escrow,氣密窗、對外窗、水泥隔間、可開伙、可養貓、可養狗、可養其他寵物、有陽台、租金補貼,床、桌子、椅子、沙發、衣櫃、櫃子、網路、冷氣、洗衣機、冰箱、電視、流理台、熱水器、瓦斯爐、電磁爐、住警器,未提供,水費、網路費,未提供,7,https://static.dd-room.com/images/object/p/u/j/pujn3scgvdgkkryh/cover/d61a77d60f13e44cf4fefcb89b4f9913_766x510.jpg | https://static.dd-room.com/images/object/p/u/j/pujn3scgvdgkkryh/cover/2e0081ada72c711e114a49cd195c255a_766x510.jpg | https://static.dd-room.com/images/object/p/u/j/pujn3scgvdgkkryh/cover/946b33684296e3105bb2840ee1163f91_766x510.jpg | https://static.dd-room.com/images/object/p/u/j/pujn3scgvdgkkryh/cover/aee1c121d324ff36848528dbeca1744d_766x510.jpg | https://static.dd-room.com/images/object/p/u/j/pujn3scgvdgkkryh/cover/9847e7cc0bab0ada26a114784787d987_766x510.jpg | https://static.dd-room.com/images/object/p/u/j/pujn3scgvdgkkryh/cover/b9ad4a1e8528b479622a574f4d052116_766x510.jpg | https://static.dd-room.com/images/object/p/u/j/pujn3scgvdgkkryh/cover/28f53250458b5aba23f185e8abb59c16_766x510.jpg
ol99ogdrijtwmjjl,https://www.dd-room.com/object/ol99ogdrijtwmjjl,大安區.雙捷運(麟光.六張犁).溫馨設計感單人套房502,13888,27776,0,臺北市大安區樂業街159巷11號5樓,大安區,樂業街,25.0209875,121.5519036,1房1廳1衛,1,1,1,0,0,2.0,獨立套房,apt,6.0,5,5,12,2026-07-14,escrow,水泥隔間、氣密窗、對外窗,床、桌子、椅子、衣櫃、網路、冷氣、洗衣機、冰箱、熱水器、天然瓦斯、住警器,未提供,網路費,未提供,6,https://static.dd-room.com/images/object/o/l/9/ol99ogdrijtwmjjl/cover/bf1852af9a31b76f1473bdc97ef8e713_766x510.jpg | https://static.dd-room.com/images/object/o/l/9/ol99ogdrijtwmjjl/cover/66e5f40ab5bf3d23a5a067731df767d5_766x510.jpg | https://static.dd-room.com/images/object/o/l/9/ol99ogdrijtwmjjl/cover/745b1585ce180bf6aaaf7b60f8ce744f_766x510.jpg | https://static.dd-room.com/images/object/o/l/9/ol99ogdrijtwmjjl/cover/4285b8e95fa367877578d2d389349837_766x510.jpg | https://static.dd-room.com/images/object/o/l/9/ol99ogdrijtwmjjl/cover/4f7794007b30430796d683e61ba9760e_766x510.jpg | https://static.dd-room.com/images/object/o/l/9/ol99ogdrijtwmjjl/cover/8f36ae21466181e43e7525038ed07f92_766x510.jpg
cxusoldzcbyex6ly,https://www.dd-room.com/object/cxusoldzcbyex6ly,中山區.行天宮/中山國中站.雙捷運.大露台.明亮設計感一房一廳9F,25888,51776,0,臺北市中山區民生東路三段,中山區,民生東路三段,25.0579063,121.5406308,1房1廳1衛1陽台,1,1,1,0,1,1.0,雅房,elevator,8.0,9,9,12,2026-07-14,escrow,對外窗、水泥隔間、租金補貼、有電梯,床、衣櫃、網路、冷氣、洗衣機、冰箱、熱水器、住警器,未提供,水費、第四台、網路費,未提供,8,https://static.dd-room.com/images/object/c/x/u/cxusoldzcbyex6ly/cover/8d5e925aa48326672875ba09eca377d8_766x510.jpg | https://static.dd-room.com/images/object/c/x/u/cxusoldzcbyex6ly/cover/cbaa0fcf6e88f2a1fca76fa0009c28ea_766x510.jpg | https://static.dd-room.com/images/object/c/x/u/cxusoldzcbyex6ly/cover/a5464737844a6f03b46d7268b5ea6282_766x510.jpg | https://static.dd-room.com/images/object/c/x/u/cxusoldzcbyex6ly/cover/cd31c4b1a0b64cc8ee89ae4bae40f265_766x510.jpg | https://static.dd-room.com/images/object/c/x/u/cxusoldzcbyex6ly/cover/6d3090ae28bcb5a816be30092ded2cd8_766x510.jpg | https://static.dd-room.com/images/object/c/x/u/cxusoldzcbyex6ly/cover/dc281365314fd07174a6c6b68af2a8fa_766x510.jpg | https://static.dd-room.com/images/object/c/x/u/cxusoldzcbyex6ly/cover/4e9aef297a3f2605974f9e82b3f8f6cf_766x510.jpg | https://static.dd-room.com/images/object/c/x/u/cxusoldzcbyex6ly/cover/84dbaefe40e08239331765cf5c93e5cc_766x510.jpg
yqxbi01xgphbbo1h,https://www.dd-room.com/object/yqxbi01xgphbbo1h,近捷運古亭【挑高1房1廳】可補助★飯店管理★獨洗陽台,33500,67000,2224,臺北市大安區杭州南路二段,大安區,杭州南路二段,25.0309225,121.5222968,1房1廳1衛1陽台,1,1,1,0,1,1.0,整層,elevator,10.0,1,8,12,2026-07-14,broker,可開伙、有電梯、有陽台、租金補貼,冰箱、洗衣機、電視、冷氣、熱水器、床、衣櫃、第四台、網路、沙發、桌子、椅子,未提供,未提供,未提供,8,https://img1.591.com.tw/house/2026/07/14/178403590585138703.png!1000x.png | https://img2.591.com.tw/house/2026/07/14/178403590577067904.png!1000x.png | https://img1.591.com.tw/house/2026/07/14/178403590612500408.png!1000x.png | https://img1.591.com.tw/house/2026/07/14/178403590610942308.png!1000x.png | https://img2.591.com.tw/house/2026/07/14/178403590612122509.png!1000x.png | https://img1.591.com.tw/house/2026/07/14/178403590583918902.png!1000x.png | https://img1.591.com.tw/house/2026/07/14/178403590616151304.png!1000x.png | https://img1.591.com.tw/house/2026/07/14/178403590612436109.png!1000x.png
1hq4qunnsalsm0oq,https://www.dd-room.com/object/1hq4qunnsalsm0oq,美麗華X西湖捷運站  獨立庭院 1房1廳,34000,64000,1300,臺北市內湖區內湖路一段,內湖區,內湖路一段,25.0799008,121.575434,1房1廳1衛1廚1陽台,1,1,1,1,1,1.0,整層,elevator,13.0,1,5,12,2026-07-14,individual,可開伙、有電梯、對外窗、垃圾代收、包裹代收、免仲介費、租金補貼、可入籍、有陽台、可報稅、水費照台水、電費照台電,床、桌子、沙發、衣櫃、鞋櫃、冷氣、流理台、天然瓦斯、排油煙機、瓦斯爐,有汽車車位,未提供,未提供,9,https://static.dd-room.com/images/object/1/h/q/1hq4qunnsalsm0oq/cover/22bb99cf8a5b41657865eb08fd4e1f26_766x510.jpg | https://static.dd-room.com/images/object/1/h/q/1hq4qunnsalsm0oq/cover/e9b2567446e24af20320e18be3c3c802_766x510.jpg | https://static.dd-room.com/images/object/1/h/q/1hq4qunnsalsm0oq/cover/37415be4d39eebb448804b4806ee2e22_766x510.jpg | https://static.dd-room.com/images/object/1/h/q/1hq4qunnsalsm0oq/cover/d5f9ebf6b80417d32580151e525e727d_766x510.jpg | https://static.dd-room.com/images/object/1/h/q/1hq4qunnsalsm0oq/cover/2bf9166e6b9593ccd67cf13893fddc63_766x510.jpg | https://static.dd-room.com/images/object/1/h/q/1hq4qunnsalsm0oq/cover/5631f0dae5774e7796265d0b3290932c_766x510.jpg | https://static.dd-room.com/images/object/1/h/q/1hq4qunnsalsm0oq/cover/b13e4fdea627be0d0f962f6d787dc566_766x510.jpg | https://static.dd-room.com/images/object/1/h/q/1hq4qunnsalsm0oq/cover/faf1399ce1cd04dafe3f6223f5e9cc2b_766x510.jpg | https://static.dd-room.com/images/object/1/h/q/1hq4qunnsalsm0oq/cover/599324d0a69f99ca8143e7b0fc129b91_766x510.jpg
kgawegave2o0q2hk,https://www.dd-room.com/object/kgawegave2o0q2hk,捷運忠孝復興5分【優質租案】有電梯★獨洗衣機★大面採光,23999,47998,0,臺北市大安區忠孝東路三段,大安區,忠孝東路三段,25.0417942,121.537076,1房1衛,1,0,1,0,0,2.0,獨立套房,elevator,6.0,5,7,12,2026-07-14,broker,有電梯,未提供,未提供,0、2,未提供,5,https://renco-rentals-prod.s3.ap-northeast-1.amazonaws.com/43271/medium/8316b784-f548-459d-88b1-d9acafedf170.jpg | https://renco-rentals-prod.s3.ap-northeast-1.amazonaws.com/43271/medium/5fcdab75-0764-4882-be98-f562bc85d660.jpg | https://renco-rentals-prod.s3.ap-northeast-1.amazonaws.com/43271/medium/dc8776a0-fe9f-43a7-947c-82a98c385da7.jpg | https://renco-rentals-prod.s3.ap-northeast-1.amazonaws.com/43271/medium/5cd21a0c-0789-447c-925a-fd29be588940.jpg | https://renco-rentals-prod.s3.ap-northeast-1.amazonaws.com/43271/medium/61b3d2c4-2520-4a05-b193-9419922c4fdf.jpg
ouknidt9jwfkaew8,https://www.dd-room.com/object/ouknidt9jwfkaew8,捷運忠孝復興5分【優質租案】有電梯★垃圾代收★獨立衛浴,17999,35998,0,臺北市大安區忠孝東路三段,大安區,忠孝東路三段,25.0417942,121.537076,1房1衛,1,0,1,0,0,2.0,獨立套房,elevator,2.0,5,7,12,2026-07-14,broker,有電梯、垃圾代收,未提供,未提供,0、2,未提供,3,https://renco-rentals-prod.s3.ap-northeast-1.amazonaws.com/43270/medium/7231f371-44d0-47ec-b6a5-c7055ac9b770.jpg | https://renco-rentals-prod.s3.ap-northeast-1.amazonaws.com/43270/medium/2ae363ad-0f22-443e-886d-f94ce12172f3.jpg | https://renco-rentals-prod.s3.ap-northeast-1.amazonaws.com/43270/medium/1c7284b2-d04b-4c7c-90db-e9be17ec7089.jpg
ananjmwlsiybbi9k,https://www.dd-room.com/object/ananjmwlsiybbi9k,捷運中山國中站2分【超值租案】可補助★洗脫烘★採光佳,15699,31398,0,臺北市中山區錦州街,中山區,錦州街,25.0602546,121.5271948,1房1衛,1,0,1,0,0,2.0,獨立套房,apt,4.0,2,5,12,2026-07-14,broker,租金補貼,未提供,未提供,未提供,未提供,7,https://renco-rentals-prod.s3.ap-northeast-1.amazonaws.com/24546/medium/d9ff4610-aba0-4856-9bab-1fa5cd9b3d51.png | https://renco-rentals-prod.s3.ap-northeast-1.amazonaws.com/24546/medium/590001ca-2a96-4d8b-b1b5-933ed016e1eb.png | https://renco-rentals-prod.s3.ap-northeast-1.amazonaws.com/24546/medium/58e8cbb1-45bc-49b8-9088-8342bc15741a.png | https://renco-rentals-prod.s3.ap-northeast-1.amazonaws.com/24546/medium/4c8e4d7a-c787-4d52-a2bf-82984dd64c1c.png | https://renco-rentals-prod.s3.ap-northeast-1.amazonaws.com/24546/medium/5e54f80c-2833-43ce-b893-e725852748df.png | https://renco-rentals-prod.s3.ap-northeast-1.amazonaws.com/24546/medium/5f5baae0-cad3-405f-8c1e-6aa60c6bf7a9.png | https://renco-rentals-prod.s3.ap-northeast-1.amazonaws.com/24546/medium/35d9021c-bbee-4e79-94e7-e4d8d1f3e34c.png
1jozgg6qvatxymrd,https://www.dd-room.com/object/1jozgg6qvatxymrd,捷運昆陽5分【超值租案】低樓層★共用廚房★小資首選,10000,20000,0,臺北市南港區昆陽街,南港區,昆陽街,25.0514814,121.5936232,1房1衛,1,0,1,0,0,2.0,獨立套房,house,3.0,2,2,12,2026-07-14,broker,未提供,未提供,未提供,未提供,未提供,3,https://img2.591.com.tw/house/2026/07/14/178403632840075202.png!1000x.png | https://img1.591.com.tw/house/2026/07/14/178403632839093406.png!1000x.png | https://img1.591.com.tw/house/2026/07/14/178403632834404805.png!1000x.png
ilfxbu2kpttlsgjg,https://www.dd-room.com/object/ilfxbu2kpttlsgjg,捷運昆陽5分【超值租案】免爬梯★共用廚房★小資首選,9500,19000,0,臺北市南港區昆陽街,南港區,昆陽街,25.0514814,121.5936232,1房1衛,1,0,1,0,0,2.0,獨立套房,house,2.0,1,2,12,2026-07-14,broker,未提供,未提供,未提供,未提供,未提供,7,https://img1.591.com.tw/house/2026/07/14/178403627286829406.png!1000x.png | https://img1.591.com.tw/house/2026/07/14/178403627292700904.png!1000x.png | https://img2.591.com.tw/house/2026/07/14/178403627292319105.png!1000x.png | https://img1.591.com.tw/house/2026/07/14/178403627277076407.png!1000x.png | https://img2.591.com.tw/house/2026/07/14/178403627310807106.png!1000x.png | https://img1.591.com.tw/house/2026/07/14/178403627281785100.png!1000x.png | https://img1.591.com.tw/house/2026/07/14/178403627292188209.png!1000x.png
kzjrw5npmkxxcopp,https://www.dd-room.com/object/kzjrw5npmkxxcopp,捷運昆陽5分【超值租案】免爬梯★共用廚房★精緻裝潢,9499,18998,0,臺北市南港區昆陽街,南港區,昆陽街,25.0514814,121.5936232,1房,1,0,0,0,0,1.0,整層,house,2.0,1,2,12,2026-07-14,broker,未提供,未提供,未提供,未提供,未提供,7,https://img1.591.com.tw/house/2026/07/14/178403622515929200.png!1000x.png | https://img1.591.com.tw/house/2026/07/14/178403622505946702.png!1000x.png | https://img1.591.com.tw/house/2026/07/14/178403622520011809.png!1000x.png | https://img2.591.com.tw/house/2026/07/14/178403622508060604.png!1000x.png | https://img1.591.com.tw/house/2026/07/14/178403622532906209.png!1000x.png | https://img2.591.com.tw/house/2026/07/14/178403622507136003.png!1000x.png | https://img1.591.com.tw/house/2026/07/14/178403622495709200.png!1000x.png
edzx4opcxipeurae,https://www.dd-room.com/object/edzx4opcxipeurae,兆基社會住宅🏠友善屋源🧡南港.研究院.全新裝潢.三房.可,36000,72000,0,臺北市南港區研究院路二段,南港區,研究院路二段,25.0393798,121.6174071,3房2廳2衛1陽台,3,2,2,0,1,3.0,整層,apt,21.7,1,3,12,2026-07-14,broker,可無火煮食、可養貓、可報稅、可入籍、社會住宅、免仲介費、有陽台、可開伙、租金補貼,冷氣、熱水器、天然瓦斯,未提供,未提供,未提供,10,https://static.dd-room.com/images/object/e/d/z/edzx4opcxipeurae/cover/536f6dbe01e3974561f481a3b7367fcf_766x510.jpg | https://static.dd-room.com/images/object/e/d/z/edzx4opcxipeurae/cover/4b77e56cd30489721e8be4d9cca1ce83_766x510.jpg | https://static.dd-room.com/images/object/e/d/z/edzx4opcxipeurae/cover/46181199a7f8c8b3c465d8a53b7ed9ab_766x510.jpg | https://static.dd-room.com/images/object/e/d/z/edzx4opcxipeurae/cover/adc67135ef6dcf6cb8f86ec128d0ac1d_766x510.jpg | https://static.dd-room.com/images/object/e/d/z/edzx4opcxipeurae/cover/c2a1ce40c1ca7e0d917fafb8c160916f_766x510.jpg | https://static.dd-room.com/images/object/e/d/z/edzx4opcxipeurae/cover/2b9ce19f7499706c0ff457165494bcf2_766x510.jpg | https://static.dd-room.com/images/object/e/d/z/edzx4opcxipeurae/cover/cf6d8e36694eecff81ac4c1f8bc8e719_766x510.jpg | https://static.dd-room.com/images/object/e/d/z/edzx4opcxipeurae/cover/80c77a64a3c2bc24016e731ddcfd4e5a_766x510.jpg | https://static.dd-room.com/images/object/e/d/z/edzx4opcxipeurae/cover/ac22ee892489855f74a7865bc190bc66_766x510.jpg | https://static.dd-room.com/images/object/e/d/z/edzx4opcxipeurae/cover/40f71b5de44f5833cd96154a249d349f_766x510.jpg
z0loh035ecokxaf9,https://www.dd-room.com/object/z0loh035ecokxaf9,★四維路★仁愛醫院★大安捷運★租補★可貓,24500,0,0,臺北市大安區四維路,大安區,四維路,25.0353359,121.5481086,1房1衛,1,0,1,0,0,2.0,分租套房,apt,7.0,5,5,12,2026-07-14,broker,可養貓、對外窗、垃圾代收、租金補貼,床、桌子、椅子、沙發、衣櫃、櫃子、網路、冷氣、洗衣機、冰箱、電視、第四台、電視盒、熱水器,未提供,未提供,未提供,7,https://static.dd-room.com/images/object/z/0/l/z0loh035ecokxaf9/cover/0fabb4ddc5931baa7fc608d61a43fc82_766x510.jpg | https://static.dd-room.com/images/object/z/0/l/z0loh035ecokxaf9/cover/4fc41bc1f89de2424d18071fd95dcf0e_766x510.jpg | https://static.dd-room.com/images/object/z/0/l/z0loh035ecokxaf9/cover/1c54df529c7a5f116c58ffe446ee37b6_766x510.jpg | https://static.dd-room.com/images/object/z/0/l/z0loh035ecokxaf9/cover/7f1118f96cf9d71ef26fcaa811137df8_766x510.jpg | https://static.dd-room.com/images/object/z/0/l/z0loh035ecokxaf9/cover/d5eaa1bab22b5360b76b84be32256a86_766x510.jpg | https://static.dd-room.com/images/object/z/0/l/z0loh035ecokxaf9/cover/714bebd2db940f40154a90e6023e0c8c_766x510.jpg | https://static.dd-room.com/images/object/z/0/l/z0loh035ecokxaf9/cover/728fd2d6766e40111c6ee08d088dd117_766x510.jpg
tuv29npzi1idmbzj,https://www.dd-room.com/object/tuv29npzi1idmbzj,兆基社會住宅🏠友善屋源🧡泉隱村優質出租｜舒適寧靜溫泉房,20000,40000,2701,臺北市北投區新民路,北投區,新民路,25.1407075,121.5121604,1房1衛1陽台,1,0,1,0,1,1.0,整層,elevator,12.7,3,5,12,2026-07-14,broker,有電梯、可無火煮食、免仲介費、社會住宅、租金補貼、可報稅、可入籍、可開伙,床、桌子、椅子、沙發、衣櫃、冷氣、洗衣機、冰箱、熱水器,未提供,未提供,未提供,7,https://static.dd-room.com/images/object/t/u/v/tuv29npzi1idmbzj/cover/6dbe67f506cf40a3776001f993f4438d_766x510.jpg | https://static.dd-room.com/images/object/t/u/v/tuv29npzi1idmbzj/cover/f7c495cdd0b33b289aad393d08c3fe63_766x510.jpg | https://static.dd-room.com/images/object/t/u/v/tuv29npzi1idmbzj/cover/17d73d049d79b4d927e4d77513ca3009_766x510.jpg | https://static.dd-room.com/images/object/t/u/v/tuv29npzi1idmbzj/cover/a7371511df83c53ef921670de0702f1d_766x510.jpg | https://static.dd-room.com/images/object/t/u/v/tuv29npzi1idmbzj/cover/77a4ea6e980372ac5aada45af442c8ee_766x510.jpg | https://static.dd-room.com/images/object/t/u/v/tuv29npzi1idmbzj/cover/fb950af2933859f161b22e31aa5f8d8e_766x510.jpg | https://static.dd-room.com/images/object/t/u/v/tuv29npzi1idmbzj/cover/e14841118e8d1765292b27dd03c7aaf1_766x510.jpg
0kdztkdbkbmikae8,https://www.dd-room.com/object/0kdztkdbkbmikae8,兆基社會住宅🏠友善屋源🧡西門町商圈🚇稀有一樓🏠可租補,29800,59600,0,臺北市萬華區雅江街,萬華區,雅江街,25.0439843,121.5016185,2房2廳1衛,2,2,1,0,0,2.0,整層,apt,24.4,1,4,12,2026-07-14,broker,可無火煮食、免仲介費、社會住宅、租金補貼、可報稅、可入籍、可開伙,冷氣、熱水器、天然瓦斯,未提供,未提供,未提供,10,https://static.dd-room.com/images/object/0/k/d/0kdztkdbkbmikae8/cover/b1142c8d5be297dfd7c7503bdec6747f_766x510.jpg | https://static.dd-room.com/images/object/0/k/d/0kdztkdbkbmikae8/cover/f12a205b508eddc9d38448aa9bcd5bbd_766x510.jpg | https://static.dd-room.com/images/object/0/k/d/0kdztkdbkbmikae8/cover/52127765bce6ae42d69d16a49a62cd2e_766x510.jpg | https://static.dd-room.com/images/object/0/k/d/0kdztkdbkbmikae8/cover/b2cfedbc4bb378ca17304b03eacced1e_766x510.jpg | https://static.dd-room.com/images/object/0/k/d/0kdztkdbkbmikae8/cover/df1914641b0c5f82468ecc6c8b6eeb89_766x510.jpg | https://static.dd-room.com/images/object/0/k/d/0kdztkdbkbmikae8/cover/a93d860a6c897fb2c25e715a12a40dab_766x510.jpg | https://static.dd-room.com/images/object/0/k/d/0kdztkdbkbmikae8/cover/adce29c7ca4d4fbd6592990a86630c01_766x510.jpg | https://static.dd-room.com/images/object/0/k/d/0kdztkdbkbmikae8/cover/3a05fac861c9cad26127131c04870dd5_766x510.jpg | https://static.dd-room.com/images/object/0/k/d/0kdztkdbkbmikae8/cover/8784e81c490e86741070f6d5e4f2d4ae_766x510.jpg | https://static.dd-room.com/images/object/0/k/d/0kdztkdbkbmikae8/cover/cd550a47f776f04b08a49db795d721b9_766x510.jpg
1nnbvxoqrvxuqbdt,https://www.dd-room.com/object/1nnbvxoqrvxuqbdt,中正區.捷運公館站.可貓狗.台灣大學.獨立陽台.舒適溫馨感三房二廳3F,41000,82000,0,臺北市中正區汀州路三段,中正區,汀州路三段,25.0183584,121.5276343,3房2廳1衛1廚1陽台,3,2,1,1,1,3.0,整層,apt,25.0,3,4,12,2026-07-14,escrow,可養貓、可養狗、可開伙、對外窗、電費照台電、水費照台水、有陽台、水泥隔間,床、桌子、椅子、沙發、衣櫃、冷氣、洗衣機、電視、流理台、熱水器、排油煙機、瓦斯爐、住警器,未提供,未提供,未提供,13,https://static.dd-room.com/images/object/1/n/n/1nnbvxoqrvxuqbdt/cover/dd65abf08df3958dacca6c6a9365319d_766x510.jpg | https://static.dd-room.com/images/object/1/n/n/1nnbvxoqrvxuqbdt/cover/8875590ef412ed3263c73f138310b9e1_766x510.jpg | https://static.dd-room.com/images/object/1/n/n/1nnbvxoqrvxuqbdt/cover/b98b5c1e5a878bb58b46f7136ad67c88_766x510.jpg | https://static.dd-room.com/images/object/1/n/n/1nnbvxoqrvxuqbdt/cover/7d090abb50c2ec4be0e7282327bb5a87_766x510.jpg | https://static.dd-room.com/images/object/1/n/n/1nnbvxoqrvxuqbdt/cover/0ea58e735838a2a82a2f7b9eab99576e_766x510.jpg | https://static.dd-room.com/images/object/1/n/n/1nnbvxoqrvxuqbdt/cover/6017cf061ad01ddb502e677bcffc34b0_766x510.jpg | https://static.dd-room.com/images/object/1/n/n/1nnbvxoqrvxuqbdt/cover/9ca5e4d549ae88dbad6a052735ddc5bf_766x510.jpg | https://static.dd-room.com/images/object/1/n/n/1nnbvxoqrvxuqbdt/cover/f87462616bbf251632db46c0d73e3796_766x510.jpg | https://static.dd-room.com/images/object/1/n/n/1nnbvxoqrvxuqbdt/cover/c1db10cdcdfc88f031398b474ee39cb1_766x510.jpg | https://static.dd-room.com/images/object/1/n/n/1nnbvxoqrvxuqbdt/cover/a6b1a5249975fe5f8b74956b0f0d9d84_766x510.jpg | https://static.dd-room.com/images/object/1/n/n/1nnbvxoqrvxuqbdt/cover/427908e058af63e7227ad5789ac850d0_766x510.jpg | https://static.dd-room.com/images/object/1/n/n/1nnbvxoqrvxuqbdt/cover/6ab99fb27cdc46fb09a68f2c840c7f86_766x510.jpg | https://static.dd-room.com/images/object/1/n/n/1nnbvxoqrvxuqbdt/cover/c80a1dc9fcd78dfa803ec7795332820d_766x510.jpg
i39dfjzk4ax3idxk,https://www.dd-room.com/object/i39dfjzk4ax3idxk,捷運士林站【超值租案】採光優★女性首選★獨立衛浴,8499,16998,0,臺北市士林區文林路,士林區,文林路,25.1034787,121.5194153,1房1衛,1,0,1,0,0,2.0,獨立套房,apt,4.0,4,4,12,2026-07-13,broker,未提供,未提供,未提供,未提供,限女性,5,https://img1.591.com.tw/house/2026/07/14/178400511653829406.jpg!1000x.jpg | https://img2.591.com.tw/house/2026/07/14/178400511647409201.jpg!1000x.jpg | https://img1.591.com.tw/house/2026/07/14/178400511655721703.jpg!1000x.jpg | https://img2.591.com.tw/house/2026/07/14/178400511661556603.jpg!1000x.jpg | https://img1.591.com.tw/house/2026/07/14/178400511647525701.jpg!1000x.jpg
fl26pfe8dxucbcgo,https://www.dd-room.com/object/fl26pfe8dxucbcgo,捷運唭哩岸【優質3房2衛】可補助★有陽台★皆有窗,31999,63998,0,臺北市北投區尊賢街,北投區,尊賢街,25.1158344,121.5078101,3房2廳2衛2陽台,3,2,2,0,2,3.0,整層,apt,27.0,4,5,12,2026-07-13,broker,可開伙、有陽台、租金補貼,熱水器、天然瓦斯,未提供,未提供,未提供,12,https://renco-rentals-prod.s3.ap-northeast-1.amazonaws.com/43232/medium/b0725940-7ffe-486e-afb2-ddf72bd69164.jpg | https://renco-rentals-prod.s3.ap-northeast-1.amazonaws.com/43232/medium/868d518f-6bc7-437c-aab3-9ddb6346202e.jpg | https://renco-rentals-prod.s3.ap-northeast-1.amazonaws.com/43232/medium/4f8d0cc7-996b-4354-822d-b34ae43362c7.jpg | https://renco-rentals-prod.s3.ap-northeast-1.amazonaws.com/43232/medium/83d70e12-2ab7-4213-8008-99301e3f5c68.jpg | https://renco-rentals-prod.s3.ap-northeast-1.amazonaws.com/43232/medium/2d36ca57-b8c0-4edf-8113-3b17dc7781a6.jpg | https://renco-rentals-prod.s3.ap-northeast-1.amazonaws.com/43232/medium/1f9592bd-841f-468f-8957-9c8844669b55.jpg | https://renco-rentals-prod.s3.ap-northeast-1.amazonaws.com/43232/medium/cc1ab45f-b719-4093-9f2d-2e276c1e9daf.jpg | https://renco-rentals-prod.s3.ap-northeast-1.amazonaws.com/43232/medium/17926efe-5cfd-49be-b1ca-8aed8069cecc.jpg | https://renco-rentals-prod.s3.ap-northeast-1.amazonaws.com/43232/medium/6eaa0ac3-b4e7-4b34-9f4a-532539a22c45.jpg | https://renco-rentals-prod.s3.ap-northeast-1.amazonaws.com/43232/medium/24128aa5-9c64-4033-950f-e406dfcfcf6e.jpg | https://renco-rentals-prod.s3.ap-northeast-1.amazonaws.com/43232/medium/2e007e85-8718-4345-9288-eabcecf0cb14.jpg | https://renco-rentals-prod.s3.ap-northeast-1.amazonaws.com/43232/medium/d202e5c5-9a1a-4521-9214-70c66eb232a9.jpg
ngg1vkmhjc77jfr9,https://www.dd-room.com/object/ngg1vkmhjc77jfr9,靜心中學【超值3房2衛】租屋補助★報稅入籍★房皆有窗,29999,59998,0,臺北市文山區興隆路二段,文山區,興隆路二段,24.99929,121.5472572,3房2廳2衛1陽台,3,2,2,0,1,3.0,整層,apt,20.0,5,5,12,2026-07-13,broker,可開伙、有陽台、租金補貼、可入籍,未提供,未提供,未提供,未提供,12,https://renco-rentals-prod.s3.ap-northeast-1.amazonaws.com/43190/medium/8e26e285-4e3e-46d1-8185-1529a2d21f40.jpg | https://renco-rentals-prod.s3.ap-northeast-1.amazonaws.com/43190/medium/bcc3287d-94f8-41bc-9738-4d42ddb1f226.jpg | https://renco-rentals-prod.s3.ap-northeast-1.amazonaws.com/43190/medium/d420dfdd-f2e5-4227-a761-bb925ed65217.jpg | https://renco-rentals-prod.s3.ap-northeast-1.amazonaws.com/43190/medium/41f5c7b4-750c-483e-84a4-6bf3f0f851b8.jpg | https://renco-rentals-prod.s3.ap-northeast-1.amazonaws.com/43190/medium/1fa39e52-627f-4895-9103-d4981dc23395.jpg | https://renco-rentals-prod.s3.ap-northeast-1.amazonaws.com/43190/medium/9fcab81c-250f-4141-b0c0-ed0b7f0b9e13.jpg | https://renco-rentals-prod.s3.ap-northeast-1.amazonaws.com/43190/medium/bda2f5c1-4615-4292-a383-63443677920e.jpg | https://renco-rentals-prod.s3.ap-northeast-1.amazonaws.com/43190/medium/545aba60-33fa-441a-952d-f58e51e87e64.jpg | https://renco-rentals-prod.s3.ap-northeast-1.amazonaws.com/43190/medium/2f703253-bf72-4519-8430-4d14894e09e8.jpg | https://renco-rentals-prod.s3.ap-northeast-1.amazonaws.com/43190/medium/2cd0c9b7-5a26-42a2-b8dc-59b16d566ce6.jpg | https://renco-rentals-prod.s3.ap-northeast-1.amazonaws.com/43190/medium/42a91256-0de9-4cab-91bc-458523b98f20.jpg | https://renco-rentals-prod.s3.ap-northeast-1.amazonaws.com/43190/medium/f35e7e46-3370-4da4-96b5-6ca01f4eee41.jpg
6hhlbenbmzegwpgr,https://www.dd-room.com/object/6hhlbenbmzegwpgr,近公車站牌0986788231,12000,24000,0,臺北市松山區新中街6巷20號,松山區,新中街,25.0607645,121.5603214,未提供,0,0,0,0,0,2.0,分租套房,apt,8.0,2,4,12,2026-07-13,individual,對外窗、水泥隔間、電費照台電、社會住宅,床、桌子、椅子、衣櫃、網路、冷氣、洗衣機、冰箱、第四台、電視盒、熱水器,未提供,水費、第四台、網路費,未提供,8,https://static.dd-room.com/images/object/6/h/h/6hhlbenbmzegwpgr/cover/384029fa26169c7e0fc42af776dceafc_766x510.jpg | https://static.dd-room.com/images/object/6/h/h/6hhlbenbmzegwpgr/cover/09130cf2b3a122946fbc68c4fd43bf96_766x510.jpg | https://static.dd-room.com/images/object/6/h/h/6hhlbenbmzegwpgr/cover/e038043d10f475191c7334c90a7b43c6_766x510.jpg | https://static.dd-room.com/images/object/6/h/h/6hhlbenbmzegwpgr/cover/e7aa72f6abe6cb20c7fde97fee3beba5_766x510.jpg | https://static.dd-room.com/images/object/6/h/h/6hhlbenbmzegwpgr/cover/543cb4b754d48677b21f87e23e8f04ae_766x510.jpg | https://static.dd-room.com/images/object/6/h/h/6hhlbenbmzegwpgr/cover/d8ce950fc156615e9625c31e37ba212b_766x510.jpg | https://static.dd-room.com/images/object/6/h/h/6hhlbenbmzegwpgr/cover/3dbfe71f6badf6f0eb87a5fe3541497b_766x510.jpg | https://static.dd-room.com/images/object/6/h/h/6hhlbenbmzegwpgr/cover/578141ce565d49c9eed77dec5a315dd4_766x510.jpg
trdg1achd5wumpgp,https://www.dd-room.com/object/trdg1achd5wumpgp,近捷運南港站【超值租案】雙面採光★獨洗衣機★獨立陽台,14999,29998,0,臺北市南港區重陽路,南港區,重陽路,25.0569437,121.5998567,1房1衛,1,0,1,0,0,2.0,獨立套房,apt,18.0,6,6,12,2026-07-13,broker,未提供,冰箱、洗衣機、電視、冷氣、熱水器、床、衣櫃、第四台、網路、桌子、椅子,未提供,未提供,未提供,8,https://img1.591.com.tw/house/2026/07/14/178403277988725602.png!1000x.png | https://img1.591.com.tw/house/2026/07/14/178403278024710208.png!1000x.png | https://img1.591.com.tw/house/2026/07/14/178403277997360405.png!1000x.png | https://img1.591.com.tw/house/2026/07/14/178403278021087306.png!1000x.png | https://img1.591.com.tw/house/2026/07/14/178403278014296709.png!1000x.png | https://img2.591.com.tw/house/2026/07/14/178403278007556506.png!1000x.png | https://img2.591.com.tw/house/2026/07/14/178403278004391100.png!1000x.png | https://img1.591.com.tw/house/2026/07/14/178403278037169908.png!1000x.png
5vdcgciyb9chpqhf,https://www.dd-room.com/object/5vdcgciyb9chpqhf,捷運民權西路【挑高獨戶】可短租★新大樓★大空間,37000,74000,1600,臺北市中山區德惠街,中山區,德惠街,25.0668554,121.522377,1房1廳1衛1陽台,1,1,1,0,1,1.0,整層,elevator,17.0,12,15,12,2026-07-13,broker,可開伙、有電梯、有陽台,未提供,未提供,未提供,未提供,7,https://renco-rentals-prod.s3.ap-northeast-1.amazonaws.com/18297/medium/84d883f9-7b2e-4bc4-8409-6907bd2debc3.png | https://renco-rentals-prod.s3.ap-northeast-1.amazonaws.com/18297/medium/c21e7696-03d8-4a0b-b0ac-16e15ed2a2e1.png | https://renco-rentals-prod.s3.ap-northeast-1.amazonaws.com/18297/medium/a69b373a-bc48-42f7-b7a6-f92eb58eacd2.png | https://renco-rentals-prod.s3.ap-northeast-1.amazonaws.com/18297/medium/2b9ad6e3-ae26-4e22-b5d9-a11e566f8811.png | https://renco-rentals-prod.s3.ap-northeast-1.amazonaws.com/18297/medium/80e8281a-54bf-44fb-8a48-ed19d9241928.png | https://renco-rentals-prod.s3.ap-northeast-1.amazonaws.com/18297/medium/7429ea19-8d55-4399-9e23-efca1ee5b957.png | https://renco-rentals-prod.s3.ap-northeast-1.amazonaws.com/18297/medium/49620062-49cb-4ec1-9af8-bfcd7aaa67ad.png
ox3end5grbj2w6iv,https://www.dd-room.com/object/ox3end5grbj2w6iv,近捷運劍南路【秒殺租案】大面採光★獨立衛浴★聯發科辦公室,11990,23980,0,臺北市內湖區內湖路一段,內湖區,內湖路一段,25.0799008,121.575434,1房1衛,1,0,1,0,0,2.0,獨立套房,apt,4.0,5,5,12,2026-07-13,broker,未提供,未提供,未提供,未提供,未提供,6,https://renco-rentals-prod.s3.ap-northeast-1.amazonaws.com/25022/medium/2ff25bc6-c609-4c1d-b578-a58e8b937fba.jpg | https://renco-rentals-prod.s3.ap-northeast-1.amazonaws.com/25022/medium/001dceb4-fc7c-41db-94fe-625ff745d90e.jpg | https://renco-rentals-prod.s3.ap-northeast-1.amazonaws.com/25022/medium/61e40b07-4869-40f8-b44e-6e207d3fa7d3.jpg | https://renco-rentals-prod.s3.ap-northeast-1.amazonaws.com/25022/medium/6674ac40-687c-436c-8568-b035f16edf4d.jpg | https://renco-rentals-prod.s3.ap-northeast-1.amazonaws.com/25022/medium/a0d17b1b-dc32-4c6b-a38a-93cf19fbc143.jpg | https://renco-rentals-prod.s3.ap-northeast-1.amazonaws.com/25022/medium/aac65696-d001-4186-aa8d-41ca013ec334.jpg
pfxy4sj2vc4rcy43,https://www.dd-room.com/object/pfxy4sj2vc4rcy43,志成公園【超值租案】可補助★可養寵★採光優,10398,20796,0,臺北市士林區福林路,士林區,福林路,25.1001368,121.5356546,1房1衛,1,0,1,0,0,2.0,獨立套房,apt,4.0,4,4,12,2026-07-13,broker,租金補貼,未提供,未提供,未提供,未提供,5,https://img2.591.com.tw/house/2026/07/14/178400515817468706.jpg!1000x.jpg | https://img2.591.com.tw/house/2026/07/14/178400515810007504.jpg!1000x.jpg | https://img2.591.com.tw/house/2026/07/14/178400515825639604.jpg!1000x.jpg | https://img1.591.com.tw/house/2026/07/14/178400515819213905.jpg!1000x.jpg | https://img2.591.com.tw/house/2026/07/14/178400515821675509.jpg!1000x.jpg
dvynl1pkt3kk3t49,https://www.dd-room.com/object/dvynl1pkt3kk3t49,近捷運世貿站【優質租案】垃圾代收★獨洗,15999,31998,250,臺北市信義區莊敬路,信義區,莊敬路,25.0339173,121.5612988,1房1衛,1,0,1,0,0,2.0,獨立套房,elevator,4.0,3,7,12,2026-07-13,broker,有電梯、垃圾代收,冰箱、洗衣機、電視、冷氣、熱水器、床、衣櫃、第四台、網路、天然瓦斯,未提供,未提供,未提供,6,https://renco-rentals-prod.s3.ap-northeast-1.amazonaws.com/43212/medium/feac475e-54a1-4f40-b000-bf87db746af3.jpg | https://renco-rentals-prod.s3.ap-northeast-1.amazonaws.com/43212/medium/b068e629-59f5-4280-87ec-a1dc93abc4c8.jpg | https://renco-rentals-prod.s3.ap-northeast-1.amazonaws.com/43212/medium/d71ce886-48a0-4cd9-bf16-dfc929937479.jpg | https://renco-rentals-prod.s3.ap-northeast-1.amazonaws.com/43212/medium/b7e26b08-ee77-48f4-ba1b-0cf0a3d8d95b.jpg | https://renco-rentals-prod.s3.ap-northeast-1.amazonaws.com/43212/medium/bb824780-0823-49dc-9e53-4eb39a12d563.jpg | https://renco-rentals-prod.s3.ap-northeast-1.amazonaws.com/43212/medium/d90818c4-31ea-4e60-a86d-53ebc03a0e54.jpg
gyhjhkfgpjnpkerb,https://www.dd-room.com/object/gyhjhkfgpjnpkerb,捷運中山2分【優質租案】可補助★全新裝潢★南西商圈,23499,46998,0,臺北市大同區赤峰街,大同區,赤峰街,25.0552168,121.5196301,1房1衛1陽台,1,0,1,0,1,2.0,獨立套房,apt,4.0,4,5,12,2026-07-13,broker,有陽台、租金補貼,冰箱、洗衣機、電視、冷氣、熱水器、床、衣櫃、第四台、網路、天然瓦斯、沙發、桌子、椅子,未提供,未提供,未提供,5,https://img2.591.com.tw/house/2026/07/14/178400496708811304.jpg!1000x.jpg | https://img1.591.com.tw/house/2026/07/14/178400496698006206.jpg!1000x.jpg | https://img2.591.com.tw/house/2026/07/14/178400496714988505.jpg!1000x.jpg | https://img1.591.com.tw/house/2026/07/14/178400496694206507.jpg!1000x.jpg | https://img2.591.com.tw/house/2026/07/14/178400496708045700.jpg!1000x.jpg
tps6urzfg8n3pxhj,https://www.dd-room.com/object/tps6urzfg8n3pxhj,捷運中山2分【優質租案】全新裝潢★衛浴有窗★南西商圈,22999,45998,0,臺北市大同區赤峰街,大同區,赤峰街,25.0552168,121.5196301,1房1衛,1,0,1,0,0,2.0,獨立套房,apt,4.0,5,5,12,2026-07-13,broker,未提供,未提供,未提供,未提供,未提供,5,https://img1.591.com.tw/house/2026/07/14/178400500293843106.jpg!1000x.jpg | https://img1.591.com.tw/house/2026/07/14/178400500303601801.jpg!1000x.jpg | https://img1.591.com.tw/house/2026/07/14/178400500286744902.jpg!1000x.jpg | https://img1.591.com.tw/house/2026/07/14/178400500307615402.jpg!1000x.jpg | https://img2.591.com.tw/house/2026/07/14/178400500293798901.jpg!1000x.jpg
iedycrbasvpyoc3w,https://www.dd-room.com/object/iedycrbasvpyoc3w,葫蘆國小【超值租案】可補助★流理臺★獨洗衣機,14998,29996,0,臺北市士林區延平北路五段,士林區,延平北路五段,25.0811652,121.5105537,1房1衛,1,0,1,0,0,2.0,獨立套房,apt,8.0,3,3,12,2026-07-13,broker,可開伙、租金補貼,冰箱、洗衣機、電視、冷氣、熱水器、床、衣櫃、第四台、網路、桌子、椅子,未提供,未提供,未提供,6,https://renco-rentals-prod.s3.ap-northeast-1.amazonaws.com/43222/medium/30fa93ba-ef93-4149-a958-3ebe0eacae8e.jpg | https://renco-rentals-prod.s3.ap-northeast-1.amazonaws.com/43222/medium/4f8cbb0f-b130-45f4-a680-8a6c43cc9f18.jpg | https://renco-rentals-prod.s3.ap-northeast-1.amazonaws.com/43222/medium/c085136b-5c96-4241-9201-4598332fdc2c.jpg | https://renco-rentals-prod.s3.ap-northeast-1.amazonaws.com/43222/medium/f88e39d8-2ba6-4e03-a8a2-9f8c60793e34.jpg | https://renco-rentals-prod.s3.ap-northeast-1.amazonaws.com/43222/medium/f1acabe5-7ca4-4ad7-9a9e-935b48a31e32.jpg | https://renco-rentals-prod.s3.ap-northeast-1.amazonaws.com/43222/medium/f8e98373-6ac8-4348-91f8-d0563ac97dfc.jpg
rewuf1618kyoqhbd,https://www.dd-room.com/object/rewuf1618kyoqhbd,捷運士林站2分【超值租案】可補助★免爬梯★貓可洽,11500,23000,0,臺北市士林區美德街,士林區,美德街,25.0961112,121.5249278,1房1衛,1,0,1,0,0,2.0,獨立套房,apt,3.0,1,4,12,2026-07-13,broker,租金補貼,未提供,未提供,未提供,未提供,4,https://renco-rentals-prod.s3.ap-northeast-1.amazonaws.com/26841/medium/a3c843b3-7ccf-4c1f-9f26-aa6d87aaf05f.jpg | https://renco-rentals-prod.s3.ap-northeast-1.amazonaws.com/26841/medium/daf829c3-87fa-4435-aa66-46d9d3d5ddca.jpg | https://renco-rentals-prod.s3.ap-northeast-1.amazonaws.com/26841/medium/d57bddd2-0d54-499e-b146-76db5d2b60b3.jpg | https://renco-rentals-prod.s3.ap-northeast-1.amazonaws.com/26841/medium/f4ef22f7-54db-400f-8078-07877ded0b8b.jpg
adnwqd06pqvk8hsz,https://www.dd-room.com/object/adnwqd06pqvk8hsz,捷運中山1分【優質租案】有電梯★警衛管理★獨洗衣機,19999,39998,600,臺北市中山區南京西路,中山區,南京西路,25.0525017,121.5213531,1房1衛,1,0,1,0,0,2.0,獨立套房,elevator,5.0,13,13,12,2026-07-13,broker,有電梯,未提供,未提供,未提供,未提供,6,https://renco-rentals-prod.s3.ap-northeast-1.amazonaws.com/43250/medium/2a32aa12-9532-444a-9269-3a8ea0b9e73a.jpg | https://renco-rentals-prod.s3.ap-northeast-1.amazonaws.com/43250/medium/9852ffeb-12c9-40b9-8483-b97e2b1ff561.jpg | https://renco-rentals-prod.s3.ap-northeast-1.amazonaws.com/43250/medium/b06ce082-3b2c-4d1c-a89c-9886ebabe4ee.jpg | https://renco-rentals-prod.s3.ap-northeast-1.amazonaws.com/43250/medium/798def9a-6753-46bc-85ff-a25871403756.jpg | https://renco-rentals-prod.s3.ap-northeast-1.amazonaws.com/43250/medium/d65a5586-1cb5-4f2d-9f71-e7c4d331ce72.jpg | https://renco-rentals-prod.s3.ap-northeast-1.amazonaws.com/43250/medium/85c2b203-7e39-4f54-84f0-ca8cc53ad110.jpg
p5rlr3g4uaspwdx1,https://www.dd-room.com/object/p5rlr3g4uaspwdx1,可租補｜台電大樓站｜師大優質套房｜一卡皮箱拎包入住,12500,25000,0,臺北市大安區泰順街,大安區,泰順街,25.0250271,121.5314639,1房1衛,1,0,1,0,0,2.0,分租套房,apt,3.0,2,4,12,2026-07-13,broker,有飲水機、租金補貼,床、桌子、椅子、網路、冷氣、洗衣機、冰箱、電視、熱水器,未提供,水費、網路費,未提供,11,https://static.dd-room.com/images/object/p/5/r/p5rlr3g4uaspwdx1/cover/2f0cb23e36b9929cfcf1c18379462016_766x510.jpg | https://static.dd-room.com/images/object/p/5/r/p5rlr3g4uaspwdx1/cover/9c34ba941df506cf5502803085d44c7a_766x510.jpg | https://static.dd-room.com/images/object/p/5/r/p5rlr3g4uaspwdx1/cover/43d48793d5091cf62757db9c964b9c60_766x510.jpg | https://static.dd-room.com/images/object/p/5/r/p5rlr3g4uaspwdx1/cover/45ce63c6334f00c4e09c97f0406a7d77_766x510.jpg | https://static.dd-room.com/images/object/p/5/r/p5rlr3g4uaspwdx1/cover/bd2509d8fac0778bd2289aad68e9b860_766x510.jpg | https://static.dd-room.com/images/object/p/5/r/p5rlr3g4uaspwdx1/cover/b4caa6d5d9b22529388cf473e291116c_766x510.jpg | https://static.dd-room.com/images/object/p/5/r/p5rlr3g4uaspwdx1/cover/01d5b80ebd56ba38161cb8893130ba37_766x510.jpg | https://static.dd-room.com/images/object/p/5/r/p5rlr3g4uaspwdx1/cover/ca4d89c43b3aa68284a7618ad07dfe8e_766x510.jpg | https://static.dd-room.com/images/object/p/5/r/p5rlr3g4uaspwdx1/cover/aa2069efdfda19d5e315a23e0811d1cc_766x510.jpg | https://static.dd-room.com/images/object/p/5/r/p5rlr3g4uaspwdx1/cover/a52e46375fbf2edca4199c2b2aa9631a_766x510.jpg | https://static.dd-room.com/images/object/p/5/r/p5rlr3g4uaspwdx1/cover/b36a7109af25cbb4e1cbfb64bfe9c2c3_766x510.jpg
ef9rnbklztmxjksx,https://www.dd-room.com/object/ef9rnbklztmxjksx,近捷運北門【優質電梯】補助入籍★含機車位★小廚房,27999,55998,800,臺北市大同區南京西路,大同區,南京西路,25.0537899,121.5156011,1房1衛1陽台,1,0,1,0,1,2.0,獨立套房,elevator,8.0,7,14,12,2026-07-13,broker,可開伙、有電梯、有陽台、租金補貼、可入籍,冰箱、洗衣機、電視、冷氣、熱水器、床、衣櫃、沙發,未提供,未提供,未提供,8,https://img1.591.com.tw/house/2026/07/14/178400490000829605.jpg!1000x.jpg | https://img1.591.com.tw/house/2026/07/14/178400490036285708.jpg!1000x.jpg | https://img2.591.com.tw/house/2026/07/14/178400489993512702.jpg!1000x.jpg | https://img1.591.com.tw/house/2026/07/14/178400489989241603.jpg!1000x.jpg | https://img1.591.com.tw/house/2026/07/14/178400490006415603.jpg!1000x.jpg | https://img1.591.com.tw/house/2026/07/14/178400490025680704.jpg!1000x.jpg | https://img1.591.com.tw/house/2026/07/14/178400490025157109.jpg!1000x.jpg | https://img2.591.com.tw/house/2026/07/14/178400490011340101.jpg!1000x.jpg
crycc8kg0tknrhuy,https://www.dd-room.com/object/crycc8kg0tknrhuy,芝山站/採光電梯雅房/代收垃圾/有管理員代收信件包裹/限女生,8000,17000,0,臺北市士林區中山北路五段,士林區,中山北路五段,25.1017715,121.5260559,1房,1,0,0,0,0,1.0,雅房,elevator,3.0,8,7,12,2026-07-13,broker,對外窗、垃圾代收、包裹代收、電費照台電,床、桌子、椅子、衣櫃、網路、冷氣、洗衣機、冰箱、電視、熱水器、天然瓦斯,未提供,水費、網路費,限女性,5,https://static.dd-room.com/images/object/c/r/y/crycc8kg0tknrhuy/cover/a6da33cbf65cdbf6f382008f4f041223_766x510.jpg | https://static.dd-room.com/images/object/c/r/y/crycc8kg0tknrhuy/cover/e3b9851682e78d2d94bf23700ada8725_766x510.jpg | https://static.dd-room.com/images/object/c/r/y/crycc8kg0tknrhuy/cover/b86e9d4be946d1eec5de027b4541b78e_766x510.jpg | https://static.dd-room.com/images/object/c/r/y/crycc8kg0tknrhuy/cover/46485804042196dd0bca197cba3b000c_766x510.jpg | https://static.dd-room.com/images/object/c/r/y/crycc8kg0tknrhuy/cover/2d4596f7a4c5724e83ea22a4f1feef3f_766x510.jpg
o1srcnzpfamrr6d6,https://www.dd-room.com/object/o1srcnzpfamrr6d6,近劍潭站｜4房2陽台｜可開伙｜家具家電齊全｜生活機能佳,38500,77000,0,臺北市士林區承德路四段,士林區,承德路四段,25.0902764,121.5173712,4房2廳2衛1廚2陽台,4,2,2,1,2,4.0,整層,apt,32.9,5,5,12,2026-07-13,broker,可開伙、對外窗、水泥隔間、電費照台電、水費照台水、有陽台,床、桌子、椅子、沙發、衣櫃、櫃子、冷氣、洗衣機、冰箱、流理台、熱水器、天然瓦斯、排油煙機、瓦斯爐,未提供,未提供,未提供,15,https://static.dd-room.com/images/object/o/1/s/o1srcnzpfamrr6d6/cover/4821ffdd0e124208cc1aecb8f80fc006_766x510.jpg | https://static.dd-room.com/images/object/o/1/s/o1srcnzpfamrr6d6/cover/87c891f2c5cefa9546c21d28f01a942b_766x510.jpg | https://static.dd-room.com/images/object/o/1/s/o1srcnzpfamrr6d6/cover/5f70b34fdf9d31ba6d215de45e7b0911_766x510.jpg | https://static.dd-room.com/images/object/o/1/s/o1srcnzpfamrr6d6/cover/66f36dca7a35ae6cab434d3062cb5544_766x510.jpg | https://static.dd-room.com/images/object/o/1/s/o1srcnzpfamrr6d6/cover/232c6708d4131e580d13801692529c2f_766x510.jpg | https://static.dd-room.com/images/object/o/1/s/o1srcnzpfamrr6d6/cover/0f53a14550cdec728603f6dc48b022ba_766x510.jpg | https://static.dd-room.com/images/object/o/1/s/o1srcnzpfamrr6d6/cover/915e695af223ee2842923f57794d9024_766x510.jpg | https://static.dd-room.com/images/object/o/1/s/o1srcnzpfamrr6d6/cover/984cf3e757c14d9da4d7a23527cdcdbb_766x510.jpg | https://static.dd-room.com/images/object/o/1/s/o1srcnzpfamrr6d6/cover/d615d57e4670794b0074cc29569a9035_766x510.jpg | https://static.dd-room.com/images/object/o/1/s/o1srcnzpfamrr6d6/cover/b01fb2eb61eb045a9b028eff179d98b1_766x510.jpg | https://static.dd-room.com/images/object/o/1/s/o1srcnzpfamrr6d6/cover/5315115a03d323ea1d9eb41a689ed13e_766x510.jpg | https://static.dd-room.com/images/object/o/1/s/o1srcnzpfamrr6d6/cover/333b6d00e09062379e30d4ef2c870429_766x510.jpg | https://static.dd-room.com/images/object/o/1/s/o1srcnzpfamrr6d6/cover/5e83b5af228ffdc2995ce404961a01ef_766x510.jpg | https://static.dd-room.com/images/object/o/1/s/o1srcnzpfamrr6d6/cover/df9ab8bf947563609a5e60f7b5971e85_766x510.jpg | https://static.dd-room.com/images/object/o/1/s/o1srcnzpfamrr6d6/cover/92020eed7ef60fa090ac57543940250a_766x510.jpg
xujoncgntzfbdurh,https://www.dd-room.com/object/xujoncgntzfbdurh,近捷運市政府【豪邸2房1廳】警衛管理★有陽台★樓中樓,51999,103998,0,臺北市信義區基隆路一段,信義區,基隆路一段,25.0486217,121.5687628,2房1廳1衛1陽台,2,1,1,0,1,2.0,整層,elevator,14.0,10,13,12,2026-07-13,broker,可開伙、有電梯、有陽台,冰箱、洗衣機、電視、冷氣、熱水器、床、衣櫃、天然瓦斯、沙發、桌子、椅子,未提供,未提供,未提供,12,https://renco-rentals-prod.s3.ap-northeast-1.amazonaws.com/43011/medium/35e00fd3-f164-4520-af9d-22e6852494a8.jpg | https://renco-rentals-prod.s3.ap-northeast-1.amazonaws.com/43011/medium/8a5e268b-273a-4eb4-9dc7-ff9af174213f.jpg | https://renco-rentals-prod.s3.ap-northeast-1.amazonaws.com/43011/medium/00cb5fa2-416f-4748-a990-e65ab70d8a17.jpg | https://renco-rentals-prod.s3.ap-northeast-1.amazonaws.com/43011/medium/2ab3a485-0dd4-41d7-81a0-fb3cd3b52e50.jpg | https://renco-rentals-prod.s3.ap-northeast-1.amazonaws.com/43011/medium/b9816410-e39f-4b6a-b51c-9845566d6418.jpg | https://renco-rentals-prod.s3.ap-northeast-1.amazonaws.com/43011/medium/90f4a8cf-0a08-44ee-ad69-72a7be3d08a4.jpg | https://renco-rentals-prod.s3.ap-northeast-1.amazonaws.com/43011/medium/37386a15-dd67-442e-9609-3d838cb02e49.jpg | https://renco-rentals-prod.s3.ap-northeast-1.amazonaws.com/43011/medium/d14a03ba-c245-479a-8794-71d515ac66bd.jpg | https://renco-rentals-prod.s3.ap-northeast-1.amazonaws.com/43011/medium/3945d1b1-5933-4eee-8a56-5c77e0159ba8.jpg | https://renco-rentals-prod.s3.ap-northeast-1.amazonaws.com/43011/medium/ff5b1719-d34c-4217-8f87-e296ee145e8e.jpg | https://renco-rentals-prod.s3.ap-northeast-1.amazonaws.com/43011/medium/428dc1ed-2bfa-4150-a3f9-0ee4caf78c7e.jpg | https://renco-rentals-prod.s3.ap-northeast-1.amazonaws.com/43011/medium/9ba1d15a-c07b-4bb8-b0c2-b29a5e7aa289.jpg
bppjdk6p8g0peh6o,https://www.dd-room.com/object/bppjdk6p8g0peh6o,天母幽靜景觀別墅,86000,172000,0,臺北市士林區德行東路,士林區,德行東路,25.1088269,121.5315571,4房3廳3衛1廚2陽台,4,3,3,1,2,4.0,整層,house,75.0,999,2,12,2026-07-13,broker,可開伙、水泥隔間、對外窗、電費照台電、水費照台水、有陽台,桌子、椅子、衣櫃、冰箱、流理台、熱水器、排油煙機、電磁爐,有機車車位、有汽車車位,未提供,未提供,15,https://static.dd-room.com/images/object/b/p/p/bppjdk6p8g0peh6o/cover/b3ad8fb48c0d0caf7c6e36c6f3678c1c_766x510.jpg | https://static.dd-room.com/images/object/b/p/p/bppjdk6p8g0peh6o/cover/da1a609cbf7af75263fcb2ec0724d979_766x510.jpg | https://static.dd-room.com/images/object/b/p/p/bppjdk6p8g0peh6o/cover/7c229821a99fac6fb9c778f4d967f8ce_766x510.jpg | https://static.dd-room.com/images/object/b/p/p/bppjdk6p8g0peh6o/cover/0b7e1817d3a8abe57db72fed1d622323_766x510.jpg | https://static.dd-room.com/images/object/b/p/p/bppjdk6p8g0peh6o/cover/6d51481f57c77dbf01eb1f4d8b4ce826_766x510.jpg | https://static.dd-room.com/images/object/b/p/p/bppjdk6p8g0peh6o/cover/51e2cf7c22ee57872d8844baa2670297_766x510.jpg | https://static.dd-room.com/images/object/b/p/p/bppjdk6p8g0peh6o/cover/473f4b2b167e92cf713ebefe142fa2c9_766x510.jpg | https://static.dd-room.com/images/object/b/p/p/bppjdk6p8g0peh6o/cover/6669db24bbdb1f7bc6461277036f8901_766x510.jpg | https://static.dd-room.com/images/object/b/p/p/bppjdk6p8g0peh6o/cover/c9fd8826c36e37079b8101b2daafb69a_766x510.jpg | https://static.dd-room.com/images/object/b/p/p/bppjdk6p8g0peh6o/cover/70eacb5e7ee580e448ebed4cf09fa8be_766x510.jpg | https://static.dd-room.com/images/object/b/p/p/bppjdk6p8g0peh6o/cover/8a49b71322b4288d8ae57d1d0b82d29b_766x510.jpg | https://static.dd-room.com/images/object/b/p/p/bppjdk6p8g0peh6o/cover/41e50627a404b410827f5a3440b91bb1_766x510.jpg | https://static.dd-room.com/images/object/b/p/p/bppjdk6p8g0peh6o/cover/e4c5c5936d62efe6438b0ca299c7885c_766x510.jpg | https://static.dd-room.com/images/object/b/p/p/bppjdk6p8g0peh6o/cover/d4b779176e81154a9f0aee631257ae00_766x510.jpg | https://static.dd-room.com/images/object/b/p/p/bppjdk6p8g0peh6o/cover/27305d9ee6716976dc2d58e6aa9abd30_766x510.jpg
610248cff0e54845a4383e31,https://www.dd-room.com/object/610248cff0e54845a4383e31,天母大空間優質社區,170000,340000,9100,臺北市士林區天母北路,士林區,天母北路,25.1201281,121.526482,5房2廳4衛1廚4陽台,5,2,4,1,4,5.0,整層,elevator,96.5,11,11,12,2026-07-13,broker,可開伙、水泥隔間、有電梯、對外窗、垃圾代收、包裹代收、水費照台水、電費照台電、有陽台,衣櫃、冷氣、洗衣機、流理台、熱水器、天然瓦斯,有汽車車位,未提供,未提供,14,https://static.dd-room.com/images/object/6/1/0/610248cff0e54845a4383e31/cover/0cf11ed54e58da06efcfbd96626c4630_766x510.jpg | https://static.dd-room.com/images/object/6/1/0/610248cff0e54845a4383e31/cover/8855e7e32e41190f96b664af5ce5f63f_766x510.jpg | https://static.dd-room.com/images/object/6/1/0/610248cff0e54845a4383e31/cover/be15c8a1c07137f002a05c95c6cf4c34_766x510.jpg | https://static.dd-room.com/images/object/6/1/0/610248cff0e54845a4383e31/cover/92c1e4ab702994b3da4bf0907445b712_766x510.jpg | https://static.dd-room.com/images/object/6/1/0/610248cff0e54845a4383e31/cover/8868e01713a95bf9e50746d3027441d2_766x510.jpg | https://static.dd-room.com/images/object/6/1/0/610248cff0e54845a4383e31/cover/6a3e6360b5f2b9757aff3bf66c839596_766x510.jpg | https://static.dd-room.com/images/object/6/1/0/610248cff0e54845a4383e31/cover/fc7477c84bc9b03c680ac8c230e3a3f2_766x510.jpg | https://static.dd-room.com/images/object/6/1/0/610248cff0e54845a4383e31/cover/58763d8ce0313d8520d5126f911a2ace_766x510.jpg | https://static.dd-room.com/images/object/6/1/0/610248cff0e54845a4383e31/cover/c493140a4d795a2a274c35396c84bca4_766x510.jpg | https://static.dd-room.com/images/object/6/1/0/610248cff0e54845a4383e31/cover/3ac8221b51204f88985f7f6b21076007_766x510.jpg | https://static.dd-room.com/images/object/6/1/0/610248cff0e54845a4383e31/cover/1dbf9ea98fce867967d875bdd97b5cf4_766x510.jpg | https://static.dd-room.com/images/object/6/1/0/610248cff0e54845a4383e31/cover/4601f26286fb84976874700d3ad8547b_766x510.jpg | https://static.dd-room.com/images/object/6/1/0/610248cff0e54845a4383e31/cover/740d54dcd5282de7ed71e3b9482f8c0a_766x510.jpg | https://static.dd-room.com/images/object/6/1/0/610248cff0e54845a4383e31/cover/025bdd3a156cefdb1aeee31884a1818a_766x510.jpg
c6fvy9lwrgcgawof,https://www.dd-room.com/object/c6fvy9lwrgcgawof,👍古亭東門MRT｜靜巷綠蔭｜日式新穎美屋含管理費,33000,66000,0,臺北市大安區杭州南路二段,大安區,杭州南路二段,25.0309225,121.5222968,1房1衛1廚1陽台,1,0,1,1,1,1.0,整層,elevator,11.0,4,8,12,2026-07-12,broker,可無火煮食、對外窗、有電梯、水泥隔間、垃圾代收、包裹代收、水費照台水、電費照台電、有陽台,床、桌子、椅子、衣櫃、櫃子、冷氣、洗衣機、冰箱、流理台、熱水器、排油煙機,未提供,管理費,未提供,15,https://static.dd-room.com/images/object/c/6/f/c6fvy9lwrgcgawof/cover/fa1216d57b87a1478c28222c4c5fabe4_766x510.jpg | https://static.dd-room.com/images/object/c/6/f/c6fvy9lwrgcgawof/cover/65308afbee5ef93fe20f176564ee3c24_766x510.jpg | https://static.dd-room.com/images/object/c/6/f/c6fvy9lwrgcgawof/cover/0621e59dc086e469b144d6590351b376_766x510.jpg | https://static.dd-room.com/images/object/c/6/f/c6fvy9lwrgcgawof/cover/8b36074cddc598234362610fea82f3c8_766x510.jpg | https://static.dd-room.com/images/object/c/6/f/c6fvy9lwrgcgawof/cover/a82ee11eea3a927ac955ed3b9c8719c1_766x510.jpg | https://static.dd-room.com/images/object/c/6/f/c6fvy9lwrgcgawof/cover/47956992f7e914c79ceed4d4f1b5dbf1_766x510.jpg | https://static.dd-room.com/images/object/c/6/f/c6fvy9lwrgcgawof/cover/79a3dffb484986ae8023103586e8196e_766x510.jpg | https://static.dd-room.com/images/object/c/6/f/c6fvy9lwrgcgawof/cover/c490e2d805ba7f9b3420c419f3b5950e_766x510.jpg | https://static.dd-room.com/images/object/c/6/f/c6fvy9lwrgcgawof/cover/7e5f097a5ee8a928b287dfebf8d9207b_766x510.jpg | https://static.dd-room.com/images/object/c/6/f/c6fvy9lwrgcgawof/cover/7e30e514ea2d116a52cdfcb729264404_766x510.jpg | https://static.dd-room.com/images/object/c/6/f/c6fvy9lwrgcgawof/cover/fb31297dee2956d72ccb25b3a9570c4e_766x510.jpg | https://static.dd-room.com/images/object/c/6/f/c6fvy9lwrgcgawof/cover/8122a418a9abb0d9cfb48d14fce9b944_766x510.jpg | https://static.dd-room.com/images/object/c/6/f/c6fvy9lwrgcgawof/cover/516d188e716f2d5cde24d7453d554471_766x510.jpg | https://static.dd-room.com/images/object/c/6/f/c6fvy9lwrgcgawof/cover/640efc47a8165e89bf6d215ec4fb3a45_766x510.jpg | https://static.dd-room.com/images/object/c/6/f/c6fvy9lwrgcgawof/cover/0abdf2c0cdd9f1f2dc96544ddbbf14c6_766x510.jpg
64w0xqqbwxvpifj4,https://www.dd-room.com/object/64w0xqqbwxvpifj4,美/日僑學校★三房2樓美寓,42000,84000,0,臺北市士林區中山北路六段,士林區,中山北路六段,25.1032702,121.5250883,3房2廳2衛1廚2陽台,3,2,2,1,2,3.0,整層,apt,33.6,2,5,12,2026-07-12,broker,可開伙、水泥隔間、對外窗、電費照台電、水費照台水、有陽台,床、桌子、椅子、沙發、衣櫃、冷氣、洗衣機、冰箱、電視、流理台、熱水器、天然瓦斯、排油煙機、瓦斯爐,未提供,未提供,未提供,11,https://static.dd-room.com/images/object/6/4/w/64w0xqqbwxvpifj4/cover/140b0e815526e2b64b43990d0ce38735_766x510.jpg | https://static.dd-room.com/images/object/6/4/w/64w0xqqbwxvpifj4/cover/1b0de93ad524553c2fffa220b562193a_766x510.jpg | https://static.dd-room.com/images/object/6/4/w/64w0xqqbwxvpifj4/cover/8de2676951bbe50ada6559e6898dca82_766x510.jpg | https://static.dd-room.com/images/object/6/4/w/64w0xqqbwxvpifj4/cover/e451d31b30b362c8165455aa4dc495b0_766x510.jpg | https://static.dd-room.com/images/object/6/4/w/64w0xqqbwxvpifj4/cover/db1cecd695023aef339fd49347fd3fb9_766x510.jpg | https://static.dd-room.com/images/object/6/4/w/64w0xqqbwxvpifj4/cover/90fe58b2be88f189755551b7f7da499c_766x510.jpg | https://static.dd-room.com/images/object/6/4/w/64w0xqqbwxvpifj4/cover/40e249876d3055066e163b4943766c66_766x510.jpg | https://static.dd-room.com/images/object/6/4/w/64w0xqqbwxvpifj4/cover/61bfa184d5e0fe0404b77b0f7f61efb2_766x510.jpg | https://static.dd-room.com/images/object/6/4/w/64w0xqqbwxvpifj4/cover/3e1a0f4749fcbe8eb26dea5dcad51f4f_766x510.jpg | https://static.dd-room.com/images/object/6/4/w/64w0xqqbwxvpifj4/cover/20be2cbbb7d7dce7ad6d1d652f8c5678_766x510.jpg | https://static.dd-room.com/images/object/6/4/w/64w0xqqbwxvpifj4/cover/779988b6b4c8736ffdae46b1fbf4cd64_766x510.jpg
tbxmrlsv8sunuf6m,https://www.dd-room.com/object/tbxmrlsv8sunuf6m,北投公園優質溫泉套房【可租屋補助】,22000,44000,1890,臺北市北投區光明路,北投區,光明路,25.1361231,121.5054011,1房1衛1陽台,1,0,1,0,1,2.0,獨立套房,elevator,11.0,6,12,12,2026-07-12,broker,可無火煮食、對外窗、有電梯、水泥隔間、垃圾代收、包裹代收、水費照台水、電費照台電、有陽台、租金補貼,床、衣櫃、冷氣、洗衣機、電視、流理台、熱水器、電磁爐,有汽車車位,未提供,未提供,7,https://static.dd-room.com/images/object/t/b/x/tbxmrlsv8sunuf6m/cover/6cba35ba00d228d6b317e554f550af2a_766x510.jpg | https://static.dd-room.com/images/object/t/b/x/tbxmrlsv8sunuf6m/cover/a78c31f56bcdf1abf8c0884c2b05331b_766x510.jpg | https://static.dd-room.com/images/object/t/b/x/tbxmrlsv8sunuf6m/cover/3e74a68cc9880268c867194ef35c926d_766x510.jpg | https://static.dd-room.com/images/object/t/b/x/tbxmrlsv8sunuf6m/cover/6e10943810d5f06737d3d52101076cc2_766x510.jpg | https://static.dd-room.com/images/object/t/b/x/tbxmrlsv8sunuf6m/cover/82c07dbc76bed4d8e8add7acac83bb99_766x510.jpg | https://static.dd-room.com/images/object/t/b/x/tbxmrlsv8sunuf6m/cover/86bd696bca6f4dd26f069f0aa27eb5e5_766x510.jpg | https://static.dd-room.com/images/object/t/b/x/tbxmrlsv8sunuf6m/cover/0a93e123245cc5462715a70e3225cef4_766x510.jpg
6rxht4ac3e6t7byv,https://www.dd-room.com/object/6rxht4ac3e6t7byv,振興醫院◆多樓層庭院住家,135000,270000,12101,臺北市北投區明德路,北投區,明德路,25.1151274,121.5220539,5房2廳3衛1廚3陽台,5,2,3,1,3,5.0,整層,elevator,90.2,1,14,12,2026-07-12,broker,對外窗、可開伙、電費照台電、水費照台水、垃圾代收、包裹代收、水泥隔間、有陽台、可報稅、氣密窗,床、衣櫃、冷氣、洗衣機、冰箱、流理台、熱水器、天然瓦斯、排油煙機、瓦斯爐,有汽車車位,未提供,未提供,15,https://static.dd-room.com/images/object/6/r/x/6rxht4ac3e6t7byv/cover/c5a0e71a946f9693082c277825d3f9ab_766x510.jpg | https://static.dd-room.com/images/object/6/r/x/6rxht4ac3e6t7byv/cover/733ba50e6c4e2ebc782ba1cbab60ab29_766x510.jpg | https://static.dd-room.com/images/object/6/r/x/6rxht4ac3e6t7byv/cover/53419ce84ed57651ebd86f913800d3d8_766x510.jpg | https://static.dd-room.com/images/object/6/r/x/6rxht4ac3e6t7byv/cover/a6d2af5c74345316a752ea105cf621c5_766x510.jpg | https://static.dd-room.com/images/object/6/r/x/6rxht4ac3e6t7byv/cover/239af8df41ebed9a9c78b4c379c96dd4_766x510.jpg | https://static.dd-room.com/images/object/6/r/x/6rxht4ac3e6t7byv/cover/4a422c4edc70c285e1bfd9fa42e0fef8_766x510.jpg | https://static.dd-room.com/images/object/6/r/x/6rxht4ac3e6t7byv/cover/85e71d42e915748c8576bb9578c0fc1e_766x510.jpg | https://static.dd-room.com/images/object/6/r/x/6rxht4ac3e6t7byv/cover/b6e4b9751efeedc3b9a482e786186c40_766x510.jpg | https://static.dd-room.com/images/object/6/r/x/6rxht4ac3e6t7byv/cover/ba3e0cdc02e435758c368142cfd037a2_766x510.jpg | https://static.dd-room.com/images/object/6/r/x/6rxht4ac3e6t7byv/cover/9bdddcf31267cdf1c06cf334aa2cce8d_766x510.jpg | https://static.dd-room.com/images/object/6/r/x/6rxht4ac3e6t7byv/cover/4d0559e0dfdb8717049f3dbcc36abc14_766x510.jpg | https://static.dd-room.com/images/object/6/r/x/6rxht4ac3e6t7byv/cover/8581cf502082556177028b14661647f1_766x510.jpg | https://static.dd-room.com/images/object/6/r/x/6rxht4ac3e6t7byv/cover/15225d3a6d07a5d73823baeb9ed6dda3_766x510.jpg | https://static.dd-room.com/images/object/6/r/x/6rxht4ac3e6t7byv/cover/daf67cc4b8dcf34359d58a0a1cc36203_766x510.jpg | https://static.dd-room.com/images/object/6/r/x/6rxht4ac3e6t7byv/cover/4addf8c3800105a07ebc977a6d663b35_766x510.jpg
6dtnc2soomppnhgm,https://www.dd-room.com/object/6dtnc2soomppnhgm,社子商圈二樓分租套房-E,8500,17000,0,臺北市士林區延平北路五段,士林區,延平北路五段,25.0811652,121.5105537,1房1衛,1,0,1,0,0,2.0,分租套房,apt,4.0,2,4,12,2026-07-12,broker,水泥隔間,床、桌子、椅子、衣櫃、網路、冷氣、洗衣機、冰箱、電視、熱水器,未提供,水費,未提供,4,https://static.dd-room.com/images/object/6/d/t/6dtnc2soomppnhgm/cover/886f16327b8f62783a96fdd5481c9d73_766x510.jpg | https://static.dd-room.com/images/object/6/d/t/6dtnc2soomppnhgm/cover/5c631b28bb137f71b18f330fede5f543_766x510.jpg | https://static.dd-room.com/images/object/6/d/t/6dtnc2soomppnhgm/cover/f96613f73026598594e26137e4917216_766x510.jpg | https://static.dd-room.com/images/object/6/d/t/6dtnc2soomppnhgm/cover/c0ed9fe003c917f2f7e95cbce33e5172_766x510.jpg
ozuabyyw39gnwpmq,https://www.dd-room.com/object/ozuabyyw39gnwpmq,社子商圈二樓分租套房-D,9500,19000,0,臺北市士林區延平北路五段,士林區,延平北路五段,25.0811652,121.5105537,未提供,0,0,0,0,0,2.0,分租套房,apt,4.0,2,4,12,2026-07-12,broker,水泥隔間,床、椅子、衣櫃、網路、冷氣、洗衣機、冰箱、電視、流理台、熱水器,未提供,水費,未提供,4,https://static.dd-room.com/images/object/o/z/u/ozuabyyw39gnwpmq/cover/c1945c8f39c0ba5dddbc507f51025616_766x510.jpg | https://static.dd-room.com/images/object/o/z/u/ozuabyyw39gnwpmq/cover/1e4894d1c73ddc976a8d961a975c6561_766x510.jpg | https://static.dd-room.com/images/object/o/z/u/ozuabyyw39gnwpmq/cover/2f41c1db3b011c9879788c756513387c_766x510.jpg | https://static.dd-room.com/images/object/o/z/u/ozuabyyw39gnwpmq/cover/859d3130802199df8d53773210bc728b_766x510.jpg
8juhvbintx4pcmp3,https://www.dd-room.com/object/8juhvbintx4pcmp3,中山行天宮站近三線捷運可短租包水電網路,8000,0,0,臺北市中山區中原街,中山區,中原街,25.0637555,121.529034,4房1廳4衛1廚2陽台,4,1,4,1,2,8.0,雅房,apt,6.0,3,3,1,2026-07-12,agent,共生公寓、保全設施、有飲水機、可開伙、定期清潔、免仲介費、有陽台,床、桌子、椅子、沙發、衣櫃、鞋櫃、櫃子、網路、冷氣、洗衣機、冰箱、電視、流理台、熱水器、排油煙機、瓦斯爐、電磁爐,未提供,電費、水費、瓦斯費、第四台、網路費、管理費、清潔費,未提供,8,https://static.dd-room.com/images/object/8/j/u/8juhvbintx4pcmp3/cover/7afe56d8d12d67a47092d248f91acb94_766x510.jpg | https://static.dd-room.com/images/object/8/j/u/8juhvbintx4pcmp3/cover/b39d7ae63662ac7ee488408fedcba1f9_766x510.jpg | https://static.dd-room.com/images/object/8/j/u/8juhvbintx4pcmp3/cover/551ee3650cf3b0434c76f5f2580bac9c_766x510.jpg | https://static.dd-room.com/images/object/8/j/u/8juhvbintx4pcmp3/cover/d304562457619589042eec15fe425a0e_766x510.jpg | https://static.dd-room.com/images/object/8/j/u/8juhvbintx4pcmp3/cover/e279c104b777af61f6c31ee27bfab569_766x510.jpg | https://static.dd-room.com/images/object/8/j/u/8juhvbintx4pcmp3/cover/eab9c0f2e6f650bf277ad9016ed6a12e_766x510.jpg | https://static.dd-room.com/images/object/8/j/u/8juhvbintx4pcmp3/cover/ac2107490273984aa8abcbf1336a30dd_766x510.jpg | https://static.dd-room.com/images/object/8/j/u/8juhvbintx4pcmp3/cover/55db5cfc0e9f2738559e6f70bacba42b_766x510.jpg
3u6net11ywgv511p,https://www.dd-room.com/object/3u6net11ywgv511p,五星套房..近台北車站、西門町,26000,26000,0,臺北市中正區博愛路,中正區,博愛路,25.037819,121.5110521,1房1衛,1,0,1,0,0,2.0,獨立套房,elevator,8.0,6,9,1,2026-07-12,individual,對外窗、水泥隔間、有電梯、定期清潔,床、桌子、椅子、衣櫃、鞋櫃、櫃子、網路、冷氣、冰箱、電視、第四台、電視盒,未提供,電費、水費、網路費、管理費、清潔費,未提供,14,https://static.dd-room.com/images/object/3/u/6/3u6net11ywgv511p/cover/d5da64ca3171b9f275b5f96a54bedb70_766x510.jpg | https://static.dd-room.com/images/object/3/u/6/3u6net11ywgv511p/cover/470f44f56a3ffa5c2f5c7c9df14aad66_766x510.jpg | https://static.dd-room.com/images/object/3/u/6/3u6net11ywgv511p/cover/e6d6fd56ff822c2894efe833973f4f92_766x510.jpg | https://static.dd-room.com/images/object/3/u/6/3u6net11ywgv511p/cover/21e05028de270fde627ee30513907d65_766x510.jpg | https://static.dd-room.com/images/object/3/u/6/3u6net11ywgv511p/cover/dcce5033ff6bc0c1449e977cd6af9e94_766x510.jpg | https://static.dd-room.com/images/object/3/u/6/3u6net11ywgv511p/cover/d85bf52320fada35c94c7e73f5b406ad_766x510.jpg | https://static.dd-room.com/images/object/3/u/6/3u6net11ywgv511p/cover/7061c09276ed4717196b0eee5c5f9db1_766x510.jpg | https://static.dd-room.com/images/object/3/u/6/3u6net11ywgv511p/cover/c16a1edb85d5fb367bc2c7853cb9e1cf_766x510.jpg | https://static.dd-room.com/images/object/3/u/6/3u6net11ywgv511p/cover/2982df5ccad05c2fd9628a1bf631066b_766x510.jpg | https://static.dd-room.com/images/object/3/u/6/3u6net11ywgv511p/cover/3fff7e6fbf4a5797b55360431a6d0c60_766x510.jpg | https://static.dd-room.com/images/object/3/u/6/3u6net11ywgv511p/cover/8d2aa1b9679bc7503c6efc4431456914_766x510.jpg | https://static.dd-room.com/images/object/3/u/6/3u6net11ywgv511p/cover/13234c2f02c8db9f4101dc1777af0572_766x510.jpg | https://static.dd-room.com/images/object/3/u/6/3u6net11ywgv511p/cover/8b663136e609f4e101b2480a74d22fb8_766x510.jpg | https://static.dd-room.com/images/object/3/u/6/3u6net11ywgv511p/cover/ca0741efa12c88a86e464669757e6849_766x510.jpg
enmn5utudtg0c8a5,https://www.dd-room.com/object/enmn5utudtg0c8a5,南軟走路運動上班超方便--溫馨明亮兩大房,24800,49600,0,臺北市內湖區安康路,內湖區,安康路,25.0647734,121.6089867,2房1廳1衛1廚1陽台,2,1,1,1,1,2.0,整層,house,20.0,3,3,12,2026-07-12,individual,對外窗、可無火煮食、免仲介費,床、桌子、椅子、衣櫃、櫃子、網路、冷氣、洗衣機、冰箱、電視、第四台、電視盒、流理台、熱水器、電磁爐,未提供,水費、第四台、網路費,未提供,9,https://static.dd-room.com/images/object/e/n/m/enmn5utudtg0c8a5/cover/c1dfaf348236f59c54850b9ffdf99dfd_766x510.jpg | https://static.dd-room.com/images/object/e/n/m/enmn5utudtg0c8a5/cover/f7431d46d07cc71e2e6881e5b555ce19_766x510.jpg | https://static.dd-room.com/images/object/e/n/m/enmn5utudtg0c8a5/cover/2edbd5855c8f9e2fd084819751eadc46_766x510.jpg | https://static.dd-room.com/images/object/e/n/m/enmn5utudtg0c8a5/cover/d28bfffba88003e5956ad94298df2faf_766x510.jpg | https://static.dd-room.com/images/object/e/n/m/enmn5utudtg0c8a5/cover/c9e3abc0d40d2b5bff4aa654271d5e0a_766x510.jpg | https://static.dd-room.com/images/object/e/n/m/enmn5utudtg0c8a5/cover/e10bd26ef5357a878f16ad0c7a1de5e1_766x510.jpg | https://static.dd-room.com/images/object/e/n/m/enmn5utudtg0c8a5/cover/56a52ff95a1d282b005f79bb3b6f5c07_766x510.jpg | https://static.dd-room.com/images/object/e/n/m/enmn5utudtg0c8a5/cover/a4565f636cc5b9dba2c11d8f5cf64343_766x510.jpg | https://static.dd-room.com/images/object/e/n/m/enmn5utudtg0c8a5/cover/8b3927c77ff71fbc9d9b0f50459a29f8_766x510.jpg
fknv0d18e69is7fb,https://www.dd-room.com/object/fknv0d18e69is7fb,近捷運港墘【超值租案】新裝潢★垃圾代收★變頻冷氣,13799,27598,0,臺北市內湖區江南街,內湖區,江南街,25.0771479,121.5772438,1房1衛,1,0,1,0,0,2.0,獨立套房,apt,3.0,5,5,12,2026-07-12,broker,可開伙、垃圾代收,未提供,未提供,水費,限男性,5,https://img2.591.com.tw/house/2026/07/13/178393005383024705.jpg!1000x.jpg | https://img2.591.com.tw/house/2026/07/13/178393005383987700.jpg!1000x.jpg | https://img1.591.com.tw/house/2026/07/13/178393005388544208.jpg!1000x.jpg | https://img1.591.com.tw/house/2026/07/13/178393005381984505.jpg!1000x.jpg | https://img1.591.com.tw/house/2026/07/13/178393005395728404.jpg!1000x.jpg
ri5bvzgiyi3oresz,https://www.dd-room.com/object/ri5bvzgiyi3oresz,忠順3房2衛美寓,30000,60000,0,臺北市文山區忠順街二段90巷x號4樓,文山區,忠順街二段,24.9841188,121.5589819,3房2廳2衛1廚1陽台,3,2,2,1,1,3.0,整層,apt,31.0,4,5,12,2026-07-12,individual,可開伙、對外窗、水泥隔間、電費照台電、水費照台水、有陽台、可入籍、租金補貼,桌子、椅子、沙發、衣櫃、流理台、熱水器、天然瓦斯、排油煙機、瓦斯爐,未提供,未提供,未提供,8,https://static.dd-room.com/images/object/r/i/5/ri5bvzgiyi3oresz/cover/6049b610ff72fb7601b696b87939ca55_766x510.jpg | https://static.dd-room.com/images/object/r/i/5/ri5bvzgiyi3oresz/cover/2bdf2569ccfbc408fd466e60f2ef1d39_766x510.jpg | https://static.dd-room.com/images/object/r/i/5/ri5bvzgiyi3oresz/cover/b2cb69e175522c2d430d675c54bb5c95_766x510.jpg | https://static.dd-room.com/images/object/r/i/5/ri5bvzgiyi3oresz/cover/f97a0fb7f994cb8a4b688b7dbad66ad8_766x510.jpg | https://static.dd-room.com/images/object/r/i/5/ri5bvzgiyi3oresz/cover/6ec72c85780267f6f0676fc99978fda5_766x510.jpg | https://static.dd-room.com/images/object/r/i/5/ri5bvzgiyi3oresz/cover/60c75268bdf0ba52aeb7d87f35ba76e5_766x510.jpg | https://static.dd-room.com/images/object/r/i/5/ri5bvzgiyi3oresz/cover/742f6264b6279eefe53ab35f8f27e179_766x510.jpg | https://static.dd-room.com/images/object/r/i/5/ri5bvzgiyi3oresz/cover/9eac60dea2407c681a23090f4eb38caf_766x510.jpg
ncwqu2jlhxm8mpjn,https://www.dd-room.com/object/ncwqu2jlhxm8mpjn,近捷運永春【超值租案】低樓層★近商圈★女性專屬,11000,22000,0,臺北市信義區永吉路,信義區,永吉路,25.0455822,121.5742053,1房1衛,1,0,1,0,0,2.0,獨立套房,apt,5.0,2,4,12,2026-07-12,broker,未提供,未提供,未提供,水費,限女性,6,https://renco-rentals-prod.s3.ap-northeast-1.amazonaws.com/24187/medium/41457dd5-91eb-4ae9-8617-cbd438004dc3.jpg | https://renco-rentals-prod.s3.ap-northeast-1.amazonaws.com/24187/medium/360e0deb-cf95-43f1-9e4d-d52172c8a3c0.jpg | https://renco-rentals-prod.s3.ap-northeast-1.amazonaws.com/24187/medium/e5b184b9-15f8-4141-9f8c-9b54184d1491.jpg | https://renco-rentals-prod.s3.ap-northeast-1.amazonaws.com/24187/medium/b4160207-91e9-4f47-bdc5-4b9b90f6beb4.jpg | https://renco-rentals-prod.s3.ap-northeast-1.amazonaws.com/24187/medium/e365f630-e703-4e71-be2f-90cc1b7d98ce.jpg | https://renco-rentals-prod.s3.ap-northeast-1.amazonaws.com/24187/medium/bb28fcbe-dc40-4c1b-9cf2-9ab710968df3.jpg
nppy4hcchfzx36u5,https://www.dd-room.com/object/nppy4hcchfzx36u5,文教區住辦兩用,12000,24000,0,臺北市中正區水源路,中正區,水源路,25.0240425,121.5147413,2房1廳1衛1廚2陽台,2,1,1,1,2,2.0,獨立套房,apt,14.0,3,5,6,2026-07-11,individual,可養貓、可養狗、可開伙、電費照台電、水費照台水,冷氣、流理台、熱水器、排油煙機、瓦斯爐,未提供,未提供,未提供,6,https://static.dd-room.com/images/object/n/p/p/nppy4hcchfzx36u5/cover/86944c5aa961c74f05498eeb5edeaa15_766x510.jpg | https://static.dd-room.com/images/object/n/p/p/nppy4hcchfzx36u5/cover/cf275a32f44fb2028c128d6983319a47_766x510.jpg | https://static.dd-room.com/images/object/n/p/p/nppy4hcchfzx36u5/cover/d46c2389f633af88a4fe1a3364cae51b_766x510.jpg | https://static.dd-room.com/images/object/n/p/p/nppy4hcchfzx36u5/cover/7d4f3c7fcb4e0f255929c8b06a4614ae_766x510.jpg | https://static.dd-room.com/images/object/n/p/p/nppy4hcchfzx36u5/cover/2e272430627d9bb12ff0c2ae40444132_766x510.jpg | https://static.dd-room.com/images/object/n/p/p/nppy4hcchfzx36u5/cover/2001713407dbf9b1f5ec73adf029903d_766x510.jpg
dt8btixtzlqilmpd,https://www.dd-room.com/object/dt8btixtzlqilmpd,剩三間！朋友一起來《小巨蛋x忠孝敦化雙捷運/一卡皮箱入住》,11800,0,0,臺北市松山區八德路三段,松山區,八德路三段,25.0480249,121.5554986,1房1廳1衛1廚1陽台,1,1,1,1,1,1.0,整層,apt,30.0,4,5,3,2026-07-11,individual,可開伙、對外窗、電費照台電、水費照台水、共生公寓、定期清潔、水泥隔間、氣密窗、有陽台、免仲介費、可無火煮食、有飲水機、保全設施、智慧宅、高齡友善、可養其他寵物,床、桌子、椅子、沙發、衣櫃、鞋櫃、櫃子、網路、冷氣、洗衣機、冰箱、電視、第四台、電視盒、流理台、熱水器、天然瓦斯、排油煙機、瓦斯爐,有機車車位,第四台、網路費、管理費、清潔費,未提供,7,https://static.dd-room.com/images/object/d/t/8/dt8btixtzlqilmpd/cover/0b78d8e0f45e4723989e424d799be9b2_766x510.jpg | https://static.dd-room.com/images/object/d/t/8/dt8btixtzlqilmpd/cover/aeefa5513a00fbb356e04811ad58f5bf_766x510.jpg | https://static.dd-room.com/images/object/d/t/8/dt8btixtzlqilmpd/cover/c18439c7b5c61de57fab5a8275995281_766x510.jpg | https://static.dd-room.com/images/object/d/t/8/dt8btixtzlqilmpd/cover/55712f75f60527e12a018834faa8725b_766x510.jpg | https://static.dd-room.com/images/object/d/t/8/dt8btixtzlqilmpd/cover/2caadd86b8fab21c6bf494e0c6c5ef39_766x510.jpg | https://static.dd-room.com/images/object/d/t/8/dt8btixtzlqilmpd/cover/0279dcd93479e1090ab57798ff6f1f95_766x510.jpg | https://static.dd-room.com/images/object/d/t/8/dt8btixtzlqilmpd/cover/d4913f5cab68c3f903e11808175200d7_766x510.jpg
uo5uigqddylk8wqe,https://www.dd-room.com/object/uo5uigqddylk8wqe,捷運後山埤【優質租案】可補助★有警衛★洗衣機,27999,55998,0,臺北市南港區忠孝東路六段,南港區,忠孝東路六段,25.0491863,121.5885828,1房1衛,1,0,1,0,0,2.0,獨立套房,apt,4.0,13,14,12,2026-07-11,broker,可開伙、租金補貼,未提供,未提供,未提供,未提供,10,https://renco-rentals-prod.s3.ap-northeast-1.amazonaws.com/20942/medium/7c17f4ff-fa0c-40dc-8982-693ba1530b57.jpg | https://renco-rentals-prod.s3.ap-northeast-1.amazonaws.com/20942/medium/9de70133-b658-4046-b62f-dbba69c4616b.jpg | https://renco-rentals-prod.s3.ap-northeast-1.amazonaws.com/20942/medium/676dc15c-8a72-4db2-942d-b28d9bf742d0.jpg | https://renco-rentals-prod.s3.ap-northeast-1.amazonaws.com/20942/medium/d5e700c5-46d2-49d1-9f48-b14f67e3a322.jpg | https://renco-rentals-prod.s3.ap-northeast-1.amazonaws.com/20942/medium/5c168594-c8c1-4dfa-a96b-7954c05ea9f5.jpg | https://renco-rentals-prod.s3.ap-northeast-1.amazonaws.com/20942/medium/2fe7c79d-4bae-46e7-8c53-8d97e3dfa62f.jpg | https://renco-rentals-prod.s3.ap-northeast-1.amazonaws.com/20942/medium/42395ad4-ce31-449a-92c6-dc88dfae9010.jpg | https://renco-rentals-prod.s3.ap-northeast-1.amazonaws.com/20942/medium/645412bb-a68c-4cff-a7ab-944cd41cad50.jpg | https://renco-rentals-prod.s3.ap-northeast-1.amazonaws.com/20942/medium/612a1f6f-6f59-46a0-85ae-4e36e6113f45.jpg | https://renco-rentals-prod.s3.ap-northeast-1.amazonaws.com/20942/medium/03eb74fc-99c3-45d1-8604-f581e61e0fa5.jpg
pyvpxlw5tsete6de,https://www.dd-room.com/object/pyvpxlw5tsete6de,可租補 建中旁2樓 雅房7800元安靜,7800,7800,0,臺北市中正區泉州街,中正區,泉州街,25.0286498,121.5144435,4房2衛1陽台,4,0,2,0,1,1.0,雅房,apt,4.5,2,5,12,2026-07-11,individual,可無火煮食、對外窗、水泥隔間、保全設施、定期清潔、免仲介費、電費照台電、租金補貼,床、桌子、椅子、衣櫃、鞋櫃、櫃子、保全設施、網路、冷氣、洗衣機、冰箱、熱水器、天然瓦斯、住警器,有機車車位,電費、水費、瓦斯費、網路費,限男性,5,https://static.dd-room.com/images/object/p/y/v/pyvpxlw5tsete6de/cover/9b76e09a30d4bd04aa6ddddae4a81f7c_766x510.jpg | https://static.dd-room.com/images/object/p/y/v/pyvpxlw5tsete6de/cover/565f20ff5eb9e1704261e0c47f9eaebe_766x510.jpg | https://static.dd-room.com/images/object/p/y/v/pyvpxlw5tsete6de/cover/696b7ebf46eccea8b64f49940f837a80_766x510.jpg | https://static.dd-room.com/images/object/p/y/v/pyvpxlw5tsete6de/cover/0635f81f38701e226101121d6a93a891_766x510.jpg | https://static.dd-room.com/images/object/p/y/v/pyvpxlw5tsete6de/cover/e7090121c485236358003e9b0a95a2df_766x510.jpg
xkn2jz7iv6z0dhph,https://www.dd-room.com/object/xkn2jz7iv6z0dhph,捷運台電大樓1分【優質租案】補助洽★可養寵★獨立陽台,15999,31998,0,臺北市大安區師大路,大安區,師大路,25.0218269,121.528185,1房1衛,1,0,1,0,0,2.0,獨立套房,apt,3.0,4,4,12,2026-07-10,broker,可養貓、可養狗、可開伙、租金補貼,未提供,未提供,未提供,未提供,7,https://renco-rentals-prod.s3.ap-northeast-1.amazonaws.com/27384/medium/119b932d-063d-4990-8997-2e16d0c6d3db.jpg | https://renco-rentals-prod.s3.ap-northeast-1.amazonaws.com/27384/medium/570d35a4-5412-49df-92ed-3fb3f47f25fc.jpg | https://renco-rentals-prod.s3.ap-northeast-1.amazonaws.com/27384/medium/bf88aada-ef47-441c-b610-312fd22098ef.jpg | https://renco-rentals-prod.s3.ap-northeast-1.amazonaws.com/27384/medium/2759c763-8d22-4774-ba2a-3cd16a472bc2.jpg | https://renco-rentals-prod.s3.ap-northeast-1.amazonaws.com/27384/medium/ef17289a-caa1-41ef-ab08-b636f59205da.jpg | https://renco-rentals-prod.s3.ap-northeast-1.amazonaws.com/27384/medium/e8c010f2-2a47-465a-8e61-cb7d1fbf96cb.jpg | https://renco-rentals-prod.s3.ap-northeast-1.amazonaws.com/27384/medium/606e199f-8e00-4943-b74b-a664f885b940.jpg
jgpdtph2r7o8u2o7,https://www.dd-room.com/object/jgpdtph2r7o8u2o7,民生社區【優質租案】大空間★工作室★採光優,22999,45998,0,臺北市松山區新東街,松山區,新東街,25.0590866,121.5659347,1房1衛,1,0,1,0,0,2.0,獨立套房,apt,6.0,1,4,12,2026-07-10,broker,未提供,冷氣、熱水器、天然瓦斯,未提供,未提供,未提供,6,https://renco-rentals-prod.s3.ap-northeast-1.amazonaws.com/43192/medium/9f4409fc-c265-43a2-bc5c-fd715da3227d.jpg | https://renco-rentals-prod.s3.ap-northeast-1.amazonaws.com/43192/medium/b67ba429-581b-49f0-bde5-2840662f29cc.jpg | https://renco-rentals-prod.s3.ap-northeast-1.amazonaws.com/43192/medium/a53db6e4-e50e-4172-b22d-3d5b0bffc809.jpg | https://renco-rentals-prod.s3.ap-northeast-1.amazonaws.com/43192/medium/f5a34da6-98bb-4731-a5a5-e60f14886e11.jpg | https://renco-rentals-prod.s3.ap-northeast-1.amazonaws.com/43192/medium/79f6949f-4b1b-49eb-9364-060c30974c48.jpg | https://renco-rentals-prod.s3.ap-northeast-1.amazonaws.com/43192/medium/f3ef269a-6162-44a8-a774-13873bb71571.jpg
vzj6420ycdr1rmue,https://www.dd-room.com/object/vzj6420ycdr1rmue,捷運市政府1分【秒殺租案】可補助★養貓咪★報稅,21499,42998,1500,臺北市信義區忠孝東路五段,信義區,忠孝東路五段,25.0411286,121.5785763,1房1衛,1,0,1,0,0,2.0,獨立套房,elevator,4.0,2,6,12,2026-07-10,broker,有電梯、租金補貼,未提供,未提供,未提供,未提供,5,https://renco-rentals-prod.s3.ap-northeast-1.amazonaws.com/42919/medium/d3eb13f5-164b-48d2-902b-5c3c6bb34344.jpg | https://renco-rentals-prod.s3.ap-northeast-1.amazonaws.com/42919/medium/8b03e2d8-6ba2-45ab-8ab2-a5690a3e3f06.jpg | https://renco-rentals-prod.s3.ap-northeast-1.amazonaws.com/42919/medium/754b64fd-d17a-4a74-bae4-609876f01647.jpg | https://renco-rentals-prod.s3.ap-northeast-1.amazonaws.com/42919/medium/7dbd8808-ccea-440b-a2d2-7e8d07755f0d.jpg | https://renco-rentals-prod.s3.ap-northeast-1.amazonaws.com/42919/medium/34b8158e-a232-475d-8c46-4ed57c1cef00.jpg
hasti9hfdzwlgkq3,https://www.dd-room.com/object/hasti9hfdzwlgkq3,捷運台電大樓3分【超值租案】女性專屬★獨立衛浴★小資首選,8699,17398,0,臺北市中正區羅斯福路三段,中正區,羅斯福路三段,25.0210343,121.5293258,1房1衛,1,0,1,0,0,2.0,獨立套房,apt,3.0,5,5,12,2026-07-10,broker,未提供,未提供,未提供,未提供,限女性,5,https://renco-rentals-prod.s3.ap-northeast-1.amazonaws.com/43195/medium/738a7c45-7cd4-415e-bb6e-8209f8c8c756.jpg | https://renco-rentals-prod.s3.ap-northeast-1.amazonaws.com/43195/medium/6fa42d84-32b1-47c1-9821-d1dacb76cdb9.jpg | https://renco-rentals-prod.s3.ap-northeast-1.amazonaws.com/43195/medium/5ec5374d-1644-4e71-9b2a-707731f54ad7.jpg | https://renco-rentals-prod.s3.ap-northeast-1.amazonaws.com/43195/medium/3e7106d3-e02d-4fbb-9e1a-855c750ca6c0.jpg | https://renco-rentals-prod.s3.ap-northeast-1.amazonaws.com/43195/medium/1d44e988-eb2c-4efe-8d7a-f9b9aaa6bfda.jpg
sie3myfgoiycqfpo,https://www.dd-room.com/object/sie3myfgoiycqfpo,捷運台電大樓【超值租案】限女性★對外窗★獨立衛浴,7499,14998,0,臺北市中正區羅斯福路三段,中正區,羅斯福路三段,25.0210343,121.5293258,1房1衛,1,0,1,0,0,2.0,獨立套房,apt,3.0,5,5,12,2026-07-10,broker,未提供,冰箱、洗衣機、冷氣、床、衣櫃、網路、桌子、椅子,未提供,未提供,限女性,6,https://renco-rentals-prod.s3.ap-northeast-1.amazonaws.com/43153/medium/8ad107b7-20b4-4955-8a56-67dcf345cdbc.jpg | https://renco-rentals-prod.s3.ap-northeast-1.amazonaws.com/43153/medium/142658ec-93bd-4b32-bd8b-b5fca3d8b10f.jpg | https://renco-rentals-prod.s3.ap-northeast-1.amazonaws.com/43153/medium/2898b33d-7b98-4fe3-8609-cc8bbf99ae68.jpg | https://renco-rentals-prod.s3.ap-northeast-1.amazonaws.com/43153/medium/e47f95c2-196f-4bd1-b697-2863c11e70f8.jpg | https://renco-rentals-prod.s3.ap-northeast-1.amazonaws.com/43153/medium/87b5514a-0946-46b4-a2b6-caf27e89faeb.jpg | https://renco-rentals-prod.s3.ap-northeast-1.amazonaws.com/43153/medium/949fc141-acc2-469b-9b8a-e9bf93a0435f.jpg
4lnzjxatfjlwv7kr,https://www.dd-room.com/object/4lnzjxatfjlwv7kr,青年公園【優質租案】洗衣機★有陽台★流理台,17999,35998,0,臺北市中正區汀州路一段,中正區,汀州路一段,25.0270475,121.5109434,1房1衛1陽台,1,0,1,0,1,2.0,獨立套房,apt,16.0,6,6,12,2026-07-10,broker,有陽台,洗衣機、冷氣、熱水器、床、沙發、桌子,未提供,未提供,未提供,7,https://renco-rentals-prod.s3.ap-northeast-1.amazonaws.com/43080/medium/dc258798-2b26-48f1-ad8b-06213ec1f815.jpg | https://renco-rentals-prod.s3.ap-northeast-1.amazonaws.com/43080/medium/bd64097c-cddb-4003-a4fc-c18e7cb54a91.jpg | https://renco-rentals-prod.s3.ap-northeast-1.amazonaws.com/43080/medium/ae8c6811-6ea2-4a7e-a2e3-d9ff7ea1098b.jpg | https://renco-rentals-prod.s3.ap-northeast-1.amazonaws.com/43080/medium/ecec634a-aca1-46d0-a10b-cb70ec02fd40.jpg | https://renco-rentals-prod.s3.ap-northeast-1.amazonaws.com/43080/medium/5bbd2e0e-9627-4279-ac2f-7a2983173fe0.jpg | https://renco-rentals-prod.s3.ap-northeast-1.amazonaws.com/43080/medium/290ac14b-1ec6-4e96-9af0-08eca676c223.jpg | https://renco-rentals-prod.s3.ap-northeast-1.amazonaws.com/43080/medium/806c6bd6-92ee-4988-bc9e-717ca245c075.jpg
ujoevo3awmohagrk,https://www.dd-room.com/object/ujoevo3awmohagrk,中山區松江南京站四平商圈靜巷雅房限男性,7800,15600,0,臺北市中山區伊通街,中山區,伊通街,25.0497272,121.5347623,1房,1,0,0,0,0,1.0,雅房,apt,4.0,5,4,12,2026-07-10,agent,對外窗、有飲水機、免仲介費,床、桌子、椅子、衣櫃、櫃子、網路、冷氣、洗衣機、冰箱、熱水器、天然瓦斯,未提供,電費、水費、瓦斯費、網路費,限男性,2,https://static.dd-room.com/images/object/u/j/o/ujoevo3awmohagrk/cover/f2b3261f9b778f98257ac57bfef1f17e_766x510.jpg | https://static.dd-room.com/images/object/u/j/o/ujoevo3awmohagrk/cover/6401eea8fb50159dbdd571c8359598e3_766x510.jpg
q7w3sanutvk8pdaf,https://www.dd-room.com/object/q7w3sanutvk8pdaf,中山區松江南京站靜巷通風雅房限男,9000,18000,0,臺北市中山區伊通街,中山區,伊通街,25.0497272,121.5347623,1房,1,0,0,0,0,1.0,雅房,apt,7.0,4,5,99,2026-07-10,agent,有飲水機、對外窗、免仲介費,床、桌子、椅子、衣櫃、櫃子、網路、冷氣、洗衣機、天然瓦斯,未提供,電費、水費、瓦斯費、網路費,限男性,6,https://static.dd-room.com/images/object/q/7/w/q7w3sanutvk8pdaf/cover/f2e495b310f2034eee4c520b86ba837d_766x510.jpg | https://static.dd-room.com/images/object/q/7/w/q7w3sanutvk8pdaf/cover/537f5d712f19b6c8d9d00f49641db924_766x510.jpg | https://static.dd-room.com/images/object/q/7/w/q7w3sanutvk8pdaf/cover/27a5fe1ea7e52c3f4ded21b5a77422cf_766x510.jpg | https://static.dd-room.com/images/object/q/7/w/q7w3sanutvk8pdaf/cover/2bf1605f2cde5eadbdba8caa97705d19_766x510.jpg | https://static.dd-room.com/images/object/q/7/w/q7w3sanutvk8pdaf/cover/0ea670398738b3984a91aacde567ace7_766x510.jpg | https://static.dd-room.com/images/object/q/7/w/q7w3sanutvk8pdaf/cover/ecb7a28789cdbfdd72901cfc20a9b149_766x510.jpg
nm7uyontx7c0hv1c,https://www.dd-room.com/object/nm7uyontx7c0hv1c,免仲介費優質套房釋出，松江南京站周邊靜巷四平商圈,12900,25800,0,臺北市中山區伊通街,中山區,伊通街,25.0497272,121.5347623,1房1衛,1,0,1,0,0,2.0,分租套房,apt,8.0,5,5,12,2026-07-10,agent,對外窗、免仲介費,床、桌子、椅子、衣櫃、櫃子、網路、冷氣、天然瓦斯,未提供,水費、瓦斯費,未提供,6,https://static.dd-room.com/images/object/n/m/7/nm7uyontx7c0hv1c/cover/a4ba134ae95425375bc1daaf3a4e9b76_766x510.jpg | https://static.dd-room.com/images/object/n/m/7/nm7uyontx7c0hv1c/cover/635ae05b8ed9feadedf2b7e319dbf6cf_766x510.jpg | https://static.dd-room.com/images/object/n/m/7/nm7uyontx7c0hv1c/cover/a0297174e96b5ab2f5ccea846e61162f_766x510.jpg | https://static.dd-room.com/images/object/n/m/7/nm7uyontx7c0hv1c/cover/af7a89108c8ea2ed16d7c086c513e556_766x510.jpg | https://static.dd-room.com/images/object/n/m/7/nm7uyontx7c0hv1c/cover/217d147b95839678403fe218d33ad8dd_766x510.jpg | https://static.dd-room.com/images/object/n/m/7/nm7uyontx7c0hv1c/cover/b16aad18af7714bba56b6b817e21b651_766x510.jpg
7fvuolnqdtvmorj0,https://www.dd-room.com/object/7fvuolnqdtvmorj0,兆基社會住宅🏠友善屋源捷運葫洲站、寵物友善、可租補入籍免仲,26000,52000,0,臺北市內湖區康寧路三段,內湖區,康寧路三段,25.0688476,121.6121167,3房2廳2衛2陽台,3,2,2,0,2,3.0,整層,apt,26.6,5,5,12,2026-07-10,broker,可無火煮食、可養貓、租金補貼、可報稅、可入籍、社會住宅、免仲介費、有陽台、可開伙,衣櫃、冷氣、熱水器,未提供,未提供,未提供,8,https://static.dd-room.com/images/object/7/f/v/7fvuolnqdtvmorj0/cover/4a2ec0ebb5a8407cdf4b0f343ab5d2d9_766x510.jpg | https://static.dd-room.com/images/object/7/f/v/7fvuolnqdtvmorj0/cover/bb06311517d63bc1b12f43bbb2ad312a_766x510.jpg | https://static.dd-room.com/images/object/7/f/v/7fvuolnqdtvmorj0/cover/854e75edb370b0a06e31a7eef27fd93e_766x510.jpg | https://static.dd-room.com/images/object/7/f/v/7fvuolnqdtvmorj0/cover/e57b7fc83c7893ebb0bc739c76687fa3_766x510.jpg | https://static.dd-room.com/images/object/7/f/v/7fvuolnqdtvmorj0/cover/2ff39e9d64cb41c32ed635309291472f_766x510.jpg | https://static.dd-room.com/images/object/7/f/v/7fvuolnqdtvmorj0/cover/640b2258d5343d6bffb45dbbce1ca10f_766x510.jpg | https://static.dd-room.com/images/object/7/f/v/7fvuolnqdtvmorj0/cover/dd427f866351bbbf207b8c0272f98726_766x510.jpg | https://static.dd-room.com/images/object/7/f/v/7fvuolnqdtvmorj0/cover/896bd4c36429bc0ed6a0353ccc33753d_766x510.jpg
uhckg7fwzsfgmlqe,https://www.dd-room.com/object/uhckg7fwzsfgmlqe,兆基社會住宅🏠友善屋源🧡可租補/有電梯有管理/生活機能佳,15000,30000,641,臺北市大同區南京西路,大同區,南京西路,25.0537899,121.5156011,1房1衛,1,0,1,0,0,2.0,獨立套房,elevator,6.5,11,14,12,2026-07-10,broker,可無火煮食、租金補貼、可報稅、可入籍、社會住宅、免仲介費、可開伙,床、衣櫃、冷氣、電視、熱水器,未提供,未提供,未提供,6,https://static.dd-room.com/images/object/u/h/c/uhckg7fwzsfgmlqe/cover/e541778c7e683807a87ddcc9fe9e8ad5_766x510.jpg | https://static.dd-room.com/images/object/u/h/c/uhckg7fwzsfgmlqe/cover/224a3517e818bdb059910ad7aaa14692_766x510.jpg | https://static.dd-room.com/images/object/u/h/c/uhckg7fwzsfgmlqe/cover/abe9a13aedd46364d3d4833632943a2c_766x510.jpg | https://static.dd-room.com/images/object/u/h/c/uhckg7fwzsfgmlqe/cover/8f86a69c9ef335261440d69ab27f66ce_766x510.jpg | https://static.dd-room.com/images/object/u/h/c/uhckg7fwzsfgmlqe/cover/98312ef1cfb85836f5f089dbc3649e35_766x510.jpg | https://static.dd-room.com/images/object/u/h/c/uhckg7fwzsfgmlqe/cover/f9619ef8dc0714861a2d30522adaa820_766x510.jpg
xi40a1bkqgcvlv2k,https://www.dd-room.com/object/xi40a1bkqgcvlv2k,兆基社會住宅🏠友善屋源🧡可租補/免爬梯/獨立大套房,15000,30000,300,臺北市大同區延平北路一段,大同區,延平北路一段,25.0489595,121.5116395,1房1衛,1,0,1,0,0,2.0,獨立套房,elevator,9.4,9,9,12,2026-07-10,broker,可無火煮食、租金補貼、可報稅、可入籍、社會住宅、免仲介費、可開伙,床、桌子、椅子、衣櫃、冷氣、洗衣機、冰箱、熱水器,未提供,未提供,未提供,7,https://static.dd-room.com/images/object/x/i/4/xi40a1bkqgcvlv2k/cover/329dbb7c254ced1dd0f653d3b071ce1b_766x510.jpg | https://static.dd-room.com/images/object/x/i/4/xi40a1bkqgcvlv2k/cover/efdb26905e20152b3ef7a6e5fd99608e_766x510.jpg | https://static.dd-room.com/images/object/x/i/4/xi40a1bkqgcvlv2k/cover/04d09595067b8435f7b163d0db43a1f8_766x510.jpg | https://static.dd-room.com/images/object/x/i/4/xi40a1bkqgcvlv2k/cover/5ec0de104ed867b2ed83ca03a6a61782_766x510.jpg | https://static.dd-room.com/images/object/x/i/4/xi40a1bkqgcvlv2k/cover/778203ca60aecf66d46ef26256eed3d2_766x510.jpg | https://static.dd-room.com/images/object/x/i/4/xi40a1bkqgcvlv2k/cover/0e436de232d34069c366c9fb14f2d780_766x510.jpg | https://static.dd-room.com/images/object/x/i/4/xi40a1bkqgcvlv2k/cover/e5f08df54e37aaca075eedbe1db98b3f_766x510.jpg
ryevbqjxjpqwac6y,https://www.dd-room.com/object/ryevbqjxjpqwac6y,兆基社會住宅🏠友善屋源🧡小巨蛋/正一房一廳/可租補入籍,23000,46000,695,臺北市松山區南京東路五段,松山區,南京東路五段,25.0511644,121.5693308,1房1廳1衛,1,1,1,0,0,1.0,整層,elevator,13.5,8,11,12,2026-07-10,broker,可無火煮食、可報稅、有電梯、可入籍、社會住宅、免仲介費,床、桌子、椅子、沙發、衣櫃、冷氣、洗衣機、冰箱、電視、熱水器、天然瓦斯,未提供,未提供,未提供,10,https://static.dd-room.com/images/object/r/y/e/ryevbqjxjpqwac6y/cover/a98beab0e560ee4b352023b2086226ba_766x510.jpg | https://static.dd-room.com/images/object/r/y/e/ryevbqjxjpqwac6y/cover/cc9f5242fbc00af4be2f380c75499b17_766x510.jpg | https://static.dd-room.com/images/object/r/y/e/ryevbqjxjpqwac6y/cover/c53efe2f6de91175f22efa1648f59fc5_766x510.jpg | https://static.dd-room.com/images/object/r/y/e/ryevbqjxjpqwac6y/cover/9f339ac04cc1f1a0f716ad63c1e01d0b_766x510.jpg | https://static.dd-room.com/images/object/r/y/e/ryevbqjxjpqwac6y/cover/4a0f0fb069d138ee1003e6e8d51a9a60_766x510.jpg | https://static.dd-room.com/images/object/r/y/e/ryevbqjxjpqwac6y/cover/ce156787746b61df64e6ab75bf4b43d0_766x510.jpg | https://static.dd-room.com/images/object/r/y/e/ryevbqjxjpqwac6y/cover/78c84d1dc9439890184cef850c5697a1_766x510.jpg | https://static.dd-room.com/images/object/r/y/e/ryevbqjxjpqwac6y/cover/98365d0127fb523e938aa0816abf2692_766x510.jpg | https://static.dd-room.com/images/object/r/y/e/ryevbqjxjpqwac6y/cover/d1c3b0c812e72e1fde5840fa6687a240_766x510.jpg | https://static.dd-room.com/images/object/r/y/e/ryevbqjxjpqwac6y/cover/d7ec392ccadaad2c2ba75787f02c52d8_766x510.jpg
0rg7rlmb7gzkfnqp,https://www.dd-room.com/object/0rg7rlmb7gzkfnqp,兆基社會住宅🏠友善屋源🧡南港三樓🧡免仲🧡可租補入籍,28000,56000,0,臺北市南港區舊莊街一段,南港區,舊莊街一段,25.0371917,121.6238671,3房2廳1衛1陽台,3,2,1,0,1,3.0,整層,apt,23.6,3,4,12,2026-07-10,broker,可無火煮食、可報稅、可入籍、社會住宅、免仲介費、有陽台,床、桌子、椅子、沙發、衣櫃、冷氣、洗衣機、冰箱、電視、熱水器、天然瓦斯,未提供,未提供,未提供,8,https://static.dd-room.com/images/object/0/r/g/0rg7rlmb7gzkfnqp/cover/489bde7752fa839ba17e2e896c55517c_766x510.jpg | https://static.dd-room.com/images/object/0/r/g/0rg7rlmb7gzkfnqp/cover/e868d7c8d545ba6cfa92dd65ec68d644_766x510.jpg | https://static.dd-room.com/images/object/0/r/g/0rg7rlmb7gzkfnqp/cover/3e8ab5526e5896b2682dd409728a186f_766x510.jpg | https://static.dd-room.com/images/object/0/r/g/0rg7rlmb7gzkfnqp/cover/9016a26012120db2fe0eb38c7effeec9_766x510.jpg | https://static.dd-room.com/images/object/0/r/g/0rg7rlmb7gzkfnqp/cover/3af2ff33ad5771eda0844ccb5ff0d705_766x510.jpg | https://static.dd-room.com/images/object/0/r/g/0rg7rlmb7gzkfnqp/cover/7feedcf51f2e5d3d7b6ad4d6e36a9363_766x510.jpg | https://static.dd-room.com/images/object/0/r/g/0rg7rlmb7gzkfnqp/cover/2855664ccb33f6cac94e495e95c4e398_766x510.jpg | https://static.dd-room.com/images/object/0/r/g/0rg7rlmb7gzkfnqp/cover/e8a284f4b26ca41f8ccdb47182d05e27_766x510.jpg
r15p3qrf8wbzcy0c,https://www.dd-room.com/object/r15p3qrf8wbzcy0c,兆基社會住宅🏡友善屋源🧡師大商圈、可租補入籍免仲介費,16000,32000,100,臺北市大安區泰順街,大安區,泰順街,25.0250271,121.5314639,未提供,0,0,0,0,0,2.0,獨立套房,apt,6.0,1,5,12,2026-07-10,broker,可無火煮食、可報稅、可入籍、社會住宅、免仲介費,床、桌子、椅子、衣櫃、冷氣、洗衣機、冰箱、電視、熱水器,未提供,未提供,未提供,5,https://static.dd-room.com/images/object/r/1/5/r15p3qrf8wbzcy0c/cover/e42528e30f250abe9e987183ec42e5d9_766x510.jpg | https://static.dd-room.com/images/object/r/1/5/r15p3qrf8wbzcy0c/cover/3710585c7b593ac21e62d0ac408b9e55_766x510.jpg | https://static.dd-room.com/images/object/r/1/5/r15p3qrf8wbzcy0c/cover/2c27cd84328158c147da3a09ef972b08_766x510.jpg | https://static.dd-room.com/images/object/r/1/5/r15p3qrf8wbzcy0c/cover/fec9cf8fcf75c2ecf81983185064b24f_766x510.jpg | https://static.dd-room.com/images/object/r/1/5/r15p3qrf8wbzcy0c/cover/f479af81cbaff3428b9535d5f69a388b_766x510.jpg
a5xezuzftdcmgxdg,https://www.dd-room.com/object/a5xezuzftdcmgxdg,@@忠孝復興SOGO商圈旁*機能溫馨套房,18800,37600,500,臺北市大安區復興南路一段,大安區,復興南路一段,25.0433313,121.5438915,1房1廳1衛,1,1,1,0,0,2.0,獨立套房,elevator,8.5,5,12,12,2026-07-09,broker,對外窗、有電梯、水泥隔間,床、桌子、椅子、冷氣、冰箱、電視、熱水器,未提供,未提供,未提供,15,https://static.dd-room.com/images/object/a/5/x/a5xezuzftdcmgxdg/cover/373bb8796f5b79acd227bda91c94d9c1_766x510.jpg | https://static.dd-room.com/images/object/a/5/x/a5xezuzftdcmgxdg/cover/660d8d9622d8ed8d3c611a5c1ea667be_766x510.jpg | https://static.dd-room.com/images/object/a/5/x/a5xezuzftdcmgxdg/cover/4812ca8cde046036ffe3bc8c333796fc_766x510.jpg | https://static.dd-room.com/images/object/a/5/x/a5xezuzftdcmgxdg/cover/74381b1ab05d5fb5ab8b9f47b2cc019d_766x510.jpg | https://static.dd-room.com/images/object/a/5/x/a5xezuzftdcmgxdg/cover/89a0564643e2eba19ef25dd025c78196_766x510.jpg | https://static.dd-room.com/images/object/a/5/x/a5xezuzftdcmgxdg/cover/352c6a2bf2e925b704e41050ac290dae_766x510.jpg | https://static.dd-room.com/images/object/a/5/x/a5xezuzftdcmgxdg/cover/6b0f2043a55082269399fb46b2c02ce7_766x510.jpg | https://static.dd-room.com/images/object/a/5/x/a5xezuzftdcmgxdg/cover/c98be77dc0a19f05db4ea4a38842d944_766x510.jpg | https://static.dd-room.com/images/object/a/5/x/a5xezuzftdcmgxdg/cover/332ce9948f9e871fba3ea429d41d12dd_766x510.jpg | https://static.dd-room.com/images/object/a/5/x/a5xezuzftdcmgxdg/cover/0820d57449c19b94c1072e0ace798462_766x510.jpg | https://static.dd-room.com/images/object/a/5/x/a5xezuzftdcmgxdg/cover/19095318e0fd8d927b33bb630263e2a0_766x510.jpg | https://static.dd-room.com/images/object/a/5/x/a5xezuzftdcmgxdg/cover/e2d57846c969a54047518ec59b2b508a_766x510.jpg | https://static.dd-room.com/images/object/a/5/x/a5xezuzftdcmgxdg/cover/b59b34875ec2a54879d78e5d2cfaa8ca_766x510.jpg | https://static.dd-room.com/images/object/a/5/x/a5xezuzftdcmgxdg/cover/385ca63bf7ec3b008702aeab3f1209cf_766x510.jpg | https://static.dd-room.com/images/object/a/5/x/a5xezuzftdcmgxdg/cover/3ed91af1ff50a6d7d20b48eb0651f33e_766x510.jpg
jypdhtclznhawex5,https://www.dd-room.com/object/jypdhtclznhawex5,@@天母石牌明德商圈旁*溫馨明亮美居,32888,65776,0,臺北市北投區榮華一路,北投區,榮華一路,25.1122094,121.5242598,1房1廳1衛,1,1,1,0,0,1.0,整層,elevator,16.7,2,5,12,2026-07-09,broker,對外窗、有電梯、水泥隔間,床、桌子、椅子、沙發、衣櫃、冷氣、洗衣機、冰箱、電視、熱水器、天然瓦斯,未提供,未提供,未提供,15,https://static.dd-room.com/images/object/j/y/p/jypdhtclznhawex5/cover/af0a098508c02932230ea99987bf9c0c_766x510.jpg | https://static.dd-room.com/images/object/j/y/p/jypdhtclznhawex5/cover/98acff8aefeaea1f36fba56f8c7a4583_766x510.jpg | https://static.dd-room.com/images/object/j/y/p/jypdhtclznhawex5/cover/2ac8d50d7c6f12f0c2832ba3345040dd_766x510.jpg | https://static.dd-room.com/images/object/j/y/p/jypdhtclznhawex5/cover/65f5aab3c2d81019c50b4c6c095eb87b_766x510.jpg | https://static.dd-room.com/images/object/j/y/p/jypdhtclznhawex5/cover/fe3daaf0a0883e393445bdd670a2c5ad_766x510.jpg | https://static.dd-room.com/images/object/j/y/p/jypdhtclznhawex5/cover/451fd00462b2a175fd7041566fa4db64_766x510.jpg | https://static.dd-room.com/images/object/j/y/p/jypdhtclznhawex5/cover/58b9ab8e0cc12f43176050d60f782e03_766x510.jpg | https://static.dd-room.com/images/object/j/y/p/jypdhtclznhawex5/cover/aa26c567f9a748cc6e016f3459c42ecf_766x510.jpg | https://static.dd-room.com/images/object/j/y/p/jypdhtclznhawex5/cover/196934d26dd3876dc159c8f3d7a770b0_766x510.jpg | https://static.dd-room.com/images/object/j/y/p/jypdhtclznhawex5/cover/b8601865b068546d57bea230d234371f_766x510.jpg | https://static.dd-room.com/images/object/j/y/p/jypdhtclznhawex5/cover/e64757ef97de1dbf53c662cfc0bd7e5b_766x510.jpg | https://static.dd-room.com/images/object/j/y/p/jypdhtclznhawex5/cover/c94681a0f21c4db5fc1597c776ab2213_766x510.jpg | https://static.dd-room.com/images/object/j/y/p/jypdhtclznhawex5/cover/fb32757062cef82a41c95c15b0c4ba01_766x510.jpg | https://static.dd-room.com/images/object/j/y/p/jypdhtclznhawex5/cover/b26bdae29ddf669dc67a3788e6504a37_766x510.jpg | https://static.dd-room.com/images/object/j/y/p/jypdhtclznhawex5/cover/618410c2a57a888e292d0e1870c117fd_766x510.jpg
gaikxijyy4tmbnon,https://www.dd-room.com/object/gaikxijyy4tmbnon,近捷運南京三民站【超值租案】大空間★獨立衛浴★小資首選,9999,19998,0,臺北市松山區寶清街,松山區,寶清街,25.0530892,121.5677239,1房1衛,1,0,1,0,0,2.0,獨立套房,apt,8.0,-1,4,12,2026-07-09,broker,未提供,未提供,未提供,未提供,未提供,5,https://img2.591.com.tw/house/2026/07/10/178367284586538105.png!1000x.png | https://img1.591.com.tw/house/2026/07/10/178367284616202808.png!1000x.png | https://img1.591.com.tw/house/2026/07/10/178367284595458700.png!1000x.png | https://img1.591.com.tw/house/2026/07/10/178367284625487900.png!1000x.png | https://img1.591.com.tw/house/2026/07/10/178367284597084602.png!1000x.png
jim8b2hfybdehyfp,https://www.dd-room.com/object/jim8b2hfybdehyfp,捷運昆陽5分【超值租案】免爬梯★共用廚房,9499,18998,0,臺北市南港區昆陽街,南港區,昆陽街,25.0514814,121.5936232,1房1衛,1,0,1,0,0,1.0,整層,house,2.0,1,2,12,2026-07-09,broker,可開伙,冰箱、洗衣機、電視、熱水器、床、衣櫃、網路、沙發、桌子、椅子,未提供,未提供,未提供,6,https://img1.591.com.tw/house/2026/07/14/178403617948764108.png!1000x.png | https://img2.591.com.tw/house/2026/07/14/178403617944333201.png!1000x.png | https://img2.591.com.tw/house/2026/07/14/178403617947753208.png!1000x.png | https://img2.591.com.tw/house/2026/07/14/178403617931295702.png!1000x.png | https://img1.591.com.tw/house/2026/07/14/178403617951301000.png!1000x.png | https://img1.591.com.tw/house/2026/07/14/178403617950928301.png!1000x.png
vxf5y4sldnsif84c,https://www.dd-room.com/object/vxf5y4sldnsif84c,中山國中站，分租雅房,13500,27000,0,臺北市中山區民權東路三段,中山區,民權東路三段,25.0624217,121.5433341,1房2廳1衛1廚1陽台,1,2,1,1,1,1.0,雅房,elevator,3.0,6,7,12,2026-07-09,individual,可開伙、對外窗、垃圾代收、電費照台電、水費照台水、可報稅、可入籍、免仲介費、有陽台、有電梯、租金補貼,床、桌子、椅子、沙發、衣櫃、鞋櫃、冷氣、洗衣機、冰箱、電視、流理台、熱水器、天然瓦斯、排油煙機、瓦斯爐,未提供,管理費、清潔費,未提供,8,https://static.dd-room.com/images/object/v/x/f/vxf5y4sldnsif84c/cover/18c4bdd0b07301a88f6809804fe428bb_766x510.jpg | https://static.dd-room.com/images/object/v/x/f/vxf5y4sldnsif84c/cover/8be50d8a351dcceebb20db8953f9720e_766x510.jpg | https://static.dd-room.com/images/object/v/x/f/vxf5y4sldnsif84c/cover/a35b1e825e1f769324fadb91efa35276_766x510.jpg | https://static.dd-room.com/images/object/v/x/f/vxf5y4sldnsif84c/cover/5b8a7421c5d2f422ecc37755ed4af508_766x510.jpg | https://static.dd-room.com/images/object/v/x/f/vxf5y4sldnsif84c/cover/b2d111a729c599d502841cb414075c07_766x510.jpg | https://static.dd-room.com/images/object/v/x/f/vxf5y4sldnsif84c/cover/c45441f0e2d4b79c293008afa17e5253_766x510.jpg | https://static.dd-room.com/images/object/v/x/f/vxf5y4sldnsif84c/cover/6461e93d3b6001616f3d2f5aba9771da_766x510.jpg | https://static.dd-room.com/images/object/v/x/f/vxf5y4sldnsif84c/cover/9ef1fdf5c84c92696f58a1f9aa80febf_766x510.jpg
e69yqrpkf3q08qvc,https://www.dd-room.com/object/e69yqrpkf3q08qvc,捷運信義安和5分【優質租案】浴缸★寬敞★獨洗,17499,34998,0,臺北市大安區通化街,大安區,通化街,25.0287281,121.5538123,1房1衛,1,0,1,0,0,2.0,獨立套房,apt,5.0,2,4,12,2026-07-09,broker,未提供,未提供,未提供,未提供,未提供,10,https://renco-rentals-prod.s3.ap-northeast-1.amazonaws.com/43160/medium/a62e4de1-57c7-45a4-afee-349b88f8ff04.jpg | https://renco-rentals-prod.s3.ap-northeast-1.amazonaws.com/43160/medium/bc3d5180-e712-4263-a002-f2f71ddf4070.jpg | https://renco-rentals-prod.s3.ap-northeast-1.amazonaws.com/43160/medium/b21a32d2-5850-46ed-b746-2af6e560d170.jpg | https://renco-rentals-prod.s3.ap-northeast-1.amazonaws.com/43160/medium/4a0f6bb7-4ab9-48f8-8272-193c3674e299.jpg | https://renco-rentals-prod.s3.ap-northeast-1.amazonaws.com/43160/medium/821e415a-16fb-4bfb-9655-5b3325db060f.jpg | https://renco-rentals-prod.s3.ap-northeast-1.amazonaws.com/43160/medium/1f3ca832-80a4-45d4-9a70-65570450fbc4.jpg | https://renco-rentals-prod.s3.ap-northeast-1.amazonaws.com/43160/medium/33410151-c472-465b-877e-30b7bc071d6e.jpg | https://renco-rentals-prod.s3.ap-northeast-1.amazonaws.com/43160/medium/5ca68ac8-20f6-4cf3-9253-3924c13705ad.jpg | https://renco-rentals-prod.s3.ap-northeast-1.amazonaws.com/43160/medium/a17832cc-8764-43cc-a899-3bcfbb4cbc93.jpg | https://renco-rentals-prod.s3.ap-northeast-1.amazonaws.com/43160/medium/b78405f8-632e-4b2c-a3c9-64e05bbd7194.jpg
j1yvyne3iy7ztdw0,https://www.dd-room.com/object/j1yvyne3iy7ztdw0,可租補，方正亮麗，信義路六段近信義計畫區、象山捷運站,18000,36000,0,臺北市信義區信義路六段,信義區,信義路六段,25.0349379,121.5765026,1房1衛,1,0,1,0,0,2.0,分租套房,apt,6.0,4,4,12,2026-07-09,broker,對外窗、租金補貼、保全設施、水泥隔間,床、衣櫃、櫃子、保全設施、網路、冷氣、洗衣機、冰箱、第四台、熱水器,未提供,水費、第四台、網路費,未提供,2,https://static.dd-room.com/images/object/j/1/y/j1yvyne3iy7ztdw0/cover/70cd93e2b33eebacef793b5f17d934b8_766x510.jpg | https://static.dd-room.com/images/object/j/1/y/j1yvyne3iy7ztdw0/cover/c22c6f8d0bd4f50c0e595bbf8c0a3557_766x510.jpg
hyw5d68asjs6fr75,https://www.dd-room.com/object/hyw5d68asjs6fr75,薇閣國中小捷運獨棟電梯舒適大宅邸,49500,99000,4000,臺北市北投區溫泉路,北投區,溫泉路,25.135434,121.5066619,4房2廳2衛1廚2陽台,4,2,2,1,2,4.0,整層,elevator,38.0,3,7,12,2026-07-09,broker,可開伙、對外窗、電費照台電、水費照台水、社會住宅、可入籍、有電梯、水泥隔間、氣密窗、可報稅、有陽台,床、桌子、椅子、沙發、衣櫃、鞋櫃、櫃子、冷氣、流理台、熱水器、天然瓦斯、排油煙機、瓦斯爐,未提供,未提供,未提供,15,https://static.dd-room.com/images/object/h/y/w/hyw5d68asjs6fr75/cover/17dd7ae2ebc3a9a1544c33815eb42278_766x510.jpg | https://static.dd-room.com/images/object/h/y/w/hyw5d68asjs6fr75/cover/dd8e3d8b48d52a9b397592149d363409_766x510.jpg | https://static.dd-room.com/images/object/h/y/w/hyw5d68asjs6fr75/cover/2e7eb9d66bea9ff1f111409ebddd8543_766x510.jpg | https://static.dd-room.com/images/object/h/y/w/hyw5d68asjs6fr75/cover/8415e25378e1ef427370d339e7b761e1_766x510.jpg | https://static.dd-room.com/images/object/h/y/w/hyw5d68asjs6fr75/cover/10ce58a57664dd365717a887f38078f9_766x510.jpg | https://static.dd-room.com/images/object/h/y/w/hyw5d68asjs6fr75/cover/520ac5d49be67c0d104d050660843638_766x510.jpg | https://static.dd-room.com/images/object/h/y/w/hyw5d68asjs6fr75/cover/ab45f5c5ddc77bcf625112d6329b3411_766x510.jpg | https://static.dd-room.com/images/object/h/y/w/hyw5d68asjs6fr75/cover/2be39fb55ae3e3e8e556caa61d0bd75e_766x510.jpg | https://static.dd-room.com/images/object/h/y/w/hyw5d68asjs6fr75/cover/859de064c1a03cd95e74ca41490a8e1e_766x510.jpg | https://static.dd-room.com/images/object/h/y/w/hyw5d68asjs6fr75/cover/9d5fb12ff8aab23a70cf2824c80a9214_766x510.jpg | https://static.dd-room.com/images/object/h/y/w/hyw5d68asjs6fr75/cover/1181fabc3f9b7b14eeb9d3c8417ec734_766x510.jpg | https://static.dd-room.com/images/object/h/y/w/hyw5d68asjs6fr75/cover/927cfbf58de4141bba2e71ba5dd8a24e_766x510.jpg | https://static.dd-room.com/images/object/h/y/w/hyw5d68asjs6fr75/cover/b00ff4e32b8d7944fb177f2f2599496a_766x510.jpg | https://static.dd-room.com/images/object/h/y/w/hyw5d68asjs6fr75/cover/06ba69795ec5f4c3d1a1614fa6428a55_766x510.jpg | https://static.dd-room.com/images/object/h/y/w/hyw5d68asjs6fr75/cover/23c1b647ce0594541f64ef2e1ca84b01_766x510.jpg
t1ufporv3rsdndh7,https://www.dd-room.com/object/t1ufporv3rsdndh7,捷運六張犁站【優質租案】租補洽★限女性★乾溼分離,19000,38000,0,臺北市大安區通化街,大安區,通化街,25.0287281,121.5538123,1房1衛,1,0,1,0,0,2.0,獨立套房,apt,4.0,5,6,12,2026-07-09,broker,租金補貼,未提供,未提供,未提供,未提供,7,https://renco-rentals-prod.s3.ap-northeast-1.amazonaws.com/29547/medium/dd9b32a0-6b19-4529-9e16-d55954d901d0.jpg | https://renco-rentals-prod.s3.ap-northeast-1.amazonaws.com/29547/medium/3aac57fd-6982-4765-8e7a-f4b61362683a.jpg | https://renco-rentals-prod.s3.ap-northeast-1.amazonaws.com/29547/medium/1e041bee-21c0-4476-8b79-d00224981a21.jpg | https://renco-rentals-prod.s3.ap-northeast-1.amazonaws.com/29547/medium/7a57362a-1803-4b54-92a4-7148edd36b07.jpg | https://renco-rentals-prod.s3.ap-northeast-1.amazonaws.com/29547/medium/c6dededf-a2c1-4641-a372-6626a2a7c23c.jpg | https://renco-rentals-prod.s3.ap-northeast-1.amazonaws.com/29547/medium/a7b9d3e2-b0cf-4941-b9a4-88cf567d7cf9.jpg | https://renco-rentals-prod.s3.ap-northeast-1.amazonaws.com/29547/medium/2b664541-ace9-499a-a94c-2c0d795c9fc7.jpg
at2oa3ynflwqr65m,https://www.dd-room.com/object/at2oa3ynflwqr65m,台北市一樓稀有別墅花園10坪套房出租，近捷運及公車站 有停車位，請務必詳閱刊登說明內容後合意者請再洽詢。,14000,28000,500,臺北市文山區興隆路四段1巷,文山區,興隆路四段,24.9910393,121.5611727,1房1衛1陽台,1,0,1,0,1,2.0,分租套房,villa,10.0,1,3,99,2026-07-09,individual,氣密窗、對外窗、水泥隔間、保全設施、垃圾代收、免仲介費、有陽台,床、桌子、椅子、衣櫃、保全設施、網路、冷氣、洗衣機、冰箱、熱水器、住警器,有機車車位、有汽車車位,網路費,未提供,7,https://static.dd-room.com/images/object/a/t/2/at2oa3ynflwqr65m/cover/0b6b948d53ee99bd2b457c32cb23514a_766x510.jpg | https://static.dd-room.com/images/object/a/t/2/at2oa3ynflwqr65m/cover/4675077516e3a1d94e892b36eb501f63_766x510.jpg | https://static.dd-room.com/images/object/a/t/2/at2oa3ynflwqr65m/cover/7a10f52a2bef1d252f62e0d3851efdc0_766x510.jpg | https://static.dd-room.com/images/object/a/t/2/at2oa3ynflwqr65m/cover/592f99a2e66e0500d627548fd9c62c89_766x510.jpg | https://static.dd-room.com/images/object/a/t/2/at2oa3ynflwqr65m/cover/5152d18b7dafab367bcd4a8a0663e746_766x510.jpg | https://static.dd-room.com/images/object/a/t/2/at2oa3ynflwqr65m/cover/b46a7b4a406744fb2e405355d1278c9a_766x510.jpg | https://static.dd-room.com/images/object/a/t/2/at2oa3ynflwqr65m/cover/555633bb73778549ce019f89688dee48_766x510.jpg
tqvnsim7118fvrvm,https://www.dd-room.com/object/tqvnsim7118fvrvm,兆基社會住宅🏠友善屋源🧡世貿站/北醫/可貓/可租補入籍,37000,74000,0,臺北市信義區吳興街,信義區,吳興街,25.0251064,121.5670694,3房2廳1衛2陽台,3,2,1,0,2,3.0,整層,apt,26.0,3,4,12,2026-07-09,broker,可無火煮食、可養貓、可報稅、可入籍、社會住宅、免仲介費、有陽台,床、桌子、椅子、沙發、衣櫃、冷氣、洗衣機、冰箱、熱水器、天然瓦斯,未提供,未提供,未提供,12,https://static.dd-room.com/images/object/t/q/v/tqvnsim7118fvrvm/cover/6bf9e0a865084ab74c84466f3d9aacdb_766x510.jpg | https://static.dd-room.com/images/object/t/q/v/tqvnsim7118fvrvm/cover/7bd6594a3b471df38dcb51996766ef60_766x510.jpg | https://static.dd-room.com/images/object/t/q/v/tqvnsim7118fvrvm/cover/66b99a1a583a6569adc5387598a1e270_766x510.jpg | https://static.dd-room.com/images/object/t/q/v/tqvnsim7118fvrvm/cover/6b622e4adee72fb6987883a3071a49fa_766x510.jpg | https://static.dd-room.com/images/object/t/q/v/tqvnsim7118fvrvm/cover/8a67f7a09452a7517e9c0f21bc5b2875_766x510.jpg | https://static.dd-room.com/images/object/t/q/v/tqvnsim7118fvrvm/cover/c97a789e3c07fa06b1ec8eb0a1c5d862_766x510.jpg | https://static.dd-room.com/images/object/t/q/v/tqvnsim7118fvrvm/cover/10c53ed9536464721d279c7a26a52ce2_766x510.jpg | https://static.dd-room.com/images/object/t/q/v/tqvnsim7118fvrvm/cover/8951ee242366f7d3493f97ff0345e214_766x510.jpg | https://static.dd-room.com/images/object/t/q/v/tqvnsim7118fvrvm/cover/71eeb08815757916f596e97df9fe9970_766x510.jpg | https://static.dd-room.com/images/object/t/q/v/tqvnsim7118fvrvm/cover/8371a89baaafe9edb16f6df78c9c0853_766x510.jpg | https://static.dd-room.com/images/object/t/q/v/tqvnsim7118fvrvm/cover/2fb81cf5a7be399ffad9db112d5a9bb1_766x510.jpg | https://static.dd-room.com/images/object/t/q/v/tqvnsim7118fvrvm/cover/394c7d88ac2a2ec7b84bb9852825ae65_766x510.jpg
wkewuatbbt2objau,https://www.dd-room.com/object/wkewuatbbt2objau,兆基社會住宅🏠友善屋源🧡西湖站🧡免仲🧡可租補入籍,33000,66000,0,臺北市內湖區內湖路一段,內湖區,內湖路一段,25.0799008,121.575434,3房2廳2衛2陽台,3,2,2,0,2,3.0,整層,apt,31.2,3,5,12,2026-07-09,broker,可無火煮食、可報稅、可入籍、社會住宅、免仲介費、有陽台,床、桌子、椅子、沙發、衣櫃、冷氣、洗衣機、冰箱、電視、熱水器、天然瓦斯,未提供,未提供,未提供,11,https://static.dd-room.com/images/object/w/k/e/wkewuatbbt2objau/cover/bcb3a3a22fa9bb0e60008e128aec8679_766x510.jpg | https://static.dd-room.com/images/object/w/k/e/wkewuatbbt2objau/cover/aea213dcc4404446991a24ef3100bfa7_766x510.jpg | https://static.dd-room.com/images/object/w/k/e/wkewuatbbt2objau/cover/2b9a3d524cf19261308525080427bb33_766x510.jpg | https://static.dd-room.com/images/object/w/k/e/wkewuatbbt2objau/cover/6f5180f3e3dd966458bea2cd98478012_766x510.jpg | https://static.dd-room.com/images/object/w/k/e/wkewuatbbt2objau/cover/f8b04d129f6efd2439ebcd3232119dc3_766x510.jpg | https://static.dd-room.com/images/object/w/k/e/wkewuatbbt2objau/cover/df1560020c0f2eff9a3a6870a3e86433_766x510.jpg | https://static.dd-room.com/images/object/w/k/e/wkewuatbbt2objau/cover/aad3daf33c28555c57b5131cd7709a17_766x510.jpg | https://static.dd-room.com/images/object/w/k/e/wkewuatbbt2objau/cover/2aa408f24ad6550d698516df8d863559_766x510.jpg | https://static.dd-room.com/images/object/w/k/e/wkewuatbbt2objau/cover/d662adabc9e4d47426e78560a3c04d0b_766x510.jpg | https://static.dd-room.com/images/object/w/k/e/wkewuatbbt2objau/cover/843070f4fbd8fc7a344a6a40b0012c32_766x510.jpg | https://static.dd-room.com/images/object/w/k/e/wkewuatbbt2objau/cover/504c232c3cb59d50d6b287deb3eef0f4_766x510.jpg
dzeplkp3vd5wcnyc,https://www.dd-room.com/object/dzeplkp3vd5wcnyc,兆基社會住宅🏠友善屋源🧡中山雙連/寧夏夜市/可租補入籍,38000,76000,1150,臺北市大同區寧夏路,大同區,寧夏路,25.0589585,121.5149356,3房2廳1衛,3,2,1,0,0,3.0,整層,elevator,18.6,3,7,12,2026-07-09,broker,可無火煮食、可報稅、有電梯、可入籍、社會住宅、免仲介費,冷氣、熱水器,未提供,未提供,未提供,6,https://static.dd-room.com/images/object/d/z/e/dzeplkp3vd5wcnyc/cover/13f8ec9879058d5dd330988109fb2c98_766x510.jpg | https://static.dd-room.com/images/object/d/z/e/dzeplkp3vd5wcnyc/cover/75a2389dff21638c51c157969f910791_766x510.jpg | https://static.dd-room.com/images/object/d/z/e/dzeplkp3vd5wcnyc/cover/27c5b516a312b9b1dc5974e821a29d18_766x510.jpg | https://static.dd-room.com/images/object/d/z/e/dzeplkp3vd5wcnyc/cover/c4114d6364001724f32c3ef2a5c45cca_766x510.jpg | https://static.dd-room.com/images/object/d/z/e/dzeplkp3vd5wcnyc/cover/9fe8457fe12eb43aeef33c07e24aaaa0_766x510.jpg | https://static.dd-room.com/images/object/d/z/e/dzeplkp3vd5wcnyc/cover/9f751a184728702b1673a41f71ed9c61_766x510.jpg
n5jjqnegkxswtnsl,https://www.dd-room.com/object/n5jjqnegkxswtnsl,兆基社會住宅🏠友善屋源❤️虎林小豪宅/可租補入籍,31000,62000,0,臺北市信義區虎林街,信義區,虎林街,25.0371893,121.5772788,3房1廳1衛1陽台,3,1,1,0,1,3.0,整層,apt,22.6,4,4,12,2026-07-09,broker,可無火煮食、可報稅、可入籍、社會住宅、免仲介費、有陽台,床、桌子、椅子、沙發、衣櫃、冷氣、洗衣機、冰箱、電視、熱水器、天然瓦斯,未提供,未提供,未提供,8,https://static.dd-room.com/images/object/n/5/j/n5jjqnegkxswtnsl/cover/4cf14cc7088874b0d0fe64d7d7e1faca_766x510.jpg | https://static.dd-room.com/images/object/n/5/j/n5jjqnegkxswtnsl/cover/aa9b145e74b0c30f7adfbe3ab1ed3d2f_766x510.jpg | https://static.dd-room.com/images/object/n/5/j/n5jjqnegkxswtnsl/cover/eb7c6572ed07a314430c4b3547939b09_766x510.jpg | https://static.dd-room.com/images/object/n/5/j/n5jjqnegkxswtnsl/cover/3d463301320e4d2ae8bce6a90e605626_766x510.jpg | https://static.dd-room.com/images/object/n/5/j/n5jjqnegkxswtnsl/cover/72a0e0fff925e32d885ff0c6a075166c_766x510.jpg | https://static.dd-room.com/images/object/n/5/j/n5jjqnegkxswtnsl/cover/5b9540b026b6709d5d039d8df617cd30_766x510.jpg | https://static.dd-room.com/images/object/n/5/j/n5jjqnegkxswtnsl/cover/cfa18a013be99e544785f6d6cd84a620_766x510.jpg | https://static.dd-room.com/images/object/n/5/j/n5jjqnegkxswtnsl/cover/4c953c966e66f40c4875238f212c5468_766x510.jpg
uznq9g6ui5xppkcs,https://www.dd-room.com/object/uznq9g6ui5xppkcs,兆基社會住宅🏠友善屋源🧡可租補/免爬梯/大空間/格局方正,38000,76000,1200,臺北市大同區哈密街,大同區,哈密街,25.0740593,121.519404,3房2廳1衛2陽台,3,2,1,0,2,3.0,整層,elevator,33.9,6,7,12,2026-07-09,broker,可無火煮食、可報稅、有電梯、可入籍、社會住宅、免仲介費、有陽台,床、衣櫃、冷氣、熱水器,未提供,未提供,未提供,13,https://static.dd-room.com/images/object/u/z/n/uznq9g6ui5xppkcs/cover/2e918d8ce2e462680a29525bfe96c877_766x510.jpg | https://static.dd-room.com/images/object/u/z/n/uznq9g6ui5xppkcs/cover/8647c0f09758ff6edd417d421742eb0c_766x510.jpg | https://static.dd-room.com/images/object/u/z/n/uznq9g6ui5xppkcs/cover/122a37facb7d613e320f09d91143b777_766x510.jpg | https://static.dd-room.com/images/object/u/z/n/uznq9g6ui5xppkcs/cover/349459146944678f5b2cf4342dc2abf0_766x510.jpg | https://static.dd-room.com/images/object/u/z/n/uznq9g6ui5xppkcs/cover/53b7f7db366706faaffdf4a40542901e_766x510.jpg | https://static.dd-room.com/images/object/u/z/n/uznq9g6ui5xppkcs/cover/781ac9f8a2675af8d50ec687df92fa74_766x510.jpg | https://static.dd-room.com/images/object/u/z/n/uznq9g6ui5xppkcs/cover/6170691c89ced5287e850ead7a31ac14_766x510.jpg | https://static.dd-room.com/images/object/u/z/n/uznq9g6ui5xppkcs/cover/d997fe1621e9118d825193e24cdb050f_766x510.jpg | https://static.dd-room.com/images/object/u/z/n/uznq9g6ui5xppkcs/cover/fd90d34217943fe1df897c6dba9c7561_766x510.jpg | https://static.dd-room.com/images/object/u/z/n/uznq9g6ui5xppkcs/cover/57cbfbab835bd4463dfec88f346b8327_766x510.jpg | https://static.dd-room.com/images/object/u/z/n/uznq9g6ui5xppkcs/cover/3e3e47a5faf533fef1414e85b38af7c4_766x510.jpg | https://static.dd-room.com/images/object/u/z/n/uznq9g6ui5xppkcs/cover/48a60555d817e951dff0aaf631edcd06_766x510.jpg | https://static.dd-room.com/images/object/u/z/n/uznq9g6ui5xppkcs/cover/3f0cc37549f5b791b866fef2583b76f2_766x510.jpg
0aagdqhasvnrynhx,https://www.dd-room.com/object/0aagdqhasvnrynhx,兆基社會住宅🏠友善屋源🧡可租補/近北車/低價電梯套房台水,11000,22000,590,臺北市大同區延平北路一段,大同區,延平北路一段,25.0489595,121.5116395,未提供,0,0,0,0,0,2.0,獨立套房,elevator,4.9,9,11,12,2026-07-09,broker,可無火煮食、可報稅、有電梯、可入籍、社會住宅、免仲介費,床、桌子、椅子、冷氣、冰箱、電視、熱水器,未提供,未提供,未提供,4,https://static.dd-room.com/images/object/0/a/a/0aagdqhasvnrynhx/cover/07513439e12c9aa53d2046a470eff18c_766x510.jpg | https://static.dd-room.com/images/object/0/a/a/0aagdqhasvnrynhx/cover/10ba1b7e5c5d2e3ab69062f827b1db6f_766x510.jpg | https://static.dd-room.com/images/object/0/a/a/0aagdqhasvnrynhx/cover/5acb768796c46bb738bc0d738a449780_766x510.jpg | https://static.dd-room.com/images/object/0/a/a/0aagdqhasvnrynhx/cover/3a94abe90515029c7603f7fad5da1c97_766x510.jpg
dsiw99pqliesy6yc,https://www.dd-room.com/object/dsiw99pqliesy6yc,捷運雙連【超值租案】警衛管理★採光優★洗衣機,15999,31998,0,臺北市中山區新生北路二段,中山區,新生北路二段,25.0297486,121.5327247,1房1衛,1,0,1,0,0,2.0,獨立套房,elevator,10.0,13,14,12,2026-07-08,broker,有電梯,冰箱、電視、冷氣、熱水器、床、衣櫃、桌子、椅子,未提供,未提供,未提供,5,https://img1.591.com.tw/house/2026/07/09/178358262171790906.jpg!1000x.jpg | https://img2.591.com.tw/house/2026/07/09/178358262166446106.jpg!1000x.jpg | https://img2.591.com.tw/house/2026/07/09/178358262185964003.jpg!1000x.jpg | https://img2.591.com.tw/house/2026/07/09/178358262168169002.jpg!1000x.jpg | https://img2.591.com.tw/house/2026/07/09/178358262181802908.jpg!1000x.jpg
coq7zk7gkubmqat3,https://www.dd-room.com/object/coq7zk7gkubmqat3,天母高島屋【景觀1房1衛】警衛管理★乾溼分離★女性專屬,17999,35998,2000,臺北市士林區忠誠路二段,士林區,忠誠路二段,25.1163267,121.5341003,1房1衛,1,0,1,0,0,2.0,獨立套房,elevator,13.0,14,14,12,2026-07-08,broker,有電梯,未提供,未提供,水費,限女性,5,https://renco-rentals-prod.s3.ap-northeast-1.amazonaws.com/29457/medium/cfd26fb3-472a-4d2e-ae0c-8108f94a52f8.jpg | https://renco-rentals-prod.s3.ap-northeast-1.amazonaws.com/29457/medium/c7cf5681-0f83-42b9-a0ae-91194b1694d7.jpg | https://renco-rentals-prod.s3.ap-northeast-1.amazonaws.com/29457/medium/04ab723d-bd35-4512-a521-0a5c9eda3a46.jpg | https://renco-rentals-prod.s3.ap-northeast-1.amazonaws.com/29457/medium/db05b650-465a-4477-b363-d02a2ecec93d.jpg | https://renco-rentals-prod.s3.ap-northeast-1.amazonaws.com/29457/medium/8fab7f01-e40a-46a8-8de4-025d0b44db3c.jpg
hqpbyclichkou0cf,https://www.dd-room.com/object/hqpbyclichkou0cf,近捷運明德【優質4房2廳】可補助★有廚房★獨洗衣機,44999,89998,0,臺北市北投區榮華一路,北投區,榮華一路,25.1122094,121.5242598,4房2廳2衛4陽台,4,2,2,0,4,4.0,整層,apt,33.0,5,5,12,2026-07-08,broker,可開伙、有陽台、租金補貼,冰箱、洗衣機、電視、冷氣、熱水器、床、衣櫃、天然瓦斯、沙發、桌子、椅子,未提供,未提供,未提供,13,https://img2.591.com.tw/house/2026/07/09/178358329679482802.jpg!1000x.jpg | https://img2.591.com.tw/house/2026/07/09/178358329281747404.jpg!1000x.jpg | https://img2.591.com.tw/house/2026/07/09/178358329243560705.jpg!1000x.jpg | https://img2.591.com.tw/house/2026/07/09/178358329253516207.jpg!1000x.jpg | https://img1.591.com.tw/house/2026/07/09/178358329284326306.jpg!1000x.jpg | https://img2.591.com.tw/house/2026/07/09/178358329279549003.jpg!1000x.jpg | https://img2.591.com.tw/house/2026/07/09/178358329293342607.jpg!1000x.jpg | https://img1.591.com.tw/house/2026/07/09/178358329251201506.jpg!1000x.jpg | https://img1.591.com.tw/house/2026/07/09/178358329312980205.jpg!1000x.jpg | https://img1.591.com.tw/house/2026/07/09/178358329307065607.jpg!1000x.jpg | https://img1.591.com.tw/house/2026/07/09/178358329288849703.jpg!1000x.jpg | https://img2.591.com.tw/house/2026/07/09/178358329352276606.jpg!1000x.jpg | https://img2.591.com.tw/house/2026/07/09/178358329325576500.jpg!1000x.jpg
ksdnw5ylgggmavdq,https://www.dd-room.com/object/ksdnw5ylgggmavdq,#內湖區#近內科#徵2名室友#可租屋補助,10000,20000,0,臺北市內湖區江南街,內湖區,江南街,25.0771479,121.5772438,3房1廳1衛1廚1陽台,3,1,1,1,1,3.0,整層,apt,35.0,3,7,12,2026-07-08,agent,可開伙、對外窗、可無火煮食、水費照台水、電費照台電、免仲介費、有電梯、水泥隔間、租金補貼、有陽台,床、桌子、椅子、沙發、衣櫃、鞋櫃、櫃子、網路、冷氣、洗衣機、冰箱、流理台、熱水器、天然瓦斯、排油煙機、瓦斯爐,有機車車位,網路費、管理費,未提供,6,https://static.dd-room.com/images/object/k/s/d/ksdnw5ylgggmavdq/cover/bc74b2fb72e405ed2b4be4942f7ed019_766x510.jpg | https://static.dd-room.com/images/object/k/s/d/ksdnw5ylgggmavdq/cover/e2b246cada0a2df84475fff9ed6990c2_766x510.jpg | https://static.dd-room.com/images/object/k/s/d/ksdnw5ylgggmavdq/cover/fdecc74f4f732fd06e248b2305bf3888_766x510.jpg | https://static.dd-room.com/images/object/k/s/d/ksdnw5ylgggmavdq/cover/33a187bfb19bcea596719ada9db27b88_766x510.jpg | https://static.dd-room.com/images/object/k/s/d/ksdnw5ylgggmavdq/cover/a013db32e42cc1fdfd61d03f1eabf636_766x510.jpg | https://static.dd-room.com/images/object/k/s/d/ksdnw5ylgggmavdq/cover/c209bea4ac75c2a102d4a1e190100244_766x510.jpg
lmhqahk8pnwa5auq,https://www.dd-room.com/object/lmhqahk8pnwa5auq,近捷運中山國小【優質電梯】獨洗衣機★垃圾代收★警衛管理,33998,67996,2100,臺北市中山區農安街,中山區,農安街,25.0646817,121.5349909,1房1衛,1,0,1,0,0,2.0,獨立套房,elevator,13.0,11,14,12,2026-07-08,broker,可開伙、有電梯、垃圾代收,冰箱、洗衣機、電視、冷氣、熱水器、床、衣櫃、沙發、桌子、椅子,未提供,未提供,未提供,10,https://img2.591.com.tw/house/2026/07/09/178358254853845104.jpg!1000x.jpg | https://img2.591.com.tw/house/2026/07/09/178358254860178709.jpg!1000x.jpg | https://img1.591.com.tw/house/2026/07/09/178358254860261000.jpg!1000x.jpg | https://img1.591.com.tw/house/2026/07/09/178358254844488601.jpg!1000x.jpg | https://img2.591.com.tw/house/2026/07/09/178358254887747605.jpg!1000x.jpg | https://img2.591.com.tw/house/2026/07/09/178358254887352402.jpg!1000x.jpg | https://img1.591.com.tw/house/2026/07/09/178358254859343906.jpg!1000x.jpg | https://img1.591.com.tw/house/2026/07/09/178358254873734602.jpg!1000x.jpg | https://img1.591.com.tw/house/2026/07/09/178358254853472406.jpg!1000x.jpg | https://img2.591.com.tw/house/2026/07/09/178358254889520000.jpg!1000x.jpg
ap1y05nzaagz4wsd,https://www.dd-room.com/object/ap1y05nzaagz4wsd,捷運石牌5分【超值租案】大空間★大面採光★獨立衛浴,14999,29998,0,臺北市北投區義理街,北投區,義理街,25.1171809,121.5157262,1房1衛,1,0,1,0,0,2.0,獨立套房,apt,6.0,5,5,12,2026-07-08,broker,未提供,冰箱、洗衣機、冷氣、熱水器、床、衣櫃、天然瓦斯、桌子,未提供,水費,未提供,3,https://img2.591.com.tw/house/2026/07/09/178358321679735604.jpg!1000x.jpg | https://img2.591.com.tw/house/2026/07/09/178358321678889902.jpg!1000x.jpg | https://img1.591.com.tw/house/2026/07/09/178358321672196607.jpg!1000x.jpg
08lh52jok11zh4uf,https://www.dd-room.com/object/08lh52jok11zh4uf,👍南港新興豪宅首次出租屋齡新全新裝潢4房,120000,240000,9994,臺北市南港區東新街,南港區,東新街,25.0476046,121.5854895,4房2廳2衛1廚1陽台,4,2,2,1,1,4.0,整層,elevator,62.0,6,16,12,2026-07-08,broker,可開伙、對外窗、有電梯、水泥隔間、垃圾代收、包裹代收、電費照台電、水費照台水、有陽台、可報稅,床、桌子、椅子、沙發、衣櫃、鞋櫃、櫃子、冷氣、洗衣機、冰箱、流理台、熱水器、天然瓦斯、排油煙機、瓦斯爐,有機車車位、有汽車車位,未提供,未提供,15,https://static.dd-room.com/images/object/0/8/l/08lh52jok11zh4uf/cover/9136924f0e956f75d8cf08b827df0e69_766x510.jpg | https://static.dd-room.com/images/object/0/8/l/08lh52jok11zh4uf/cover/122f6a9123d1cee103dc4def2e4cefd7_766x510.jpg | https://static.dd-room.com/images/object/0/8/l/08lh52jok11zh4uf/cover/0aa37c8211a6b0a7778369403f14c21b_766x510.jpg | https://static.dd-room.com/images/object/0/8/l/08lh52jok11zh4uf/cover/bd109e26c3259a74abd05b1b0effafea_766x510.jpg | https://static.dd-room.com/images/object/0/8/l/08lh52jok11zh4uf/cover/eaafeee8a5c49ad4302e752c35e38be3_766x510.jpg | https://static.dd-room.com/images/object/0/8/l/08lh52jok11zh4uf/cover/384ac83d8da4064d4cf2332213d62e37_766x510.jpg | https://static.dd-room.com/images/object/0/8/l/08lh52jok11zh4uf/cover/dbff670cf98804ed362d96382d09c48f_766x510.jpg | https://static.dd-room.com/images/object/0/8/l/08lh52jok11zh4uf/cover/668c25c785bb33e34cc400bdd287234e_766x510.jpg | https://static.dd-room.com/images/object/0/8/l/08lh52jok11zh4uf/cover/1ae1484f95128671f1d4b79ec38d3874_766x510.jpg | https://static.dd-room.com/images/object/0/8/l/08lh52jok11zh4uf/cover/badbb177657c9358cc83f8d337479c1a_766x510.jpg | https://static.dd-room.com/images/object/0/8/l/08lh52jok11zh4uf/cover/4de086346380b01e7f30e786a4c72076_766x510.jpg | https://static.dd-room.com/images/object/0/8/l/08lh52jok11zh4uf/cover/c4a79a3eebb943bff8cea07b4c0c0cec_766x510.jpg | https://static.dd-room.com/images/object/0/8/l/08lh52jok11zh4uf/cover/36395d592a23a1ed972c6222e8d42ad3_766x510.jpg | https://static.dd-room.com/images/object/0/8/l/08lh52jok11zh4uf/cover/5dbfae99b9597106dfb844ab314b7b4e_766x510.jpg | https://static.dd-room.com/images/object/0/8/l/08lh52jok11zh4uf/cover/f90bf9dc8b080c3ed9c681d459c9cf25_766x510.jpg
ri61zng8agku15uo,https://www.dd-room.com/object/ri61zng8agku15uo,近捷運辛亥站【超值1房1廳】大空間★多窗採光★獨立衛浴,9999,19998,0,臺北市文山區福興路,文山區,福興路,25.0070705,121.5493711,1房1衛,1,0,1,0,0,2.0,獨立套房,apt,6.0,5,5,12,2026-07-07,broker,未提供,冰箱、洗衣機、電視、冷氣、熱水器、床、衣櫃、第四台、網路、桌子、椅子,未提供,未提供,未提供,5,https://img2.591.com.tw/house/2026/07/07/178342986754250700.png!1000x.png | https://img1.591.com.tw/house/2026/07/07/178342986750439805.png!1000x.png | https://img2.591.com.tw/house/2026/07/07/178342986746929302.png!1000x.png | https://img2.591.com.tw/house/2026/07/07/178342986778890607.png!1000x.png | https://img2.591.com.tw/house/2026/07/07/178342986734840703.png!1000x.png
ya8dgr0x4bfiynlq,https://www.dd-room.com/object/ya8dgr0x4bfiynlq,@@中山國小捷運商圈旁*精緻明亮機能美邸,110000,220000,0,臺北市中山區德惠街,中山區,德惠街,25.0668554,121.522377,3房2廳2衛2陽台,3,2,2,0,2,3.0,整層,elevator,58.4,3,13,12,2026-07-07,broker,對外窗、有電梯、水泥隔間,床、桌子、椅子、沙發、衣櫃、冷氣、洗衣機、冰箱、電視、熱水器、天然瓦斯,有汽車車位,管理費,未提供,8,https://static.dd-room.com/images/object/y/a/8/ya8dgr0x4bfiynlq/cover/86d68dc960bfd8a0a25c3b1c45ef632a_766x510.jpg | https://static.dd-room.com/images/object/y/a/8/ya8dgr0x4bfiynlq/cover/22500c847996b19eecbaee80169a8e0e_766x510.jpg | https://static.dd-room.com/images/object/y/a/8/ya8dgr0x4bfiynlq/cover/1b15376e83d175a01b2979857d855d3b_766x510.jpg | https://static.dd-room.com/images/object/y/a/8/ya8dgr0x4bfiynlq/cover/68854e05874a2fc25d0da2bce42d45f8_766x510.jpg | https://static.dd-room.com/images/object/y/a/8/ya8dgr0x4bfiynlq/cover/c81391823df71a7e9dedf1c87dc34426_766x510.jpg | https://static.dd-room.com/images/object/y/a/8/ya8dgr0x4bfiynlq/cover/9fd887632ed855f62a8a94967594e9af_766x510.jpg | https://static.dd-room.com/images/object/y/a/8/ya8dgr0x4bfiynlq/cover/9feca4b185d60bc22ff280468749c3fe_766x510.jpg | https://static.dd-room.com/images/object/y/a/8/ya8dgr0x4bfiynlq/cover/78eec8dc29732932c52ecf2855559543_766x510.jpg
5o74lhjq5tw1r0bu,https://www.dd-room.com/object/5o74lhjq5tw1r0bu,西門捷運電梯溫馨套房.可短租.可喵,26000,0,0,臺北市萬華區漢中街,萬華區,漢中街,25.0438693,121.5073407,1房1廳1衛,1,1,1,0,0,2.0,分租套房,elevator,15.0,4,10,1,2026-07-07,individual,可養貓、可養其他寵物、可無火煮食、有飲水機、對外窗、有電梯、水泥隔間、保全設施、垃圾代收、免仲介費、高齡友善,床、桌子、沙發、鞋櫃、櫃子、保全設施、網路、冷氣、洗衣機、冰箱、電視、第四台、電視盒、熱水器,未提供,水費、第四台、網路費、管理費,未提供,10,https://static.dd-room.com/images/object/5/o/7/5o74lhjq5tw1r0bu/cover/7826b2a3f8703c0c66d20cfbf457a791_766x510.jpg | https://static.dd-room.com/images/object/5/o/7/5o74lhjq5tw1r0bu/cover/3a92bd80e366080d99985085f14a1098_766x510.jpg | https://static.dd-room.com/images/object/5/o/7/5o74lhjq5tw1r0bu/cover/cb4dd95c28996a2c8d6bf6dfc6d69335_766x510.jpg | https://static.dd-room.com/images/object/5/o/7/5o74lhjq5tw1r0bu/cover/fdacb165c6f704a506580f050859c95e_766x510.jpg | https://static.dd-room.com/images/object/5/o/7/5o74lhjq5tw1r0bu/cover/cc99d1ae9825560da8ea64773186dd80_766x510.jpg | https://static.dd-room.com/images/object/5/o/7/5o74lhjq5tw1r0bu/cover/cab128f22da72317136db5aab8141025_766x510.jpg | https://static.dd-room.com/images/object/5/o/7/5o74lhjq5tw1r0bu/cover/056724a7a9ebc36783498e1a8bc6c9c4_766x510.jpg | https://static.dd-room.com/images/object/5/o/7/5o74lhjq5tw1r0bu/cover/07f2970f97d5c2d1a66fd5afd7cdc86b_766x510.jpg | https://static.dd-room.com/images/object/5/o/7/5o74lhjq5tw1r0bu/cover/1920b57040f59a78f2f4ed3e620cbff6_766x510.jpg | https://static.dd-room.com/images/object/5/o/7/5o74lhjq5tw1r0bu/cover/70b61d0aad64be488aa65ba1fde68396_766x510.jpg
snlh6bl8qaqfxtat,https://www.dd-room.com/object/snlh6bl8qaqfxtat,飯店式設計溫馨套房可短租可租補,23500,0,0,臺北市中山區中山北路一段,中山區,中山北路一段,25.0627663,121.5227366,1房1廳1衛,1,1,1,0,0,2.0,分租套房,elevator,11.0,4,7,1,2026-07-07,individual,可養其他寵物、可無火煮食、對外窗、水泥隔間、有電梯、保全設施、垃圾代收、免仲介費、可報稅、可入籍、租金補貼,床、桌子、椅子、沙發、鞋櫃、保全設施、網路、冷氣、洗衣機、冰箱、電視、第四台、電視盒、熱水器、住警器,未提供,水費、第四台、網路費,未提供,10,https://static.dd-room.com/images/object/s/n/l/snlh6bl8qaqfxtat/cover/ab0bfce262eac043f4078d5c92b99e3e_766x510.jpg | https://static.dd-room.com/images/object/s/n/l/snlh6bl8qaqfxtat/cover/d8ba90eb9248e76350441367f051ca30_766x510.jpg | https://static.dd-room.com/images/object/s/n/l/snlh6bl8qaqfxtat/cover/9d344b90b17edf9dfa37ab56475496ae_766x510.jpg | https://static.dd-room.com/images/object/s/n/l/snlh6bl8qaqfxtat/cover/20c41e262641a508cf4fe404455a51d1_766x510.jpg | https://static.dd-room.com/images/object/s/n/l/snlh6bl8qaqfxtat/cover/af3f6d22683261f397a71d4671e93dd3_766x510.jpg | https://static.dd-room.com/images/object/s/n/l/snlh6bl8qaqfxtat/cover/bd6ca0db3c7449a1620500699ab4cb86_766x510.jpg | https://static.dd-room.com/images/object/s/n/l/snlh6bl8qaqfxtat/cover/ab0b94ded901bebcb0e7566a0bbb23d0_766x510.jpg | https://static.dd-room.com/images/object/s/n/l/snlh6bl8qaqfxtat/cover/9d7398deae197dc1cfa5c3ae048b8ccf_766x510.jpg | https://static.dd-room.com/images/object/s/n/l/snlh6bl8qaqfxtat/cover/cdbb9f8cd2ae7e72ef0790820f20410c_766x510.jpg | https://static.dd-room.com/images/object/s/n/l/snlh6bl8qaqfxtat/cover/487821194c3f7a8e50325db07d823612_766x510.jpg
b3lzoasa8oickwdo,https://www.dd-room.com/object/b3lzoasa8oickwdo,西門捷運商圈電梯溫馨套房可短租,23000,0,0,臺北市萬華區漢中街,萬華區,漢中街,25.0438693,121.5073407,1房1廳1衛1陽台,1,1,1,0,1,2.0,分租套房,elevator,10.0,4,10,1,2026-07-07,individual,可養其他寵物、可無火煮食、有飲水機、對外窗、有電梯、水泥隔間、保全設施、垃圾代收、免仲介費、有陽台,床、桌子、椅子、沙發、衣櫃、鞋櫃、保全設施、網路、冷氣、洗衣機、冰箱、電視、第四台、電視盒、熱水器、住警器,未提供,水費、第四台、網路費、管理費,未提供,5,https://static.dd-room.com/images/object/b/3/l/b3lzoasa8oickwdo/cover/eefa819b963380912f7fdc7de97f1515_766x510.jpg | https://static.dd-room.com/images/object/b/3/l/b3lzoasa8oickwdo/cover/fb889a9006579b6c34a529c7cefbf135_766x510.jpg | https://static.dd-room.com/images/object/b/3/l/b3lzoasa8oickwdo/cover/4f92b4ab26c22caf75e148e0ee7c2ae0_766x510.jpg | https://static.dd-room.com/images/object/b/3/l/b3lzoasa8oickwdo/cover/2ebd8182355a9ecbc4141ca1ee19dbe1_766x510.jpg | https://static.dd-room.com/images/object/b/3/l/b3lzoasa8oickwdo/cover/69c46531d030190fb067292745c2f3c7_766x510.jpg
sari3yzra5bcv1sx,https://www.dd-room.com/object/sari3yzra5bcv1sx,西門捷運商圈溫馨電梯套房可短租,21000,0,0,臺北市萬華區漢中街,萬華區,漢中街,25.0438693,121.5073407,1房1廳,1,1,0,0,0,2.0,分租套房,elevator,8.0,4,11,1,2026-07-07,individual,可養其他寵物、有飲水機、可無火煮食、對外窗、水泥隔間、有電梯、垃圾代收、保全設施、免仲介費,床、桌子、椅子、沙發、鞋櫃、保全設施、網路、冷氣、洗衣機、冰箱、電視、第四台、電視盒、熱水器,未提供,未提供,未提供,8,https://static.dd-room.com/images/object/s/a/r/sari3yzra5bcv1sx/cover/4e810705d727e5e9f802d2b0f31a580d_766x510.jpg | https://static.dd-room.com/images/object/s/a/r/sari3yzra5bcv1sx/cover/263c70f6523a069e8c2c561d6b443159_766x510.jpg | https://static.dd-room.com/images/object/s/a/r/sari3yzra5bcv1sx/cover/970c6090546fdb6484dd465da965c706_766x510.jpg | https://static.dd-room.com/images/object/s/a/r/sari3yzra5bcv1sx/cover/c63e68b8ca5100126e65c5b710810ce0_766x510.jpg | https://static.dd-room.com/images/object/s/a/r/sari3yzra5bcv1sx/cover/d9080635b48cbe80c4e8d5e7b933bca1_766x510.jpg | https://static.dd-room.com/images/object/s/a/r/sari3yzra5bcv1sx/cover/79f58e23fc4913b25a4c672c70354811_766x510.jpg | https://static.dd-room.com/images/object/s/a/r/sari3yzra5bcv1sx/cover/895faf176dc4f505c769e539b0a98297_766x510.jpg | https://static.dd-room.com/images/object/s/a/r/sari3yzra5bcv1sx/cover/9353ae5fea8c6a1bc4c371d52f818df8_766x510.jpg
abptgdd1lz9tu3vb,https://www.dd-room.com/object/abptgdd1lz9tu3vb,西門捷運商圈電梯溫馨套房可短租,24000,0,0,臺北市萬華區漢中街,萬華區,漢中街,25.0438693,121.5073407,1房1廳1衛1陽台,1,1,1,0,1,2.0,分租套房,elevator,10.0,4,10,1,2026-07-07,individual,可養其他寵物、可無火煮食、有飲水機、對外窗、有電梯、水泥隔間、保全設施、垃圾代收、免仲介費、有陽台,床、桌子、椅子、沙發、衣櫃、鞋櫃、保全設施、網路、冷氣、洗衣機、冰箱、電視、第四台、電視盒、熱水器、住警器,未提供,水費、第四台、網路費、管理費,未提供,10,https://static.dd-room.com/images/object/a/b/p/abptgdd1lz9tu3vb/cover/f0f48bb59c2143d339058202325963f7_766x510.jpg | https://static.dd-room.com/images/object/a/b/p/abptgdd1lz9tu3vb/cover/7f16b23bc662c4b8a91b998337c48bbc_766x510.jpg | https://static.dd-room.com/images/object/a/b/p/abptgdd1lz9tu3vb/cover/c07273d8b29640958007ba048777fa0c_766x510.jpg | https://static.dd-room.com/images/object/a/b/p/abptgdd1lz9tu3vb/cover/3357d74d7ffda6e103f088682b8cee06_766x510.jpg | https://static.dd-room.com/images/object/a/b/p/abptgdd1lz9tu3vb/cover/9925d3dd472e0efaca9ce9d6f02ab250_766x510.jpg | https://static.dd-room.com/images/object/a/b/p/abptgdd1lz9tu3vb/cover/c73a1221742e55a31dc04748146af87d_766x510.jpg | https://static.dd-room.com/images/object/a/b/p/abptgdd1lz9tu3vb/cover/efa72d72702c172ad33e791ed1e5213f_766x510.jpg | https://static.dd-room.com/images/object/a/b/p/abptgdd1lz9tu3vb/cover/5dfb905ed9e9a8c7a921aad6d80d6e82_766x510.jpg | https://static.dd-room.com/images/object/a/b/p/abptgdd1lz9tu3vb/cover/495eecccc8b0b459544401da216b4e34_766x510.jpg | https://static.dd-room.com/images/object/a/b/p/abptgdd1lz9tu3vb/cover/3ca2405ce73016d6ac021b6ce1b90fd7_766x510.jpg
inkv3rddjpubuzyj,https://www.dd-room.com/object/inkv3rddjpubuzyj,捷運關渡【優質3房2廳】有陽台★皆有窗★垃圾代收,32999,65998,1500,臺北市北投區自強路,北投區,自強路,25.1337118,121.4665134,3房2廳1衛2陽台,3,2,1,0,2,3.0,整層,elevator,36.0,5,6,12,2026-07-07,broker,可開伙、有電梯、垃圾代收、有陽台,冰箱、冷氣、熱水器、衣櫃,未提供,未提供,未提供,11,https://img1.591.com.tw/house/2026/07/07/178341671870606303.jpg!1000x.jpg | https://img2.591.com.tw/house/2026/07/07/178341671865050608.jpg!1000x.jpg | https://img1.591.com.tw/house/2026/07/07/178341671878414400.jpg!1000x.jpg | https://img2.591.com.tw/house/2026/07/07/178341671878242309.jpg!1000x.jpg | https://img2.591.com.tw/house/2026/07/07/178341671901272304.jpg!1000x.jpg | https://img1.591.com.tw/house/2026/07/07/178341671876315308.jpg!1000x.jpg | https://img1.591.com.tw/house/2026/07/07/178341671874835309.jpg!1000x.jpg | https://img2.591.com.tw/house/2026/07/07/178341671907884403.jpg!1000x.jpg | https://img2.591.com.tw/house/2026/07/07/178341671912299805.jpg!1000x.jpg | https://img2.591.com.tw/house/2026/07/07/178341671914147506.jpg!1000x.jpg | https://img1.591.com.tw/house/2026/07/07/178341671915862503.jpg!1000x.jpg
xei95idy8mucer7o,https://www.dd-room.com/object/xei95idy8mucer7o,@@信義安和臨江商圈旁*質感裝潢景觀豪邸,290000,580000,13973,臺北市大安區信義路四段,大安區,信義路四段,25.0332246,121.5472642,3房2廳4衛2陽台,3,2,4,0,2,3.0,整層,elevator,93.2,12,34,12,2026-07-07,broker,對外窗、有電梯、水泥隔間,桌子、椅子、沙發、衣櫃、冷氣、洗衣機、冰箱、電視、熱水器、天然瓦斯,有汽車車位,未提供,未提供,6,https://static.dd-room.com/images/object/x/e/i/xei95idy8mucer7o/cover/8551a407ad1ab432b3f12d5d4606f268_766x510.jpg | https://static.dd-room.com/images/object/x/e/i/xei95idy8mucer7o/cover/9e6f5223765786b65aa341e6b7329499_766x510.jpg | https://static.dd-room.com/images/object/x/e/i/xei95idy8mucer7o/cover/619ceed9feff0749c7c25b608c1a4c85_766x510.jpg | https://static.dd-room.com/images/object/x/e/i/xei95idy8mucer7o/cover/f6650fe776ee10c6827b1dd598ebdaa1_766x510.jpg | https://static.dd-room.com/images/object/x/e/i/xei95idy8mucer7o/cover/b9dd6e3811f076987365620f8a153d8a_766x510.jpg | https://static.dd-room.com/images/object/x/e/i/xei95idy8mucer7o/cover/e54dc52ca2aa68df43685f0de8acf28a_766x510.jpg
k1yz0skjd14xeti6,https://www.dd-room.com/object/k1yz0skjd14xeti6,忠孝敦化4分【優質租案】大空間★獨洗衣機★大面採光,35000,70000,0,臺北市大安區忠孝東路四段,大安區,忠孝東路四段,25.0415416,121.5510456,1房1衛1陽台,1,0,1,0,1,2.0,獨立套房,apt,16.0,6,5,12,2026-07-07,broker,可養貓、可養狗、可開伙、有陽台,冰箱、洗衣機、電視、冷氣、熱水器、床、衣櫃、第四台、網路、沙發、桌子、椅子,未提供,未提供,未提供,9,https://img2.591.com.tw/house/2026/07/07/178342967448516304.png!1000x.png | https://img1.591.com.tw/house/2026/07/07/178342967478844708.png!1000x.png | https://img2.591.com.tw/house/2026/07/07/178342967461395100.png!1000x.png | https://img1.591.com.tw/house/2026/07/07/178342967473201109.png!1000x.png | https://img2.591.com.tw/house/2026/07/07/178342967453840505.png!1000x.png | https://img2.591.com.tw/house/2026/07/07/178342967467490507.png!1000x.png | https://img2.591.com.tw/house/2026/07/07/178342967486958007.png!1000x.png | https://img2.591.com.tw/house/2026/07/07/178342967463198804.png!1000x.png | https://img1.591.com.tw/house/2026/07/07/178342967489734904.png!1000x.png
69lrmrnnlvhrdmou,https://www.dd-room.com/object/69lrmrnnlvhrdmou,舊莊國小【超值租案】流理臺★大面採光★乾溼分離,14999,29998,0,臺北市南港區合順街,南港區,合順街,25.0429832,121.6194393,1房1衛,1,0,1,0,0,2.0,獨立套房,apt,10.0,1,3,12,2026-07-07,broker,未提供,未提供,未提供,未提供,未提供,5,https://renco-rentals-prod.s3.ap-northeast-1.amazonaws.com/43093/medium/13a31773-6d0e-49ab-9d5d-d3d13a18c121.jpg | https://renco-rentals-prod.s3.ap-northeast-1.amazonaws.com/43093/medium/551d1138-fe99-4834-bcff-742b0595e960.jpg | https://renco-rentals-prod.s3.ap-northeast-1.amazonaws.com/43093/medium/75843915-e24a-486f-b8ea-9dbcc8d63fb5.jpg | https://renco-rentals-prod.s3.ap-northeast-1.amazonaws.com/43093/medium/0a112127-20ec-42dc-8857-5ece23fca699.jpg | https://renco-rentals-prod.s3.ap-northeast-1.amazonaws.com/43093/medium/beed40d3-0bea-4c69-848c-6b2b58d27a78.jpg
rfzhpiljnwdj1u1m,https://www.dd-room.com/object/rfzhpiljnwdj1u1m,南港｜自住裝潢｜電梯兩房｜捷運昆陽｜坡道平面車位,53000,106000,3979,臺北市南港區重陽路,南港區,重陽路,25.0569437,121.5998567,2房1廳1衛1廚1陽台,2,1,1,1,1,2.0,整層,elevator,24.5,14,14,12,2026-07-07,individual,可開伙、對外窗、水泥隔間、有電梯、保全設施、垃圾代收、包裹代收、免仲介費、電費照台電、氣密窗、水費照台水、有陽台,床、桌子、椅子、沙發、衣櫃、鞋櫃、櫃子、保全設施、冷氣、洗衣機、冰箱、電視、流理台、熱水器、天然瓦斯、排油煙機、瓦斯爐、住警器,有汽車車位,未提供,未提供,15,https://static.dd-room.com/images/object/r/f/z/rfzhpiljnwdj1u1m/cover/a22de0ec5d46bb1ec675fe05ce79e63e_766x510.jpg | https://static.dd-room.com/images/object/r/f/z/rfzhpiljnwdj1u1m/cover/68397ba96b980cbfd1bed92266514674_766x510.jpg | https://static.dd-room.com/images/object/r/f/z/rfzhpiljnwdj1u1m/cover/b82d6998528c86ef6126f7f3efff323d_766x510.jpg | https://static.dd-room.com/images/object/r/f/z/rfzhpiljnwdj1u1m/cover/2e5982d6f6115b2138b69c71486ae06e_766x510.jpg | https://static.dd-room.com/images/object/r/f/z/rfzhpiljnwdj1u1m/cover/d2636aa67565239af90bf40f4613a8ff_766x510.jpg | https://static.dd-room.com/images/object/r/f/z/rfzhpiljnwdj1u1m/cover/1a93994439e6e5964d0a49fcb80327e3_766x510.jpg | https://static.dd-room.com/images/object/r/f/z/rfzhpiljnwdj1u1m/cover/31c0b5f3ae4d296a84741f9e2c679cec_766x510.jpg | https://static.dd-room.com/images/object/r/f/z/rfzhpiljnwdj1u1m/cover/1bf45a9fa74163564999ce67379e5c96_766x510.jpg | https://static.dd-room.com/images/object/r/f/z/rfzhpiljnwdj1u1m/cover/505779bd9916e0e8ee72e0a0848f5184_766x510.jpg | https://static.dd-room.com/images/object/r/f/z/rfzhpiljnwdj1u1m/cover/f8e8e3b6172cd0d93bcd8c5896ec622c_766x510.jpg | https://static.dd-room.com/images/object/r/f/z/rfzhpiljnwdj1u1m/cover/21b877d07b623f00b5207b5cddb0b693_766x510.jpg | https://static.dd-room.com/images/object/r/f/z/rfzhpiljnwdj1u1m/cover/5994a24be5f8a3012b4703353e1dcaa5_766x510.jpg | https://static.dd-room.com/images/object/r/f/z/rfzhpiljnwdj1u1m/cover/b7cd5883fb9601d9bce149c757f65eae_766x510.jpg | https://static.dd-room.com/images/object/r/f/z/rfzhpiljnwdj1u1m/cover/97e4a3f32ba636d99bf30923e753f615_766x510.jpg | https://static.dd-room.com/images/object/r/f/z/rfzhpiljnwdj1u1m/cover/8526c3c32e0ae0761f9cd46d719c21dd_766x510.jpg
thkngaokfk2kuhgd,https://www.dd-room.com/object/thkngaokfk2kuhgd,近捷運忠孝復興【超值租案】採光佳★近商圈★小資首選,8399,16798,500,臺北市中山區八德路,中山區,八德路,25.0459162,121.530757,1房1衛,1,0,1,0,0,2.0,獨立套房,apt,3.0,6,6,12,2026-07-06,broker,未提供,未提供,未提供,未提供,未提供,4,https://img2.591.com.tw/house/2026/07/06/178334849271357408.png!1000x.png | https://img1.591.com.tw/house/2026/07/06/178334849270572408.png!1000x.png | https://img2.591.com.tw/house/2026/07/06/178334849269918704.png!1000x.png | https://img2.591.com.tw/house/2026/07/06/178334849261204802.png!1000x.png
aa9cntbepz4gmn5z,https://www.dd-room.com/object/aa9cntbepz4gmn5z,捷運西湖【秒殺租案】精緻裝潢★乾濕分離★變頻冷氣,9995,19990,0,臺北市內湖區內湖路一段,內湖區,內湖路一段,25.0799008,121.575434,1房1衛,1,0,1,0,0,2.0,獨立套房,apt,4.0,3,5,12,2026-07-06,broker,未提供,未提供,未提供,未提供,未提供,6,https://img2.591.com.tw/house/2026/07/07/178341553316245007.jpg!1000x.jpg | https://img1.591.com.tw/house/2026/07/07/178341553311161809.jpg!1000x.jpg | https://img2.591.com.tw/house/2026/07/07/178341553307340509.jpg!1000x.jpg | https://img1.591.com.tw/house/2026/07/07/178341553307406005.jpg!1000x.jpg | https://img2.591.com.tw/house/2026/07/07/178341553299334303.jpg!1000x.jpg | https://img1.591.com.tw/house/2026/07/07/178341553308862205.jpg!1000x.jpg
pmvhu9qjo3lb54cj,https://www.dd-room.com/object/pmvhu9qjo3lb54cj,近捷運東門【超值租案】可補助★垃圾代收★有電梯,12499,24998,0,臺北市中正區杭州南路一段,中正區,杭州南路一段,25.0368297,121.5247724,1房1衛,1,0,1,0,0,2.0,獨立套房,elevator,5.0,3,6,12,2026-07-06,broker,有電梯、垃圾代收、租金補貼,冰箱、冷氣、熱水器、床、衣櫃、桌子、椅子,未提供,水費,未提供,5,https://renco-rentals-prod.s3.ap-northeast-1.amazonaws.com/43085/medium/6c3fd30a-98ce-4e5a-8725-a7c609bce0d8.jpg | https://renco-rentals-prod.s3.ap-northeast-1.amazonaws.com/43085/medium/56303f25-24e3-46f5-b860-bf4472c425d2.jpg | https://renco-rentals-prod.s3.ap-northeast-1.amazonaws.com/43085/medium/c1d9b9c1-f418-446d-9b43-4792e1ee632f.jpg | https://renco-rentals-prod.s3.ap-northeast-1.amazonaws.com/43085/medium/042e227d-6fea-48c9-adbb-ba9ce8c53593.jpg | https://renco-rentals-prod.s3.ap-northeast-1.amazonaws.com/43085/medium/656276cd-b021-457b-9c00-d87b9f26c6c2.jpg
oe20elc4rg4zn1js,https://www.dd-room.com/object/oe20elc4rg4zn1js,@@科技大樓捷運商圈旁*樹海林蔭高樓明亮美邸,220000,440000,12000,臺北市大安區敦化南路二段,大安區,敦化南路二段,25.0333105,121.5490456,4房2廳2衛2陽台,4,2,2,0,2,4.0,整層,elevator,75.9,13,21,12,2026-07-06,broker,對外窗、有電梯、水泥隔間,床、衣櫃、冷氣、熱水器、天然瓦斯,未提供,未提供,未提供,13,https://static.dd-room.com/images/object/o/e/2/oe20elc4rg4zn1js/cover/2409068861ca2880e3c138c2f554f810_766x510.jpg | https://static.dd-room.com/images/object/o/e/2/oe20elc4rg4zn1js/cover/c11241a9006cc323bc896f972e6ce03c_766x510.jpg | https://static.dd-room.com/images/object/o/e/2/oe20elc4rg4zn1js/cover/31173f63f2ed1903070ac68821a3ab25_766x510.jpg | https://static.dd-room.com/images/object/o/e/2/oe20elc4rg4zn1js/cover/92123da2463a7e43bef4bfff97722f91_766x510.jpg | https://static.dd-room.com/images/object/o/e/2/oe20elc4rg4zn1js/cover/e2e0c2695d56d5ae53aaa0a839d8b023_766x510.jpg | https://static.dd-room.com/images/object/o/e/2/oe20elc4rg4zn1js/cover/fdfb3c2f0020d96b02ecedfceadfa364_766x510.jpg | https://static.dd-room.com/images/object/o/e/2/oe20elc4rg4zn1js/cover/0dd748952dee0e2a05886a702ed625b5_766x510.jpg | https://static.dd-room.com/images/object/o/e/2/oe20elc4rg4zn1js/cover/f03497449a284e8da2715e8a5cb301c6_766x510.jpg | https://static.dd-room.com/images/object/o/e/2/oe20elc4rg4zn1js/cover/8f358c0165394e21238b182a7f686e4e_766x510.jpg | https://static.dd-room.com/images/object/o/e/2/oe20elc4rg4zn1js/cover/8fccca3c3910cd18d3a40fa5f6e749b8_766x510.jpg | https://static.dd-room.com/images/object/o/e/2/oe20elc4rg4zn1js/cover/f20bb12056b00d698a9e8c21cb1dd4c9_766x510.jpg | https://static.dd-room.com/images/object/o/e/2/oe20elc4rg4zn1js/cover/c85a37f67e5860f170aeaf11481ce2f2_766x510.jpg | https://static.dd-room.com/images/object/o/e/2/oe20elc4rg4zn1js/cover/22d7b001ba01cdd03758b2c8f5957dcd_766x510.jpg
rgowpdghbdou1d7i,https://www.dd-room.com/object/rgowpdghbdou1d7i,即將釋出.北投區.明德站.可租補.低樓層.明亮設計感一房一廳101,20888,41776,0,臺北市北投區致遠一路一段,北投區,致遠一路一段,25.1087535,121.5159888,1房1廳1衛1廚,1,1,1,1,0,2.0,獨立套房,apt,8.0,1,5,12,2026-07-06,escrow,可無火煮食、對外窗、氣密窗、水泥隔間,床、桌子、椅子、沙發、衣櫃、網路、冷氣、洗衣機、冰箱、電視、第四台、流理台、熱水器、電磁爐、住警器,未提供,水費、第四台、網路費,未提供,9,https://static.dd-room.com/images/object/r/g/o/rgowpdghbdou1d7i/cover/e85d2d1ee33c2f7a8e2a029c2289ffcf_766x510.jpg | https://static.dd-room.com/images/object/r/g/o/rgowpdghbdou1d7i/cover/0430e945dfcb6ee68a1d2050aacb015d_766x510.jpg | https://static.dd-room.com/images/object/r/g/o/rgowpdghbdou1d7i/cover/3f9ebad5f66e83bdc8d987e6fad91988_766x510.jpg | https://static.dd-room.com/images/object/r/g/o/rgowpdghbdou1d7i/cover/dcfd4bda5e93cbd574928498240e43c0_766x510.jpg | https://static.dd-room.com/images/object/r/g/o/rgowpdghbdou1d7i/cover/49b87072921c9911af7e8ae2451568a9_766x510.jpg | https://static.dd-room.com/images/object/r/g/o/rgowpdghbdou1d7i/cover/27c4015c7d5f60327a3e3a9f667beab2_766x510.jpg | https://static.dd-room.com/images/object/r/g/o/rgowpdghbdou1d7i/cover/40ca33ef19df84f6ab3ec063c136aee5_766x510.jpg | https://static.dd-room.com/images/object/r/g/o/rgowpdghbdou1d7i/cover/e9c55e9e77d41c0e0add4d6629db671d_766x510.jpg | https://static.dd-room.com/images/object/r/g/o/rgowpdghbdou1d7i/cover/e79fb28a00c398cc735d56ee639254d9_766x510.jpg
jqbpnw19p3xuyqeo,https://www.dd-room.com/object/jqbpnw19p3xuyqeo,政大首選【超值租案】大空間★精緻裝潢★獨洗衣機,14999,29998,0,臺北市文山區木新路二段,文山區,木新路二段,24.9850982,121.5704141,1房1衛,1,0,1,0,0,2.0,獨立套房,apt,18.0,5,5,12,2026-07-06,broker,未提供,冰箱、洗衣機、電視、冷氣、熱水器、床、衣櫃、第四台、網路、沙發、桌子、椅子,未提供,未提供,未提供,5,https://renco-rentals-prod.s3.ap-northeast-1.amazonaws.com/42897/medium/9c793669-bb74-4238-a039-299b0cb07af8.jpg | https://renco-rentals-prod.s3.ap-northeast-1.amazonaws.com/42897/medium/af79aeb9-b1e9-4314-b73b-4033840ee25f.jpg | https://renco-rentals-prod.s3.ap-northeast-1.amazonaws.com/42897/medium/6a0ecd37-08f8-4439-bbc4-ca1d82097fd4.jpg | https://renco-rentals-prod.s3.ap-northeast-1.amazonaws.com/42897/medium/1ff7d396-774b-4de5-b821-ce4e4aeae9e1.jpg | https://renco-rentals-prod.s3.ap-northeast-1.amazonaws.com/42897/medium/7c290769-2b3c-42c8-b828-c0d1123af22f.jpg
pwvjxqxoibgfo0ki,https://www.dd-room.com/object/pwvjxqxoibgfo0ki,🚇西湖捷運3分鐘🚶走路到內科🥇8月底前簽約另折抵3000·全新裝潢・1G Mesh高速網路・獨立陽台獨洗・可租補,11900,31000,0,臺北市內湖區內湖路一段,內湖區,內湖路一段,25.0799008,121.575434,5房2廳2衛3陽台,5,2,2,0,3,2.0,分租套房,apt,35.0,1,3,12,2026-07-06,agent,可無火煮食、有飲水機、對外窗、水泥隔間、垃圾代收、包裹代收、定期清潔、免仲介費、電費照台電、水費照台水、可報稅、共生公寓、有陽台、租金補貼,床、桌子、椅子、沙發、衣櫃、鞋櫃、櫃子、網路、冷氣、洗衣機、冰箱、電視、第四台、流理台、熱水器、天然瓦斯,有汽車車位,未提供,未提供,15,https://static.dd-room.com/images/object/p/w/v/pwvjxqxoibgfo0ki/cover/2eba9bc54d4b12d92d58aefe0a4dff16_766x510.jpg | https://static.dd-room.com/images/object/p/w/v/pwvjxqxoibgfo0ki/cover/de2b5af1cbf350df98d4dd69646c3dd2_766x510.jpg | https://static.dd-room.com/images/object/p/w/v/pwvjxqxoibgfo0ki/cover/9fab6a5c80d21a1123e9b7c3d0e130d7_766x510.jpg | https://static.dd-room.com/images/object/p/w/v/pwvjxqxoibgfo0ki/cover/d8eed532adfc14093e466b0296222490_766x510.jpg | https://static.dd-room.com/images/object/p/w/v/pwvjxqxoibgfo0ki/cover/e239bc1ce6af69a42300942e61ad49ff_766x510.jpg | https://static.dd-room.com/images/object/p/w/v/pwvjxqxoibgfo0ki/cover/5475a9d5327b586b3abd379c555c9551_766x510.jpg | https://static.dd-room.com/images/object/p/w/v/pwvjxqxoibgfo0ki/cover/abd1f0506911915bbf35dbc127394434_766x510.jpg | https://static.dd-room.com/images/object/p/w/v/pwvjxqxoibgfo0ki/cover/5e0e89974505b0b53eb4bc4744522d5d_766x510.jpg | https://static.dd-room.com/images/object/p/w/v/pwvjxqxoibgfo0ki/cover/7a6be4e7cb716d6eccc05c7e7e6b36bc_766x510.jpg | https://static.dd-room.com/images/object/p/w/v/pwvjxqxoibgfo0ki/cover/d33eddc6db8ba8bc23687c09de0d5e15_766x510.jpg | https://static.dd-room.com/images/object/p/w/v/pwvjxqxoibgfo0ki/cover/b5e2df294cb9b70b3c81e49daedcb9b6_766x510.jpg | https://static.dd-room.com/images/object/p/w/v/pwvjxqxoibgfo0ki/cover/ac04deb49d75f9018561e75d660dad22_766x510.jpg | https://static.dd-room.com/images/object/p/w/v/pwvjxqxoibgfo0ki/cover/1961773afd299cc0b3067552ba774b64_766x510.jpg | https://static.dd-room.com/images/object/p/w/v/pwvjxqxoibgfo0ki/cover/9c19dbf0e133256ab6bef71eafdcff6f_766x510.jpg | https://static.dd-room.com/images/object/p/w/v/pwvjxqxoibgfo0ki/cover/7e38620bc7492040aa4838b704926b04_766x510.jpg
oi7rtzmns7hgx5pc,https://www.dd-room.com/object/oi7rtzmns7hgx5pc,內湖分租套房505,9800,1960,0,臺北市內湖區金龍路,內湖區,金龍路,25.087531,121.5875696,1房1衛,1,0,1,0,0,2.0,分租套房,apt,5.0,5,6,12,2026-07-06,agent,對外窗、水泥隔間、免仲介費,床、桌子、椅子、衣櫃、網路、冷氣、洗衣機、冰箱、電視、第四台、熱水器,未提供,電費、水費、第四台、網路費,未提供,7,https://static.dd-room.com/images/object/o/i/7/oi7rtzmns7hgx5pc/cover/b100618e6b246880c14436248b71f3fe_766x510.jpg | https://static.dd-room.com/images/object/o/i/7/oi7rtzmns7hgx5pc/cover/c97b75a5326afb31559934fc602c4f9a_766x510.jpg | https://static.dd-room.com/images/object/o/i/7/oi7rtzmns7hgx5pc/cover/7c91c9492fa878bd52b6f6186301b950_766x510.jpg | https://static.dd-room.com/images/object/o/i/7/oi7rtzmns7hgx5pc/cover/edc6322a659fd6d6086379705e3abc3c_766x510.jpg | https://static.dd-room.com/images/object/o/i/7/oi7rtzmns7hgx5pc/cover/36443a49335afababbc8d0a92bbe42dc_766x510.jpg | https://static.dd-room.com/images/object/o/i/7/oi7rtzmns7hgx5pc/cover/31a712999f4237d12446e6084c8a2c0b_766x510.jpg | https://static.dd-room.com/images/object/o/i/7/oi7rtzmns7hgx5pc/cover/f5c1d0631762abb844901a0cd9c5eac8_766x510.jpg
bnwj4gztwjbdubwd,https://www.dd-room.com/object/bnwj4gztwjbdubwd,近捷運信義安和【優質2房1廳】可寵★新裝潢★免爬高,27999,55998,0,臺北市大安區通化街,大安區,通化街,25.0287281,121.5538123,2房1廳1衛,2,1,1,0,0,2.0,整層,house,13.0,2,2,12,2026-07-06,broker,可養貓、可養狗,未提供,未提供,未提供,未提供,13,https://img2.591.com.tw/house/2026/07/06/178334810472945009.png!1000x.png | https://img2.591.com.tw/house/2026/07/06/178334810473211802.png!1000x.png | https://img2.591.com.tw/house/2026/07/06/178334810498541701.png!1000x.png | https://img2.591.com.tw/house/2026/07/06/178334810466035809.png!1000x.png | https://img1.591.com.tw/house/2026/07/06/178334810501289305.png!1000x.png | https://img2.591.com.tw/house/2026/07/06/178334810475284503.png!1000x.png | https://img1.591.com.tw/house/2026/07/06/178334810538505206.png!1000x.png | https://img2.591.com.tw/house/2026/07/06/178334810464991208.png!1000x.png | https://img1.591.com.tw/house/2026/07/06/178334810501326604.png!1000x.png | https://img1.591.com.tw/house/2026/07/06/178334810493696402.png!1000x.png | https://img2.591.com.tw/house/2026/07/06/178334810516665807.png!1000x.png | https://img1.591.com.tw/house/2026/07/06/178334810525518005.png!1000x.png | https://img2.591.com.tw/house/2026/07/06/178334810525732807.png!1000x.png
wlzbxb5k7rcplzcd,https://www.dd-room.com/object/wlzbxb5k7rcplzcd,近捷運六張犁【優質3房2衛】可寵★房皆有窗★獨立陽台,38999,77998,0,臺北市大安區安居街,大安區,安居街,25.0185559,121.552177,3房2廳2衛1陽台,3,2,2,0,1,3.0,整層,apt,29.0,5,5,12,2026-07-06,broker,可養貓、可養狗、有陽台,未提供,未提供,未提供,未提供,10,https://img1.591.com.tw/house/2026/07/06/178334824264268702.png!1000x.png | https://img1.591.com.tw/house/2026/07/06/178334824264999701.png!1000x.png | https://img1.591.com.tw/house/2026/07/06/178334824229863804.png!1000x.png | https://img1.591.com.tw/house/2026/07/06/178334824263791804.png!1000x.png | https://img1.591.com.tw/house/2026/07/06/178334824278705906.png!1000x.png | https://img2.591.com.tw/house/2026/07/06/178334824269688606.png!1000x.png | https://img1.591.com.tw/house/2026/07/06/178334824276798401.png!1000x.png | https://img2.591.com.tw/house/2026/07/06/178334824301998700.png!1000x.png | https://img1.591.com.tw/house/2026/07/06/178334824290638005.png!1000x.png | https://img1.591.com.tw/house/2026/07/06/178334824303052200.png!1000x.png
h67ykqy5awx9vthp,https://www.dd-room.com/object/h67ykqy5awx9vthp,糶米公園【超值3房1廳】可補助★寵可洽★垃圾代收,27999,55998,2084,臺北市信義區吳興街,信義區,吳興街,25.0251064,121.5670694,3房1廳1衛,3,1,1,0,0,3.0,整層,elevator,26.0,3,7,12,2026-07-06,broker,可養貓、可養狗、可開伙、有電梯、垃圾代收、租金補貼,未提供,未提供,未提供,未提供,5,https://img1.591.com.tw/house/2026/07/06/178334791719440408.png!1000x.png | https://img2.591.com.tw/house/2026/07/06/178334791717590803.png!1000x.png | https://img2.591.com.tw/house/2026/07/06/178334791712606609.png!1000x.png | https://img2.591.com.tw/house/2026/07/06/178334791705807909.png!1000x.png | https://img2.591.com.tw/house/2026/07/06/178334791745281803.png!1000x.png
w4edak4oq921cgb9,https://www.dd-room.com/object/w4edak4oq921cgb9,@@忠孝敦化捷運商圈旁*交通便捷美四房,100000,200000,0,臺北市大安區敦化南路一段,大安區,敦化南路一段,25.0420962,121.5491292,4房2廳3衛1陽台,4,2,3,0,1,4.0,整層,elevator,66.7,11,14,12,2026-07-06,broker,可開伙、有電梯、水泥隔間、對外窗、有陽台,床、桌子、椅子、沙發、衣櫃、冷氣、洗衣機、冰箱、電視、熱水器、天然瓦斯,有汽車車位,管理費,未提供,12,https://static.dd-room.com/images/object/w/4/e/w4edak4oq921cgb9/cover/3b3ff40a9d344827ac3d2e00d23fbf4a_766x510.jpg | https://static.dd-room.com/images/object/w/4/e/w4edak4oq921cgb9/cover/8df3050c212a22a50df00dbb2fe5cff6_766x510.jpg | https://static.dd-room.com/images/object/w/4/e/w4edak4oq921cgb9/cover/eacd1fede3ea833bb404e4569cb857cc_766x510.jpg | https://static.dd-room.com/images/object/w/4/e/w4edak4oq921cgb9/cover/d154bd467edccbc9bf22f37b87166e50_766x510.jpg | https://static.dd-room.com/images/object/w/4/e/w4edak4oq921cgb9/cover/85dbf666d31d9a0eda044ef4bc61e639_766x510.jpg | https://static.dd-room.com/images/object/w/4/e/w4edak4oq921cgb9/cover/467de5030a1426490d2d0f0e4e299767_766x510.jpg | https://static.dd-room.com/images/object/w/4/e/w4edak4oq921cgb9/cover/c7a63012278a39303a611074ac94abae_766x510.jpg | https://static.dd-room.com/images/object/w/4/e/w4edak4oq921cgb9/cover/ac2c76c064e9d067395544237a7638b7_766x510.jpg | https://static.dd-room.com/images/object/w/4/e/w4edak4oq921cgb9/cover/d5c83e9681f1546367e0cca6fc50a175_766x510.jpg | https://static.dd-room.com/images/object/w/4/e/w4edak4oq921cgb9/cover/451d4dfd1bd4821be7cda28fea31f345_766x510.jpg | https://static.dd-room.com/images/object/w/4/e/w4edak4oq921cgb9/cover/74d05548324aa0a7875183c194823960_766x510.jpg | https://static.dd-room.com/images/object/w/4/e/w4edak4oq921cgb9/cover/d9f9eb1c417f9096759434c3bec9b32c_766x510.jpg
xgthxqfboixqm9et,https://www.dd-room.com/object/xgthxqfboixqm9et,@@松江南京捷運商圈旁*一層一戶美四房,180000,360000,10500,臺北市中山區南京東路二段,中山區,南京東路二段,25.0519468,121.5351156,4房2廳4衛3陽台,4,2,4,0,3,4.0,整層,elevator,90.0,4,7,12,2026-07-06,broker,可養貓、可養狗、可養其他寵物、可開伙、有電梯、水泥隔間、對外窗、有陽台,冷氣、熱水器、天然瓦斯,有汽車車位,未提供,未提供,8,https://static.dd-room.com/images/object/x/g/t/xgthxqfboixqm9et/cover/73e383a2f98cb7240a41c0867b8a0b71_766x510.jpg | https://static.dd-room.com/images/object/x/g/t/xgthxqfboixqm9et/cover/b209dceec15df51f22d63cc29b1d1bd5_766x510.jpg | https://static.dd-room.com/images/object/x/g/t/xgthxqfboixqm9et/cover/0a2f66fb7b6f42b77ae966986fb0f2d3_766x510.jpg | https://static.dd-room.com/images/object/x/g/t/xgthxqfboixqm9et/cover/3554fb324fcf2f854365c79effe6d8eb_766x510.jpg | https://static.dd-room.com/images/object/x/g/t/xgthxqfboixqm9et/cover/8a449ce0eed160e065a224b5d5893d58_766x510.jpg | https://static.dd-room.com/images/object/x/g/t/xgthxqfboixqm9et/cover/aa9c2a4207889841576546dbfa78494c_766x510.jpg | https://static.dd-room.com/images/object/x/g/t/xgthxqfboixqm9et/cover/a99072b6b4f48f01dfc21f16bac2e97e_766x510.jpg | https://static.dd-room.com/images/object/x/g/t/xgthxqfboixqm9et/cover/63996294160408ce066cab2ebff5382e_766x510.jpg
wicm2dgwiidgylsl,https://www.dd-room.com/object/wicm2dgwiidgylsl,@@士林捷運陽明山旁*寬敞獨棟別墅,80000,160000,0,臺北市士林區永公路,士林區,永公路,25.1367946,121.5671248,6房3廳3衛2陽台,6,3,3,0,2,6.0,整層,villa,160.0,999,2,12,2026-07-06,broker,可開伙、水泥隔間、對外窗、有陽台,衣櫃、冷氣、洗衣機、冰箱、熱水器,有汽車車位,未提供,未提供,9,https://static.dd-room.com/images/object/w/i/c/wicm2dgwiidgylsl/cover/64adf6eaf8b68c57cdf2c54d1bfac1be_766x510.jpg | https://static.dd-room.com/images/object/w/i/c/wicm2dgwiidgylsl/cover/9e06f277271054be1f7aeaa92e5caa22_766x510.jpg | https://static.dd-room.com/images/object/w/i/c/wicm2dgwiidgylsl/cover/f9090f7fb74a7961c864c3cedd3408e3_766x510.jpg | https://static.dd-room.com/images/object/w/i/c/wicm2dgwiidgylsl/cover/dcc33480734a4c09a8feccadd1933fde_766x510.jpg | https://static.dd-room.com/images/object/w/i/c/wicm2dgwiidgylsl/cover/55226ead17b1caf2de9ea9127891457b_766x510.jpg | https://static.dd-room.com/images/object/w/i/c/wicm2dgwiidgylsl/cover/b54c002217505ad00e1dfda72bf240f5_766x510.jpg | https://static.dd-room.com/images/object/w/i/c/wicm2dgwiidgylsl/cover/7c1b2d363e48f2d7fd04c384637755f8_766x510.jpg | https://static.dd-room.com/images/object/w/i/c/wicm2dgwiidgylsl/cover/f40a30ff48966389bf5998cb1359691b_766x510.jpg | https://static.dd-room.com/images/object/w/i/c/wicm2dgwiidgylsl/cover/5bb9e5b5eae3d66f088c5784bff6e911_766x510.jpg
gzdcz108rrp6ljdi,https://www.dd-room.com/object/gzdcz108rrp6ljdi,@@松江南京四平商圈旁*典雅明亮三房,80000,160000,12000,臺北市中山區吉林路,中山區,吉林路,25.0500274,121.5300457,3房2廳2衛1陽台,3,2,2,0,1,3.0,整層,elevator,83.9,5,14,12,2026-07-06,broker,可開伙、有電梯、對外窗、有陽台,床、桌子、椅子、沙發、衣櫃、冷氣、熱水器、天然瓦斯,未提供,未提供,未提供,15,https://static.dd-room.com/images/object/g/z/d/gzdcz108rrp6ljdi/cover/accbc45c0534bac354864eeb53a1716f_766x510.jpg | https://static.dd-room.com/images/object/g/z/d/gzdcz108rrp6ljdi/cover/d9787b8428602e839c722990f3f5e362_766x510.jpg | https://static.dd-room.com/images/object/g/z/d/gzdcz108rrp6ljdi/cover/641483545c7f4dfbfde472ddd2092e4a_766x510.jpg | https://static.dd-room.com/images/object/g/z/d/gzdcz108rrp6ljdi/cover/4bb430b45ad737272c7104dd5691db9e_766x510.jpg | https://static.dd-room.com/images/object/g/z/d/gzdcz108rrp6ljdi/cover/3d3b4db8b1036e9e6fb48c72fbd7de52_766x510.jpg | https://static.dd-room.com/images/object/g/z/d/gzdcz108rrp6ljdi/cover/f694a3233fc0ed5794627e6f0175d482_766x510.jpg | https://static.dd-room.com/images/object/g/z/d/gzdcz108rrp6ljdi/cover/876a6552349350a3ca5d3ce513a6b04f_766x510.jpg | https://static.dd-room.com/images/object/g/z/d/gzdcz108rrp6ljdi/cover/406b258ddeb79a38099cc7191f5b2923_766x510.jpg | https://static.dd-room.com/images/object/g/z/d/gzdcz108rrp6ljdi/cover/e1db4b8f91a366c79efb019769726f7f_766x510.jpg | https://static.dd-room.com/images/object/g/z/d/gzdcz108rrp6ljdi/cover/e41dd2bb18ced00dd3d9ad5e76c210e1_766x510.jpg | https://static.dd-room.com/images/object/g/z/d/gzdcz108rrp6ljdi/cover/f84c25982e5aa7254cb523554811541d_766x510.jpg | https://static.dd-room.com/images/object/g/z/d/gzdcz108rrp6ljdi/cover/35f7a0c22d6d748f7d587c3e7271daf3_766x510.jpg | https://static.dd-room.com/images/object/g/z/d/gzdcz108rrp6ljdi/cover/8a0582f5f69bd1e8553e9cf759400e23_766x510.jpg | https://static.dd-room.com/images/object/g/z/d/gzdcz108rrp6ljdi/cover/633d8c1d029aec3aaff7160b1cde4dcb_766x510.jpg | https://static.dd-room.com/images/object/g/z/d/gzdcz108rrp6ljdi/cover/f93e7a84047a45f48173b2c3224c4144_766x510.jpg
x3crh7jroot5iy0d,https://www.dd-room.com/object/x3crh7jroot5iy0d,@@大安捷運商圈旁*寧靜採光美三房,64999,129998,800,臺北市大安區大安路二段,大安區,大安路二段,25.028533,121.5460078,3房2廳2衛1陽台,3,2,2,0,1,3.0,整層,elevator,36.3,2,6,12,2026-07-06,broker,對外窗、有電梯、水泥隔間,床、桌子、椅子、沙發、衣櫃、冷氣、洗衣機、冰箱、電視、熱水器、天然瓦斯,未提供,未提供,未提供,9,https://static.dd-room.com/images/object/x/3/c/x3crh7jroot5iy0d/cover/4ef8f8299f60b5452559c96ec3cd1f1d_766x510.jpg | https://static.dd-room.com/images/object/x/3/c/x3crh7jroot5iy0d/cover/c0680cb68805a8a5a0518132e742ffde_766x510.jpg | https://static.dd-room.com/images/object/x/3/c/x3crh7jroot5iy0d/cover/a1cb607a04be0890493ff40e67706ce7_766x510.jpg | https://static.dd-room.com/images/object/x/3/c/x3crh7jroot5iy0d/cover/05bf2aef4afbc87b8d00fc60054d85a1_766x510.jpg | https://static.dd-room.com/images/object/x/3/c/x3crh7jroot5iy0d/cover/39331d1540b231552b7e41f304ae737a_766x510.jpg | https://static.dd-room.com/images/object/x/3/c/x3crh7jroot5iy0d/cover/be4c509bc69c6b8fc1be3343aa354fe4_766x510.jpg | https://static.dd-room.com/images/object/x/3/c/x3crh7jroot5iy0d/cover/6a9a8cba22fb89d519d98e2de938acc5_766x510.jpg | https://static.dd-room.com/images/object/x/3/c/x3crh7jroot5iy0d/cover/70ce18ae855597a55dd51997fe3d9937_766x510.jpg | https://static.dd-room.com/images/object/x/3/c/x3crh7jroot5iy0d/cover/377650a77fe169df7c71cfd5a135d632_766x510.jpg
wn9moqj84kjadibw,https://www.dd-room.com/object/wn9moqj84kjadibw,@@善導寺台大東門商圈旁*靜巷時尚美居,53999,107998,5138,臺北市中正區仁愛路一段,中正區,仁愛路一段,25.0383307,121.5204463,2房1廳1衛1陽台,2,1,1,0,1,2.0,整層,elevator,20.5,3,7,12,2026-07-06,broker,可養貓、可養狗、可養其他寵物、可開伙、水泥隔間、對外窗、有電梯、有陽台,床、桌子、椅子、沙發、衣櫃、冷氣、洗衣機、冰箱、電視、熱水器、天然瓦斯,有汽車車位,未提供,未提供,10,https://static.dd-room.com/images/object/w/n/9/wn9moqj84kjadibw/cover/421b46a8b2e1427b9ea303a26714d44f_766x510.jpg | https://static.dd-room.com/images/object/w/n/9/wn9moqj84kjadibw/cover/ee1b6f689f6f56983b014747f1193fb6_766x510.jpg | https://static.dd-room.com/images/object/w/n/9/wn9moqj84kjadibw/cover/591143bb3f8d30d3a029357521f0dae5_766x510.jpg | https://static.dd-room.com/images/object/w/n/9/wn9moqj84kjadibw/cover/25e9b7f73560f09b7e33e31ca4101a53_766x510.jpg | https://static.dd-room.com/images/object/w/n/9/wn9moqj84kjadibw/cover/d05a26bb075068db2dd7e9edbf6cbdbe_766x510.jpg | https://static.dd-room.com/images/object/w/n/9/wn9moqj84kjadibw/cover/a878ba05f7c5530a0f10fcbcb1ff9718_766x510.jpg | https://static.dd-room.com/images/object/w/n/9/wn9moqj84kjadibw/cover/0e6643a740c247a152bad89e0c89f1d5_766x510.jpg | https://static.dd-room.com/images/object/w/n/9/wn9moqj84kjadibw/cover/f7704e5d2a73736e2f5c77ef6375939b_766x510.jpg | https://static.dd-room.com/images/object/w/n/9/wn9moqj84kjadibw/cover/c433ce93076839cadf6781648e1e7d43_766x510.jpg | https://static.dd-room.com/images/object/w/n/9/wn9moqj84kjadibw/cover/6149ddc41cec3a0039182e6a97db6243_766x510.jpg
sxayfcbd6m2o7xvz,https://www.dd-room.com/object/sxayfcbd6m2o7xvz,@@東門捷運商圈旁*高樓景觀氣派豪邸,307999,615998,18610,臺北市大安區杭州南路二段,大安區,杭州南路二段,25.0309225,121.5222968,4房2廳2衛2陽台,4,2,2,0,2,4.0,整層,elevator,102.4,8,14,12,2026-07-06,broker,可開伙、有電梯、對外窗、有陽台,衣櫃、冷氣、熱水器、天然瓦斯,有汽車車位,未提供,未提供,11,https://static.dd-room.com/images/object/s/x/a/sxayfcbd6m2o7xvz/cover/0ce95de7e8da5f7a4d27f2f99ccda854_766x510.jpg | https://static.dd-room.com/images/object/s/x/a/sxayfcbd6m2o7xvz/cover/4728cba46e4dbd346511b733b0588898_766x510.jpg | https://static.dd-room.com/images/object/s/x/a/sxayfcbd6m2o7xvz/cover/6237e6fac1b2392f1001c8d318942f35_766x510.jpg | https://static.dd-room.com/images/object/s/x/a/sxayfcbd6m2o7xvz/cover/097565b805e3f1fa31debab30b4cff2c_766x510.jpg | https://static.dd-room.com/images/object/s/x/a/sxayfcbd6m2o7xvz/cover/39138e10a8a31a08a10642f70088ed3a_766x510.jpg | https://static.dd-room.com/images/object/s/x/a/sxayfcbd6m2o7xvz/cover/87dcc27751cf4ec0c9ba7644f7af4685_766x510.jpg | https://static.dd-room.com/images/object/s/x/a/sxayfcbd6m2o7xvz/cover/e73690b112ed50776a42f328090023dc_766x510.jpg | https://static.dd-room.com/images/object/s/x/a/sxayfcbd6m2o7xvz/cover/cd3959b6f703398ae078ced5762c9690_766x510.jpg | https://static.dd-room.com/images/object/s/x/a/sxayfcbd6m2o7xvz/cover/481dffbdb1c3c495c384176961e8e616_766x510.jpg | https://static.dd-room.com/images/object/s/x/a/sxayfcbd6m2o7xvz/cover/371f9c6850e25c919a919c5d30e1ee39_766x510.jpg | https://static.dd-room.com/images/object/s/x/a/sxayfcbd6m2o7xvz/cover/fb3d35a083bed0bdb0927f0a8fc90ce7_766x510.jpg
amirwa8mwxfgijqw,https://www.dd-room.com/object/amirwa8mwxfgijqw,@@台電大樓捷運商圈旁*質感裝潢美居,77999,156000,2000,臺北市大安區溫州街,大安區,溫州街,25.0242317,121.5334021,4房2廳3衛2陽台,4,2,3,0,2,4.0,整層,elevator,455.0,2,6,12,2026-07-06,broker,可開伙、有電梯、對外窗、有陽台,桌子、椅子、沙發、衣櫃、冷氣、冰箱、熱水器、天然瓦斯,未提供,未提供,未提供,15,https://static.dd-room.com/images/object/a/m/i/amirwa8mwxfgijqw/cover/a2eb8afa7281d4dea0d1f718579267b9_766x510.jpg | https://static.dd-room.com/images/object/a/m/i/amirwa8mwxfgijqw/cover/cd889bfa09224bf0b0b63c62d30d0f4f_766x510.jpg | https://static.dd-room.com/images/object/a/m/i/amirwa8mwxfgijqw/cover/f698aa312bd62ba5785a394d8c95abf4_766x510.jpg | https://static.dd-room.com/images/object/a/m/i/amirwa8mwxfgijqw/cover/b8308f456e609d8fb8b0c2c88d7bf187_766x510.jpg | https://static.dd-room.com/images/object/a/m/i/amirwa8mwxfgijqw/cover/60198b7ee1bc7d6e39fe2b6fab23ac01_766x510.jpg | https://static.dd-room.com/images/object/a/m/i/amirwa8mwxfgijqw/cover/42944ff83ff67ab8fadd99f471c7c376_766x510.jpg | https://static.dd-room.com/images/object/a/m/i/amirwa8mwxfgijqw/cover/d4150d014867d81d70d61c591f18ed59_766x510.jpg | https://static.dd-room.com/images/object/a/m/i/amirwa8mwxfgijqw/cover/78f2e1cdbd0efcf3ee11e84fb8ae16cd_766x510.jpg | https://static.dd-room.com/images/object/a/m/i/amirwa8mwxfgijqw/cover/98f76ba20ac97fda54e8170aa83d971c_766x510.jpg | https://static.dd-room.com/images/object/a/m/i/amirwa8mwxfgijqw/cover/7ee202f65ba2a8aeea7f495603c861fd_766x510.jpg | https://static.dd-room.com/images/object/a/m/i/amirwa8mwxfgijqw/cover/5dd80510b371f4d7022339152845170d_766x510.jpg | https://static.dd-room.com/images/object/a/m/i/amirwa8mwxfgijqw/cover/b34e7262c9be204809bd7c297be533cb_766x510.jpg | https://static.dd-room.com/images/object/a/m/i/amirwa8mwxfgijqw/cover/6ca0648ed557598b605c8ca8c5617430_766x510.jpg | https://static.dd-room.com/images/object/a/m/i/amirwa8mwxfgijqw/cover/67860e683a007541e6600b900007bf60_766x510.jpg | https://static.dd-room.com/images/object/a/m/i/amirwa8mwxfgijqw/cover/423282c2f1d9f76a8426db139f4f448e_766x510.jpg
sjyjo82hvagxofbd,https://www.dd-room.com/object/sjyjo82hvagxofbd,@@天母石牌明德商圈旁*質感裝潢美四房,109999,220000,4500,臺北市士林區天母西路,士林區,天母西路,25.1184206,121.5278907,4房2廳3衛2陽台,4,2,3,0,2,4.0,整層,elevator,79.7,6,7,12,2026-07-06,broker,可開伙、有電梯、對外窗、有陽台,衣櫃、冷氣、冰箱、熱水器、天然瓦斯,未提供,未提供,未提供,10,https://static.dd-room.com/images/object/s/j/y/sjyjo82hvagxofbd/cover/9d7e4faa8ef7114570ddd527f3aa569e_766x510.jpg | https://static.dd-room.com/images/object/s/j/y/sjyjo82hvagxofbd/cover/7a6420f1eae2a63a7e92646cc1758943_766x510.jpg | https://static.dd-room.com/images/object/s/j/y/sjyjo82hvagxofbd/cover/1d979c4ce2b4eabbb2af208923a577fd_766x510.jpg | https://static.dd-room.com/images/object/s/j/y/sjyjo82hvagxofbd/cover/9616cc2b33695e723df279f05e2d8f0d_766x510.jpg | https://static.dd-room.com/images/object/s/j/y/sjyjo82hvagxofbd/cover/dcafd4e2e35f9e1f8beb3b4807a0af70_766x510.jpg | https://static.dd-room.com/images/object/s/j/y/sjyjo82hvagxofbd/cover/3de0c668fc4dcc43f36af33bd51a09b5_766x510.jpg | https://static.dd-room.com/images/object/s/j/y/sjyjo82hvagxofbd/cover/8f76b185565cd78e9bd1f85c2f4f4c9f_766x510.jpg | https://static.dd-room.com/images/object/s/j/y/sjyjo82hvagxofbd/cover/355c248633bab65b4efabf0a570b6d69_766x510.jpg | https://static.dd-room.com/images/object/s/j/y/sjyjo82hvagxofbd/cover/c1f0235953680eaedfb45f54554564b5_766x510.jpg | https://static.dd-room.com/images/object/s/j/y/sjyjo82hvagxofbd/cover/aaa20dc77c45a412d4e1ccf6b034a6a3_766x510.jpg
jsqamvhcn6lw6pwo,https://www.dd-room.com/object/jsqamvhcn6lw6pwo,@@信義象山捷運商圈*質感明亮美妝宅,59999,120000,6277,臺北市信義區信義路五段,信義區,信義路五段,25.0330722,121.5605445,1房1廳1衛1陽台,1,1,1,0,1,1.0,整層,elevator,27.6,11,19,12,2026-07-06,broker,可開伙、對外窗、有電梯、有陽台,床、桌子、椅子、沙發、衣櫃、冷氣、洗衣機、冰箱、電視、熱水器、天然瓦斯,未提供,未提供,未提供,8,https://static.dd-room.com/images/object/j/s/q/jsqamvhcn6lw6pwo/cover/8ced8a3c17526b7152da8577f52e7115_766x510.jpg | https://static.dd-room.com/images/object/j/s/q/jsqamvhcn6lw6pwo/cover/2ddec85c91101ef4f67b32f9f8346419_766x510.jpg | https://static.dd-room.com/images/object/j/s/q/jsqamvhcn6lw6pwo/cover/d78ff9047d1b69cd9cce9f4d56c83b3b_766x510.jpg | https://static.dd-room.com/images/object/j/s/q/jsqamvhcn6lw6pwo/cover/333300f2b557ee374bddbec742e938b9_766x510.jpg | https://static.dd-room.com/images/object/j/s/q/jsqamvhcn6lw6pwo/cover/6133ed5d4a65c3bb4f5fb524953e9e23_766x510.jpg | https://static.dd-room.com/images/object/j/s/q/jsqamvhcn6lw6pwo/cover/9860437ca4653c2a3e24b57e1d4dfb19_766x510.jpg | https://static.dd-room.com/images/object/j/s/q/jsqamvhcn6lw6pwo/cover/70813f24b1ab7aa7b60622627e52689c_766x510.jpg | https://static.dd-room.com/images/object/j/s/q/jsqamvhcn6lw6pwo/cover/93c2dd643508635eb966c456f56871ff_766x510.jpg
giijmryr5ic7uya3,https://www.dd-room.com/object/giijmryr5ic7uya3,@@市政府站捷運商圈旁*高機能裝潢住辦,70000,140000,2499,臺北市信義區忠孝東路五段,信義區,忠孝東路五段,25.0411286,121.5785763,1房1廳1衛,1,1,1,0,0,1.0,整層,elevator,35.7,10,14,12,2026-07-06,broker,可開伙、有電梯、對外窗,冷氣,未提供,未提供,未提供,5,https://static.dd-room.com/images/object/g/i/i/giijmryr5ic7uya3/cover/d72c55edba4dd9f119b52a43e3d4964c_766x510.jpg | https://static.dd-room.com/images/object/g/i/i/giijmryr5ic7uya3/cover/ca6b74388d1280d8112f6b03d8b75a6e_766x510.jpg | https://static.dd-room.com/images/object/g/i/i/giijmryr5ic7uya3/cover/956ca9441c5fe72fab8740573b7e260d_766x510.jpg | https://static.dd-room.com/images/object/g/i/i/giijmryr5ic7uya3/cover/8693b320060e14031054d15d75639c97_766x510.jpg | https://static.dd-room.com/images/object/g/i/i/giijmryr5ic7uya3/cover/b4cd92b9f6c1d9a02f54e3e8baf82972_766x510.jpg
sv0zqqf4oa33frnl,https://www.dd-room.com/object/sv0zqqf4oa33frnl,@@龍山寺捷運商圈旁*挑高採光明亮通風機能宅,35999,71998,2560,臺北市萬華區西園路一段,萬華區,西園路一段,25.0375708,121.4995658,2房1廳1衛2陽台,2,1,1,0,2,2.0,整層,elevator,25.6,13,13,12,2026-07-06,broker,對外窗、有電梯、水泥隔間,床、桌子、椅子、沙發、衣櫃、冷氣、洗衣機、冰箱、熱水器、天然瓦斯,未提供,未提供,未提供,15,https://static.dd-room.com/images/object/s/v/0/sv0zqqf4oa33frnl/cover/c004b9679a4beca4483a01ac8ccd0ecb_766x510.jpg | https://static.dd-room.com/images/object/s/v/0/sv0zqqf4oa33frnl/cover/f98918f97df2bed6dadefef667af7d67_766x510.jpg | https://static.dd-room.com/images/object/s/v/0/sv0zqqf4oa33frnl/cover/aa7d92bf6b5c68298230508ef79cd5c8_766x510.jpg | https://static.dd-room.com/images/object/s/v/0/sv0zqqf4oa33frnl/cover/723ad3608293f75162f72ae0ef5c124d_766x510.jpg | https://static.dd-room.com/images/object/s/v/0/sv0zqqf4oa33frnl/cover/3f4437a9163d1c99d19a0b14d35dc6a6_766x510.jpg | https://static.dd-room.com/images/object/s/v/0/sv0zqqf4oa33frnl/cover/7d6b4fefbc9e86f30889d00798275015_766x510.jpg | https://static.dd-room.com/images/object/s/v/0/sv0zqqf4oa33frnl/cover/e18a7ac4ebdaee61dc1ec28e0f3bfde8_766x510.jpg | https://static.dd-room.com/images/object/s/v/0/sv0zqqf4oa33frnl/cover/38c4377e9eb3ef34447de7524f11c7ed_766x510.jpg | https://static.dd-room.com/images/object/s/v/0/sv0zqqf4oa33frnl/cover/4843ec83d38744c0d3a5bed05f4c9185_766x510.jpg | https://static.dd-room.com/images/object/s/v/0/sv0zqqf4oa33frnl/cover/e594f0c27d7c53a2b67847c6a1b41c57_766x510.jpg | https://static.dd-room.com/images/object/s/v/0/sv0zqqf4oa33frnl/cover/0b96f59eb9b55477eca1374361a70ee3_766x510.jpg | https://static.dd-room.com/images/object/s/v/0/sv0zqqf4oa33frnl/cover/2ac5cb59a23092720c656d04a491136b_766x510.jpg | https://static.dd-room.com/images/object/s/v/0/sv0zqqf4oa33frnl/cover/b082424c070bcb860c96916a54cc2a54_766x510.jpg | https://static.dd-room.com/images/object/s/v/0/sv0zqqf4oa33frnl/cover/069c71b9027e0f6a13c3e5ebf2cdca05_766x510.jpg | https://static.dd-room.com/images/object/s/v/0/sv0zqqf4oa33frnl/cover/60c188784dafa5d58710cac4a749fda5_766x510.jpg
wsegct0bugbhrv2p,https://www.dd-room.com/object/wsegct0bugbhrv2p,@@信義安和捷運商圈旁*靜巷優質生活機能宅,49999,99998,0,臺北市大安區文昌街,大安區,文昌街,25.0325321,121.5533996,3房2廳2衛1陽台,3,2,2,0,1,3.0,整層,apt,35.1,1,4,12,2026-07-06,broker,對外窗、可開伙、水泥隔間,冷氣、冰箱、電視、熱水器、天然瓦斯,未提供,未提供,未提供,6,https://static.dd-room.com/images/object/w/s/e/wsegct0bugbhrv2p/cover/18892b71efd2c03107c17fbf67e2ad0b_766x510.jpg | https://static.dd-room.com/images/object/w/s/e/wsegct0bugbhrv2p/cover/ac9719d2b5966abffd380e208e62254c_766x510.jpg | https://static.dd-room.com/images/object/w/s/e/wsegct0bugbhrv2p/cover/6b769262d9f6c6be17b9d293fc030fe9_766x510.jpg | https://static.dd-room.com/images/object/w/s/e/wsegct0bugbhrv2p/cover/641035bde85c4afa1ce694ec0301c2bb_766x510.jpg | https://static.dd-room.com/images/object/w/s/e/wsegct0bugbhrv2p/cover/0e98edce246feb7652ef78911d84bc91_766x510.jpg | https://static.dd-room.com/images/object/w/s/e/wsegct0bugbhrv2p/cover/84173991aff201003a897210bd88626d_766x510.jpg
dqelkohzqfqorxkh,https://www.dd-room.com/object/dqelkohzqfqorxkh,@@信義象山捷運商圈*採光通風一樓可停車,43000,86000,0,臺北市信義區信義路六段,信義區,信義路六段,25.0349379,121.5765026,3房2廳1衛1陽台,3,2,1,0,1,3.0,整層,apt,50.0,1,5,12,2026-07-06,broker,可開伙、對外窗、有陽台,冷氣、熱水器、天然瓦斯,有汽車車位,未提供,未提供,6,https://static.dd-room.com/images/object/d/q/e/dqelkohzqfqorxkh/cover/42f400be450f6e9f2c7bf8aacfecae53_766x510.jpg | https://static.dd-room.com/images/object/d/q/e/dqelkohzqfqorxkh/cover/1ccdf7b68d56af7f3a280b4377c63920_766x510.jpg | https://static.dd-room.com/images/object/d/q/e/dqelkohzqfqorxkh/cover/5415bbe6a991a5d054e6a56a49a76fb3_766x510.jpg | https://static.dd-room.com/images/object/d/q/e/dqelkohzqfqorxkh/cover/ab66904fc07a83bbdedd95bd84b79adc_766x510.jpg | https://static.dd-room.com/images/object/d/q/e/dqelkohzqfqorxkh/cover/c55ccfb5374f6373a02f11da4750f131_766x510.jpg | https://static.dd-room.com/images/object/d/q/e/dqelkohzqfqorxkh/cover/2dfa0712ac4a468ebdbcf856f79468fd_766x510.jpg
pbo7tx615qwbphs2,https://www.dd-room.com/object/pbo7tx615qwbphs2,@@西門捷運商圈旁*高機能住辦空間,70000,140000,5755,臺北市萬華區康定路,萬華區,康定路,25.0368274,121.5015066,5房1廳5衛1陽台,5,1,5,0,1,5.0,整層,elevator,78.9,4,11,12,2026-07-06,broker,對外窗、有電梯、有陽台,未提供,未提供,未提供,未提供,9,https://static.dd-room.com/images/object/p/b/o/pbo7tx615qwbphs2/cover/f2a379e6abf66e394334259d7df9b5dd_766x510.jpg | https://static.dd-room.com/images/object/p/b/o/pbo7tx615qwbphs2/cover/477f98b4c4a2e1fc011bdebf1c1e1505_766x510.jpg | https://static.dd-room.com/images/object/p/b/o/pbo7tx615qwbphs2/cover/a911dec44aa2e64bf8e4e0e14a48a6e7_766x510.jpg | https://static.dd-room.com/images/object/p/b/o/pbo7tx615qwbphs2/cover/5935894db0fa1c55c75296e2aa997c37_766x510.jpg | https://static.dd-room.com/images/object/p/b/o/pbo7tx615qwbphs2/cover/d52545f344550b73eae767136c32d16e_766x510.jpg | https://static.dd-room.com/images/object/p/b/o/pbo7tx615qwbphs2/cover/215af8dc0e3301ef09e8911a382953a6_766x510.jpg | https://static.dd-room.com/images/object/p/b/o/pbo7tx615qwbphs2/cover/9735c03ab9bdd29a0291fa563fc99201_766x510.jpg | https://static.dd-room.com/images/object/p/b/o/pbo7tx615qwbphs2/cover/9087b9123cf11486f23f23106957bc4f_766x510.jpg | https://static.dd-room.com/images/object/p/b/o/pbo7tx615qwbphs2/cover/e4a9d6bcba2f00bec85d7584425e09f1_766x510.jpg
44lywfg3zcxdeuuh,https://www.dd-room.com/object/44lywfg3zcxdeuuh,@@忠孝敦化捷運商圈旁*溫馨質感美宅,79888,160000,0,臺北市大安區仁愛路四段,大安區,仁愛路四段,25.0366083,121.5511194,2房2廳1衛1陽台,2,2,1,0,1,2.0,整層,elevator,25.0,4,13,12,2026-07-06,broker,可開伙、有電梯、對外窗、有陽台,床、桌子、椅子、沙發、衣櫃、冷氣、洗衣機、冰箱、電視、熱水器、天然瓦斯,未提供,管理費,未提供,8,https://static.dd-room.com/images/object/4/4/l/44lywfg3zcxdeuuh/cover/0e0e586e19f10c3c793f57a624817009_766x510.jpg | https://static.dd-room.com/images/object/4/4/l/44lywfg3zcxdeuuh/cover/fdf9a4ce09b7af1ce9161f31c9752a57_766x510.jpg | https://static.dd-room.com/images/object/4/4/l/44lywfg3zcxdeuuh/cover/e6a1621ca925679ef9fc191531479964_766x510.jpg | https://static.dd-room.com/images/object/4/4/l/44lywfg3zcxdeuuh/cover/059d1ff0040bf335d1b5a5b7973ca182_766x510.jpg | https://static.dd-room.com/images/object/4/4/l/44lywfg3zcxdeuuh/cover/4e61b67f023bd0352c9643aa7621d14e_766x510.jpg | https://static.dd-room.com/images/object/4/4/l/44lywfg3zcxdeuuh/cover/1ed155c1a131f4bf83e376e5e542f5ad_766x510.jpg | https://static.dd-room.com/images/object/4/4/l/44lywfg3zcxdeuuh/cover/0d74c62f43b74b8fa5258d6b7ef1f74a_766x510.jpg | https://static.dd-room.com/images/object/4/4/l/44lywfg3zcxdeuuh/cover/94236b9ec6a5d67822824ff66d85cc79_766x510.jpg
sodayk8hohd84jy2,https://www.dd-room.com/object/sodayk8hohd84jy2,@@忠孝敦化捷運商圈旁*精緻優質機能景觀美宅,54999,109998,1275,臺北市大安區安和路一段,大安區,安和路一段,25.0376884,121.5512504,2房1廳1衛1陽台,2,1,1,0,1,2.0,整層,elevator,17.2,12,12,12,2026-07-06,broker,對外窗、有電梯、水泥隔間、可開伙,床、桌子、椅子、沙發、衣櫃、冷氣、洗衣機、冰箱、電視、熱水器、天然瓦斯,未提供,未提供,未提供,8,https://static.dd-room.com/images/object/s/o/d/sodayk8hohd84jy2/cover/7301866f12432ef5524da4909291f445_766x510.jpg | https://static.dd-room.com/images/object/s/o/d/sodayk8hohd84jy2/cover/fc95396b0bc1b9c09f262160fa289254_766x510.jpg | https://static.dd-room.com/images/object/s/o/d/sodayk8hohd84jy2/cover/d5f67c01ac5697c56c3466472da17fba_766x510.jpg | https://static.dd-room.com/images/object/s/o/d/sodayk8hohd84jy2/cover/d9b5c70007f113a358618203b5502d7b_766x510.jpg | https://static.dd-room.com/images/object/s/o/d/sodayk8hohd84jy2/cover/24f7017af49788726ed6748257b5a529_766x510.jpg | https://static.dd-room.com/images/object/s/o/d/sodayk8hohd84jy2/cover/b4b4ab0c92799cb504aff17b03b43b21_766x510.jpg | https://static.dd-room.com/images/object/s/o/d/sodayk8hohd84jy2/cover/5b46986e1641bcb47fc4c7bc798080f8_766x510.jpg | https://static.dd-room.com/images/object/s/o/d/sodayk8hohd84jy2/cover/6662a9fc1e7eaccc11251f6d9541e439_766x510.jpg
knq87d4ak7exhwgk,https://www.dd-room.com/object/knq87d4ak7exhwgk,@@信義象山捷運商圈旁*精緻明亮挑高豪邸,168000,336000,0,臺北市信義區信義路五段,信義區,信義路五段,25.0330722,121.5605445,2房2廳2衛2陽台,2,2,2,0,2,2.0,整層,elevator,61.6,2,27,12,2026-07-06,broker,對外窗、有電梯、水泥隔間,床、桌子、椅子、沙發、衣櫃、冷氣、洗衣機、冰箱、電視、熱水器、天然瓦斯,未提供,未提供,未提供,11,https://static.dd-room.com/images/object/k/n/q/knq87d4ak7exhwgk/cover/e6523a9adba0d9a1a91f91bf6dd16cc8_766x510.jpg | https://static.dd-room.com/images/object/k/n/q/knq87d4ak7exhwgk/cover/fb309402bba565e275d946e67b14b7dd_766x510.jpg | https://static.dd-room.com/images/object/k/n/q/knq87d4ak7exhwgk/cover/a4fa4bfeb4404877c57ae03f99d87d4d_766x510.jpg | https://static.dd-room.com/images/object/k/n/q/knq87d4ak7exhwgk/cover/9148d3a87383c86860a4d6a2cadfb758_766x510.jpg | https://static.dd-room.com/images/object/k/n/q/knq87d4ak7exhwgk/cover/adcf223eb349f8ac8e90619d61d8f1eb_766x510.jpg | https://static.dd-room.com/images/object/k/n/q/knq87d4ak7exhwgk/cover/484c826a4917d89af5bffa9f04838b41_766x510.jpg | https://static.dd-room.com/images/object/k/n/q/knq87d4ak7exhwgk/cover/ba29bb4e1a3c41bbd9eac901d1f5e3b6_766x510.jpg | https://static.dd-room.com/images/object/k/n/q/knq87d4ak7exhwgk/cover/cdf655c9ab75f0d82026e471d77a8604_766x510.jpg | https://static.dd-room.com/images/object/k/n/q/knq87d4ak7exhwgk/cover/b00cde5cd2bf68d3e0287442cad95430_766x510.jpg | https://static.dd-room.com/images/object/k/n/q/knq87d4ak7exhwgk/cover/1d9839dc5a141802426c02ee6ea167d8_766x510.jpg | https://static.dd-room.com/images/object/k/n/q/knq87d4ak7exhwgk/cover/9541fe4989350b1b202ed852b6b7d5dd_766x510.jpg
aaj82oukdiicv9op,https://www.dd-room.com/object/aaj82oukdiicv9op,@@信義吳興商圈旁*優質精緻明亮景觀美居,95999,191998,9996,臺北市信義區吳興街,信義區,吳興街,25.0251064,121.5670694,2房2廳2衛2陽台,2,2,2,0,2,2.0,整層,elevator,60.0,11,19,12,2026-07-06,broker,對外窗、有電梯、水泥隔間,床、桌子、沙發、衣櫃、冷氣、洗衣機、冰箱、電視、熱水器、天然瓦斯,有汽車車位,未提供,未提供,6,https://static.dd-room.com/images/object/a/a/j/aaj82oukdiicv9op/cover/c398ddc7e60b842c714f9e1cc840f4cb_766x510.jpg | https://static.dd-room.com/images/object/a/a/j/aaj82oukdiicv9op/cover/3010a85d90df4375c0cd36f482807ff9_766x510.jpg | https://static.dd-room.com/images/object/a/a/j/aaj82oukdiicv9op/cover/f6190a7cc697daa19fd7cdaf0e3409f8_766x510.jpg | https://static.dd-room.com/images/object/a/a/j/aaj82oukdiicv9op/cover/911eef1be113be993f7b1f4549d18592_766x510.jpg | https://static.dd-room.com/images/object/a/a/j/aaj82oukdiicv9op/cover/dde5d869a5352c1ae6b4359df5af5210_766x510.jpg | https://static.dd-room.com/images/object/a/a/j/aaj82oukdiicv9op/cover/eae891c76bd18d642569351784a52c14_766x510.jpg
tcxw9nrsl7cqqtgi,https://www.dd-room.com/object/tcxw9nrsl7cqqtgi,@@台北101/世貿捷運商圈旁*高樓景觀明亮機能宅,62999,125998,5000,臺北市信義區信義路五段,信義區,信義路五段,25.0330722,121.5605445,2房2廳1衛1陽台,2,2,1,0,1,2.0,整層,elevator,25.4,16,16,12,2026-07-06,broker,對外窗、有電梯、水泥隔間,衣櫃、冷氣、天然瓦斯,未提供,未提供,未提供,14,https://static.dd-room.com/images/object/t/c/x/tcxw9nrsl7cqqtgi/cover/94aedc276f2d373d4b4e94cc79874f4c_766x510.jpg | https://static.dd-room.com/images/object/t/c/x/tcxw9nrsl7cqqtgi/cover/75aa3cec7e3b320d82f9d1545c324440_766x510.jpg | https://static.dd-room.com/images/object/t/c/x/tcxw9nrsl7cqqtgi/cover/83cbfba3f4fe7733e0026d75f25d6639_766x510.jpg | https://static.dd-room.com/images/object/t/c/x/tcxw9nrsl7cqqtgi/cover/604d502a4d2aa03ddba2d722562a1dca_766x510.jpg | https://static.dd-room.com/images/object/t/c/x/tcxw9nrsl7cqqtgi/cover/242fe56befdb11b2bf6f78e9f551c004_766x510.jpg | https://static.dd-room.com/images/object/t/c/x/tcxw9nrsl7cqqtgi/cover/18bedfb4ba1d2fea7b05eb0d3bcf95c7_766x510.jpg | https://static.dd-room.com/images/object/t/c/x/tcxw9nrsl7cqqtgi/cover/8cb551899467e1faa3feee37407e3f23_766x510.jpg | https://static.dd-room.com/images/object/t/c/x/tcxw9nrsl7cqqtgi/cover/a5367593ccc0a4e20726821557ffc6c6_766x510.jpg | https://static.dd-room.com/images/object/t/c/x/tcxw9nrsl7cqqtgi/cover/47577cfc50d1e75743d5af9adb2ccde6_766x510.jpg | https://static.dd-room.com/images/object/t/c/x/tcxw9nrsl7cqqtgi/cover/710ee751fca085c41f06aa834dbb545a_766x510.jpg | https://static.dd-room.com/images/object/t/c/x/tcxw9nrsl7cqqtgi/cover/881891c9e32fdcaed7fac3d61eed258e_766x510.jpg | https://static.dd-room.com/images/object/t/c/x/tcxw9nrsl7cqqtgi/cover/9f62d6957388111920db03b68f36d407_766x510.jpg | https://static.dd-room.com/images/object/t/c/x/tcxw9nrsl7cqqtgi/cover/21aa82f751b7d3eec08a4366d900d793_766x510.jpg | https://static.dd-room.com/images/object/t/c/x/tcxw9nrsl7cqqtgi/cover/76c93740cf1c16d5171198d4015f3582_766x510.jpg
z8er0mqxwx81amgd,https://www.dd-room.com/object/z8er0mqxwx81amgd,近捷運世貿【優質大空間】獨立陽台★洗衣機★採光優,17995,35990,600,臺北市信義區吳興街,信義區,吳興街,25.0251064,121.5670694,1房1衛1陽台,1,0,1,0,1,2.0,獨立套房,apt,6.0,4,4,12,2026-07-06,broker,可開伙、有陽台,冰箱、洗衣機、電視、冷氣、熱水器、床、衣櫃、第四台、網路、桌子、椅子,未提供,未提供,未提供,8,https://renco-rentals-prod.s3.ap-northeast-1.amazonaws.com/43045/medium/04e6c1a9-b8a7-455b-a986-085998322841.jpg | https://renco-rentals-prod.s3.ap-northeast-1.amazonaws.com/43045/medium/53415404-d4e3-4148-9446-82b1d5100ce2.jpg | https://renco-rentals-prod.s3.ap-northeast-1.amazonaws.com/43045/medium/221f537a-46f2-4353-95a8-0f6f20516057.jpg | https://renco-rentals-prod.s3.ap-northeast-1.amazonaws.com/43045/medium/dff931b4-37e6-4abc-b21d-8537cc6dfc98.jpg | https://renco-rentals-prod.s3.ap-northeast-1.amazonaws.com/43045/medium/9f5dabd3-2648-4e28-988e-980624862fe5.jpg | https://renco-rentals-prod.s3.ap-northeast-1.amazonaws.com/43045/medium/db29aed7-6e45-4be6-8e25-6bf8b1165c03.jpg | https://renco-rentals-prod.s3.ap-northeast-1.amazonaws.com/43045/medium/936c2a7b-4446-4cf7-b367-bc7b3af78866.jpg | https://renco-rentals-prod.s3.ap-northeast-1.amazonaws.com/43045/medium/682b85cc-5896-4b8f-825d-4f8ede488bad.jpg
g6pcmkdeaw2pumsj,https://www.dd-room.com/object/g6pcmkdeaw2pumsj,近天母運動公園【秒殺租案】短租洽★貓可洽★獨洗衣機,13800,27600,200,臺北市士林區天母東路,士林區,天母東路,25.118193,121.5367728,1房1衛,1,0,1,0,0,2.0,獨立套房,apt,5.0,2,5,12,2026-07-06,broker,可養貓、可養狗、可開伙,冰箱、洗衣機、電視、冷氣、熱水器、床、衣櫃、第四台、網路、沙發、桌子、椅子,未提供,未提供,未提供,6,https://renco-rentals-prod.s3.ap-northeast-1.amazonaws.com/42299/medium/0aaadda7-32f9-49ed-9418-ef8a73a6720e.jpg | https://renco-rentals-prod.s3.ap-northeast-1.amazonaws.com/42299/medium/675d774f-7e72-40c0-8b68-5e7edb1f14c2.jpg | https://renco-rentals-prod.s3.ap-northeast-1.amazonaws.com/42299/medium/32176b5a-f727-4923-be64-ffe165ddfd67.jpg | https://renco-rentals-prod.s3.ap-northeast-1.amazonaws.com/42299/medium/a546aabe-6d16-4364-8780-80f2deceb68c.jpg | https://renco-rentals-prod.s3.ap-northeast-1.amazonaws.com/42299/medium/08a544f9-3b2a-4bf2-91d2-ae95ba4abe97.jpg | https://renco-rentals-prod.s3.ap-northeast-1.amazonaws.com/42299/medium/77d47076-d018-4994-986c-b5c783795e77.jpg
av5b1ecz76dveloe,https://www.dd-room.com/object/av5b1ecz76dveloe,💓松江南京捷運/可養貓/獨立洗衣機/租補不會過,17500,35000,0,臺北市中山區長春路,中山區,長春路,25.0546827,121.5389309,1房1衛,1,0,1,0,0,2.0,獨立套房,apt,9.0,3,4,12,2026-07-06,broker,可無火煮食、可養貓、對外窗,床、桌子、椅子、沙發、衣櫃、冷氣、洗衣機、冰箱、電視、熱水器,未提供,未提供,未提供,9,https://static.dd-room.com/images/object/a/v/5/av5b1ecz76dveloe/cover/14c08e07e45c786caec0f1757799160d_766x510.jpg | https://static.dd-room.com/images/object/a/v/5/av5b1ecz76dveloe/cover/94c849913d889f508e6f3a1e6f310f56_766x510.jpg | https://static.dd-room.com/images/object/a/v/5/av5b1ecz76dveloe/cover/636906a02e55ee78e05f2f2ceb73d59b_766x510.jpg | https://static.dd-room.com/images/object/a/v/5/av5b1ecz76dveloe/cover/c426bd7633b8097051d97d5e98173188_766x510.jpg | https://static.dd-room.com/images/object/a/v/5/av5b1ecz76dveloe/cover/d4090e96836ed648349f1984b62f55cc_766x510.jpg | https://static.dd-room.com/images/object/a/v/5/av5b1ecz76dveloe/cover/1581404aa0e8bc1297443c9935ae1df5_766x510.jpg | https://static.dd-room.com/images/object/a/v/5/av5b1ecz76dveloe/cover/922a791720930f94644e57f14c9d8613_766x510.jpg | https://static.dd-room.com/images/object/a/v/5/av5b1ecz76dveloe/cover/8f916d8dc68834523f93cb69194bb2c0_766x510.jpg | https://static.dd-room.com/images/object/a/v/5/av5b1ecz76dveloe/cover/8d38b59081ad22391670d3107d7780b4_766x510.jpg
zvhd9abbymjwq1f1,https://www.dd-room.com/object/zvhd9abbymjwq1f1,💓忠孝新生捷運/善導寺/可養貓咪/可租補可報稅,8500,17000,0,臺北市中正區忠孝東路二段,中正區,忠孝東路二段,25.0425436,121.531746,1房,1,0,0,0,0,1.0,雅房,apt,4.0,3,5,12,2026-07-06,broker,可無火煮食、可養貓、租金補貼、可報稅、可入籍,床、桌子、椅子、衣櫃、冷氣、洗衣機、冰箱、電視、熱水器,未提供,未提供,未提供,3,https://static.dd-room.com/images/object/z/v/h/zvhd9abbymjwq1f1/cover/15df4b97e70dc12e90afa42ec194d928_766x510.jpg | https://static.dd-room.com/images/object/z/v/h/zvhd9abbymjwq1f1/cover/c82bd7ff57ad1f7510bce33ef7747806_766x510.jpg | https://static.dd-room.com/images/object/z/v/h/zvhd9abbymjwq1f1/cover/2e6b91d58ecab513f66ef46281280ba6_766x510.jpg
achf2mlxtlpkpodg,https://www.dd-room.com/object/achf2mlxtlpkpodg,💓松江南京捷運超大套房/可養貓🐱獨立洗衣機,17500,35000,0,臺北市中山區長春路,中山區,長春路,25.0546827,121.5389309,1房1衛,1,0,1,0,0,2.0,獨立套房,apt,9.0,3,4,12,2026-07-06,broker,可無火煮食、可養貓、對外窗,床、桌子、椅子、沙發、衣櫃、櫃子、冷氣、洗衣機、冰箱、電視、流理台、熱水器、電磁爐,未提供,未提供,未提供,9,https://static.dd-room.com/images/object/a/c/h/achf2mlxtlpkpodg/cover/af643661e1be1dda867ea34ab2d73537_766x510.jpg | https://static.dd-room.com/images/object/a/c/h/achf2mlxtlpkpodg/cover/a3e4fb170e46f1ca7ccbf32f841cdd5c_766x510.jpg | https://static.dd-room.com/images/object/a/c/h/achf2mlxtlpkpodg/cover/a3617e6326ac708143f307983de03924_766x510.jpg | https://static.dd-room.com/images/object/a/c/h/achf2mlxtlpkpodg/cover/0a8b98a14f0c223a9eadc0908bce5fd5_766x510.jpg | https://static.dd-room.com/images/object/a/c/h/achf2mlxtlpkpodg/cover/3e92804ee7ac6531c76853527f7b66db_766x510.jpg | https://static.dd-room.com/images/object/a/c/h/achf2mlxtlpkpodg/cover/207df48ed68a476d1d0e3fb9201526b6_766x510.jpg | https://static.dd-room.com/images/object/a/c/h/achf2mlxtlpkpodg/cover/2f564a74880d9788fdf74abe7a4acdc6_766x510.jpg | https://static.dd-room.com/images/object/a/c/h/achf2mlxtlpkpodg/cover/e2ca271b2f0780c8a3838dfc1d352f1e_766x510.jpg | https://static.dd-room.com/images/object/a/c/h/achf2mlxtlpkpodg/cover/4f89abce11af791069b6420b046be814_766x510.jpg
lsnalihnopfqtzxh,https://www.dd-room.com/object/lsnalihnopfqtzxh,💓101世貿/象山捷運/採光雅房/小資必備,6500,13000,0,臺北市信義區吳興街,信義區,吳興街,25.0251064,121.5670694,1房1陽台,1,0,0,0,1,1.0,雅房,apt,4.0,5,4,12,2026-07-06,broker,可無火煮食、有陽台、對外窗,床、桌子、椅子、衣櫃、冷氣、洗衣機、冰箱、電視、熱水器,未提供,水費、管理費,未提供,10,https://static.dd-room.com/images/object/l/s/n/lsnalihnopfqtzxh/cover/9a8e5fd3afddd06beb06ca79b1439237_766x510.jpg | https://static.dd-room.com/images/object/l/s/n/lsnalihnopfqtzxh/cover/c561f7b8082ff7c3a29e5f762486a0c0_766x510.jpg | https://static.dd-room.com/images/object/l/s/n/lsnalihnopfqtzxh/cover/624f5cf1a23af41f12f71c2212d9d2ee_766x510.jpg | https://static.dd-room.com/images/object/l/s/n/lsnalihnopfqtzxh/cover/9a2520aa3be615b798b35a41d9f45f7d_766x510.jpg | https://static.dd-room.com/images/object/l/s/n/lsnalihnopfqtzxh/cover/860126a62ad6bd1c5409eaa1c0f8fd3d_766x510.jpg | https://static.dd-room.com/images/object/l/s/n/lsnalihnopfqtzxh/cover/d5425493b9a21f9a7a338059ba23c374_766x510.jpg | https://static.dd-room.com/images/object/l/s/n/lsnalihnopfqtzxh/cover/4cf9e4069b44a6fc91c8d03a07861456_766x510.jpg | https://static.dd-room.com/images/object/l/s/n/lsnalihnopfqtzxh/cover/d7ced578f2ba946249ec338990d111d7_766x510.jpg | https://static.dd-room.com/images/object/l/s/n/lsnalihnopfqtzxh/cover/87650937f12cea1f31bc547d9eb6edc4_766x510.jpg | https://static.dd-room.com/images/object/l/s/n/lsnalihnopfqtzxh/cover/2941be03e973e9c5fb2bec392b220019_766x510.jpg
8cqnlmc858iobqax,https://www.dd-room.com/object/8cqnlmc858iobqax,💓大橋頭捷運大套房/可養貓🐱獨立洗衣機/租補不會過,13500,27000,500,臺北市大同區保安街,大同區,保安街,25.059116,121.5125116,1房1衛,1,0,1,0,0,2.0,獨立套房,apt,7.0,3,2,12,2026-07-06,broker,可無火煮食、可養貓、對外窗,床、桌子、椅子、沙發、衣櫃、櫃子、冷氣、洗衣機、冰箱、電視、流理台、熱水器、電磁爐,未提供,未提供,未提供,8,https://static.dd-room.com/images/object/8/c/q/8cqnlmc858iobqax/cover/b54d737883576ea77b476c5079930a0d_766x510.jpg | https://static.dd-room.com/images/object/8/c/q/8cqnlmc858iobqax/cover/1d713bed3d91df5b96d35a6da16584e0_766x510.jpg | https://static.dd-room.com/images/object/8/c/q/8cqnlmc858iobqax/cover/54cb91fb41e6c1813a3e547319577c49_766x510.jpg | https://static.dd-room.com/images/object/8/c/q/8cqnlmc858iobqax/cover/dac8b9503af5b320352c9624e050668c_766x510.jpg | https://static.dd-room.com/images/object/8/c/q/8cqnlmc858iobqax/cover/7697c9ec2b34337eb405f2bd6aba33ea_766x510.jpg | https://static.dd-room.com/images/object/8/c/q/8cqnlmc858iobqax/cover/5c5c129a956f5f7237fbccf977f0c058_766x510.jpg | https://static.dd-room.com/images/object/8/c/q/8cqnlmc858iobqax/cover/f94904663539f7dd3f4cca8353a7d3de_766x510.jpg | https://static.dd-room.com/images/object/8/c/q/8cqnlmc858iobqax/cover/8482664c11cbb0c4ae2b78cf256b39a1_766x510.jpg
gnlvkmjwzsn50btd,https://www.dd-room.com/object/gnlvkmjwzsn50btd,💓松江南京捷運/電梯/可租補/可養貓/無採光窗,13000,26000,0,臺北市中山區南京東路二段,中山區,南京東路二段,25.0519468,121.5351156,1房1衛,1,0,1,0,0,2.0,獨立套房,elevator,6.0,8,8,12,2026-07-06,broker,租金補貼、可報稅、可入籍、可養貓、可養其他寵物,床、桌子、椅子、衣櫃、冷氣、冰箱、電視、熱水器,未提供,未提供,未提供,4,https://static.dd-room.com/images/object/g/n/l/gnlvkmjwzsn50btd/cover/ba59561349c832a1d046ad211313ef64_766x510.jpg | https://static.dd-room.com/images/object/g/n/l/gnlvkmjwzsn50btd/cover/985e360acd982536f08548bc3e8ca899_766x510.jpg | https://static.dd-room.com/images/object/g/n/l/gnlvkmjwzsn50btd/cover/ee332bd21c52c7083a7cef8ee261bf4b_766x510.jpg | https://static.dd-room.com/images/object/g/n/l/gnlvkmjwzsn50btd/cover/f53df1a3c28e83c1697bf769e23e01c0_766x510.jpg
aeedgtgkbxspcxmn,https://www.dd-room.com/object/aeedgtgkbxspcxmn,💓六張犁捷運/可養貓咪/可租補/單人套房,15000,30000,0,臺北市大安區通化街,大安區,通化街,25.0287281,121.5538123,1房1衛1陽台,1,0,1,0,1,2.0,獨立套房,apt,6.0,4,4,12,2026-07-06,broker,租金補貼、可報稅、有陽台、可入籍、可養貓、對外窗,床、衣櫃、冷氣、熱水器,未提供,未提供,未提供,8,https://static.dd-room.com/images/object/a/e/e/aeedgtgkbxspcxmn/cover/ca68193ab729e8fc871317ebc51ee1e5_766x510.jpg | https://static.dd-room.com/images/object/a/e/e/aeedgtgkbxspcxmn/cover/c6831725d4144e3c84614338a7d0c084_766x510.jpg | https://static.dd-room.com/images/object/a/e/e/aeedgtgkbxspcxmn/cover/f0b40417a87fb0f8cfeb68c1bc9eb261_766x510.jpg | https://static.dd-room.com/images/object/a/e/e/aeedgtgkbxspcxmn/cover/4323828e508fbc883bb53788b53aa49e_766x510.jpg | https://static.dd-room.com/images/object/a/e/e/aeedgtgkbxspcxmn/cover/3c0549e7a8e9bd64754884f068081341_766x510.jpg | https://static.dd-room.com/images/object/a/e/e/aeedgtgkbxspcxmn/cover/e20af0089f1fae1e13d6b672772aa274_766x510.jpg | https://static.dd-room.com/images/object/a/e/e/aeedgtgkbxspcxmn/cover/f28871f5442a263a97f02f5a3dfe3ca2_766x510.jpg | https://static.dd-room.com/images/object/a/e/e/aeedgtgkbxspcxmn/cover/3ae0aee53fbec406b15fe285b098e7e8_766x510.jpg
cq4f6iolgks8tzng,https://www.dd-room.com/object/cq4f6iolgks8tzng,💓政大/景文高中/電梯套房B1/可養貓咪/含管含水費,12750,25500,0,臺北市文山區木新路二段,文山區,木新路二段,24.9850982,121.5704141,1房1衛,1,0,1,0,0,2.0,獨立套房,elevator,6.0,-1,5,12,2026-07-06,broker,可無火煮食、可養貓、可養其他寵物,床、桌子、椅子、衣櫃、冷氣、洗衣機、冰箱、電視、熱水器,未提供,水費、管理費,未提供,15,https://static.dd-room.com/images/object/c/q/4/cq4f6iolgks8tzng/cover/aeb541d16ddf9bb01bee64110111ba78_766x510.jpg | https://static.dd-room.com/images/object/c/q/4/cq4f6iolgks8tzng/cover/e748cfc5465afbb763cb2fcfbb49ac25_766x510.jpg | https://static.dd-room.com/images/object/c/q/4/cq4f6iolgks8tzng/cover/db0e3d65848f2c4c5bbee5d8ff0e8d01_766x510.jpg | https://static.dd-room.com/images/object/c/q/4/cq4f6iolgks8tzng/cover/1ee852841b13aa0939d7e25283ff6638_766x510.jpg | https://static.dd-room.com/images/object/c/q/4/cq4f6iolgks8tzng/cover/21f2fea6937ee4196b3465acc6ac2a25_766x510.jpg | https://static.dd-room.com/images/object/c/q/4/cq4f6iolgks8tzng/cover/c5cc9bf6968a380515e98b24ba71679c_766x510.jpg | https://static.dd-room.com/images/object/c/q/4/cq4f6iolgks8tzng/cover/1825eb46640cbf9390734cce28b1bc95_766x510.jpg | https://static.dd-room.com/images/object/c/q/4/cq4f6iolgks8tzng/cover/3897f05142f7dd34fac7c806cd03703e_766x510.jpg | https://static.dd-room.com/images/object/c/q/4/cq4f6iolgks8tzng/cover/9a0904e0c1291b6a1a8d1439dec47943_766x510.jpg | https://static.dd-room.com/images/object/c/q/4/cq4f6iolgks8tzng/cover/675c6b8c2e52db64d57d15e9a162a2d1_766x510.jpg | https://static.dd-room.com/images/object/c/q/4/cq4f6iolgks8tzng/cover/7283fa0afa68627b2eb567b7a64fdd62_766x510.jpg | https://static.dd-room.com/images/object/c/q/4/cq4f6iolgks8tzng/cover/323700fa3ba9676b822a64b6abf37a37_766x510.jpg | https://static.dd-room.com/images/object/c/q/4/cq4f6iolgks8tzng/cover/4721bdc35b10665d6172df6818d98b5d_766x510.jpg | https://static.dd-room.com/images/object/c/q/4/cq4f6iolgks8tzng/cover/3fcdcd798bdf0b89fd189b6d6ddb3a4c_766x510.jpg | https://static.dd-room.com/images/object/c/q/4/cq4f6iolgks8tzng/cover/6b8c1a52794e4da012f793ba74aa4ad5_766x510.jpg
vok9gr3lku73h4el,https://www.dd-room.com/object/vok9gr3lku73h4el,捷運台電大樓2分【超值租案】對外窗★女性專屬★師大商圈,12000,24000,0,臺北市大安區師大路,大安區,師大路,25.0218269,121.528185,1房1衛,1,0,1,0,0,2.0,獨立套房,apt,4.0,2,3,12,2026-07-05,broker,未提供,未提供,未提供,0、2,限女性,6,https://renco-rentals-prod.s3.ap-northeast-1.amazonaws.com/43017/medium/d31a5853-62fe-48a6-94b5-962aeaf20a20.jpg | https://renco-rentals-prod.s3.ap-northeast-1.amazonaws.com/43017/medium/45435276-ecfd-4e7f-a66f-110e196e0863.jpg | https://renco-rentals-prod.s3.ap-northeast-1.amazonaws.com/43017/medium/cd714496-0bcc-4eda-b581-9166be27afb5.jpg | https://renco-rentals-prod.s3.ap-northeast-1.amazonaws.com/43017/medium/2482ce2e-ca8b-4f85-a405-686fa14b0496.jpg | https://renco-rentals-prod.s3.ap-northeast-1.amazonaws.com/43017/medium/11f55e85-0fa5-4587-b6a2-5010abe9f7c1.jpg | https://renco-rentals-prod.s3.ap-northeast-1.amazonaws.com/43017/medium/d0b4bbe4-6611-4246-b4f2-ff912cc510f6.jpg
rwk1elksamomjg2z,https://www.dd-room.com/object/rwk1elksamomjg2z,古亭捷運高樓雅筑◕‿◕寓見忠杏,55000,110000,659,臺北市中正區和平西路一段,中正區,和平西路一段,25.0266515,121.5199906,1房1廳1衛1廚1陽台,1,1,1,1,1,1.0,整層,elevator,22.0,11,11,12,2026-07-05,broker,對外窗、可開伙、有電梯、有陽台、電費照台電、水費照台水、可報稅、租金補貼、可入籍,未提供,未提供,未提供,未提供,8,https://static.dd-room.com/images/object/r/w/k/rwk1elksamomjg2z/cover/adc872f8ef452dfc50dfce2ee142d5dc_766x510.jpg | https://static.dd-room.com/images/object/r/w/k/rwk1elksamomjg2z/cover/300fc18062bb8d6697403fc8b4c5fc5b_766x510.jpg | https://static.dd-room.com/images/object/r/w/k/rwk1elksamomjg2z/cover/30a09f5e4d434c21d992d8a57218b0c1_766x510.jpg | https://static.dd-room.com/images/object/r/w/k/rwk1elksamomjg2z/cover/c428102431ccd142ccde027cfebe4dec_766x510.jpg | https://static.dd-room.com/images/object/r/w/k/rwk1elksamomjg2z/cover/6f19eeabd5dedf486c5bbc3a959691e9_766x510.jpg | https://static.dd-room.com/images/object/r/w/k/rwk1elksamomjg2z/cover/0504c7e0923ad86fbf6e7ccfd975fc2d_766x510.jpg | https://static.dd-room.com/images/object/r/w/k/rwk1elksamomjg2z/cover/7b5bc6e12e957e2f512c7aa41ba9f9ee_766x510.jpg | https://static.dd-room.com/images/object/r/w/k/rwk1elksamomjg2z/cover/dd2d677dd07caa788436f02c3477026c_766x510.jpg
k5eopoedggfiffpm,https://www.dd-room.com/object/k5eopoedggfiffpm,優質居家環境捷運公車火車站超商百貨市場學校夜市醫院皆在附近,7500,14000,0,臺北市萬華區大理街,萬華區,大理街,25.0340843,121.4963684,4房1廳1衛1廚1陽台,4,1,1,1,1,1.0,雅房,apt,28.5,5,4,12,2026-07-05,individual,可開伙、有飲水機、對外窗、電費照台電、免仲介費、水費照台水、有陽台,床、桌子、椅子、沙發、衣櫃、鞋櫃、網路、冷氣、洗衣機、冰箱、電視、第四台、電視盒、流理台、熱水器、排油煙機、瓦斯爐、電磁爐、住警器,未提供,第四台,未提供,13,https://static.dd-room.com/images/object/k/5/e/k5eopoedggfiffpm/cover/4f8b0a091503e661640a80ceab14260a_766x510.jpg | https://static.dd-room.com/images/object/k/5/e/k5eopoedggfiffpm/cover/d0a92f8c0afae70abe6fd5f219004d2b_766x510.jpg | https://static.dd-room.com/images/object/k/5/e/k5eopoedggfiffpm/cover/7afb50ab681ee7ff3a8319c24d6f1ed8_766x510.jpg | https://static.dd-room.com/images/object/k/5/e/k5eopoedggfiffpm/cover/42acb4759c1a2f22d206b2a672f5aa52_766x510.jpg | https://static.dd-room.com/images/object/k/5/e/k5eopoedggfiffpm/cover/66097ef16ca247379c78c07d0625f5d7_766x510.jpg | https://static.dd-room.com/images/object/k/5/e/k5eopoedggfiffpm/cover/0c176a918f60826aa3761242f31362ca_766x510.jpg | https://static.dd-room.com/images/object/k/5/e/k5eopoedggfiffpm/cover/7449724098b0ef9486580404f30cc0d9_766x510.jpg | https://static.dd-room.com/images/object/k/5/e/k5eopoedggfiffpm/cover/a897b07ec0fa241b88fdccf63a36e6ae_766x510.jpg | https://static.dd-room.com/images/object/k/5/e/k5eopoedggfiffpm/cover/0073b79100313642c1d18aa1648b3d8b_766x510.jpg | https://static.dd-room.com/images/object/k/5/e/k5eopoedggfiffpm/cover/3093e7421673885df72633a2a2e595dd_766x510.jpg | https://static.dd-room.com/images/object/k/5/e/k5eopoedggfiffpm/cover/6070dfc2e6f5dc215f895a1f1da62428_766x510.jpg | https://static.dd-room.com/images/object/k/5/e/k5eopoedggfiffpm/cover/1b8726c6997b1e923d2fbe88845e2c3f_766x510.jpg | https://static.dd-room.com/images/object/k/5/e/k5eopoedggfiffpm/cover/dc71c239be2ed11d5ae1c0d51e48a578_766x510.jpg
a5euh5hkrny5jjpu,https://www.dd-room.com/object/a5euh5hkrny5jjpu,複製-面公園近捷運市場行政區,50000,100000,2380,臺北市大同區大龍街,大同區,大龍街,25.0687228,121.5158785,2房2廳2衛1廚1陽台,2,2,2,1,1,2.0,整層,elevator,26.5,7,13,12,2026-07-05,individual,可養貓、可養狗、可養其他寵物、可開伙、可無火煮食、有飲水機、對外窗、氣密窗、有電梯、水泥隔間、保全設施、垃圾代收、包裹代收、定期清潔、免仲介費、電費照台電、水費照台水、有陽台、共生公寓、高齡友善、智慧宅,床、桌子、椅子、沙發、衣櫃、鞋櫃、櫃子、保全設施、冷氣、洗衣機、冰箱、電視、第四台、流理台、熱水器、天然瓦斯、排油煙機、瓦斯爐、電磁爐、住警器,未提供,未提供,未提供,15,https://static.dd-room.com/images/object/a/5/e/a5euh5hkrny5jjpu/cover/66fe7c02783ca20e6e73735fa52564be_766x510.jpg | https://static.dd-room.com/images/object/a/5/e/a5euh5hkrny5jjpu/cover/a11eddbf3ae02f347f1163238957b2b9_766x510.jpg | https://static.dd-room.com/images/object/a/5/e/a5euh5hkrny5jjpu/cover/f5e338808f111cf7f8310f915b95f5ac_766x510.jpg | https://static.dd-room.com/images/object/a/5/e/a5euh5hkrny5jjpu/cover/e2a0f187dc3e5fd064fb330d73f9a2a5_766x510.jpg | https://static.dd-room.com/images/object/a/5/e/a5euh5hkrny5jjpu/cover/3b78162bd1d30c1840e420b729a6614e_766x510.jpg | https://static.dd-room.com/images/object/a/5/e/a5euh5hkrny5jjpu/cover/6192ac0a26bcb593ed4f90af64a125a8_766x510.jpg | https://static.dd-room.com/images/object/a/5/e/a5euh5hkrny5jjpu/cover/c578cc9eb7126598122a222331d6e7d9_766x510.jpg | https://static.dd-room.com/images/object/a/5/e/a5euh5hkrny5jjpu/cover/3cd71a39edc6ddb2651a0b52c8403126_766x510.jpg | https://static.dd-room.com/images/object/a/5/e/a5euh5hkrny5jjpu/cover/b130f47ef9235b1ea339f7676be5b88d_766x510.jpg | https://static.dd-room.com/images/object/a/5/e/a5euh5hkrny5jjpu/cover/6307eca5c25723e1abfd25e8668ecaf6_766x510.jpg | https://static.dd-room.com/images/object/a/5/e/a5euh5hkrny5jjpu/cover/2501ff8766c71e61ef0746c3564c3ead_766x510.jpg | https://static.dd-room.com/images/object/a/5/e/a5euh5hkrny5jjpu/cover/1b2bdc702dd756ed084596da0c3ac197_766x510.jpg | https://static.dd-room.com/images/object/a/5/e/a5euh5hkrny5jjpu/cover/29f6ae152f35355dff5bbd8492893ba7_766x510.jpg | https://static.dd-room.com/images/object/a/5/e/a5euh5hkrny5jjpu/cover/9098413eabbd09fc2f50cc6dafd18384_766x510.jpg | https://static.dd-room.com/images/object/a/5/e/a5euh5hkrny5jjpu/cover/4b3093fe40e583123e7cf92987079bd4_766x510.jpg
cvsqlthlpzx4lo0e,https://www.dd-room.com/object/cvsqlthlpzx4lo0e,面公園近捷運市場行政區,50000,100000,2380,臺北市大同區大龍街,大同區,大龍街,25.0687228,121.5158785,2房2廳2衛1廚1陽台,2,2,2,1,1,2.0,整層,elevator,26.5,7,13,12,2026-07-05,individual,可養貓、可養狗、可養其他寵物、可開伙、可無火煮食、有飲水機、對外窗、氣密窗、有電梯、水泥隔間、保全設施、垃圾代收、包裹代收、定期清潔、免仲介費、電費照台電、水費照台水、有陽台、共生公寓、高齡友善、智慧宅,床、桌子、椅子、沙發、衣櫃、鞋櫃、櫃子、保全設施、冷氣、洗衣機、冰箱、電視、第四台、流理台、熱水器、天然瓦斯、排油煙機、瓦斯爐、電磁爐、住警器,未提供,未提供,未提供,12,https://static.dd-room.com/images/object/c/v/s/cvsqlthlpzx4lo0e/cover/07477835f790415ccacc488c7ac8e2da_766x510.jpg | https://static.dd-room.com/images/object/c/v/s/cvsqlthlpzx4lo0e/cover/fa3f8620b5292a064ca4d689410f5f11_766x510.jpg | https://static.dd-room.com/images/object/c/v/s/cvsqlthlpzx4lo0e/cover/42627b93b7d275939a54f4c8178d415b_766x510.jpg | https://static.dd-room.com/images/object/c/v/s/cvsqlthlpzx4lo0e/cover/76ab8d345d0051f714c48e7b3c133cc1_766x510.jpg | https://static.dd-room.com/images/object/c/v/s/cvsqlthlpzx4lo0e/cover/bd331be3d3dc1929242f7cc6304d705c_766x510.jpg | https://static.dd-room.com/images/object/c/v/s/cvsqlthlpzx4lo0e/cover/4997d577f22e0ce3d0fcefd36a580783_766x510.jpg | https://static.dd-room.com/images/object/c/v/s/cvsqlthlpzx4lo0e/cover/9c78dbbc6e809fd805178db4f5cc038c_766x510.jpg | https://static.dd-room.com/images/object/c/v/s/cvsqlthlpzx4lo0e/cover/4d349d7d5e4840941e4f84ab68804a69_766x510.jpg | https://static.dd-room.com/images/object/c/v/s/cvsqlthlpzx4lo0e/cover/3a31cca3e0769ececa70250d6dec0f96_766x510.jpg | https://static.dd-room.com/images/object/c/v/s/cvsqlthlpzx4lo0e/cover/3017863179d94df9f9a3f8e7df9a20d0_766x510.jpg | https://static.dd-room.com/images/object/c/v/s/cvsqlthlpzx4lo0e/cover/413363a23d52d1dd752d69512eca867b_766x510.jpg | https://static.dd-room.com/images/object/c/v/s/cvsqlthlpzx4lo0e/cover/32f0f50cadc0effafc32779560fead77_766x510.jpg
11m5lgtf4qahtkiz,https://www.dd-room.com/object/11m5lgtf4qahtkiz,北醫大【超值租案】免爬梯★採光優★獨立衛浴,9999,19998,0,臺北市信義區吳興街,信義區,吳興街,25.0251064,121.5670694,1房1衛,1,0,1,0,0,2.0,獨立套房,apt,8.0,1,2,12,2026-07-05,broker,未提供,冰箱、洗衣機、電視、冷氣、熱水器、床、衣櫃、第四台、網路、沙發、桌子、椅子,未提供,未提供,未提供,5,https://img2.591.com.tw/house/2026/07/05/178318504281207204.png!1000x.png | https://img1.591.com.tw/house/2026/07/05/178318504266676408.png!1000x.png | https://img2.591.com.tw/house/2026/07/05/178318504279181805.png!1000x.png | https://img1.591.com.tw/house/2026/07/05/178318504290311701.png!1000x.png | https://img2.591.com.tw/house/2026/07/05/178318504289564206.png!1000x.png
mo563jivlvc0iejo,https://www.dd-room.com/object/mo563jivlvc0iejo,捷運港墘【秒殺租案】江南商圈★小資首選★衛浴開窗,8999,17998,500,臺北市內湖區江南街,內湖區,江南街,25.0771479,121.5772438,1房1衛,1,0,1,0,0,2.0,獨立套房,apt,3.0,6,6,12,2026-07-04,broker,未提供,未提供,未提供,未提供,未提供,5,https://renco-rentals-prod.s3.ap-northeast-1.amazonaws.com/24317/medium/5153d329-5e17-4817-89a2-74a3dd999b2c.jpg | https://renco-rentals-prod.s3.ap-northeast-1.amazonaws.com/24317/medium/a8b10baa-102a-43f1-a1a6-ee8838dfd1e2.jpg | https://renco-rentals-prod.s3.ap-northeast-1.amazonaws.com/24317/medium/04b6e982-1b2d-49b3-8004-8204ebf01755.jpg | https://renco-rentals-prod.s3.ap-northeast-1.amazonaws.com/24317/medium/5a8c12b1-5f22-447c-8dcf-abc094fa3597.jpg | https://renco-rentals-prod.s3.ap-northeast-1.amazonaws.com/24317/medium/e89cd3b1-3030-4406-833d-c60fe116eeff.jpg
r82jbic4kkp6dqsf,https://www.dd-room.com/object/r82jbic4kkp6dqsf,捷運雙連【優質2房1廳】警衛管理★垃圾代收★房皆有窗,31999,63998,2552,臺北市中山區新生北路二段,中山區,新生北路二段,25.0297486,121.5327247,2房1廳1衛1陽台,2,1,1,0,1,2.0,整層,elevator,26.0,4,12,12,2026-07-04,broker,可開伙、有電梯、垃圾代收、有陽台,冰箱、洗衣機、電視、冷氣、熱水器、床、衣櫃、天然瓦斯、沙發、桌子、椅子,未提供,未提供,未提供,11,https://img2.591.com.tw/house/2026/07/05/178318736978524205.png!1000x.png | https://img1.591.com.tw/house/2026/07/05/178318736979637006.png!1000x.png | https://img1.591.com.tw/house/2026/07/05/178318736981451205.png!1000x.png | https://img1.591.com.tw/house/2026/07/05/178318737003971105.png!1000x.png | https://img1.591.com.tw/house/2026/07/05/178318736972803501.png!1000x.png | https://img2.591.com.tw/house/2026/07/05/178318737017216505.png!1000x.png | https://img2.591.com.tw/house/2026/07/05/178318737012682206.png!1000x.png | https://img2.591.com.tw/house/2026/07/05/178318736985686600.png!1000x.png | https://img2.591.com.tw/house/2026/07/05/178318737014814003.png!1000x.png | https://img1.591.com.tw/house/2026/07/05/178318736966326408.png!1000x.png | https://img2.591.com.tw/house/2026/07/05/178318737003253804.png!1000x.png
rzqcdhh45ffqohhh,https://www.dd-room.com/object/rzqcdhh45ffqohhh,近捷運六張犁【優質3房2衛】可寵★房皆有窗★獨立陽台,38999,77998,0,臺北市大安區安居街,大安區,安居街,25.0185559,121.552177,3房2廳2衛1陽台,3,2,2,0,1,3.0,整層,apt,30.0,5,5,12,2026-07-04,broker,可養貓、可養狗、可開伙、有陽台,冰箱、洗衣機、冷氣,未提供,未提供,未提供,14,https://renco-rentals-prod.s3.ap-northeast-1.amazonaws.com/42849/medium/352e1bfd-f96b-4d7f-8170-190abc1a42be.jpg | https://renco-rentals-prod.s3.ap-northeast-1.amazonaws.com/42849/medium/0abb9e57-0e23-4bde-869b-f46b95505632.jpg | https://renco-rentals-prod.s3.ap-northeast-1.amazonaws.com/42849/medium/c0b8595f-91cb-41d9-8b0b-c65b79826554.jpg | https://renco-rentals-prod.s3.ap-northeast-1.amazonaws.com/42849/medium/90132e55-a3c0-47f2-be30-f04cd116851e.jpg | https://renco-rentals-prod.s3.ap-northeast-1.amazonaws.com/42849/medium/689aca37-306f-496d-8963-b7d8922791a9.jpg | https://renco-rentals-prod.s3.ap-northeast-1.amazonaws.com/42849/medium/af548ab8-bd13-4add-a261-3b999371c7e4.jpg | https://renco-rentals-prod.s3.ap-northeast-1.amazonaws.com/42849/medium/e80ae191-00d3-4f71-9f32-696ecd922115.jpg | https://renco-rentals-prod.s3.ap-northeast-1.amazonaws.com/42849/medium/410d47c1-e17f-41a4-aefa-94941af5faef.jpg | https://renco-rentals-prod.s3.ap-northeast-1.amazonaws.com/42849/medium/88a880b2-fcfd-4779-be06-d160c63ba856.jpg | https://renco-rentals-prod.s3.ap-northeast-1.amazonaws.com/42849/medium/cc0ff9a5-e5f2-423c-bed5-c367179903d5.jpg | https://renco-rentals-prod.s3.ap-northeast-1.amazonaws.com/42849/medium/e8a25d26-eac9-47d3-bc3d-8b5a7c8b5a53.jpg | https://renco-rentals-prod.s3.ap-northeast-1.amazonaws.com/42849/medium/f524e0ba-2fa9-4df9-b46b-37c0d91dfeba.jpg | https://renco-rentals-prod.s3.ap-northeast-1.amazonaws.com/42849/medium/fb4f6d8f-5af7-4531-b553-ab579e355ca6.jpg | https://renco-rentals-prod.s3.ap-northeast-1.amazonaws.com/42849/medium/97cf6843-d043-4eb9-a364-c93d68a9d148.jpg
5kovn6u1grcqtnhn,https://www.dd-room.com/object/5kovn6u1grcqtnhn,捷運大安2分【超值租案】補助洽★飲水機★垃圾代收,15499,30998,1000,臺北市大安區信義路四段,大安區,信義路四段,25.0332246,121.5472642,1房1衛,1,0,1,0,0,2.0,獨立套房,apt,4.0,2,3,12,2026-07-04,broker,垃圾代收、租金補貼,未提供,未提供,未提供,未提供,6,https://img2.591.com.tw/house/2026/07/05/178318732578279005.png!1000x.png | https://img2.591.com.tw/house/2026/07/05/178318732547473300.png!1000x.png | https://img2.591.com.tw/house/2026/07/05/178318732535939606.png!1000x.png | https://img2.591.com.tw/house/2026/07/05/178318732579986506.png!1000x.png | https://img1.591.com.tw/house/2026/07/05/178318732566337305.png!1000x.png | https://img1.591.com.tw/house/2026/07/05/178318732581080607.png!1000x.png
qbs5i3msbykehfxr,https://www.dd-room.com/object/qbs5i3msbykehfxr,捷運士林站【超值租案】洗衣機★採光優★限女性,16000,32000,0,臺北市士林區美崙街,士林區,美崙街,25.0971633,121.5229249,1房1衛1陽台,1,0,1,0,1,2.0,獨立套房,apt,4.0,2,3,12,2026-07-04,broker,可開伙、有陽台,未提供,未提供,未提供,未提供,5,https://renco-rentals-prod.s3.ap-northeast-1.amazonaws.com/27486/medium/91751440-6f7c-4e8e-b404-55514648e12f.png | https://renco-rentals-prod.s3.ap-northeast-1.amazonaws.com/27486/medium/028f8f70-f58d-4ede-b6a2-14837a449d8d.png | https://renco-rentals-prod.s3.ap-northeast-1.amazonaws.com/27486/medium/710435c5-0833-467c-8d06-f10a4f0baf30.png | https://renco-rentals-prod.s3.ap-northeast-1.amazonaws.com/27486/medium/fb39545d-64c2-4a6d-8a7e-9e5b109e2a96.png | https://renco-rentals-prod.s3.ap-northeast-1.amazonaws.com/27486/medium/c02541c6-8076-4045-a4c1-57aa26537b79.png
0wyooocccqxldls5,https://www.dd-room.com/object/0wyooocccqxldls5,"台北東區SOGO百貨旁,捷運忠孝復興出站1分鐘到家",26000,52000,500,臺北市大安區忠孝東路四段,大安區,忠孝東路四段,25.0415416,121.5510456,1房1廳1衛,1,1,1,0,0,2.0,分租套房,elevator,11.0,10,10,12,2026-07-04,agent,對外窗、有電梯、水泥隔間、免仲介費、包裹代收、垃圾代收、保全設施、可無火煮食、電費照台電、共生公寓,床、桌子、椅子、沙發、衣櫃、鞋櫃、櫃子、保全設施、網路、冷氣、洗衣機、冰箱、電視、第四台、電視盒、流理台、熱水器,未提供,水費、第四台、網路費、管理費、清潔費,未提供,4,https://static.dd-room.com/images/object/0/w/y/0wyooocccqxldls5/cover/9cb07a396721dc70c3d60802448d80f0_766x510.jpg | https://static.dd-room.com/images/object/0/w/y/0wyooocccqxldls5/cover/f82464b50a9ceb143f5a811ee4d02834_766x510.jpg | https://static.dd-room.com/images/object/0/w/y/0wyooocccqxldls5/cover/973c447c3620fc89d5c9f69017ce5bd0_766x510.jpg | https://static.dd-room.com/images/object/0/w/y/0wyooocccqxldls5/cover/0c9d787419298808780876aabc32edaa_766x510.jpg
8bqpdhsv3kztvjze,https://www.dd-room.com/object/8bqpdhsv3kztvjze,近東吳大學【超值租案】獨立衛浴★有對外窗,14990,29980,0,臺北市士林區力行街,士林區,力行街,25.0971702,121.5486269,1房1衛1陽台,1,0,1,0,1,2.0,獨立套房,house,5.0,3,4,12,2026-07-03,broker,有陽台,未提供,未提供,未提供,未提供,5,https://renco-rentals-prod.s3.ap-northeast-1.amazonaws.com/26216/medium/f0240792-97b8-4838-8297-1e31a1ec2324.jpeg | https://renco-rentals-prod.s3.ap-northeast-1.amazonaws.com/26216/medium/23e56d82-f668-48e2-b0c6-0a00877ce9dc.jpeg | https://renco-rentals-prod.s3.ap-northeast-1.amazonaws.com/26216/medium/97fad81f-e134-495e-92b9-818907dd03dd.jpeg | https://renco-rentals-prod.s3.ap-northeast-1.amazonaws.com/26216/medium/a246ef8f-814a-4602-a5ba-fad520fc3258.jpeg | https://renco-rentals-prod.s3.ap-northeast-1.amazonaws.com/26216/medium/72788188-213e-496c-9cab-a4c2af8ce403.jpeg
talpo4lnf26y5gmw,https://www.dd-room.com/object/talpo4lnf26y5gmw,近捷運芝山【超值租案】採光優★變頻冷氣★獨立衛浴,9899,19798,0,臺北市士林區中山北路六段,士林區,中山北路六段,25.1032702,121.5250883,1房1衛,1,0,1,0,0,2.0,獨立套房,apt,4.0,5,4,12,2026-07-03,broker,未提供,冰箱、洗衣機、電視、冷氣、熱水器、床、衣櫃、第四台、網路、天然瓦斯、桌子、椅子,未提供,未提供,未提供,5,https://img2.591.com.tw/house/2026/07/04/178313617111571202.jpg!1000x.jpg | https://img2.591.com.tw/house/2026/07/04/178313617110349609.jpg!1000x.jpg | https://img2.591.com.tw/house/2026/07/04/178313617083707207.jpg!1000x.jpg | https://img2.591.com.tw/house/2026/07/04/178313617129536604.jpg!1000x.jpg | https://img1.591.com.tw/house/2026/07/04/178313617105182000.jpg!1000x.jpg
yputppw080emgcfn,https://www.dd-room.com/object/yputppw080emgcfn,近捷運南港展覽館【優質3房2廳】可補助★有陽台★警衛管理,32999,65998,2640,臺北市南港區中南路,南港區,中南路,25.042715,121.5836255,3房2廳1衛1陽台,3,2,1,0,1,3.0,整層,elevator,31.0,4,9,12,2026-07-03,broker,可開伙、有電梯、有陽台、租金補貼,冷氣、熱水器、天然瓦斯,未提供,未提供,未提供,11,https://renco-rentals-prod.s3.ap-northeast-1.amazonaws.com/42975/medium/7039699c-0c77-4fe7-88c7-7849753127fe.jpg | https://renco-rentals-prod.s3.ap-northeast-1.amazonaws.com/42975/medium/f5d0138f-c6e6-4bca-9170-1903f4935212.jpg | https://renco-rentals-prod.s3.ap-northeast-1.amazonaws.com/42975/medium/808d2009-863f-4244-a37e-77309be84a4a.jpg | https://renco-rentals-prod.s3.ap-northeast-1.amazonaws.com/42975/medium/4949f21e-fad8-4b8e-a5e7-58ef8d759a0b.jpg | https://renco-rentals-prod.s3.ap-northeast-1.amazonaws.com/42975/medium/7d88d815-c4ac-4f19-ae53-4478e43ed069.jpg | https://renco-rentals-prod.s3.ap-northeast-1.amazonaws.com/42975/medium/a4b8a5b0-24f7-456b-9bf7-956da62ace4e.jpg | https://renco-rentals-prod.s3.ap-northeast-1.amazonaws.com/42975/medium/803259f5-c66b-44a0-9f2b-7aa6f01ea4ac.jpg | https://renco-rentals-prod.s3.ap-northeast-1.amazonaws.com/42975/medium/71e1b781-302a-404d-b958-c7fd7e7a8f00.jpg | https://renco-rentals-prod.s3.ap-northeast-1.amazonaws.com/42975/medium/532b9390-3bc3-425f-9992-4489f31a584c.jpg | https://renco-rentals-prod.s3.ap-northeast-1.amazonaws.com/42975/medium/2b1383e4-0961-414a-bb4b-a84492ae02ae.jpg | https://renco-rentals-prod.s3.ap-northeast-1.amazonaws.com/42975/medium/5f580fc1-78cc-4b28-a09a-1327f48c10e2.jpg
1gaonwgpp4fhf5b3,https://www.dd-room.com/object/1gaonwgpp4fhf5b3,捷運市政府1分【優質租案】可補助★養寵物★垃圾代收,24799,49598,500,臺北市信義區忠孝東路五段,信義區,忠孝東路五段,25.0411286,121.5785763,1房1衛1陽台,1,0,1,0,1,2.0,獨立套房,elevator,5.0,2,6,12,2026-07-03,broker,可養貓、可養狗、有電梯、垃圾代收、有陽台、租金補貼,未提供,未提供,未提供,未提供,6,https://img1.591.com.tw/house/2026/07/06/178334780038885202.png!1000x.png | https://img1.591.com.tw/house/2026/07/06/178334780056684309.png!1000x.png | https://img2.591.com.tw/house/2026/07/06/178334780014450809.png!1000x.png | https://img2.591.com.tw/house/2026/07/06/178334780048971107.png!1000x.png | https://img2.591.com.tw/house/2026/07/06/178334780009892408.png!1000x.png | https://img1.591.com.tw/house/2026/07/06/178334780060688902.png!1000x.png
y20yfhoxoa72jcjp,https://www.dd-room.com/object/y20yfhoxoa72jcjp,捷運市政府1分【秒殺租案】可補助★養貓咪★垃圾代收,21499,42998,1500,臺北市信義區忠孝東路五段,信義區,忠孝東路五段,25.0411286,121.5785763,1房1衛,1,0,1,0,0,2.0,獨立套房,elevator,4.0,2,6,12,2026-07-03,broker,可養貓、可養狗、有電梯、垃圾代收、租金補貼,未提供,未提供,未提供,未提供,5,https://img2.591.com.tw/house/2026/07/11/178375070458560502.png!1000x.png | https://img2.591.com.tw/house/2026/07/11/178375070424178206.png!1000x.png | https://img2.591.com.tw/house/2026/07/11/178375070453148809.png!1000x.png | https://img1.591.com.tw/house/2026/07/11/178375070424588209.png!1000x.png | https://img2.591.com.tw/house/2026/07/11/178375070456332605.png!1000x.png
xiqjajhmhndekh4m,https://www.dd-room.com/object/xiqjajhmhndekh4m,近捷運港墘【超值租案】限女性★獨立衛浴★小資首選,9499,18998,0,臺北市內湖區江南街,內湖區,江南街,25.0771479,121.5772438,1房1衛,1,0,1,0,0,2.0,獨立套房,apt,4.0,4,5,12,2026-07-03,broker,未提供,冰箱、洗衣機、電視、冷氣、熱水器、床、衣櫃、第四台、網路、桌子、椅子,未提供,未提供,限女性,5,https://img1.591.com.tw/house/2026/07/04/178313561501981102.jpg!1000x.jpg | https://img2.591.com.tw/house/2026/07/04/178313561502581508.jpg!1000x.jpg | https://img1.591.com.tw/house/2026/07/04/178313561508154709.jpg!1000x.jpg | https://img1.591.com.tw/house/2026/07/04/178313561511025408.jpg!1000x.jpg | https://img1.591.com.tw/house/2026/07/04/178313561496449006.jpg!1000x.jpg
nuhcsvielen589ff,https://www.dd-room.com/object/nuhcsvielen589ff,@@國父紀念館大巨蛋商圈旁*靜巷溫馨機能宅,38999,77998,0,臺北市大安區光復南路,大安區,光復南路,25.0432029,121.5576586,3房2廳2衛,3,2,2,0,0,3.0,整層,apt,30.0,5,5,12,2026-07-03,broker,對外窗、可開伙、水泥隔間,冷氣、熱水器、天然瓦斯,未提供,未提供,未提供,6,https://static.dd-room.com/images/object/n/u/h/nuhcsvielen589ff/cover/d3f4dcf544b72cd1b4b71bc77f56f484_766x510.jpg | https://static.dd-room.com/images/object/n/u/h/nuhcsvielen589ff/cover/0eddb207f08bc050f80500db968d1089_766x510.jpg | https://static.dd-room.com/images/object/n/u/h/nuhcsvielen589ff/cover/6dc2d2727e6daa0134411e781eeeea04_766x510.jpg | https://static.dd-room.com/images/object/n/u/h/nuhcsvielen589ff/cover/99e9b33551726654fe46c78b8907ebde_766x510.jpg | https://static.dd-room.com/images/object/n/u/h/nuhcsvielen589ff/cover/401ec6a569c5163338ffcae0fb8e0caf_766x510.jpg | https://static.dd-room.com/images/object/n/u/h/nuhcsvielen589ff/cover/9fa96db27fa3d16451b901fe6ce4d4b5_766x510.jpg
9bawl0kzbrsqbd7m,https://www.dd-room.com/object/9bawl0kzbrsqbd7m,信義安和捷運光復南路獨立套房,11000,22000,0,臺北市大安區光復南路,大安區,光復南路,25.0432029,121.5576586,1房1衛,1,0,1,0,0,2.0,獨立套房,apt,6.0,3,5,12,2026-07-03,broker,未提供,未提供,未提供,未提供,未提供,4,https://renco-rentals-prod.s3.ap-northeast-1.amazonaws.com/42990/medium/ae64ff1d-084c-4613-a67a-514a4e8b00b3.jpg | https://renco-rentals-prod.s3.ap-northeast-1.amazonaws.com/42990/medium/8cb9ab6e-5233-4339-94ee-3663e602ced4.jpg | https://renco-rentals-prod.s3.ap-northeast-1.amazonaws.com/42990/medium/ad3707d8-f766-49ca-99fe-031c3528019b.jpg | https://renco-rentals-prod.s3.ap-northeast-1.amazonaws.com/42990/medium/b86a7ae0-0415-4b3f-90f9-ade4b83718b0.jpg
ftiz7karrgqlybxp,https://www.dd-room.com/object/ftiz7karrgqlybxp,捷運復興崗【超值租案】養寵洽★洗衣機★有陽台,14499,28998,2000,臺北市北投區新興路,北投區,新興路,25.1407088,121.488389,1房1衛,1,0,1,0,0,2.0,獨立套房,elevator,6.0,1,3,12,2026-07-03,broker,有電梯,冰箱、洗衣機、電視、冷氣、熱水器、床、衣櫃、第四台、網路、桌子、椅子,未提供,未提供,限女性,7,https://img1.591.com.tw/house/2026/07/04/178313650436539809.jpg!1000x.jpg | https://img2.591.com.tw/house/2026/07/04/178313650432297808.jpg!1000x.jpg | https://img2.591.com.tw/house/2026/07/04/178313650429449208.jpg!1000x.jpg | https://img2.591.com.tw/house/2026/07/04/178313650426254405.jpg!1000x.jpg | https://img1.591.com.tw/house/2026/07/04/178313650507121604.jpg!1000x.jpg | https://img2.591.com.tw/house/2026/07/04/178313650440568400.jpg!1000x.jpg | https://img1.591.com.tw/house/2026/07/04/178313650453769306.jpg!1000x.jpg
x6a2ecueifhrdmp6,https://www.dd-room.com/object/x6a2ecueifhrdmp6,@@信義安和捷運商圈旁*生活機能採光明亮宅,65999,131998,2000,臺北市大安區敦化南路二段,大安區,敦化南路二段,25.0333105,121.5490456,3房2廳2衛3陽台,3,2,2,0,3,3.0,整層,elevator,51.1,7,7,12,2026-07-03,broker,對外窗、有電梯、水泥隔間,衣櫃、冷氣、熱水器、天然瓦斯,未提供,未提供,未提供,5,https://static.dd-room.com/images/object/x/6/a/x6a2ecueifhrdmp6/cover/b8f0d196a421d9d7ec8ca12b84e0ea06_766x510.jpg | https://static.dd-room.com/images/object/x/6/a/x6a2ecueifhrdmp6/cover/096f07b73b64bdf128a59d267a0c7067_766x510.jpg | https://static.dd-room.com/images/object/x/6/a/x6a2ecueifhrdmp6/cover/b4a6869918fd3ba1e1f4f6faa21f0f59_766x510.jpg | https://static.dd-room.com/images/object/x/6/a/x6a2ecueifhrdmp6/cover/1b9d3b2e094aa38dfc5cbcaec12850b5_766x510.jpg | https://static.dd-room.com/images/object/x/6/a/x6a2ecueifhrdmp6/cover/7656a3db8b8b972d734a84ff00345ce2_766x510.jpg
tjxprijjrkmmq4nl,https://www.dd-room.com/object/tjxprijjrkmmq4nl,捷運象山【豪邸3房3衛】可報稅★養貓咪★警衛管理,127999,255998,7100,臺北市信義區松德路,信義區,松德路,25.0373755,121.5748419,3房2廳3衛1廚1陽台,3,2,3,1,1,3.0,整層,elevator,68.0,26,30,12,2026-07-03,broker,可養貓、可養狗、可開伙、有電梯、有陽台,冰箱、洗衣機、冷氣、熱水器、床、衣櫃、天然瓦斯、沙發、桌子、椅子,未提供,未提供,未提供,14,https://img1.591.com.tw/house/2026/07/05/178318508393357809.png!1000x.png | https://img1.591.com.tw/house/2026/07/05/178318508374776209.png!1000x.png | https://img1.591.com.tw/house/2026/07/05/178318508381049602.png!1000x.png | https://img1.591.com.tw/house/2026/07/05/178318508371894403.png!1000x.png | https://img1.591.com.tw/house/2026/07/05/178318508324366205.png!1000x.png | https://img1.591.com.tw/house/2026/07/05/178318508341435508.png!1000x.png | https://img1.591.com.tw/house/2026/07/05/178318508368007103.png!1000x.png | https://img1.591.com.tw/house/2026/07/05/178318508335370605.png!1000x.png | https://img1.591.com.tw/house/2026/07/05/178318508338003503.png!1000x.png | https://img1.591.com.tw/house/2026/07/05/178318508401179307.png!1000x.png | https://img2.591.com.tw/house/2026/07/05/178318508374143503.png!1000x.png | https://img1.591.com.tw/house/2026/07/05/178318508335320305.png!1000x.png | https://img1.591.com.tw/house/2026/07/05/178318508400618206.png!1000x.png | https://img1.591.com.tw/house/2026/07/05/178318508368216100.png!1000x.png
b6jziqpap6slitx6,https://www.dd-room.com/object/b6jziqpap6slitx6,@@士林捷運商圈旁*高樓景觀明亮美三房,55999,111998,5750,臺北市士林區延平北路六段,士林區,延平北路六段,25.0874449,121.5090499,3房2廳2衛1陽台,3,2,2,0,1,3.0,整層,elevator,53.8,11,11,12,2026-07-03,broker,對外窗、有電梯、水泥隔間、可開伙,床、椅子、衣櫃、冷氣、冰箱、熱水器、天然瓦斯,未提供,未提供,未提供,12,https://static.dd-room.com/images/object/b/6/j/b6jziqpap6slitx6/cover/86b010dd0b1c27009895d522af76f271_766x510.jpg | https://static.dd-room.com/images/object/b/6/j/b6jziqpap6slitx6/cover/f12f6438b5d6a3a63bb689fb3ae95da7_766x510.jpg | https://static.dd-room.com/images/object/b/6/j/b6jziqpap6slitx6/cover/9ccc7384ed5704a98fd0c79c73625055_766x510.jpg | https://static.dd-room.com/images/object/b/6/j/b6jziqpap6slitx6/cover/6ce0dabc85e7800126d0a0278a831a8d_766x510.jpg | https://static.dd-room.com/images/object/b/6/j/b6jziqpap6slitx6/cover/4cc0a176d58d717f5c15ace6ac253c81_766x510.jpg | https://static.dd-room.com/images/object/b/6/j/b6jziqpap6slitx6/cover/dd4bc3f5fdc6344ed54fc6b4f5c64233_766x510.jpg | https://static.dd-room.com/images/object/b/6/j/b6jziqpap6slitx6/cover/22ae0f95473ac8c9e16673f13fc3adf3_766x510.jpg | https://static.dd-room.com/images/object/b/6/j/b6jziqpap6slitx6/cover/c2f9cb818f4b97dbcbc401e56a0e2a1a_766x510.jpg | https://static.dd-room.com/images/object/b/6/j/b6jziqpap6slitx6/cover/c7b06066be69c919ee55b5b18e537fde_766x510.jpg | https://static.dd-room.com/images/object/b/6/j/b6jziqpap6slitx6/cover/f6d1de4415202cfabd42940aa268ab97_766x510.jpg | https://static.dd-room.com/images/object/b/6/j/b6jziqpap6slitx6/cover/272e79d92c960813069f6332ec41a1b0_766x510.jpg | https://static.dd-room.com/images/object/b/6/j/b6jziqpap6slitx6/cover/21a7b7eb7b91517f10a65bcce2342dd7_766x510.jpg
bsb7ftn9cazv4yae,https://www.dd-room.com/object/bsb7ftn9cazv4yae,捷運台電大樓【超值租案】洗衣機★採光優★獨立衛浴,9999,19998,0,臺北市大安區和平東路一段,大安區,和平東路一段,25.0270164,121.524177,1房1衛,1,0,1,0,0,2.0,獨立套房,apt,4.0,3,5,12,2026-07-03,broker,未提供,冰箱、洗衣機、冷氣、熱水器、床、衣櫃、第四台、網路,未提供,未提供,未提供,5,https://img1.591.com.tw/house/2026/07/05/178318513664892203.png!1000x.png | https://img1.591.com.tw/house/2026/07/05/178318513670834903.png!1000x.png | https://img1.591.com.tw/house/2026/07/05/178318513671359102.png!1000x.png | https://img2.591.com.tw/house/2026/07/05/178318513677110008.png!1000x.png | https://img1.591.com.tw/house/2026/07/05/178318513676828004.png!1000x.png
m6c1ggw73pmn2wuk,https://www.dd-room.com/object/m6c1ggw73pmn2wuk,捷運六張犁【優質2房3廳】採光優★新裝修★和平高中,31999,63998,0,臺北市大安區臥龍街,大安區,臥龍街,25.0109102,121.5639627,2房3廳1衛1陽台,2,3,1,0,1,2.0,整層,elevator,25.0,3,4,12,2026-07-03,broker,可開伙、有電梯、有陽台,冷氣,未提供,未提供,未提供,8,https://renco-rentals-prod.s3.ap-northeast-1.amazonaws.com/42942/medium/179a81cc-a485-41e1-8f07-c67c13bd6fd8.jpg | https://renco-rentals-prod.s3.ap-northeast-1.amazonaws.com/42942/medium/5048e070-9acf-4e59-a48f-a734cefa1902.jpg | https://renco-rentals-prod.s3.ap-northeast-1.amazonaws.com/42942/medium/273c6e5c-02bb-40d9-af58-8ac5c4160a10.jpg | https://renco-rentals-prod.s3.ap-northeast-1.amazonaws.com/42942/medium/339ee3c4-a749-42e0-a3ab-faf8aa3024cf.jpg | https://renco-rentals-prod.s3.ap-northeast-1.amazonaws.com/42942/medium/aca1d742-bf55-425e-9d55-81183ba6d0b4.jpg | https://renco-rentals-prod.s3.ap-northeast-1.amazonaws.com/42942/medium/59984542-284e-44ff-b53f-4f5b0dae7e34.jpg | https://renco-rentals-prod.s3.ap-northeast-1.amazonaws.com/42942/medium/b54d02ed-fa16-4573-8cbd-b7b006f0cfeb.jpg | https://renco-rentals-prod.s3.ap-northeast-1.amazonaws.com/42942/medium/69326ce0-c4ca-4e0a-8a4d-372f557d6e47.jpg
sgbq8ks9nn3wirzz,https://www.dd-room.com/object/sgbq8ks9nn3wirzz,木新市場【超值租案】可補助★入籍★洗衣機,14400,28800,600,臺北市文山區樟新街,文山區,樟新街,24.9794151,121.5551601,1房1衛,1,0,1,0,0,2.0,獨立套房,elevator,12.0,-1,7,12,2026-07-03,broker,可開伙、有電梯、租金補貼、可入籍,冰箱、洗衣機、電視、冷氣、熱水器、床、衣櫃、第四台、網路、桌子、椅子,未提供,未提供,未提供,6,https://renco-rentals-prod.s3.ap-northeast-1.amazonaws.com/42895/medium/cb79024c-82ff-4e71-b25c-d5ecb89e913f.jpg | https://renco-rentals-prod.s3.ap-northeast-1.amazonaws.com/42895/medium/8a3ea03f-08eb-4a50-897b-e51a2eea147e.jpg | https://renco-rentals-prod.s3.ap-northeast-1.amazonaws.com/42895/medium/5ba2a522-8ba3-44a7-a938-a970367ae729.jpg | https://renco-rentals-prod.s3.ap-northeast-1.amazonaws.com/42895/medium/dbe39596-e214-4669-83f0-e076fcae8747.jpg | https://renco-rentals-prod.s3.ap-northeast-1.amazonaws.com/42895/medium/f885eac8-0d79-4e8a-9cec-5373c756b060.jpg | https://renco-rentals-prod.s3.ap-northeast-1.amazonaws.com/42895/medium/701b1704-d2d3-48cc-950c-e809e04f4056.jpg
jbutihfjl6s0eli0,https://www.dd-room.com/object/jbutihfjl6s0eli0,@@雙連捷運商圈旁*挑高優質明亮通風美宅,47999,95998,2167,臺北市中山區新生北路二段,中山區,新生北路二段,25.0297486,121.5327247,2房1廳1衛3陽台,2,1,1,0,3,2.0,整層,elevator,21.7,7,13,12,2026-07-03,broker,對外窗、有電梯、水泥隔間,床、桌子、椅子、沙發、衣櫃、冷氣、洗衣機、冰箱、電視、熱水器、天然瓦斯,未提供,未提供,未提供,15,https://static.dd-room.com/images/object/j/b/u/jbutihfjl6s0eli0/cover/b33027004b721636d57507d07aa255b9_766x510.jpg | https://static.dd-room.com/images/object/j/b/u/jbutihfjl6s0eli0/cover/6f01dc46a683762625c484d84a1d2915_766x510.jpg | https://static.dd-room.com/images/object/j/b/u/jbutihfjl6s0eli0/cover/d20ed6438fa9e09fd777a9f6fee971ab_766x510.jpg | https://static.dd-room.com/images/object/j/b/u/jbutihfjl6s0eli0/cover/fbb40786846423d209940de301c532d3_766x510.jpg | https://static.dd-room.com/images/object/j/b/u/jbutihfjl6s0eli0/cover/6eb8c67dff13b4e0d458880f9535bbe8_766x510.jpg | https://static.dd-room.com/images/object/j/b/u/jbutihfjl6s0eli0/cover/6cbb95f106c65c91b4db08f7ca572c50_766x510.jpg | https://static.dd-room.com/images/object/j/b/u/jbutihfjl6s0eli0/cover/c3fd1f614514b13eee8ae1eaf5abb8e4_766x510.jpg | https://static.dd-room.com/images/object/j/b/u/jbutihfjl6s0eli0/cover/20242b72b7e939871214e02ad19cad7a_766x510.jpg | https://static.dd-room.com/images/object/j/b/u/jbutihfjl6s0eli0/cover/a70a1712a73205d70b0ba6220d5ec8c4_766x510.jpg | https://static.dd-room.com/images/object/j/b/u/jbutihfjl6s0eli0/cover/d3a986e5e7e4315d012b53c1fc8265ed_766x510.jpg | https://static.dd-room.com/images/object/j/b/u/jbutihfjl6s0eli0/cover/65841cc1cb6bc6c5459069a5484cd127_766x510.jpg | https://static.dd-room.com/images/object/j/b/u/jbutihfjl6s0eli0/cover/2f4e8a96149fdd18cc92c092979b257c_766x510.jpg | https://static.dd-room.com/images/object/j/b/u/jbutihfjl6s0eli0/cover/f34f5d1b4405db86d60b19101ed0d565_766x510.jpg | https://static.dd-room.com/images/object/j/b/u/jbutihfjl6s0eli0/cover/716a30b4ea873f5a581a2eb7c2fba9ee_766x510.jpg | https://static.dd-room.com/images/object/j/b/u/jbutihfjl6s0eli0/cover/96c96609557afe5b8dea0d14fc299819_766x510.jpg
hwirfiroocwxdbdk,https://www.dd-room.com/object/hwirfiroocwxdbdk,近捷運忠孝新生【優質2房2廳】有陽台★附傢俱★電梯,48999,97998,0,臺北市大安區建國南路一段,大安區,建國南路一段,25.0431737,121.5369269,2房2廳1衛1陽台,2,2,1,0,1,2.0,整層,elevator,17.0,7,15,12,2026-07-03,broker,有電梯、有陽台,冰箱、洗衣機、電視、冷氣、熱水器、床、衣櫃、天然瓦斯、沙發、桌子、椅子,未提供,未提供,未提供,10,https://img1.591.com.tw/house/2026/07/05/178318522299080005.png!1000x.png | https://img2.591.com.tw/house/2026/07/05/178318522298653005.png!1000x.png | https://img2.591.com.tw/house/2026/07/05/178318522328648300.png!1000x.png | https://img1.591.com.tw/house/2026/07/05/178318522317157304.png!1000x.png | https://img1.591.com.tw/house/2026/07/05/178318522289774307.png!1000x.png | https://img1.591.com.tw/house/2026/07/05/178318522283939504.png!1000x.png | https://img2.591.com.tw/house/2026/07/05/178318522299407506.png!1000x.png | https://img2.591.com.tw/house/2026/07/05/178318522320178906.png!1000x.png | https://img2.591.com.tw/house/2026/07/05/178318522333095209.png!1000x.png | https://img2.591.com.tw/house/2026/07/05/178318522332661303.png!1000x.png
8dmfhydmoamup0sz,https://www.dd-room.com/object/8dmfhydmoamup0sz,捷運中山5分【豪邸4房2廳】房皆有窗★垃圾代收★警衛管理,71999,143998,2950,臺北市大同區承德路二段,大同區,承德路二段,25.0600848,121.5183019,4房2廳2衛2陽台,4,2,2,0,2,4.0,整層,elevator,43.0,5,12,12,2026-07-03,broker,可開伙、有電梯、垃圾代收、有陽台,未提供,未提供,未提供,未提供,13,https://renco-rentals-prod.s3.ap-northeast-1.amazonaws.com/41936/medium/71fad21f-f6a1-4b4e-b8b6-e675f6a542d1.jpg | https://renco-rentals-prod.s3.ap-northeast-1.amazonaws.com/41936/medium/35f594bb-4689-4b15-96fc-20e62c8a110f.jpg | https://renco-rentals-prod.s3.ap-northeast-1.amazonaws.com/41936/medium/7f879afa-2c05-4c6a-b99d-e0cdbdfc34dc.jpg | https://renco-rentals-prod.s3.ap-northeast-1.amazonaws.com/41936/medium/d2e111ba-35ce-4fd3-890e-811105702d62.jpg | https://renco-rentals-prod.s3.ap-northeast-1.amazonaws.com/41936/medium/c8caf7cf-12f7-4bd0-830a-956efdc35526.jpg | https://renco-rentals-prod.s3.ap-northeast-1.amazonaws.com/41936/medium/35fee70e-a9c1-4437-8b35-2caba09ffb63.jpg | https://renco-rentals-prod.s3.ap-northeast-1.amazonaws.com/41936/medium/9314d168-c658-457c-8210-920e906007b4.jpg | https://renco-rentals-prod.s3.ap-northeast-1.amazonaws.com/41936/medium/f1c3d99c-3a52-4c3c-b600-c56ac63a89f7.jpg | https://renco-rentals-prod.s3.ap-northeast-1.amazonaws.com/41936/medium/79dc9d4c-6cfe-4798-becb-0ffe8b7f0338.jpg | https://renco-rentals-prod.s3.ap-northeast-1.amazonaws.com/41936/medium/e6f9de36-3eeb-45bd-a90c-850173ad21da.jpg | https://renco-rentals-prod.s3.ap-northeast-1.amazonaws.com/41936/medium/67f71494-9f7b-44e9-a64b-15762846a00b.jpg | https://renco-rentals-prod.s3.ap-northeast-1.amazonaws.com/41936/medium/c2b9f4fd-224c-4e6e-b043-77ffd1951ad6.jpg | https://renco-rentals-prod.s3.ap-northeast-1.amazonaws.com/41936/medium/39300560-692c-4ce0-8ca2-de331c67c4ab.jpg
iwqxsazkxkn0accx,https://www.dd-room.com/object/iwqxsazkxkn0accx,青年公園【優質租案】可補助★養寵物★工作室,25999,51998,0,臺北市萬華區萬大路,萬華區,萬大路,25.0267719,121.5005206,1房1衛,1,0,1,0,0,2.0,獨立套房,apt,24.0,2,4,12,2026-07-03,broker,可養貓、可養狗、租金補貼,冷氣、熱水器,未提供,未提供,未提供,5,https://img2.591.com.tw/house/2026/07/05/178318606883290906.png!1000x.png | https://img2.591.com.tw/house/2026/07/05/178318606888752305.png!1000x.png | https://img2.591.com.tw/house/2026/07/05/178318606889779809.png!1000x.png | https://img1.591.com.tw/house/2026/07/05/178318606912871103.png!1000x.png | https://img2.591.com.tw/house/2026/07/05/178318606915173407.png!1000x.png
exqtq5klcbqvvd4c,https://www.dd-room.com/object/exqtq5klcbqvvd4c,近捷運松山【超值租案】飲水機★近商圈★乾溼分離,12999,25998,0,臺北市信義區永吉路,信義區,永吉路,25.0455822,121.5742053,1房1衛,1,0,1,0,0,2.0,獨立套房,apt,4.0,4,5,12,2026-07-03,broker,可開伙,未提供,未提供,0、2,未提供,7,https://renco-rentals-prod.s3.ap-northeast-1.amazonaws.com/20283/medium/a0473ee5-9d54-481c-9aa1-ebf72909aada.jpg | https://renco-rentals-prod.s3.ap-northeast-1.amazonaws.com/20283/medium/a527082d-7b67-4b08-a50b-ab493ebc3cdd.jpg | https://renco-rentals-prod.s3.ap-northeast-1.amazonaws.com/20283/medium/2137dd89-a5e6-441e-a534-186cd88ed332.jpg | https://renco-rentals-prod.s3.ap-northeast-1.amazonaws.com/20283/medium/2596dca8-316b-4c3e-baeb-79b022f09920.jpg | https://renco-rentals-prod.s3.ap-northeast-1.amazonaws.com/20283/medium/e0ca3d25-7947-4ab3-9481-39c294567a96.jpg | https://renco-rentals-prod.s3.ap-northeast-1.amazonaws.com/20283/medium/25dcddf4-a98f-43a2-83ce-3a0d02f8f6c1.jpg | https://renco-rentals-prod.s3.ap-northeast-1.amazonaws.com/20283/medium/26bbf94d-7370-491c-80bc-3e5680014d0c.jpg
txjqjte11z4uyvxy,https://www.dd-room.com/object/txjqjte11z4uyvxy,捷運象山站【優質租案】可補助★大空間★警衛管理,30000,60000,2905,臺北市信義區信義路五段,信義區,信義路五段,25.0330722,121.5605445,1房1衛,1,0,1,0,0,2.0,獨立套房,elevator,9.0,3,13,12,2026-07-03,broker,可開伙、有電梯、租金補貼,冰箱、洗衣機、電視、冷氣、熱水器、床、衣櫃、沙發、桌子、椅子,未提供,未提供,未提供,5,https://renco-rentals-prod.s3.ap-northeast-1.amazonaws.com/42828/medium/aef7682f-07d7-4185-8b6a-5504069569cb.jpg | https://renco-rentals-prod.s3.ap-northeast-1.amazonaws.com/42828/medium/3d21e30d-db69-4f0d-b2c9-b15445701d15.jpg | https://renco-rentals-prod.s3.ap-northeast-1.amazonaws.com/42828/medium/ff75b81e-dd77-4269-bcf1-8516e23b870a.jpg | https://renco-rentals-prod.s3.ap-northeast-1.amazonaws.com/42828/medium/0644f2fc-27bf-4878-b2c9-523ad0680e35.jpg | https://renco-rentals-prod.s3.ap-northeast-1.amazonaws.com/42828/medium/da619531-f6d7-49be-8517-fb438a449d26.jpg
uwxr7indjxpjsevw,https://www.dd-room.com/object/uwxr7indjxpjsevw,原木香杉雙床豪華房,25000,25000,0,臺北市中正區博愛路,中正區,博愛路,25.037819,121.5110521,1房1衛,1,0,1,0,0,2.0,獨立套房,elevator,10.0,6,9,1,2026-07-03,individual,有電梯、水泥隔間、定期清潔、有飲水機,床、椅子、沙發、衣櫃、櫃子、網路、冷氣、冰箱、電視、第四台、電視盒、熱水器,未提供,電費、水費、第四台、網路費、管理費、清潔費,未提供,14,https://static.dd-room.com/images/object/u/w/x/uwxr7indjxpjsevw/cover/d0c5eae87c55ed2f7d9c25d76d765d75_766x510.jpg | https://static.dd-room.com/images/object/u/w/x/uwxr7indjxpjsevw/cover/67ebd771e48e25b4c349cf9f2dccef0e_766x510.jpg | https://static.dd-room.com/images/object/u/w/x/uwxr7indjxpjsevw/cover/57d6fc5a8867fbaf35e8d6de4796724e_766x510.jpg | https://static.dd-room.com/images/object/u/w/x/uwxr7indjxpjsevw/cover/cc4b29b73cafd40c8087d3c6ef839aca_766x510.jpg | https://static.dd-room.com/images/object/u/w/x/uwxr7indjxpjsevw/cover/efd9d2ea6bdcc15cc9fe8b5d40b05551_766x510.jpg | https://static.dd-room.com/images/object/u/w/x/uwxr7indjxpjsevw/cover/ae43465baf9b3bb4b8845d84031f654f_766x510.jpg | https://static.dd-room.com/images/object/u/w/x/uwxr7indjxpjsevw/cover/8895a52869a48f5e15c4d3f5bb5c919c_766x510.jpg | https://static.dd-room.com/images/object/u/w/x/uwxr7indjxpjsevw/cover/a498eab92acff4c83400aeb2a582d67b_766x510.jpg | https://static.dd-room.com/images/object/u/w/x/uwxr7indjxpjsevw/cover/893c4e6bbd315cd89675502d99a0e094_766x510.jpg | https://static.dd-room.com/images/object/u/w/x/uwxr7indjxpjsevw/cover/658480dd49dced277de18aa0554e9cac_766x510.jpg | https://static.dd-room.com/images/object/u/w/x/uwxr7indjxpjsevw/cover/22d054e8bdb923a373dfc08fd1468d84_766x510.jpg | https://static.dd-room.com/images/object/u/w/x/uwxr7indjxpjsevw/cover/e596f31bc1fbaf493df7a8a1326abe74_766x510.jpg | https://static.dd-room.com/images/object/u/w/x/uwxr7indjxpjsevw/cover/544fe8bb6d4d3fb705458ae0030382c9_766x510.jpg | https://static.dd-room.com/images/object/u/w/x/uwxr7indjxpjsevw/cover/00d63807d221e639258fd8f99adc05e5_766x510.jpg
upmuglgk3t4berr9,https://www.dd-room.com/object/upmuglgk3t4berr9,奇岩站-重劃區優質四房,89000,178000,9518,臺北市北投區三合街一段,北投區,三合街一段,25.1270175,121.5056414,4房2廳2衛1廚1陽台,4,2,2,1,1,4.0,整層,elevator,59.0,2,9,12,2026-07-03,broker,可開伙、水泥隔間、有電梯、氣密窗、對外窗、包裹代收、垃圾代收、水費照台水、電費照台電、有陽台,冷氣、流理台、熱水器、天然瓦斯、排油煙機、瓦斯爐,有汽車車位,未提供,未提供,13,https://static.dd-room.com/images/object/u/p/m/upmuglgk3t4berr9/cover/c29e1ba87db88ffaf3a85ce9497aa5da_766x510.jpg | https://static.dd-room.com/images/object/u/p/m/upmuglgk3t4berr9/cover/0f6256e038a58b5abc7742991ca842c7_766x510.jpg | https://static.dd-room.com/images/object/u/p/m/upmuglgk3t4berr9/cover/9f3a459d766afe3313a2f1b5bd369778_766x510.jpg | https://static.dd-room.com/images/object/u/p/m/upmuglgk3t4berr9/cover/a6783db2c21453df6d6072ffa394e63e_766x510.jpg | https://static.dd-room.com/images/object/u/p/m/upmuglgk3t4berr9/cover/7ef971c1e1fd572f33452d1585618797_766x510.jpg | https://static.dd-room.com/images/object/u/p/m/upmuglgk3t4berr9/cover/15df49112184a9991b472bf49de54e9c_766x510.jpg | https://static.dd-room.com/images/object/u/p/m/upmuglgk3t4berr9/cover/4cf15a2021d1c6ea7b384f3813bbb0b6_766x510.jpg | https://static.dd-room.com/images/object/u/p/m/upmuglgk3t4berr9/cover/de7a0d932a01b6c2766bb927c3007e8c_766x510.jpg | https://static.dd-room.com/images/object/u/p/m/upmuglgk3t4berr9/cover/8f7504651d97c70a652a101927662238_766x510.jpg | https://static.dd-room.com/images/object/u/p/m/upmuglgk3t4berr9/cover/7b656cdf0491859a239a0a48a333add5_766x510.jpg | https://static.dd-room.com/images/object/u/p/m/upmuglgk3t4berr9/cover/52a45668b9c79245898670b827032f06_766x510.jpg | https://static.dd-room.com/images/object/u/p/m/upmuglgk3t4berr9/cover/da9ae658368eafa484796d1d820b48c5_766x510.jpg | https://static.dd-room.com/images/object/u/p/m/upmuglgk3t4berr9/cover/3322a50c6851886d94a797c712eb32cd_766x510.jpg
4moyh7fk6xqpb19s,https://www.dd-room.com/object/4moyh7fk6xqpb19s,🪄西門商圈獨立套房✔️免爬梯✔️全新冷氣冰箱,19000,38000,850,臺北市萬華區成都路,萬華區,成都路,25.0437276,121.5017469,未提供,0,0,0,0,0,2.0,獨立套房,elevator,8.0,7,10,12,2026-07-02,broker,可開伙、對外窗、有電梯、社會住宅、租金補貼,床、桌子、椅子、沙發、冷氣、洗衣機、冰箱、電視、熱水器,未提供,未提供,未提供,6,https://static.dd-room.com/images/object/4/m/o/4moyh7fk6xqpb19s/cover/a7553518d45bd4b4707df2779c35ac6a_766x510.jpg | https://static.dd-room.com/images/object/4/m/o/4moyh7fk6xqpb19s/cover/fcc0e7daddd43a8be78e1a13a9d7b7a5_766x510.jpg | https://static.dd-room.com/images/object/4/m/o/4moyh7fk6xqpb19s/cover/c33dd2fa83ee1162b78fe4b4ff05b673_766x510.jpg | https://static.dd-room.com/images/object/4/m/o/4moyh7fk6xqpb19s/cover/dcfd942bea714d2aaeeef4202e87f311_766x510.jpg | https://static.dd-room.com/images/object/4/m/o/4moyh7fk6xqpb19s/cover/6b84045c1241bacbe1359e720c385a18_766x510.jpg | https://static.dd-room.com/images/object/4/m/o/4moyh7fk6xqpb19s/cover/389d9888affad54f0eaedf3f55de1eed_766x510.jpg
ky29gaduwwydrbar,https://www.dd-room.com/object/ky29gaduwwydrbar,近捷運芝山【優質雅房】獨立陽台★洗衣機★大空間,18500,37000,0,臺北市士林區中山北路六段,士林區,中山北路六段,25.1032702,121.5250883,1房1衛1陽台,1,0,1,0,1,2.0,獨立套房,apt,11.0,5,5,12,2026-07-02,broker,可開伙、有陽台,冰箱、洗衣機、冷氣、熱水器、床、衣櫃、第四台、網路、天然瓦斯、沙發、桌子、椅子,未提供,未提供,未提供,6,https://renco-rentals-prod.s3.ap-northeast-1.amazonaws.com/temp/82d108ca-f42d-4391-8133-9afc411be114.jpg | https://renco-rentals-prod.s3.ap-northeast-1.amazonaws.com/temp/3ed58a95-031d-45c5-bfc3-3bd0c4c8d9a0.jpg | https://renco-rentals-prod.s3.ap-northeast-1.amazonaws.com/temp/ead0296a-223f-4582-9dbf-994daed90942.jpg | https://renco-rentals-prod.s3.ap-northeast-1.amazonaws.com/temp/3d1e706c-85a2-4ec2-9dfd-bd21ed3b7907.jpg | https://renco-rentals-prod.s3.ap-northeast-1.amazonaws.com/temp/648ac6ee-bd01-45c9-9924-8def10aef66e.jpg | https://renco-rentals-prod.s3.ap-northeast-1.amazonaws.com/temp/67349840-7748-44e1-9442-f91702abf6cb.jpg
rxqihgmcibsunhwd,https://www.dd-room.com/object/rxqihgmcibsunhwd,近捷運台北小巨蛋【優質租案】大空間★採光優★獨立衛浴,15500,31000,500,臺北市松山區光復北路,松山區,光復北路,25.0499626,121.5578025,1房1衛,1,0,1,0,0,2.0,獨立套房,apt,7.0,3,4,12,2026-07-02,broker,未提供,未提供,未提供,未提供,未提供,6,https://renco-rentals-prod.s3.ap-northeast-1.amazonaws.com/42896/medium/c4062728-59b4-4a94-8135-439b8e9ed3ef.jpg | https://renco-rentals-prod.s3.ap-northeast-1.amazonaws.com/42896/medium/e66d6577-d755-48a5-8ca5-b26b8fcda132.jpg | https://renco-rentals-prod.s3.ap-northeast-1.amazonaws.com/42896/medium/ec67da7a-70b7-4bc6-9042-18041047b4fc.jpg | https://renco-rentals-prod.s3.ap-northeast-1.amazonaws.com/42896/medium/68f870f9-67dc-48dc-b2ad-d5b011d886d7.jpg | https://renco-rentals-prod.s3.ap-northeast-1.amazonaws.com/42896/medium/d1b022b4-6800-4981-9362-82aa07dc11d1.jpg | https://renco-rentals-prod.s3.ap-northeast-1.amazonaws.com/42896/medium/c39be91c-c985-42a2-9d6d-dced989d14e5.jpg
8jrvxnknhbnkahkc,https://www.dd-room.com/object/8jrvxnknhbnkahkc,捷運中山國小站【優質租案】限女★垃圾代收★獨立衛浴,19799,39598,0,臺北市中山區雙城街,中山區,雙城街,25.0645288,121.5243338,1房1衛,1,0,1,0,0,2.0,獨立套房,apt,4.0,3,5,12,2026-07-02,broker,可開伙、垃圾代收,未提供,未提供,未提供,未提供,7,https://renco-rentals-prod.s3.ap-northeast-1.amazonaws.com/42961/medium/e170b2fd-9002-4e1f-a73b-45d380e12114.jpg | https://renco-rentals-prod.s3.ap-northeast-1.amazonaws.com/42961/medium/24491230-3a3c-416c-bf09-b0f195a209a6.jpg | https://renco-rentals-prod.s3.ap-northeast-1.amazonaws.com/42961/medium/c5915b0a-55b8-44db-ab55-b700532ab92a.jpg | https://renco-rentals-prod.s3.ap-northeast-1.amazonaws.com/42961/medium/008248d6-33c2-4e84-9036-ba53c9244f2e.jpg | https://renco-rentals-prod.s3.ap-northeast-1.amazonaws.com/42961/medium/6a5ec9b3-a5cd-4737-b5f8-896127f10e08.jpg | https://renco-rentals-prod.s3.ap-northeast-1.amazonaws.com/42961/medium/ef7fc9f4-720b-4179-82bd-5d10fdee317b.jpg | https://renco-rentals-prod.s3.ap-northeast-1.amazonaws.com/42961/medium/570a76c7-5cc1-492b-88be-fd3029f76cbb.jpg
cf7fphsiv4nmhunl,https://www.dd-room.com/object/cf7fphsiv4nmhunl,捷運市政府1分【優質租案】可租補★養寵洽★獨洗衣機,29500,59000,0,臺北市信義區忠孝東路五段,信義區,忠孝東路五段,25.0411286,121.5785763,1房1衛,1,0,1,0,0,2.0,獨立套房,elevator,4.0,4,6,12,2026-07-02,broker,可養貓、可養狗、有電梯、租金補貼,未提供,未提供,未提供,未提供,5,https://renco-rentals-prod.s3.ap-northeast-1.amazonaws.com/temp/3b7dd93d-032a-4399-867b-7a00e31fab37.png | https://renco-rentals-prod.s3.ap-northeast-1.amazonaws.com/temp/1793f91f-e0d5-4773-b3ae-5490b98b4f64.png | https://renco-rentals-prod.s3.ap-northeast-1.amazonaws.com/temp/6282d99d-98e2-461c-8661-7c993fd48e6a.png | https://renco-rentals-prod.s3.ap-northeast-1.amazonaws.com/temp/8ef57858-533a-47bf-8393-49f46bed550c.png | https://renco-rentals-prod.s3.ap-northeast-1.amazonaws.com/temp/ce9e69d1-81fa-48b6-9fc0-fdcbdc6310ba.png
xrvysbmgtjptszwi,https://www.dd-room.com/object/xrvysbmgtjptszwi,近捷運台電大樓【優質租案】免爬梯★獨立衛浴★精緻裝潢,10000,20000,0,臺北市大安區泰順街,大安區,泰順街,25.0250271,121.5314639,1房1衛,1,0,1,0,0,2.0,獨立套房,apt,3.0,1,4,12,2026-07-02,broker,未提供,未提供,未提供,未提供,未提供,5,https://renco-rentals-prod.s3.ap-northeast-1.amazonaws.com/42890/medium/950f251f-684e-4f17-996f-e298c62a3a15.jpg | https://renco-rentals-prod.s3.ap-northeast-1.amazonaws.com/42890/medium/5f19dc71-c239-46d1-9031-596ff6734fad.jpg | https://renco-rentals-prod.s3.ap-northeast-1.amazonaws.com/42890/medium/5472ee22-5bf1-46fc-b169-b9c920ed2a99.jpg | https://renco-rentals-prod.s3.ap-northeast-1.amazonaws.com/42890/medium/a5dfa5a6-c551-4d10-949e-b98dd8a0b43e.jpg | https://renco-rentals-prod.s3.ap-northeast-1.amazonaws.com/42890/medium/03c7b9b3-4cb7-4d56-91bf-e7ef3b73e3d5.jpg
qefqp95zqm4vgftk,https://www.dd-room.com/object/qefqp95zqm4vgftk,捷運芝山5分【豪邸２＋１房２衛】平面車位★飯店管理★房皆有窗,97999,195998,7002,臺北市士林區中山北路六段,士林區,中山北路六段,25.1032702,121.5250883,3房2廳2衛2陽台,3,2,2,0,2,3.0,整層,elevator,47.0,4,13,12,2026-07-02,broker,可開伙、有電梯、有陽台,冰箱、洗衣機、電視、冷氣、熱水器、床、衣櫃、天然瓦斯、沙發、桌子、椅子,未提供,未提供,未提供,15,https://img2.591.com.tw/house/2026/07/03/178305176207669101.jpg!1000x.jpg | https://img1.591.com.tw/house/2026/07/03/178305176193465606.jpg!1000x.jpg | https://img1.591.com.tw/house/2026/07/03/178305176241900505.jpg!1000x.jpg | https://img1.591.com.tw/house/2026/07/03/178305176201026903.jpg!1000x.jpg | https://img1.591.com.tw/house/2026/07/03/178305176213777509.jpg!1000x.jpg | https://img2.591.com.tw/house/2026/07/03/178305176223644000.jpg!1000x.jpg | https://img1.591.com.tw/house/2026/07/03/178305176263375206.jpg!1000x.jpg | https://img1.591.com.tw/house/2026/07/03/178305176254146105.jpg!1000x.jpg | https://img1.591.com.tw/house/2026/07/03/178305176258743005.jpg!1000x.jpg | https://img2.591.com.tw/house/2026/07/03/178305176231522706.jpg!1000x.jpg | https://img2.591.com.tw/house/2026/07/03/178305176264672002.jpg!1000x.jpg | https://img2.591.com.tw/house/2026/07/03/178305176247169209.jpg!1000x.jpg | https://img2.591.com.tw/house/2026/07/03/178305176226457104.jpg!1000x.jpg | https://img2.591.com.tw/house/2026/07/03/178305176276106205.jpg!1000x.jpg | https://img2.591.com.tw/house/2026/07/03/178305176278355201.jpg!1000x.jpg
gola7tfcbwmfaofp,https://www.dd-room.com/object/gola7tfcbwmfaofp,近捷運景美【超值租案】可租補★大空間★獨洗衣機,11400,22800,600,臺北市文山區景福街,文山區,景福街,24.9958234,121.5360598,1房1衛,1,0,1,0,0,2.0,獨立套房,apt,6.0,2,6,12,2026-07-02,broker,可開伙、租金補貼,洗衣機、電視、熱水器、床、第四台、網路、天然瓦斯、桌子、椅子,未提供,未提供,未提供,6,https://renco-rentals-prod.s3.ap-northeast-1.amazonaws.com/42878/medium/f16ba830-6896-4a06-89da-7c93a9dd3c62.jpg | https://renco-rentals-prod.s3.ap-northeast-1.amazonaws.com/42878/medium/22672383-b9a9-4a8c-97cc-d91f1523d220.jpg | https://renco-rentals-prod.s3.ap-northeast-1.amazonaws.com/42878/medium/50a532eb-4fac-400d-abc8-fdc065cbeb4c.jpg | https://renco-rentals-prod.s3.ap-northeast-1.amazonaws.com/42878/medium/4a1ca747-ad9b-4199-89e0-80e4771c54cd.jpg | https://renco-rentals-prod.s3.ap-northeast-1.amazonaws.com/42878/medium/08cbf877-5012-48f2-8fce-9d4f19c2f8e7.jpg | https://renco-rentals-prod.s3.ap-northeast-1.amazonaws.com/42878/medium/086f1b4e-8858-470d-99ec-39e9146f0fc1.jpg
zsmueqe5l3xfvvqk,https://www.dd-room.com/object/zsmueqe5l3xfvvqk,兆基社會住宅🏠友善屋源🧡木新路1+1房.低樓層.社區大樓,26000,52000,980,臺北市文山區木新路二段,文山區,木新路二段,24.9850982,121.5704141,2房1廳1衛1陽台,2,1,1,0,1,2.0,整層,elevator,11.7,1,6,12,2026-07-02,broker,可無火煮食、可養貓、租金補貼、可報稅、可入籍、社會住宅、免仲介費、有陽台、可開伙,冷氣、冰箱、熱水器、天然瓦斯,未提供,未提供,未提供,12,https://static.dd-room.com/images/object/z/s/m/zsmueqe5l3xfvvqk/cover/e38ab3c70d7c37c76f4ace9b503b41d3_766x510.jpg | https://static.dd-room.com/images/object/z/s/m/zsmueqe5l3xfvvqk/cover/2fbc6cd6c3d22142b99d2e7e2fe5f41f_766x510.jpg | https://static.dd-room.com/images/object/z/s/m/zsmueqe5l3xfvvqk/cover/7e9ca5eba359cb50105ec0c8823ca89e_766x510.jpg | https://static.dd-room.com/images/object/z/s/m/zsmueqe5l3xfvvqk/cover/70d0809625e40e0cecff1d37d042f0ae_766x510.jpg | https://static.dd-room.com/images/object/z/s/m/zsmueqe5l3xfvvqk/cover/4e6666ee2adf06218cc0e9fe855324be_766x510.jpg | https://static.dd-room.com/images/object/z/s/m/zsmueqe5l3xfvvqk/cover/9657796b98861ef3ede3d1e85b7a7c43_766x510.jpg | https://static.dd-room.com/images/object/z/s/m/zsmueqe5l3xfvvqk/cover/7e976dedd12ef7d7a126ba50d832fb5f_766x510.jpg | https://static.dd-room.com/images/object/z/s/m/zsmueqe5l3xfvvqk/cover/fb35b4c90ef491710748fa3e56f36872_766x510.jpg | https://static.dd-room.com/images/object/z/s/m/zsmueqe5l3xfvvqk/cover/8078e8ab9dd6c8af9d81d7a6233c5bc8_766x510.jpg | https://static.dd-room.com/images/object/z/s/m/zsmueqe5l3xfvvqk/cover/815b2529a34257d472703c5c87365961_766x510.jpg | https://static.dd-room.com/images/object/z/s/m/zsmueqe5l3xfvvqk/cover/1662037542c0c691e74597143ab9522d_766x510.jpg | https://static.dd-room.com/images/object/z/s/m/zsmueqe5l3xfvvqk/cover/e5e5b013de89acc6ed2da7f830d8c207_766x510.jpg
un244dkzztekjv4m,https://www.dd-room.com/object/un244dkzztekjv4m,兆基社會住宅🏠友善屋源🧡裝修整理中🧡可先預約🧡可租補,12000,24000,0,臺北市萬華區青年路,萬華區,青年路,25.0250272,121.5034777,1房1衛,1,0,1,0,0,2.0,獨立套房,apt,13.3,4,5,12,2026-07-02,broker,可無火煮食、租金補貼、可報稅、可入籍、社會住宅、免仲介費、可開伙,冷氣、冰箱、熱水器,未提供,未提供,未提供,5,https://static.dd-room.com/images/object/u/n/2/un244dkzztekjv4m/cover/4d91b116414a01a626b9429f67b1b269_766x510.jpg | https://static.dd-room.com/images/object/u/n/2/un244dkzztekjv4m/cover/fc5796d569f3f791045b31c61fd1e004_766x510.jpg | https://static.dd-room.com/images/object/u/n/2/un244dkzztekjv4m/cover/207f7cf878b3c6ea87cf41c5e76d64b6_766x510.jpg | https://static.dd-room.com/images/object/u/n/2/un244dkzztekjv4m/cover/b287d5d1f0dc5a50bb5f856acb3c2a18_766x510.jpg | https://static.dd-room.com/images/object/u/n/2/un244dkzztekjv4m/cover/55e869258324f099701a30096395ba9d_766x510.jpg
chmv5szpnrj6qte9,https://www.dd-room.com/object/chmv5szpnrj6qte9,兆基社會住宅🏠友善屋源🧡台北車站🧡免仲🧡可租補入籍,23000,46000,1634,臺北市中正區開封街一段,中正區,開封街一段,25.0459566,121.5104087,1房1衛,1,0,1,0,0,2.0,獨立套房,elevator,8.1,11,14,12,2026-07-02,broker,可無火煮食、可報稅、有電梯、可入籍、社會住宅、免仲介費、可開伙、租金補貼,衣櫃、冷氣、洗衣機、冰箱、熱水器,未提供,未提供,未提供,8,https://static.dd-room.com/images/object/c/h/m/chmv5szpnrj6qte9/cover/3a2351b8da126dad0ff2c02a52f1cda2_766x510.jpg | https://static.dd-room.com/images/object/c/h/m/chmv5szpnrj6qte9/cover/cdeb9cac6e4b9829da5fba26a757332e_766x510.jpg | https://static.dd-room.com/images/object/c/h/m/chmv5szpnrj6qte9/cover/95fd5b94144e0b816e7ce128e5c5a87c_766x510.jpg | https://static.dd-room.com/images/object/c/h/m/chmv5szpnrj6qte9/cover/cdc4fdb7fff51fcdaea2ab4ddd705359_766x510.jpg | https://static.dd-room.com/images/object/c/h/m/chmv5szpnrj6qte9/cover/0ffe44af806d838e4137abe6465adf5e_766x510.jpg | https://static.dd-room.com/images/object/c/h/m/chmv5szpnrj6qte9/cover/8c187905b03ea66ffda9b7fb0d49b282_766x510.jpg | https://static.dd-room.com/images/object/c/h/m/chmv5szpnrj6qte9/cover/3f2fbc155d70bd422a952a1988445488_766x510.jpg | https://static.dd-room.com/images/object/c/h/m/chmv5szpnrj6qte9/cover/a9f5642084f727775ceeb1c4baaf119c_766x510.jpg
nimz7oonnjiqenfg,https://www.dd-room.com/object/nimz7oonnjiqenfg,天母國小【超值3房2衛】有廚房★房皆有窗★獨立陽台,38990,77980,0,臺北市士林區天母北路,士林區,天母北路,25.1201281,121.526482,3房2廳2衛2陽台,3,2,2,0,2,3.0,整層,apt,28.0,5,5,12,2026-07-02,broker,可開伙、有陽台,未提供,未提供,未提供,未提供,12,https://img1.591.com.tw/house/2026/07/02/178298850909304408.jpg!1000x.jpg | https://img1.591.com.tw/house/2026/07/02/178298853634480606.jpg!1000x.jpg | https://img2.591.com.tw/house/2026/07/02/178298853608566500.jpg!1000x.jpg | https://img2.591.com.tw/house/2026/07/02/178298861068885409.jpg!1000x.jpg | https://img2.591.com.tw/house/2025/09/09/175743104329511102.jpg!1000x.jpg | https://img2.591.com.tw/house/2025/09/09/175743104295936509.jpg!1000x.jpg | https://img2.591.com.tw/house/2026/07/02/178298851496868905.jpg!1000x.jpg | https://img1.591.com.tw/house/2025/09/09/175743104268179501.jpg!1000x.jpg | https://img2.591.com.tw/house/2026/07/02/178298852466028807.jpg!1000x.jpg | https://img1.591.com.tw/house/2026/07/02/178298859941298605.jpg!1000x.jpg | https://img1.591.com.tw/house/2025/09/09/175743104316158807.jpg!1000x.jpg | https://img1.591.com.tw/house/2025/09/09/175743104305778007.jpg!1000x.jpg
hslv3v34fghirkvu,https://www.dd-room.com/object/hslv3v34fghirkvu,近捷運行天宮【超值租案】對外窗★近商圈★獨立衛浴,10999,21998,0,臺北市中山區中原街,中山區,中原街,25.0637555,121.529034,1房1衛,1,0,1,0,0,2.0,獨立套房,house,4.0,4,4,12,2026-07-01,broker,未提供,冰箱、洗衣機、冷氣、熱水器、床、衣櫃、網路、天然瓦斯、桌子、椅子,未提供,未提供,未提供,4,https://img1.591.com.tw/house/2026/07/01/178291092371503106.png!1000x.png | https://img1.591.com.tw/house/2026/07/01/178291092373245908.png!1000x.png | https://img2.591.com.tw/house/2026/07/01/178291092339554500.png!1000x.png | https://img2.591.com.tw/house/2026/07/01/178291092340115607.png!1000x.png
wc3pprctujoeax4y,https://www.dd-room.com/object/wc3pprctujoeax4y,中崙高中現代簡約風格公寓-拎包入住,55000,110000,600,臺北市松山區八德路四段,松山區,八德路四段,25.0488403,121.564381,3房2廳2衛1廚2陽台,3,2,2,1,2,3.0,整層,apt,34.1,5,5,12,2026-07-01,individual,可開伙、有飲水機、對外窗、氣密窗、水泥隔間、垃圾代收、免仲介費、電費照台電、水費照台水、可報稅、有陽台、租金補貼、可入籍,床、桌子、椅子、沙發、衣櫃、鞋櫃、櫃子、網路、冷氣、洗衣機、冰箱、電視、第四台、電視盒、流理台、熱水器、天然瓦斯、排油煙機、瓦斯爐,未提供,第四台、網路費,未提供,15,https://static.dd-room.com/images/object/w/c/3/wc3pprctujoeax4y/cover/a283190dff4cb3ff3b60e0da256581bd_766x510.jpg | https://static.dd-room.com/images/object/w/c/3/wc3pprctujoeax4y/cover/5bb03f5f32492dbc4bd00871d768eee5_766x510.jpg | https://static.dd-room.com/images/object/w/c/3/wc3pprctujoeax4y/cover/a67903249e7c884d8ea3c0c7916c77af_766x510.jpg | https://static.dd-room.com/images/object/w/c/3/wc3pprctujoeax4y/cover/d3b8c4dbfa84a08429eae98ea5f7ddb3_766x510.jpg | https://static.dd-room.com/images/object/w/c/3/wc3pprctujoeax4y/cover/cbbd2355ceb2c1fcc41733905ad097cf_766x510.jpg | https://static.dd-room.com/images/object/w/c/3/wc3pprctujoeax4y/cover/421c36025703dc05609a397f2ad8000a_766x510.jpg | https://static.dd-room.com/images/object/w/c/3/wc3pprctujoeax4y/cover/7b45bb49eb8e6bbdc543fcb7c83c21ae_766x510.jpg | https://static.dd-room.com/images/object/w/c/3/wc3pprctujoeax4y/cover/74cff55d4cd2a8f4be4712e7404feef8_766x510.jpg | https://static.dd-room.com/images/object/w/c/3/wc3pprctujoeax4y/cover/de48fdb8778eb269a870560379097e22_766x510.jpg | https://static.dd-room.com/images/object/w/c/3/wc3pprctujoeax4y/cover/8b34baea2972e8e9a967b47bcae8e8e1_766x510.jpg | https://static.dd-room.com/images/object/w/c/3/wc3pprctujoeax4y/cover/87a2d60749cba0556e27f574496a75fe_766x510.jpg | https://static.dd-room.com/images/object/w/c/3/wc3pprctujoeax4y/cover/0bb6bd0dddd9d3d83e8e08a1534d59d1_766x510.jpg | https://static.dd-room.com/images/object/w/c/3/wc3pprctujoeax4y/cover/42a43c3885346d91c5eb47bd644c8a01_766x510.jpg | https://static.dd-room.com/images/object/w/c/3/wc3pprctujoeax4y/cover/58b9368d2569451d037c4e924e83a117_766x510.jpg | https://static.dd-room.com/images/object/w/c/3/wc3pprctujoeax4y/cover/64a53e9d640200897d26097f338997f2_766x510.jpg
mdgtbtegcjggrxx1,https://www.dd-room.com/object/mdgtbtegcjggrxx1,@@士林芝山捷運商圈旁*河景採光明亮大露臺2房,44999,89998,1300,臺北市士林區雙溪街,士林區,雙溪街,25.1011645,121.5318572,2房2廳1衛3陽台,2,2,1,0,3,2.0,整層,elevator,30.3,9,9,12,2026-07-01,broker,對外窗、有電梯、水泥隔間,床、桌子、椅子、沙發、衣櫃、冷氣、洗衣機、冰箱、電視、熱水器、天然瓦斯,未提供,未提供,未提供,8,https://static.dd-room.com/images/object/m/d/g/mdgtbtegcjggrxx1/cover/1079ceb72c3b0558f691ec6eb6156046_766x510.jpg | https://static.dd-room.com/images/object/m/d/g/mdgtbtegcjggrxx1/cover/fc40ef23711f9aa2f4de65999ac47920_766x510.jpg | https://static.dd-room.com/images/object/m/d/g/mdgtbtegcjggrxx1/cover/b9b452ced42ccb4040a80b06a810a349_766x510.jpg | https://static.dd-room.com/images/object/m/d/g/mdgtbtegcjggrxx1/cover/92c9d6c2b3908e91dff135870157cd1f_766x510.jpg | https://static.dd-room.com/images/object/m/d/g/mdgtbtegcjggrxx1/cover/9d67eb14a9d5f6830b4562ff1af3ad51_766x510.jpg | https://static.dd-room.com/images/object/m/d/g/mdgtbtegcjggrxx1/cover/289f5ac72df33922f8ee33a2cab7c922_766x510.jpg | https://static.dd-room.com/images/object/m/d/g/mdgtbtegcjggrxx1/cover/2e507695ad537b592f583b793ba21b9f_766x510.jpg | https://static.dd-room.com/images/object/m/d/g/mdgtbtegcjggrxx1/cover/63c35bf0c578f220509934747ee02701_766x510.jpg
xbzfvhxnrxtd3dpr,https://www.dd-room.com/object/xbzfvhxnrxtd3dpr,@@龍山寺南機場夜市旁*採光明亮三房,47999,95998,0,臺北市萬華區西園路二段,萬華區,西園路二段,25.0263562,121.4931615,3房2廳2衛1陽台,3,2,2,0,1,3.0,整層,elevator,40.0,9,14,12,2026-07-01,broker,對外窗、有電梯、水泥隔間,床、桌子、椅子、冷氣、洗衣機、冰箱、熱水器、天然瓦斯,未提供,管理費,未提供,7,https://static.dd-room.com/images/object/x/b/z/xbzfvhxnrxtd3dpr/cover/444d8dfaa9243ebfaa57ad4bfc6bd1b8_766x510.jpg | https://static.dd-room.com/images/object/x/b/z/xbzfvhxnrxtd3dpr/cover/bce6bbc56c817a3f319f68417d34f749_766x510.jpg | https://static.dd-room.com/images/object/x/b/z/xbzfvhxnrxtd3dpr/cover/1622f30630217bb13ef12059d5ab5514_766x510.jpg | https://static.dd-room.com/images/object/x/b/z/xbzfvhxnrxtd3dpr/cover/215c0807307a627076dafcc32b0f5b89_766x510.jpg | https://static.dd-room.com/images/object/x/b/z/xbzfvhxnrxtd3dpr/cover/a6774e83aa9dae036b55bf3b6d2a4c71_766x510.jpg | https://static.dd-room.com/images/object/x/b/z/xbzfvhxnrxtd3dpr/cover/c65ee3a49b2dc7d5040894a0be283884_766x510.jpg | https://static.dd-room.com/images/object/x/b/z/xbzfvhxnrxtd3dpr/cover/6c58fe95cc4f77bd4d19d47fcbb11468_766x510.jpg
nxiblis9wrlgn9s6,https://www.dd-room.com/object/nxiblis9wrlgn9s6,@@永康商圈森林公園旁*典雅明亮美住辦,68999,137998,4000,臺北市大安區新生南路二段,大安區,新生南路二段,25.0297486,121.5327247,3房2廳2衛1陽台,3,2,2,0,1,3.0,整層,elevator,53.7,7,12,12,2026-07-01,broker,對外窗、有電梯、水泥隔間,冷氣、冰箱、熱水器、天然瓦斯,未提供,未提供,未提供,14,https://static.dd-room.com/images/object/n/x/i/nxiblis9wrlgn9s6/cover/8546a4235eab0d7a10af33c79279da8c_766x510.jpg | https://static.dd-room.com/images/object/n/x/i/nxiblis9wrlgn9s6/cover/d48d7353ed90ccbe60fd40cd16da00b3_766x510.jpg | https://static.dd-room.com/images/object/n/x/i/nxiblis9wrlgn9s6/cover/86e0e1b3283f2b7f6c7974eae1818393_766x510.jpg | https://static.dd-room.com/images/object/n/x/i/nxiblis9wrlgn9s6/cover/87b493492434015badf8cb7aabf96c0c_766x510.jpg | https://static.dd-room.com/images/object/n/x/i/nxiblis9wrlgn9s6/cover/44c49577e3b4ec1f37b0b028abb45558_766x510.jpg | https://static.dd-room.com/images/object/n/x/i/nxiblis9wrlgn9s6/cover/4a1b396def45532625ba97483ea4bba6_766x510.jpg | https://static.dd-room.com/images/object/n/x/i/nxiblis9wrlgn9s6/cover/88f24524cc389b5fb5e1eb2ceb2ce86e_766x510.jpg | https://static.dd-room.com/images/object/n/x/i/nxiblis9wrlgn9s6/cover/73fc5492da827e41fa758d6395554401_766x510.jpg | https://static.dd-room.com/images/object/n/x/i/nxiblis9wrlgn9s6/cover/a8f4b4542d69266d74f19516fc38647a_766x510.jpg | https://static.dd-room.com/images/object/n/x/i/nxiblis9wrlgn9s6/cover/49acbfe5802c70ac7615b1378847239c_766x510.jpg | https://static.dd-room.com/images/object/n/x/i/nxiblis9wrlgn9s6/cover/9eb5d48d505f32216bc2b042d80a4341_766x510.jpg | https://static.dd-room.com/images/object/n/x/i/nxiblis9wrlgn9s6/cover/81e710d0a68c33fe1bb15e6948973fca_766x510.jpg | https://static.dd-room.com/images/object/n/x/i/nxiblis9wrlgn9s6/cover/5b88f2ac831eca51805a9617fa6fc9f6_766x510.jpg | https://static.dd-room.com/images/object/n/x/i/nxiblis9wrlgn9s6/cover/9cd71229abdd8b211d190b60a332e970_766x510.jpg
8ihvl0l1db5ghquw,https://www.dd-room.com/object/8ihvl0l1db5ghquw,@@捷運西門博愛特區*典雅明亮三房,69999,139998,7000,臺北市中正區博愛路,中正區,博愛路,25.037819,121.5110521,3房2廳2衛2陽台,3,2,2,0,2,3.0,整層,elevator,36.7,5,15,12,2026-07-01,broker,對外窗、有電梯、水泥隔間,床、桌子、椅子、沙發、衣櫃、冷氣、洗衣機、冰箱、電視、熱水器,未提供,未提供,未提供,8,https://static.dd-room.com/images/object/8/i/h/8ihvl0l1db5ghquw/cover/b525426cd2c71e8f15e54ec75f63c059_766x510.jpg | https://static.dd-room.com/images/object/8/i/h/8ihvl0l1db5ghquw/cover/b1d89bc8a40076982f2e1fd5662ab4ed_766x510.jpg | https://static.dd-room.com/images/object/8/i/h/8ihvl0l1db5ghquw/cover/02d8aeec9a502cf529411b2dc2c34149_766x510.jpg | https://static.dd-room.com/images/object/8/i/h/8ihvl0l1db5ghquw/cover/335cac7ea0baf5de77d9e4034ba5beca_766x510.jpg | https://static.dd-room.com/images/object/8/i/h/8ihvl0l1db5ghquw/cover/1d5800f70c26f2dbd407f03848b6a848_766x510.jpg | https://static.dd-room.com/images/object/8/i/h/8ihvl0l1db5ghquw/cover/c6048749f91e4a6541957270ddd6555b_766x510.jpg | https://static.dd-room.com/images/object/8/i/h/8ihvl0l1db5ghquw/cover/6a7b7e01f94c1ae0d0892cc29bed660c_766x510.jpg | https://static.dd-room.com/images/object/8/i/h/8ihvl0l1db5ghquw/cover/68db7d8339595ce198b5f560d342b4e2_766x510.jpg
dwevh3xdjpghyoih,https://www.dd-room.com/object/dwevh3xdjpghyoih,短租可免仲介費@@遠企大安信義臨江通化街商圈溫馨美雅房,13800,13800,0,臺北市大安區通化街,大安區,通化街,25.0287281,121.5538123,1房1廳1衛1陽台,1,1,1,0,1,1.0,雅房,apt,4.0,2,5,12,2026-07-01,broker,可開伙、有陽台,床、桌子、椅子、衣櫃、網路、冷氣、洗衣機、冰箱、熱水器、天然瓦斯,未提供,電費、水費、瓦斯費、網路費、清潔費,未提供,13,https://static.dd-room.com/images/object/d/w/e/dwevh3xdjpghyoih/cover/81833f6d2a2d47deceda08e15385b1b0_766x510.jpg | https://static.dd-room.com/images/object/d/w/e/dwevh3xdjpghyoih/cover/3e2add7f26149c78c08b85ead10ad3c3_766x510.jpg | https://static.dd-room.com/images/object/d/w/e/dwevh3xdjpghyoih/cover/926ee122882d4f063df00e2b5c358663_766x510.jpg | https://static.dd-room.com/images/object/d/w/e/dwevh3xdjpghyoih/cover/b5473f601dc223acb50fabb350e057af_766x510.jpg | https://static.dd-room.com/images/object/d/w/e/dwevh3xdjpghyoih/cover/c2a8b4af8ce48af3e6a881a7821d91c0_766x510.jpg | https://static.dd-room.com/images/object/d/w/e/dwevh3xdjpghyoih/cover/4b30169134c0e2d718ed23aef746f186_766x510.jpg | https://static.dd-room.com/images/object/d/w/e/dwevh3xdjpghyoih/cover/3b88237a78346e99e72ebc5f0b1c23f0_766x510.jpg | https://static.dd-room.com/images/object/d/w/e/dwevh3xdjpghyoih/cover/14d4665d8dbeada27a1aa48f4063a66b_766x510.jpg | https://static.dd-room.com/images/object/d/w/e/dwevh3xdjpghyoih/cover/8d7a2d9a1b6d211ab12758d6dfc2620a_766x510.jpg | https://static.dd-room.com/images/object/d/w/e/dwevh3xdjpghyoih/cover/4352c9cbac6c8563b1995cb42fb386c8_766x510.jpg | https://static.dd-room.com/images/object/d/w/e/dwevh3xdjpghyoih/cover/3ff668dcda44b6ffde3df343962b2bf3_766x510.jpg | https://static.dd-room.com/images/object/d/w/e/dwevh3xdjpghyoih/cover/9d63e41bce03136a52cc4a9b4b3fd1c9_766x510.jpg | https://static.dd-room.com/images/object/d/w/e/dwevh3xdjpghyoih/cover/37350f44dd2895f198553c696f304a92_766x510.jpg
9espzcsebwieovc2,https://www.dd-room.com/object/9espzcsebwieovc2,@@內湖成功路大湖公園旁*稀有獨棟透天,100000,200000,1500,臺北市內湖區大湖街,內湖區,大湖街,25.0960205,121.6058394,5房5廳4衛3陽台,5,5,4,0,3,5.0,整層,villa,96.1,999,3,12,2026-07-01,broker,有陽台、可開伙、對外窗,冷氣,有汽車車位,未提供,未提供,15,https://static.dd-room.com/images/object/9/e/s/9espzcsebwieovc2/cover/b3af6558b1a62c84b7db603ef55ec40a_766x510.jpg | https://static.dd-room.com/images/object/9/e/s/9espzcsebwieovc2/cover/7035e08dc88aca5975b461fb591bafca_766x510.jpg | https://static.dd-room.com/images/object/9/e/s/9espzcsebwieovc2/cover/b377f1b8b03c25fc7f6823e5b2326666_766x510.jpg | https://static.dd-room.com/images/object/9/e/s/9espzcsebwieovc2/cover/db4461de084c9f8fdd5d05893c3a20cf_766x510.jpg | https://static.dd-room.com/images/object/9/e/s/9espzcsebwieovc2/cover/bfac9b19022ce0f5c342b285fdd71e7a_766x510.jpg | https://static.dd-room.com/images/object/9/e/s/9espzcsebwieovc2/cover/dcfd5274e47378b6c0f27889cf9874c7_766x510.jpg | https://static.dd-room.com/images/object/9/e/s/9espzcsebwieovc2/cover/a843b2442aee9135f2a2a631bb0646f0_766x510.jpg | https://static.dd-room.com/images/object/9/e/s/9espzcsebwieovc2/cover/f2181aaaba52ef6e23dbd2b686826a9c_766x510.jpg | https://static.dd-room.com/images/object/9/e/s/9espzcsebwieovc2/cover/c2125d53fa9c141de721e846efe9df05_766x510.jpg | https://static.dd-room.com/images/object/9/e/s/9espzcsebwieovc2/cover/dfd492cd0fb2b17a12427b0f97d5bcc7_766x510.jpg | https://static.dd-room.com/images/object/9/e/s/9espzcsebwieovc2/cover/3063fc5f5ed171f24064b8dbe87f43e2_766x510.jpg | https://static.dd-room.com/images/object/9/e/s/9espzcsebwieovc2/cover/e137d7969198c71f7ee98f075a39f1e8_766x510.jpg | https://static.dd-room.com/images/object/9/e/s/9espzcsebwieovc2/cover/fe42505f03fe28ea4496769f079c5942_766x510.jpg | https://static.dd-room.com/images/object/9/e/s/9espzcsebwieovc2/cover/4a8c59cb8157eec86791f8010054b05c_766x510.jpg | https://static.dd-room.com/images/object/9/e/s/9espzcsebwieovc2/cover/3bf2675ab05219552047568f05ae265c_766x510.jpg
hz8xtlkththrpj0h,https://www.dd-room.com/object/hz8xtlkththrpj0h,@@忠孝復興建國花市商圈旁*景觀明亮通風宅,69999,139998,6423,臺北市大安區仁愛路三段,大安區,仁愛路三段,25.037748,121.533251,4房2廳2衛2陽台,4,2,2,0,2,4.0,整層,elevator,42.0,8,12,12,2026-07-01,broker,對外窗、有電梯、水泥隔間,床、衣櫃、冷氣、熱水器、天然瓦斯,未提供,未提供,未提供,8,https://static.dd-room.com/images/object/h/z/8/hz8xtlkththrpj0h/cover/fe2af1653726dc474f5f1a2e55443dfb_766x510.jpg | https://static.dd-room.com/images/object/h/z/8/hz8xtlkththrpj0h/cover/f16e72565873d019218df851ca95157f_766x510.jpg | https://static.dd-room.com/images/object/h/z/8/hz8xtlkththrpj0h/cover/2444cbaff6ebf52f8d80f1fae1748fe6_766x510.jpg | https://static.dd-room.com/images/object/h/z/8/hz8xtlkththrpj0h/cover/670740583402415b6de4c17a8d53174d_766x510.jpg | https://static.dd-room.com/images/object/h/z/8/hz8xtlkththrpj0h/cover/81df87300271192482e538cb1b446885_766x510.jpg | https://static.dd-room.com/images/object/h/z/8/hz8xtlkththrpj0h/cover/79aed700d55fbcf2769893c29ed51b79_766x510.jpg | https://static.dd-room.com/images/object/h/z/8/hz8xtlkththrpj0h/cover/3d1dfd946fd9e5ce01460764cfcaf452_766x510.jpg | https://static.dd-room.com/images/object/h/z/8/hz8xtlkththrpj0h/cover/fb357b3c447c8df0c48d285106478bc2_766x510.jpg
2s5jlxuvs2agdxt2,https://www.dd-room.com/object/2s5jlxuvs2agdxt2,@@六張犁敦南遠企商圈旁*典雅優質美三房,66999,133998,6571,臺北市大安區安和路二段,大安區,安和路二段,25.0287705,121.5505724,3房2廳2衛2陽台,3,2,2,0,2,3.0,整層,elevator,46.2,8,17,12,2026-07-01,broker,對外窗、有電梯、水泥隔間,床、桌子、椅子、沙發、衣櫃、冷氣、洗衣機、冰箱、電視、熱水器、天然瓦斯,未提供,未提供,未提供,7,https://static.dd-room.com/images/object/2/s/5/2s5jlxuvs2agdxt2/cover/699d7760721b2ec4b8b6321391fbb39c_766x510.jpg | https://static.dd-room.com/images/object/2/s/5/2s5jlxuvs2agdxt2/cover/46d99bf86e20e2e8e8c2ce912e9050b7_766x510.jpg | https://static.dd-room.com/images/object/2/s/5/2s5jlxuvs2agdxt2/cover/49375df2ab712fd58ab5dab99d7d4aab_766x510.jpg | https://static.dd-room.com/images/object/2/s/5/2s5jlxuvs2agdxt2/cover/0028c8f3c0ec4f94ad154bb246647dce_766x510.jpg | https://static.dd-room.com/images/object/2/s/5/2s5jlxuvs2agdxt2/cover/848fe5fe27a0f32adf62361c1a136785_766x510.jpg | https://static.dd-room.com/images/object/2/s/5/2s5jlxuvs2agdxt2/cover/b100ee738669be1cd436049192ccc9cc_766x510.jpg | https://static.dd-room.com/images/object/2/s/5/2s5jlxuvs2agdxt2/cover/ed46e30b9186525857c938ca512b46da_766x510.jpg
pasezhdftcdk8iu7,https://www.dd-room.com/object/pasezhdftcdk8iu7,兆基社會住宅🏠友善屋源🧡龍山寺站/雙衛浴/可貓/租補入籍,30000,60000,0,臺北市萬華區大理街,萬華區,大理街,25.0340843,121.4963684,3房2廳2衛2陽台,3,2,2,0,2,3.0,整層,apt,32.5,5,5,12,2026-07-01,broker,可無火煮食、可養貓、可報稅、可入籍、社會住宅、免仲介費、有陽台、可開伙、租金補貼,桌子、椅子、衣櫃、冷氣、洗衣機、熱水器、天然瓦斯,未提供,未提供,未提供,14,https://static.dd-room.com/images/object/p/a/s/pasezhdftcdk8iu7/cover/b418e7051102ec1c5da330b2a6681af2_766x510.jpg | https://static.dd-room.com/images/object/p/a/s/pasezhdftcdk8iu7/cover/8f8a92cfccd5634b47cf0f35d64f3a38_766x510.jpg | https://static.dd-room.com/images/object/p/a/s/pasezhdftcdk8iu7/cover/e664ebc4297e103c231f1d0cd63d60e8_766x510.jpg | https://static.dd-room.com/images/object/p/a/s/pasezhdftcdk8iu7/cover/92f486f16268c18ce38ae255f9925668_766x510.jpg | https://static.dd-room.com/images/object/p/a/s/pasezhdftcdk8iu7/cover/7f1e75dd39c87b260246089477a0b726_766x510.jpg | https://static.dd-room.com/images/object/p/a/s/pasezhdftcdk8iu7/cover/3bbc9c401e86a68bdc42415bc1d6df77_766x510.jpg | https://static.dd-room.com/images/object/p/a/s/pasezhdftcdk8iu7/cover/628bc96ab83ecc1c70240dcb88bee4ec_766x510.jpg | https://static.dd-room.com/images/object/p/a/s/pasezhdftcdk8iu7/cover/f042aa290cba689438b584cad8b59922_766x510.jpg | https://static.dd-room.com/images/object/p/a/s/pasezhdftcdk8iu7/cover/0b3e59a660b9139311767a1e33029a23_766x510.jpg | https://static.dd-room.com/images/object/p/a/s/pasezhdftcdk8iu7/cover/18d98065a312fd4884f7c896c5905170_766x510.jpg | https://static.dd-room.com/images/object/p/a/s/pasezhdftcdk8iu7/cover/22d59ff7279d724c33566084d3d756b0_766x510.jpg | https://static.dd-room.com/images/object/p/a/s/pasezhdftcdk8iu7/cover/2fe1353b5080d91186f97e333ebff7b9_766x510.jpg | https://static.dd-room.com/images/object/p/a/s/pasezhdftcdk8iu7/cover/46962f97935fa95ea35f5486f2d9ffdc_766x510.jpg | https://static.dd-room.com/images/object/p/a/s/pasezhdftcdk8iu7/cover/fbf4b3fb05d9588e8ac21fc1f427b53f_766x510.jpg
wz03d1hfwwz3vycn,https://www.dd-room.com/object/wz03d1hfwwz3vycn,福德國小【超值3房2衛】有陽台★皆有窗★南港公園,27999,55998,0,臺北市南港區成福路,南港區,成福路,25.041876,121.5874763,3房2廳2衛1陽台,3,2,2,0,1,3.0,整層,apt,28.0,4,5,12,2026-06-30,broker,可開伙、有陽台,熱水器,未提供,未提供,未提供,13,https://renco-rentals-prod.s3.ap-northeast-1.amazonaws.com/42745/medium/17eb752c-d112-4a27-a621-dc43f3788980.jpg | https://renco-rentals-prod.s3.ap-northeast-1.amazonaws.com/42745/medium/8de8cbb4-805b-41d6-a4e8-8430361619a0.jpg | https://renco-rentals-prod.s3.ap-northeast-1.amazonaws.com/42745/medium/643ef8e6-0aa8-4cb8-9528-67dbf366705a.jpg | https://renco-rentals-prod.s3.ap-northeast-1.amazonaws.com/42745/medium/0a7f6ca9-b519-42df-9a74-edfce0965772.jpg | https://renco-rentals-prod.s3.ap-northeast-1.amazonaws.com/42745/medium/5113d641-131e-4639-9834-8eb2c960f0b3.jpg | https://renco-rentals-prod.s3.ap-northeast-1.amazonaws.com/42745/medium/83422d7e-7c40-4793-8110-9aae4e44bf27.jpg | https://renco-rentals-prod.s3.ap-northeast-1.amazonaws.com/42745/medium/dc1420b1-4204-49c4-82fd-20206f4228ff.jpg | https://renco-rentals-prod.s3.ap-northeast-1.amazonaws.com/42745/medium/41e78103-7817-4ba2-b408-e68164a64403.jpg | https://renco-rentals-prod.s3.ap-northeast-1.amazonaws.com/42745/medium/40401bc3-3b7a-4d33-af2a-6c5685a65ea4.jpg | https://renco-rentals-prod.s3.ap-northeast-1.amazonaws.com/42745/medium/aa043da7-1b3f-469c-8538-482a63226473.jpg | https://renco-rentals-prod.s3.ap-northeast-1.amazonaws.com/42745/medium/ffc91849-4b1e-4632-8ebb-5fa981aa1297.jpg | https://renco-rentals-prod.s3.ap-northeast-1.amazonaws.com/42745/medium/46bba5a7-b7c9-4230-b8bb-9eb19b63ddb3.jpg | https://renco-rentals-prod.s3.ap-northeast-1.amazonaws.com/42745/medium/a92d8282-f044-4efd-90ab-b331adaafc16.jpg
f6idctft6au1gz7m,https://www.dd-room.com/object/f6idctft6au1gz7m,💓中山國小捷運樓中樓/可養貓/台電/短租可談,27500,55000,0,臺北市中山區新生北路二段,中山區,新生北路二段,25.0297486,121.5327247,1房1廳1衛,1,1,1,0,0,1.0,整層,elevator,11.7,8,12,12,2026-06-30,broker,可無火煮食、可養貓、有電梯、對外窗、垃圾代收、電費照台電、水費照台水、保全設施,床、櫃子、冰箱、電視、流理台、電磁爐,未提供,管理費,未提供,14,https://static.dd-room.com/images/object/f/6/i/f6idctft6au1gz7m/cover/5ebd70732eb7cffba42c349d25f105bf_766x510.jpg | https://static.dd-room.com/images/object/f/6/i/f6idctft6au1gz7m/cover/a05535a750ed91861f1bd0bc30e8d0fe_766x510.jpg | https://static.dd-room.com/images/object/f/6/i/f6idctft6au1gz7m/cover/2a3c64434d3ec8db176932d94c66cbc4_766x510.jpg | https://static.dd-room.com/images/object/f/6/i/f6idctft6au1gz7m/cover/2e98eb54ae10af8c0fcd8c8b8d73ba73_766x510.jpg | https://static.dd-room.com/images/object/f/6/i/f6idctft6au1gz7m/cover/040d20410c629b99b4437dd1c97ed121_766x510.jpg | https://static.dd-room.com/images/object/f/6/i/f6idctft6au1gz7m/cover/3b0f42ebfba3bf5ba68c5cb5074df37c_766x510.jpg | https://static.dd-room.com/images/object/f/6/i/f6idctft6au1gz7m/cover/661d00343033472a003c10fd40ae19da_766x510.jpg | https://static.dd-room.com/images/object/f/6/i/f6idctft6au1gz7m/cover/04f86079029dbb6426bc5ae633fc5f82_766x510.jpg | https://static.dd-room.com/images/object/f/6/i/f6idctft6au1gz7m/cover/6963672bf600e385b37f90aae37724b1_766x510.jpg | https://static.dd-room.com/images/object/f/6/i/f6idctft6au1gz7m/cover/1f0e1de5a17e0a36560f3595fd9734dd_766x510.jpg | https://static.dd-room.com/images/object/f/6/i/f6idctft6au1gz7m/cover/40e8ca6647fd9a2ad76c8c2ded78e455_766x510.jpg | https://static.dd-room.com/images/object/f/6/i/f6idctft6au1gz7m/cover/a011994093f175efd3a89f0b36ac7f14_766x510.jpg | https://static.dd-room.com/images/object/f/6/i/f6idctft6au1gz7m/cover/9475d7f2d8b6c96a73dd5c05b73a0ec7_766x510.jpg | https://static.dd-room.com/images/object/f/6/i/f6idctft6au1gz7m/cover/565563354a3991a658ed712e7b1b35c9_766x510.jpg
jonbshnjb7pi1sxx,https://www.dd-room.com/object/jonbshnjb7pi1sxx,💓新北投捷運站/可租補/可養貓/短租可談/復古風兩房,18500,37000,0,臺北市北投區大業路,北投區,大業路,25.1352964,121.4966738,2房1廳1衛,2,1,1,0,0,2.0,整層,apt,12.0,2,4,12,2026-06-30,broker,可無火煮食、可養貓、租金補貼、可報稅、可入籍、對外窗、可養其他寵物,床、桌子、椅子、沙發、衣櫃、櫃子、冷氣、洗衣機、冰箱、電視、流理台、熱水器,未提供,未提供,未提供,8,https://static.dd-room.com/images/object/j/o/n/jonbshnjb7pi1sxx/cover/35ff371ab4f0a666e45b4b182feeccf8_766x510.jpg | https://static.dd-room.com/images/object/j/o/n/jonbshnjb7pi1sxx/cover/a34ac98a380249d88a44b56a9ba74d4c_766x510.jpg | https://static.dd-room.com/images/object/j/o/n/jonbshnjb7pi1sxx/cover/3311be9ed2bbc1fd70e4f923a06dbbdf_766x510.jpg | https://static.dd-room.com/images/object/j/o/n/jonbshnjb7pi1sxx/cover/5ec514035f0a1232f83773c358fd9aaa_766x510.jpg | https://static.dd-room.com/images/object/j/o/n/jonbshnjb7pi1sxx/cover/51f18671d86afbafb13e9ffc91f6e9bf_766x510.jpg | https://static.dd-room.com/images/object/j/o/n/jonbshnjb7pi1sxx/cover/05e0af24cc1816806f5017861ad35702_766x510.jpg | https://static.dd-room.com/images/object/j/o/n/jonbshnjb7pi1sxx/cover/ed65156141aaf3910ec05674005043df_766x510.jpg | https://static.dd-room.com/images/object/j/o/n/jonbshnjb7pi1sxx/cover/6a74bbf8acb1c6b0b9c350e3237895d8_766x510.jpg
kxjqhpfzkjzz0wps,https://www.dd-room.com/object/kxjqhpfzkjzz0wps,💓西門捷運/西門町近昆明街/電梯套房/可養貓/可短租,14000,28000,0,臺北市萬華區漢口街二段,萬華區,漢口街二段,25.046203,121.5046071,1房1衛,1,0,1,0,0,2.0,獨立套房,elevator,7.0,5,11,12,2026-06-30,broker,可無火煮食、可養貓、有電梯,床、桌子、椅子、沙發、衣櫃、冷氣、冰箱、電視、熱水器,未提供,未提供,未提供,3,https://static.dd-room.com/images/object/k/x/j/kxjqhpfzkjzz0wps/cover/43847d04b14dbc09451e3aae184799b8_766x510.jpg | https://static.dd-room.com/images/object/k/x/j/kxjqhpfzkjzz0wps/cover/5dedc1cbc657ff0bb5b40058fad6299d_766x510.jpg | https://static.dd-room.com/images/object/k/x/j/kxjqhpfzkjzz0wps/cover/0b5865f0084d9b2e69e4d7135b85982c_766x510.jpg
6zr5koo8ozqb6ljh,https://www.dd-room.com/object/6zr5koo8ozqb6ljh,💓中山國小捷運/行天宮捷運/單人採光套房/含水費,8500,17000,0,臺北市中山區新生北路二段,中山區,新生北路二段,25.0297486,121.5327247,1房1衛,1,0,1,0,0,2.0,獨立套房,apt,4.0,3,3,12,2026-06-30,broker,對外窗,床、桌子、椅子、衣櫃、網路、冷氣、冰箱、電視、熱水器,未提供,水費、管理費,未提供,9,https://static.dd-room.com/images/object/6/z/r/6zr5koo8ozqb6ljh/cover/86936dd9042adbbadaa2d02bb2eb1e3f_766x510.jpg | https://static.dd-room.com/images/object/6/z/r/6zr5koo8ozqb6ljh/cover/c3e6447b182f6d9c66b5c184a0f93e8d_766x510.jpg | https://static.dd-room.com/images/object/6/z/r/6zr5koo8ozqb6ljh/cover/6856e55c46a3903b2f2852a95f407f36_766x510.jpg | https://static.dd-room.com/images/object/6/z/r/6zr5koo8ozqb6ljh/cover/e09343f3fe64804f542a1f7a5f9806db_766x510.jpg | https://static.dd-room.com/images/object/6/z/r/6zr5koo8ozqb6ljh/cover/1c02ec3effcaa24c87bab10a0f950765_766x510.jpg | https://static.dd-room.com/images/object/6/z/r/6zr5koo8ozqb6ljh/cover/d127f781b87e923c1ef83169faf07172_766x510.jpg | https://static.dd-room.com/images/object/6/z/r/6zr5koo8ozqb6ljh/cover/63dca27fe20c6a42e77a48583638eae8_766x510.jpg | https://static.dd-room.com/images/object/6/z/r/6zr5koo8ozqb6ljh/cover/44e8446f1b3306b9f6f577a36be0f0bb_766x510.jpg | https://static.dd-room.com/images/object/6/z/r/6zr5koo8ozqb6ljh/cover/dbc7f74af233d8c42be1ffab25af751f_766x510.jpg
9cts5l4pkhkxrn0t,https://www.dd-room.com/object/9cts5l4pkhkxrn0t,💓松江南京捷運/吉林路/松江路/可養貓/獨立洗衣機,17500,0,0,臺北市中山區長春路,中山區,長春路,25.0546827,121.5389309,1房1衛,1,0,1,0,0,2.0,獨立套房,apt,9.0,3,4,12,2026-06-30,broker,可無火煮食、可養貓、對外窗,床、桌子、椅子、沙發、衣櫃、櫃子、冷氣、洗衣機、冰箱、電視、流理台、熱水器,未提供,未提供,未提供,10,https://static.dd-room.com/images/object/9/c/t/9cts5l4pkhkxrn0t/cover/34bcaa476f290550868496797231a7fc_766x510.jpg | https://static.dd-room.com/images/object/9/c/t/9cts5l4pkhkxrn0t/cover/5b1bd2198585aac4ca9dcef12a1933ee_766x510.jpg | https://static.dd-room.com/images/object/9/c/t/9cts5l4pkhkxrn0t/cover/f02f9725665c35b7b8977d0a761e6c52_766x510.jpg | https://static.dd-room.com/images/object/9/c/t/9cts5l4pkhkxrn0t/cover/1a0dbae661c1200c45eb4d76efa797fa_766x510.jpg | https://static.dd-room.com/images/object/9/c/t/9cts5l4pkhkxrn0t/cover/5c7d95b497f7ed07119a0ab3e864755f_766x510.jpg | https://static.dd-room.com/images/object/9/c/t/9cts5l4pkhkxrn0t/cover/e7fba1e36fdaaa8a915819a4ba5d1d66_766x510.jpg | https://static.dd-room.com/images/object/9/c/t/9cts5l4pkhkxrn0t/cover/ee774672a226b6f11117d760c4c999de_766x510.jpg | https://static.dd-room.com/images/object/9/c/t/9cts5l4pkhkxrn0t/cover/98868e677a4218f04f5c02171937215d_766x510.jpg | https://static.dd-room.com/images/object/9/c/t/9cts5l4pkhkxrn0t/cover/9dda7cfdf6ddac494c3f14131ac68e4b_766x510.jpg | https://static.dd-room.com/images/object/9/c/t/9cts5l4pkhkxrn0t/cover/7c61fa39b944874fed5a1c26c61b49c8_766x510.jpg
dphsdhaqsqbv6djr,https://www.dd-room.com/object/dphsdhaqsqbv6djr,💓秒殺士林/可養貓/可租補/可報稅/台電/短租可談,13000,26000,500,臺北市士林區延平北路五段,士林區,延平北路五段,25.0811652,121.5105537,1房1衛,1,0,1,0,0,2.0,獨立套房,apt,6.0,3,5,12,2026-06-30,broker,可無火煮食、可養貓、租金補貼、可報稅、可入籍、對外窗、電費照台電、可養其他寵物,床、桌子、椅子、沙發、衣櫃、冷氣、洗衣機、冰箱、電視、熱水器,未提供,未提供,未提供,8,https://static.dd-room.com/images/object/d/p/h/dphsdhaqsqbv6djr/cover/69e4b0e9dbf9da5a88a6acba7d2f0929_766x510.jpg | https://static.dd-room.com/images/object/d/p/h/dphsdhaqsqbv6djr/cover/ff46d1c7cbc9c284911c5afc15a73b36_766x510.jpg | https://static.dd-room.com/images/object/d/p/h/dphsdhaqsqbv6djr/cover/86309bebf6d90973ac10e4bc363fb211_766x510.jpg | https://static.dd-room.com/images/object/d/p/h/dphsdhaqsqbv6djr/cover/8d5e335dea3968c166d720771788d481_766x510.jpg | https://static.dd-room.com/images/object/d/p/h/dphsdhaqsqbv6djr/cover/92e5b51fea2ab342dc561a3c301cb928_766x510.jpg | https://static.dd-room.com/images/object/d/p/h/dphsdhaqsqbv6djr/cover/dbd80da4c67512b6fbec51ae9587a87e_766x510.jpg | https://static.dd-room.com/images/object/d/p/h/dphsdhaqsqbv6djr/cover/53baefe4692700fbc313473a6b144699_766x510.jpg | https://static.dd-room.com/images/object/d/p/h/dphsdhaqsqbv6djr/cover/c7d4ff39a27eead0420b1fc616d6952d_766x510.jpg
9srhkumdw9yybdqu,https://www.dd-room.com/object/9srhkumdw9yybdqu,南機場2房公寓,28888,56000,0,臺北市中正區中華路二段,中正區,中華路二段,25.0283573,121.5055818,2房1廳1衛,2,1,1,0,0,2.0,整層,apt,15.0,5,5,6,2026-06-30,agent,可無火煮食、對外窗、免仲介費,床、桌子、椅子、沙發、衣櫃、網路、冷氣、洗衣機、冰箱、電視、流理台、熱水器,未提供,未提供,未提供,12,https://static.dd-room.com/images/object/9/s/r/9srhkumdw9yybdqu/cover/d83db4a888665d37d1711aa0e3345900_766x510.jpg | https://static.dd-room.com/images/object/9/s/r/9srhkumdw9yybdqu/cover/0a9488b73af04b0a8faed919dbebb4cc_766x510.jpg | https://static.dd-room.com/images/object/9/s/r/9srhkumdw9yybdqu/cover/1f966eab84e0a0b7e6af4ba3b938a08c_766x510.jpg | https://static.dd-room.com/images/object/9/s/r/9srhkumdw9yybdqu/cover/db3d9259c255d855872e7c7faaa3f18c_766x510.jpg | https://static.dd-room.com/images/object/9/s/r/9srhkumdw9yybdqu/cover/ea16a7f4ce058e90053317f0ee3c9e5a_766x510.jpg | https://static.dd-room.com/images/object/9/s/r/9srhkumdw9yybdqu/cover/aecb1c0aac2d467a298074370d3bf1e5_766x510.jpg | https://static.dd-room.com/images/object/9/s/r/9srhkumdw9yybdqu/cover/4e2b1f37a15de780f05ba6b8dc0275ef_766x510.jpg | https://static.dd-room.com/images/object/9/s/r/9srhkumdw9yybdqu/cover/cd9849f8c25f4947b1863158e32e6911_766x510.jpg | https://static.dd-room.com/images/object/9/s/r/9srhkumdw9yybdqu/cover/1ae3366e6af0fab06be66d014eca967f_766x510.jpg | https://static.dd-room.com/images/object/9/s/r/9srhkumdw9yybdqu/cover/196361693d4c7b481d75490551c00375_766x510.jpg | https://static.dd-room.com/images/object/9/s/r/9srhkumdw9yybdqu/cover/4dcff9ba0e5a5690f30412bf2369df3d_766x510.jpg | https://static.dd-room.com/images/object/9/s/r/9srhkumdw9yybdqu/cover/e8d37d361bbe07a328385c006cd20050_766x510.jpg
tvau1vg2kjwicvcr,https://www.dd-room.com/object/tvau1vg2kjwicvcr,整層租屋 近國父紀念館站 | 採光通風佳．生活機能完善,38000,76000,0,臺北市大安區光復南路,大安區,光復南路,25.0432029,121.5576586,3房2廳2衛1廚,3,2,2,1,0,3.0,整層,apt,24.3,5,5,12,2026-06-30,individual,可開伙、對外窗、氣密窗、水泥隔間、免仲介費、電費照台電、水費照台水,衣櫃、鞋櫃、櫃子、冷氣、流理台、熱水器、天然瓦斯、排油煙機、瓦斯爐,未提供,未提供,未提供,8,https://static.dd-room.com/images/object/t/v/a/tvau1vg2kjwicvcr/cover/bc63410502e01216cb4c6d0615d036b4_766x510.jpg | https://static.dd-room.com/images/object/t/v/a/tvau1vg2kjwicvcr/cover/982169d2aa42b8724727a76e9ff46f58_766x510.jpg | https://static.dd-room.com/images/object/t/v/a/tvau1vg2kjwicvcr/cover/f11e6404034542d1f7e946e28f6cfc34_766x510.jpg | https://static.dd-room.com/images/object/t/v/a/tvau1vg2kjwicvcr/cover/fbd8e2bd19a06e6e8234ae2e9a827dc6_766x510.jpg | https://static.dd-room.com/images/object/t/v/a/tvau1vg2kjwicvcr/cover/c52509244d5ea86d2bca1d4c1693c328_766x510.jpg | https://static.dd-room.com/images/object/t/v/a/tvau1vg2kjwicvcr/cover/34eff1f890b5f2278b3a5f3d29569c37_766x510.jpg | https://static.dd-room.com/images/object/t/v/a/tvau1vg2kjwicvcr/cover/9d0781d4768e837257b2662308aee211_766x510.jpg | https://static.dd-room.com/images/object/t/v/a/tvau1vg2kjwicvcr/cover/02356c0f2078baa58feebeb4104a0659_766x510.jpg
g7ouxyudhhcp7z9t,https://www.dd-room.com/object/g7ouxyudhhcp7z9t,海光公園【超值租案】可補助★採光優★低樓層,9999,19998,0,臺北市士林區葫蘆街,士林區,葫蘆街,25.0801826,121.5092364,1房1衛,1,0,1,0,0,2.0,獨立套房,apt,6.0,2,3,12,2026-06-29,broker,租金補貼,冰箱、洗衣機、冷氣、熱水器、床、衣櫃、網路、沙發、桌子、椅子,未提供,未提供,未提供,5,https://img1.591.com.tw/house/2026/07/01/178288668275263000.jpg!1000x.jpg | https://img2.591.com.tw/house/2026/07/01/178288668265793407.jpg!1000x.jpg | https://img1.591.com.tw/house/2026/07/01/178288668261979701.jpg!1000x.jpg | https://img1.591.com.tw/house/2026/07/01/178288668281674203.jpg!1000x.jpg | https://img1.591.com.tw/house/2026/07/01/178288668277676109.jpg!1000x.jpg
grouu3w6ex3jzw1h,https://www.dd-room.com/object/grouu3w6ex3jzw1h,台北車站3分【優質租案】可補助★有警衛★電梯,20999,41998,0,臺北市中山區中山北路一段,中山區,中山北路一段,25.0627663,121.5227366,1房1衛,1,0,1,0,0,2.0,獨立套房,elevator,4.0,6,12,12,2026-06-29,broker,有電梯、租金補貼,未提供,未提供,未提供,未提供,5,https://renco-rentals-prod.s3.ap-northeast-1.amazonaws.com/42783/medium/bd145fcf-dd3a-4155-9b25-1fa6a2de1a7e.jpg | https://renco-rentals-prod.s3.ap-northeast-1.amazonaws.com/42783/medium/decfd69c-4053-4415-804a-cf1b6cb44ba0.jpg | https://renco-rentals-prod.s3.ap-northeast-1.amazonaws.com/42783/medium/b426e5f4-59eb-4eee-8995-8b82a4d7a0e1.jpg | https://renco-rentals-prod.s3.ap-northeast-1.amazonaws.com/42783/medium/a6435842-d3e7-4e10-8d25-5faf60657cd0.jpg | https://renco-rentals-prod.s3.ap-northeast-1.amazonaws.com/42783/medium/072e2d4d-f6be-4cbd-8d33-af4dc6c43aa9.jpg
hjxjm9hvzee7aga4,https://www.dd-room.com/object/hjxjm9hvzee7aga4,兆基社宅🏠友善屋源🧡文化大學凱旋苑獨立套房/大床房,8000,16000,800,臺北市士林區凱旋路,士林區,凱旋路,25.1362122,121.5444527,1房1衛1陽台,1,0,1,0,1,2.0,獨立套房,apt,5.5,1,6,12,2026-06-29,broker,有陽台、租金補貼、可報稅、可入籍、社會住宅、免仲介費,床、桌子、椅子、沙發、衣櫃、冷氣、洗衣機、冰箱、電視、熱水器,未提供,未提供,未提供,8,https://static.dd-room.com/images/object/h/j/x/hjxjm9hvzee7aga4/cover/b61d3d9447fce6669b37c118369f6986_766x510.jpg | https://static.dd-room.com/images/object/h/j/x/hjxjm9hvzee7aga4/cover/f08bc624a51c3bf2a48c86f0a816abcf_766x510.jpg | https://static.dd-room.com/images/object/h/j/x/hjxjm9hvzee7aga4/cover/dc43a95349cd9483a103c5fb554dfa99_766x510.jpg | https://static.dd-room.com/images/object/h/j/x/hjxjm9hvzee7aga4/cover/0a194a2a731d4cd78a5013801f22384e_766x510.jpg | https://static.dd-room.com/images/object/h/j/x/hjxjm9hvzee7aga4/cover/ef63e42dcee479f15a3771f0410afc60_766x510.jpg | https://static.dd-room.com/images/object/h/j/x/hjxjm9hvzee7aga4/cover/ca1ed1e9372020bf882271dddc7cf9ab_766x510.jpg | https://static.dd-room.com/images/object/h/j/x/hjxjm9hvzee7aga4/cover/edf9c24d54351c5216cdb30a4f66e833_766x510.jpg | https://static.dd-room.com/images/object/h/j/x/hjxjm9hvzee7aga4/cover/4196b73befa0f7a8d8218abb0593ba16_766x510.jpg
lo3lxmrcgevqwkni,https://www.dd-room.com/object/lo3lxmrcgevqwkni,兆基社會住宅🏠友善屋源🧡北車電梯套房｜大空間｜可租補｜可,22500,45000,1409,臺北市中正區懷寧街,中正區,懷寧街,25.0416309,121.5140395,1房1衛,1,0,1,0,0,2.0,獨立套房,elevator,11.8,5,9,12,2026-06-29,broker,可無火煮食、可養貓、可報稅、有電梯、可入籍、社會住宅、免仲介費、可開伙、租金補貼,衣櫃、冷氣、熱水器,未提供,未提供,未提供,8,https://static.dd-room.com/images/object/l/o/3/lo3lxmrcgevqwkni/cover/4ad67a319efcc3761f36ac1499b98d1a_766x510.jpg | https://static.dd-room.com/images/object/l/o/3/lo3lxmrcgevqwkni/cover/6fe62aaf8dbeb5e01d3f6823831613ad_766x510.jpg | https://static.dd-room.com/images/object/l/o/3/lo3lxmrcgevqwkni/cover/1077d477b1d47a3df390f347d6f76a6e_766x510.jpg | https://static.dd-room.com/images/object/l/o/3/lo3lxmrcgevqwkni/cover/5b1d223ac0d5267732157101c8697572_766x510.jpg | https://static.dd-room.com/images/object/l/o/3/lo3lxmrcgevqwkni/cover/c503da1600f09b0d59b2f62f358d8d02_766x510.jpg | https://static.dd-room.com/images/object/l/o/3/lo3lxmrcgevqwkni/cover/f18f14c67758c65bb58f74d2df86a6a5_766x510.jpg | https://static.dd-room.com/images/object/l/o/3/lo3lxmrcgevqwkni/cover/7ac9090ceea9aa0eefc92ad88a213f97_766x510.jpg | https://static.dd-room.com/images/object/l/o/3/lo3lxmrcgevqwkni/cover/fd2c4be37e1339808dafcbab7746fdd5_766x510.jpg
kzn22rr0vkpaacqu,https://www.dd-room.com/object/kzn22rr0vkpaacqu,兆基社會住宅🏠友善屋源🧡南京三民站7分鐘精裝修大三房,75000,150000,1000,臺北市松山區八德路四段,松山區,八德路四段,25.0488403,121.564381,3房2廳2衛1陽台,3,2,2,0,1,3.0,整層,elevator,39.7,4,7,12,2026-06-29,broker,可無火煮食、可報稅、有電梯、可入籍、社會住宅、免仲介費、有陽台、可開伙、租金補貼,床、桌子、椅子、沙發、衣櫃、冷氣、洗衣機、冰箱、電視、熱水器、天然瓦斯,未提供,未提供,未提供,12,https://static.dd-room.com/images/object/k/z/n/kzn22rr0vkpaacqu/cover/899309c5ff3a2e517b3f6e6bc456605f_766x510.jpg | https://static.dd-room.com/images/object/k/z/n/kzn22rr0vkpaacqu/cover/585a927f88f6ddc83bab5ecbc044c435_766x510.jpg | https://static.dd-room.com/images/object/k/z/n/kzn22rr0vkpaacqu/cover/4cb810377250731b46d705a9311bdf31_766x510.jpg | https://static.dd-room.com/images/object/k/z/n/kzn22rr0vkpaacqu/cover/9897bddd1a8c45f33f0a9106c96730d6_766x510.jpg | https://static.dd-room.com/images/object/k/z/n/kzn22rr0vkpaacqu/cover/4d86d58db49358935ccfdd1e8fa7ba8f_766x510.jpg | https://static.dd-room.com/images/object/k/z/n/kzn22rr0vkpaacqu/cover/5b6707ec59f19905051a4c588c8b872d_766x510.jpg | https://static.dd-room.com/images/object/k/z/n/kzn22rr0vkpaacqu/cover/b375bc9daa124b03e940da11fe3737fe_766x510.jpg | https://static.dd-room.com/images/object/k/z/n/kzn22rr0vkpaacqu/cover/e7c8a223ef70ffa5742b9eb27a2d7f55_766x510.jpg | https://static.dd-room.com/images/object/k/z/n/kzn22rr0vkpaacqu/cover/bc93f12fdd7a5613ab2a054fdd8ba504_766x510.jpg | https://static.dd-room.com/images/object/k/z/n/kzn22rr0vkpaacqu/cover/223be4112f43d626c4c8be343b4506f9_766x510.jpg | https://static.dd-room.com/images/object/k/z/n/kzn22rr0vkpaacqu/cover/2de72d6db24e191e3ccd3bdfce40dbd4_766x510.jpg | https://static.dd-room.com/images/object/k/z/n/kzn22rr0vkpaacqu/cover/2b5dec02b12d8374287f29ffcd1ee406_766x510.jpg
ryhyjd9qtmmwhvva,https://www.dd-room.com/object/ryhyjd9qtmmwhvva,紗幔風情豪華房,26000,26000,0,臺北市中正區博愛路,中正區,博愛路,25.037819,121.5110521,1房1衛,1,0,1,0,0,2.0,獨立套房,elevator,9.0,6,9,1,2026-06-29,individual,有飲水機、對外窗、有電梯、水泥隔間、定期清潔,床、桌子、椅子、衣櫃、網路、冷氣、冰箱、電視、第四台、電視盒、熱水器,未提供,電費、水費、瓦斯費、第四台、網路費、管理費、清潔費,未提供,15,https://static.dd-room.com/images/object/r/y/h/ryhyjd9qtmmwhvva/cover/9318658cea2cc24596b380a43d531054_766x510.jpg | https://static.dd-room.com/images/object/r/y/h/ryhyjd9qtmmwhvva/cover/8ad38c276e1ed8db02ef3b4002243ecb_766x510.jpg | https://static.dd-room.com/images/object/r/y/h/ryhyjd9qtmmwhvva/cover/ee04a79e712df2ba56a35ad533f8aa87_766x510.jpg | https://static.dd-room.com/images/object/r/y/h/ryhyjd9qtmmwhvva/cover/1c05acf53e74959fba513cc049e9f294_766x510.jpg | https://static.dd-room.com/images/object/r/y/h/ryhyjd9qtmmwhvva/cover/5385eba3f23bd42534508e322157687b_766x510.jpg | https://static.dd-room.com/images/object/r/y/h/ryhyjd9qtmmwhvva/cover/2853e9ded93f4ea90b886ee803b111a7_766x510.jpg | https://static.dd-room.com/images/object/r/y/h/ryhyjd9qtmmwhvva/cover/75cbce0d27949fbddebfab65cf9e5404_766x510.jpg | https://static.dd-room.com/images/object/r/y/h/ryhyjd9qtmmwhvva/cover/a73b1d4e5ec2cbf5731ce0d35248888b_766x510.jpg | https://static.dd-room.com/images/object/r/y/h/ryhyjd9qtmmwhvva/cover/6a033e3bbaa40273162932a90bc579f6_766x510.jpg | https://static.dd-room.com/images/object/r/y/h/ryhyjd9qtmmwhvva/cover/efa1f4d55adf713110600da5d78f4926_766x510.jpg | https://static.dd-room.com/images/object/r/y/h/ryhyjd9qtmmwhvva/cover/148af33431985e344afb5dc95495b3ad_766x510.jpg | https://static.dd-room.com/images/object/r/y/h/ryhyjd9qtmmwhvva/cover/c928bf5896659a16db156be2001a5a88_766x510.jpg | https://static.dd-room.com/images/object/r/y/h/ryhyjd9qtmmwhvva/cover/8011892932abb9e865b4e5ded9807839_766x510.jpg | https://static.dd-room.com/images/object/r/y/h/ryhyjd9qtmmwhvva/cover/d0b09bc794ca3a8d5559d61d726e84c1_766x510.jpg | https://static.dd-room.com/images/object/r/y/h/ryhyjd9qtmmwhvva/cover/ac94cd89b1024a6d93db6c04e1414239_766x510.jpg
7n8eacabtkcvcus2,https://www.dd-room.com/object/7n8eacabtkcvcus2,近北投家樂福復興高中擁抱大自然套房,9700,19400,0,臺北市北投區大屯路,北投區,大屯路,25.1437697,121.5008212,1房1衛1陽台,1,0,1,0,1,2.0,獨立套房,house,7.0,2,3,12,2026-06-28,agent,可無火煮食、對外窗、水泥隔間、保全設施、免仲介費、有陽台、氣密窗,床、桌子、椅子、衣櫃、鞋櫃、保全設施、網路、冷氣、洗衣機、電視、流理台、熱水器、住警器,有機車車位,水費、網路費,未提供,11,https://static.dd-room.com/images/object/7/n/8/7n8eacabtkcvcus2/cover/964444861273a02d41041a4cc192d25f_766x510.jpg | https://static.dd-room.com/images/object/7/n/8/7n8eacabtkcvcus2/cover/66f7526a99d4cd30032288986b72b26f_766x510.jpg | https://static.dd-room.com/images/object/7/n/8/7n8eacabtkcvcus2/cover/6d9f2a66ab806d1f8b68a49a6aebf494_766x510.jpg | https://static.dd-room.com/images/object/7/n/8/7n8eacabtkcvcus2/cover/b8170d5fb04910e7b69a57d7b15615eb_766x510.jpg | https://static.dd-room.com/images/object/7/n/8/7n8eacabtkcvcus2/cover/70524e0c1a8262f1160cc0a7a3241b99_766x510.jpg | https://static.dd-room.com/images/object/7/n/8/7n8eacabtkcvcus2/cover/97b5f47c776dbdde96754c1f299115dd_766x510.jpg | https://static.dd-room.com/images/object/7/n/8/7n8eacabtkcvcus2/cover/3b2366e9ad63e92adac0246d71ea6004_766x510.jpg | https://static.dd-room.com/images/object/7/n/8/7n8eacabtkcvcus2/cover/27fc49ec296ebfc7d5ebe4874906d5c1_766x510.jpg | https://static.dd-room.com/images/object/7/n/8/7n8eacabtkcvcus2/cover/8e7b26b23ffce579f8cff4be21a76bb7_766x510.jpg | https://static.dd-room.com/images/object/7/n/8/7n8eacabtkcvcus2/cover/e7c0787aa397e80fa252a99049a6eedc_766x510.jpg | https://static.dd-room.com/images/object/7/n/8/7n8eacabtkcvcus2/cover/055b70d404b1044fff5428e7fd5f930f_766x510.jpg
c9cc6oz96ghx3qhc,https://www.dd-room.com/object/c9cc6oz96ghx3qhc,捷運南京復興5分【超值租案】可補助★有電梯★警衛管理,12000,24000,502,臺北市中山區長安東路二段,中山區,長安東路二段,25.0483621,121.5380226,1房1衛,1,0,1,0,0,2.0,獨立套房,elevator,7.0,15,16,12,2026-06-28,broker,有電梯、租金補貼,未提供,未提供,0、2,未提供,5,https://renco-rentals-prod.s3.ap-northeast-1.amazonaws.com/42765/medium/ed6192e6-5090-47d6-848c-f5db13cc7fa5.jpg | https://renco-rentals-prod.s3.ap-northeast-1.amazonaws.com/42765/medium/d22323c2-8ff3-49dc-add6-b57dd13621ca.jpg | https://renco-rentals-prod.s3.ap-northeast-1.amazonaws.com/42765/medium/57c47b08-bdb0-4413-a33a-62ddc6dc992c.jpg | https://renco-rentals-prod.s3.ap-northeast-1.amazonaws.com/42765/medium/e19ff1f0-0b9c-4eed-bee4-46841e9ff4fc.jpg | https://renco-rentals-prod.s3.ap-northeast-1.amazonaws.com/42765/medium/c1a51141-f38c-4311-9e93-b9e41b26ba48.jpg
argr9jrxwa4llabp,https://www.dd-room.com/object/argr9jrxwa4llabp,近捷運內湖【優質租案】警衛管理★垃圾代收★大面採光,17999,35998,0,臺北市內湖區星雲街,內湖區,星雲街,25.0804626,121.5960403,1房1衛,1,0,1,0,0,2.0,獨立套房,elevator,8.0,19,21,12,2026-06-28,broker,可開伙、有電梯、垃圾代收,電視、冷氣、熱水器、衣櫃、第四台、網路、桌子、椅子,未提供,未提供,未提供,7,https://img2.591.com.tw/house/2026/07/01/178288649610095208.jpg!1000x.jpg | https://img2.591.com.tw/house/2026/07/01/178288646499951805.jpg!1000x.jpg | https://img2.591.com.tw/house/2026/07/01/178288646513999608.jpg!1000x.jpg | https://img2.591.com.tw/house/2026/07/01/178288646509463201.jpg!1000x.jpg | https://img2.591.com.tw/house/2026/07/01/178288646501202801.jpg!1000x.jpg | https://img1.591.com.tw/house/2026/07/01/178288646506746100.jpg!1000x.jpg | https://img2.591.com.tw/house/2026/07/01/178288646508909601.jpg!1000x.jpg
qpclrhcv1qxjjiux,https://www.dd-room.com/object/qpclrhcv1qxjjiux,🥇大安MRT｜雙主臥3衛浴｜邊間採光明亮3+1房,90000,180000,3660,臺北市大安區仁愛路四段,大安區,仁愛路四段,25.0366083,121.5511194,4房2廳3衛1廚1陽台,4,2,3,1,1,4.0,整層,elevator,60.0,12,17,12,2026-06-27,broker,可開伙、有電梯、水泥隔間、垃圾代收、有陽台、水費照台水、電費照台電、包裹代收,衣櫃、冷氣、流理台、熱水器、天然瓦斯、排油煙機,有汽車車位,未提供,未提供,15,https://static.dd-room.com/images/object/q/p/c/qpclrhcv1qxjjiux/cover/1d52d4cf10661e07189f4292e6561db3_766x510.jpg | https://static.dd-room.com/images/object/q/p/c/qpclrhcv1qxjjiux/cover/e8605ba274c32336595fd3422e72c229_766x510.jpg | https://static.dd-room.com/images/object/q/p/c/qpclrhcv1qxjjiux/cover/e977f14d96872f549666ee4faf2ff8c9_766x510.jpg | https://static.dd-room.com/images/object/q/p/c/qpclrhcv1qxjjiux/cover/d16abb051fdafbe2b881f33c0da0bc36_766x510.jpg | https://static.dd-room.com/images/object/q/p/c/qpclrhcv1qxjjiux/cover/2adf2d21a681ae8250629c441403c7e1_766x510.jpg | https://static.dd-room.com/images/object/q/p/c/qpclrhcv1qxjjiux/cover/0e1bdc3d1da42d8e475899100820184a_766x510.jpg | https://static.dd-room.com/images/object/q/p/c/qpclrhcv1qxjjiux/cover/24547f6fd68516232b944a1a84a634f2_766x510.jpg | https://static.dd-room.com/images/object/q/p/c/qpclrhcv1qxjjiux/cover/411f8f7715559f445929a610750eddf2_766x510.jpg | https://static.dd-room.com/images/object/q/p/c/qpclrhcv1qxjjiux/cover/108c653bba3c222435fbb5b970491325_766x510.jpg | https://static.dd-room.com/images/object/q/p/c/qpclrhcv1qxjjiux/cover/1f9a7c3cbb8cb400f23171d4d5848efb_766x510.jpg | https://static.dd-room.com/images/object/q/p/c/qpclrhcv1qxjjiux/cover/66f1ce07d4361c538509222ea71d5e84_766x510.jpg | https://static.dd-room.com/images/object/q/p/c/qpclrhcv1qxjjiux/cover/70aa60f28f60e30a620c79f7404e016f_766x510.jpg | https://static.dd-room.com/images/object/q/p/c/qpclrhcv1qxjjiux/cover/efab429bfe1ee83447b952e70160226a_766x510.jpg | https://static.dd-room.com/images/object/q/p/c/qpclrhcv1qxjjiux/cover/993e3e1d9c132a3e88547eda0d426c81_766x510.jpg | https://static.dd-room.com/images/object/q/p/c/qpclrhcv1qxjjiux/cover/c87ae9d17d47054de6f453879c0e40f4_766x510.jpg
sylukbdbhfov2ukl,https://www.dd-room.com/object/sylukbdbhfov2ukl,免佣）捷運松江南京【超值租案】可補助★可養貓★獨洗衣機,15999,31998,500,臺北市中山區吉林路,中山區,吉林路,25.0500274,121.5300457,1房1衛,1,0,1,0,0,2.0,獨立套房,apt,4.0,4,5,12,2026-06-27,broker,可養貓、可養狗、可開伙、租金補貼、免仲介費,未提供,未提供,第四台,未提供,4,https://renco-rentals-prod.s3.ap-northeast-1.amazonaws.com/temp/0014597d-b38d-4720-98cc-3aacfd215020.png | https://renco-rentals-prod.s3.ap-northeast-1.amazonaws.com/temp/1c4817c4-b413-4d76-81aa-b4d475f120e7.png | https://renco-rentals-prod.s3.ap-northeast-1.amazonaws.com/temp/ace889d3-660d-4df6-a798-887f1999f1ec.png | https://renco-rentals-prod.s3.ap-northeast-1.amazonaws.com/temp/636be81e-9a32-4925-a355-0119653ebdf7.png
zuqahz9kvtopxu4j,https://www.dd-room.com/object/zuqahz9kvtopxu4j,可租補！大安森林公園走1分鐘五套房電梯管理員代收都有,21400,50000,1000,臺北市大安區新生南路三段,大安區,新生南路三段,25.0204782,121.5341183,5房1廳5衛1廚1陽台,5,1,5,1,1,2.0,分租套房,elevator,6.0,12,12,12,2026-06-27,individual,對外窗、有電梯、水泥隔間、保全設施、包裹代收、垃圾代收、定期清潔、免仲介費、電費照台電、水費照台水、共生公寓、有陽台、租金補貼、可報稅,床、桌子、椅子、沙發、衣櫃、鞋櫃、櫃子、保全設施、網路、冷氣、洗衣機、冰箱、電視、流理台、熱水器、天然瓦斯、排油煙機、住警器,未提供,未提供,未提供,15,https://static.dd-room.com/images/object/z/u/q/zuqahz9kvtopxu4j/cover/cf7ac00a01a8fb10ec84af8691ad1b88_766x510.jpg | https://static.dd-room.com/images/object/z/u/q/zuqahz9kvtopxu4j/cover/496e94ebeba5f59d2344694d98cacc04_766x510.jpg | https://static.dd-room.com/images/object/z/u/q/zuqahz9kvtopxu4j/cover/5725926e0a4e0f957a3b90e9d0fee824_766x510.jpg | https://static.dd-room.com/images/object/z/u/q/zuqahz9kvtopxu4j/cover/a111916741a7bb161ab9fa24754a2c70_766x510.jpg | https://static.dd-room.com/images/object/z/u/q/zuqahz9kvtopxu4j/cover/1e5c8b633b8c315160196d5e580ca84a_766x510.jpg | https://static.dd-room.com/images/object/z/u/q/zuqahz9kvtopxu4j/cover/36e64611f25ecd3ec75d074a31ae486c_766x510.jpg | https://static.dd-room.com/images/object/z/u/q/zuqahz9kvtopxu4j/cover/65436b136d634d5e0d16c64935dfaf49_766x510.jpg | https://static.dd-room.com/images/object/z/u/q/zuqahz9kvtopxu4j/cover/6b6e2250aeef75e8732768b5fd9a8684_766x510.jpg | https://static.dd-room.com/images/object/z/u/q/zuqahz9kvtopxu4j/cover/8ea42726beddc6b179594df61b9ce540_766x510.jpg | https://static.dd-room.com/images/object/z/u/q/zuqahz9kvtopxu4j/cover/4a62204dbe998a1d32836cfdd12de956_766x510.jpg | https://static.dd-room.com/images/object/z/u/q/zuqahz9kvtopxu4j/cover/ea66ebd538ba1d6f384b4e33aa4b2b21_766x510.jpg | https://static.dd-room.com/images/object/z/u/q/zuqahz9kvtopxu4j/cover/6e0e7dc0651fdc11462bd3b1670a5982_766x510.jpg | https://static.dd-room.com/images/object/z/u/q/zuqahz9kvtopxu4j/cover/3a83e8df17847e2c6db43b1ac3588106_766x510.jpg | https://static.dd-room.com/images/object/z/u/q/zuqahz9kvtopxu4j/cover/6b2e30649b402a0bff638d67362e9a01_766x510.jpg | https://static.dd-room.com/images/object/z/u/q/zuqahz9kvtopxu4j/cover/29177400e7635e69cfa8f7291636bf0f_766x510.jpg
2a1cqggdh1uzjc67,https://www.dd-room.com/object/2a1cqggdh1uzjc67,捷運中山5分【優質1房1廳】可補助★工作室★警衛管理,23000,46000,2000,臺北市中山區天津街,中山區,天津街,25.0503673,121.5230868,1房1廳1衛,1,1,1,0,0,1.0,整層,elevator,15.0,2,9,12,2026-06-27,broker,可開伙、有電梯、租金補貼,未提供,未提供,0、2,未提供,9,https://img2.591.com.tw/house/2026/06/28/178262191574403503.jpg!1000x.jpg | https://img2.591.com.tw/house/2026/06/28/178262191552823303.jpg!1000x.jpg | https://img2.591.com.tw/house/2026/06/28/178262191525658302.jpg!1000x.jpg | https://img2.591.com.tw/house/2026/06/28/178262191560813304.jpg!1000x.jpg | https://img2.591.com.tw/house/2026/06/28/178262191533540103.jpg!1000x.jpg | https://img1.591.com.tw/house/2026/06/28/178262191572183507.jpg!1000x.jpg | https://img2.591.com.tw/house/2026/06/28/178262191563052103.jpg!1000x.jpg | https://img2.591.com.tw/house/2026/06/28/178262191565664909.jpg!1000x.jpg | https://img1.591.com.tw/house/2026/06/28/178262191579497305.jpg!1000x.jpg
w4htyblpji1am7q8,https://www.dd-room.com/object/w4htyblpji1am7q8,中科大【優質３＋１房２衛】可養寵★有陽台★警衛管理,44999,89998,3689,臺北市文山區興隆路三段,文山區,興隆路三段,24.9981483,121.5588495,3房2廳2衛1陽台,3,2,2,0,1,3.0,整層,elevator,30.0,2,8,12,2026-06-26,broker,有電梯、有陽台,未提供,未提供,未提供,未提供,12,https://renco-rentals-prod.s3.ap-northeast-1.amazonaws.com/42112/medium/2c631ed2-4027-461a-a118-3bb5f0313486.jpg | https://renco-rentals-prod.s3.ap-northeast-1.amazonaws.com/temp/d7388d40-be7d-4e4b-a40d-e852c3724c9d.jpg | https://renco-rentals-prod.s3.ap-northeast-1.amazonaws.com/42112/medium/c3da31f9-2e58-4a4d-8b38-8fed4f06ebdf.jpg | https://renco-rentals-prod.s3.ap-northeast-1.amazonaws.com/42112/medium/73ccf1e7-4486-4092-b71a-7d2e500a9a48.jpg | https://renco-rentals-prod.s3.ap-northeast-1.amazonaws.com/42112/medium/2859a089-e526-491a-88f6-219d25e3aa4c.jpg | https://renco-rentals-prod.s3.ap-northeast-1.amazonaws.com/42112/medium/28e30520-5106-43ea-8306-bf05b22f4ab5.jpg | https://renco-rentals-prod.s3.ap-northeast-1.amazonaws.com/42112/medium/d7a523c1-49bc-46e6-8f68-11332677563d.jpg | https://renco-rentals-prod.s3.ap-northeast-1.amazonaws.com/42112/medium/259d6e93-e7a5-4973-a2b9-cda0e6ad806c.jpg | https://renco-rentals-prod.s3.ap-northeast-1.amazonaws.com/42112/medium/0935a893-6779-4b0a-98ee-b2514dec3c7d.jpg | https://renco-rentals-prod.s3.ap-northeast-1.amazonaws.com/42112/medium/1971d401-2f50-4ee5-b776-f17edfd642ca.jpg | https://renco-rentals-prod.s3.ap-northeast-1.amazonaws.com/42112/medium/1f9d179f-3dc8-4cd6-89b4-eb5b1781c4ad.jpg | https://renco-rentals-prod.s3.ap-northeast-1.amazonaws.com/42112/medium/5ce9f4a6-90f1-4e85-bc79-941242e4a906.jpg
ajcxzuef86ivyvql,https://www.dd-room.com/object/ajcxzuef86ivyvql,中研院【優質2房1廳】可補助★有警衛★新大樓,34998,69996,1550,臺北市南港區大坑街,南港區,大坑街,25.0472548,121.6168706,2房1廳1衛1陽台,2,1,1,0,1,2.0,整層,elevator,5.0,3,12,12,2026-06-26,broker,可開伙、有電梯、有陽台、租金補貼,未提供,未提供,未提供,未提供,11,https://renco-rentals-prod.s3.ap-northeast-1.amazonaws.com/42670/medium/49044f9c-a574-49eb-97ef-4034cfe699d1.jpg | https://renco-rentals-prod.s3.ap-northeast-1.amazonaws.com/42670/medium/8687e3c2-544d-4e0e-98a1-efbc56498460.jpg | https://renco-rentals-prod.s3.ap-northeast-1.amazonaws.com/42670/medium/f04f4f44-1c38-4e2a-958f-4b7735b1e947.jpg | https://renco-rentals-prod.s3.ap-northeast-1.amazonaws.com/42670/medium/8ea8c5cd-2e08-4553-8a19-500f78b98ce7.jpg | https://renco-rentals-prod.s3.ap-northeast-1.amazonaws.com/42670/medium/217bf7e9-2c6d-427b-b17b-8bac523d930c.jpg | https://renco-rentals-prod.s3.ap-northeast-1.amazonaws.com/42670/medium/e87c2407-8bb3-40c0-9c65-bd0d83080b0f.jpg | https://renco-rentals-prod.s3.ap-northeast-1.amazonaws.com/42670/medium/7ccd57a6-bdf7-423d-883c-7580f2be0115.jpg | https://renco-rentals-prod.s3.ap-northeast-1.amazonaws.com/42670/medium/fa3c39ca-985f-479c-b7ca-1c14775ae34c.jpg | https://renco-rentals-prod.s3.ap-northeast-1.amazonaws.com/42670/medium/065074aa-6bad-468c-90ca-4dd5db7a8cfe.jpg | https://renco-rentals-prod.s3.ap-northeast-1.amazonaws.com/42670/medium/7faf9ef6-207d-4908-8974-665099d4827a.jpg | https://renco-rentals-prod.s3.ap-northeast-1.amazonaws.com/42670/medium/ffe01b98-c995-45fb-a312-2ae04134333d.jpg
foyiid8addkjkrwa,https://www.dd-room.com/object/foyiid8addkjkrwa,捷運台大醫院5分【優質租案】洗衣機★有陽台★垃圾代收,22999,45998,0,臺北市中正區衡陽路,中正區,衡陽路,25.0422859,121.512356,1房1衛1陽台,1,0,1,0,1,2.0,獨立套房,elevator,10.0,3,6,12,2026-06-26,broker,有電梯、垃圾代收、有陽台,冰箱、洗衣機、電視、冷氣、熱水器、床、衣櫃、第四台、網路、沙發、桌子、椅子,未提供,未提供,未提供,5,https://img1.591.com.tw/house/2026/06/27/178255189076568109.png!1000x.png | https://img1.591.com.tw/house/2026/06/27/178255189059800707.png!1000x.png | https://img1.591.com.tw/house/2026/06/27/178255189077003709.png!1000x.png | https://img2.591.com.tw/house/2026/06/27/178255189067123307.png!1000x.png | https://img1.591.com.tw/house/2026/06/27/178255189071519703.png!1000x.png
hsahqmzruzqvteyq,https://www.dd-room.com/object/hsahqmzruzqvteyq,復興崗站三房美寓(可租屋補助),34000,68000,0,臺北市北投區新興路,北投區,新興路,25.1407088,121.488389,3房2廳1衛1廚2陽台,3,2,1,1,2,3.0,整層,apt,27.7,4,4,12,2026-06-25,broker,可無火煮食、對外窗、水泥隔間、有陽台、水費照台水、電費照台電、租金補貼,桌子、椅子、衣櫃、冷氣、熱水器、排油煙機、電磁爐,未提供,未提供,未提供,12,https://static.dd-room.com/images/object/h/s/a/hsahqmzruzqvteyq/cover/6be48b76d0945d919e8a0c73715a136d_766x510.jpg | https://static.dd-room.com/images/object/h/s/a/hsahqmzruzqvteyq/cover/b6735f11b00175652cd67452e71d7202_766x510.jpg | https://static.dd-room.com/images/object/h/s/a/hsahqmzruzqvteyq/cover/1e345a5fd7432f73826f62c35654f2d0_766x510.jpg | https://static.dd-room.com/images/object/h/s/a/hsahqmzruzqvteyq/cover/b801810a6df98fc51f89feff90207b4e_766x510.jpg | https://static.dd-room.com/images/object/h/s/a/hsahqmzruzqvteyq/cover/b05d0991c84e154dd0607290c244cb13_766x510.jpg | https://static.dd-room.com/images/object/h/s/a/hsahqmzruzqvteyq/cover/290eb1f4e36893a0d023a69e0cad6542_766x510.jpg | https://static.dd-room.com/images/object/h/s/a/hsahqmzruzqvteyq/cover/da17db9506e21260a1c463f984b22117_766x510.jpg | https://static.dd-room.com/images/object/h/s/a/hsahqmzruzqvteyq/cover/55b8543ce7d1080a69480a467906c78b_766x510.jpg | https://static.dd-room.com/images/object/h/s/a/hsahqmzruzqvteyq/cover/065890e1fde9347eb7b08a3b2f9afd46_766x510.jpg | https://static.dd-room.com/images/object/h/s/a/hsahqmzruzqvteyq/cover/6c977f50e932090ff22d4894dc011c51_766x510.jpg | https://static.dd-room.com/images/object/h/s/a/hsahqmzruzqvteyq/cover/48208b5f92bd1404368d562ee82bd78a_766x510.jpg | https://static.dd-room.com/images/object/h/s/a/hsahqmzruzqvteyq/cover/4ce2f1d32edd887108fca5dda8c56e60_766x510.jpg
bbejykfcmrh3zgdv,https://www.dd-room.com/object/bbejykfcmrh3zgdv,近捷運古亭【超值1房1廳】附冷氣★衛浴開窗★師大首選,19997,39994,0,臺北市大安區金山南路二段,大安區,金山南路二段,25.0278817,121.5261748,1房1廳1衛,1,1,1,0,0,1.0,整層,apt,4.0,1,5,12,2026-06-25,broker,未提供,未提供,未提供,未提供,未提供,5,https://img1.591.com.tw/house/2026/05/30/178012951039974101.png!1000x.png | https://img2.591.com.tw/house/2026/05/30/178012951033357405.png!1000x.png | https://img1.591.com.tw/house/2026/05/30/178012951038303802.png!1000x.png | https://img1.591.com.tw/house/2026/05/30/178012951040504701.png!1000x.png | https://img2.591.com.tw/house/2026/05/30/178012951044183005.png!1000x.png
ynj91u62i5bnzsfe,https://www.dd-room.com/object/ynj91u62i5bnzsfe,近台電大樓師大台大月租起包水電免押金,8000,0,0,臺北市大安區泰順街,大安區,泰順街,25.0250271,121.5314639,3房1廳2衛1廚1陽台,3,1,2,1,1,2.0,雅房,apt,4.0,2,5,1,2026-06-25,agent,共生公寓、可開伙、有陽台、租金補貼、可報稅、有飲水機、水泥隔間、免仲介費、對外窗、定期清潔,床、桌子、椅子、沙發、衣櫃、鞋櫃、櫃子、網路、冷氣、洗衣機、冰箱、電視、流理台、熱水器、天然瓦斯、排油煙機、瓦斯爐、電磁爐,未提供,電費、水費、瓦斯費、第四台、網路費、管理費、清潔費,未提供,12,https://static.dd-room.com/images/object/y/n/j/ynj91u62i5bnzsfe/cover/707b291cbf3f63802538bd0fc3cb4813_766x510.jpg | https://static.dd-room.com/images/object/y/n/j/ynj91u62i5bnzsfe/cover/e45186584d93ef1fe46b54e2a227b27d_766x510.jpg | https://static.dd-room.com/images/object/y/n/j/ynj91u62i5bnzsfe/cover/834d7134415947164288db7d3e7ffd8d_766x510.jpg | https://static.dd-room.com/images/object/y/n/j/ynj91u62i5bnzsfe/cover/1de16118ef516fecc23450e74081b8e8_766x510.jpg | https://static.dd-room.com/images/object/y/n/j/ynj91u62i5bnzsfe/cover/7b2209890f0dfffc04fdc3ddef237489_766x510.jpg | https://static.dd-room.com/images/object/y/n/j/ynj91u62i5bnzsfe/cover/3f88a833a7ac824a61407338265148f1_766x510.jpg | https://static.dd-room.com/images/object/y/n/j/ynj91u62i5bnzsfe/cover/db3b976cc62194d6ddaf486e1a22e29d_766x510.jpg | https://static.dd-room.com/images/object/y/n/j/ynj91u62i5bnzsfe/cover/88dacbdc1bf3ac2d54f917063bc99295_766x510.jpg | https://static.dd-room.com/images/object/y/n/j/ynj91u62i5bnzsfe/cover/712d831de4810dde19af4a6c26df8f50_766x510.jpg | https://static.dd-room.com/images/object/y/n/j/ynj91u62i5bnzsfe/cover/1ee3c7def298d18a05b86188800767e5_766x510.jpg | https://static.dd-room.com/images/object/y/n/j/ynj91u62i5bnzsfe/cover/0ab7945084d9924116a0430c7bc78108_766x510.jpg | https://static.dd-room.com/images/object/y/n/j/ynj91u62i5bnzsfe/cover/80bdff00db4ee02b905f798344c72ebd_766x510.jpg
anfrxlb3kmj1dwvn,https://www.dd-room.com/object/anfrxlb3kmj1dwvn,近捷運國父紀念館【優質租案】精緻裝潢★乾溼分離★松菸文創,24999,49998,0,臺北市大安區延吉街,大安區,延吉街,25.0335105,121.557167,1房1衛,1,0,1,0,0,2.0,獨立套房,elevator,6.0,3,7,12,2026-06-25,broker,有電梯,未提供,未提供,未提供,未提供,7,https://img1.591.com.tw/house/2026/06/25/178238963357803004.png!1000x.png | https://img2.591.com.tw/house/2026/06/25/178238963354231809.png!1000x.png | https://img1.591.com.tw/house/2026/06/25/178238963353898400.png!1000x.png | https://img1.591.com.tw/house/2026/06/25/178238963355916103.png!1000x.png | https://img2.591.com.tw/house/2026/06/25/178238963343505200.png!1000x.png | https://img2.591.com.tw/house/2026/06/25/178238963357052301.png!1000x.png | https://img1.591.com.tw/house/2026/06/25/178238963375861703.png!1000x.png
87hbnlguvodj0gyj,https://www.dd-room.com/object/87hbnlguvodj0gyj,天母新光三越旁｜6坪套房｜房東自租免仲介費｜2樓生活機能佳,15000,30000,0,臺北市士林區天母東路,士林區,天母東路,25.118193,121.5367728,1房1衛,1,0,1,0,0,2.0,分租套房,apt,6.0,2,5,6,2026-06-25,individual,對外窗、免仲介費、電費照台電、垃圾代收,床、桌子、椅子、衣櫃、網路、冷氣、洗衣機、冰箱,未提供,水費、瓦斯費、網路費,未提供,7,https://static.dd-room.com/images/object/8/7/h/87hbnlguvodj0gyj/cover/3eddcbe722fbfd68326aa37f047802d4_766x510.jpg | https://static.dd-room.com/images/object/8/7/h/87hbnlguvodj0gyj/cover/912410adc882abd12ea807ffbd473205_766x510.jpg | https://static.dd-room.com/images/object/8/7/h/87hbnlguvodj0gyj/cover/d1d3be9727f257ab53405f8c240e979c_766x510.jpg | https://static.dd-room.com/images/object/8/7/h/87hbnlguvodj0gyj/cover/c7a1ed490194c1fe6f55be72f116c429_766x510.jpg | https://static.dd-room.com/images/object/8/7/h/87hbnlguvodj0gyj/cover/064314d7b4c5974a2c53ba2f497b901a_766x510.jpg | https://static.dd-room.com/images/object/8/7/h/87hbnlguvodj0gyj/cover/6e2431ae0c85b33556cd52392c73b16d_766x510.jpg | https://static.dd-room.com/images/object/8/7/h/87hbnlguvodj0gyj/cover/820f1ea91f103f91670d560b22973b8b_766x510.jpg
wibjtpepnepwiu7t,https://www.dd-room.com/object/wibjtpepnepwiu7t,兆基社會住宅🏠友善屋源🧡文化大學凱旋苑獨立套房/雙床房,8000,0,800,臺北市士林區凱旋路,士林區,凱旋路,25.1362122,121.5444527,1房1衛1陽台,1,0,1,0,1,2.0,獨立套房,apt,5.5,3,5,12,2026-06-25,broker,有陽台、租金補貼、可報稅、可入籍、社會住宅、免仲介費,床、桌子、椅子、沙發、衣櫃、冷氣、洗衣機、冰箱、電視、熱水器,未提供,未提供,未提供,9,https://static.dd-room.com/images/object/w/i/b/wibjtpepnepwiu7t/cover/214935e56d2b742d071f4f8ac6c05e9b_766x510.jpg | https://static.dd-room.com/images/object/w/i/b/wibjtpepnepwiu7t/cover/ef58d4fc58bc742a5b3e7c7bb42f9fb6_766x510.jpg | https://static.dd-room.com/images/object/w/i/b/wibjtpepnepwiu7t/cover/667a6f06862b6f33495f22fde6c6a4df_766x510.jpg | https://static.dd-room.com/images/object/w/i/b/wibjtpepnepwiu7t/cover/7f8515eacd55596bafbb5e2035baac59_766x510.jpg | https://static.dd-room.com/images/object/w/i/b/wibjtpepnepwiu7t/cover/ba054287d2c9958be73397d8d651b75c_766x510.jpg | https://static.dd-room.com/images/object/w/i/b/wibjtpepnepwiu7t/cover/c26fba52b9252b87189ab057734875b2_766x510.jpg | https://static.dd-room.com/images/object/w/i/b/wibjtpepnepwiu7t/cover/0174442af56107813780518a82b4837d_766x510.jpg | https://static.dd-room.com/images/object/w/i/b/wibjtpepnepwiu7t/cover/fcdf29e07d9f2443fea56ba53b9b7068_766x510.jpg | https://static.dd-room.com/images/object/w/i/b/wibjtpepnepwiu7t/cover/0fe81d1e31be45ec708ebdb56e0a522c_766x510.jpg
vyxqeqhzbl6e7ald,https://www.dd-room.com/object/vyxqeqhzbl6e7ald,兆基社會住宅🏠友善屋源❤️社宅/雙租補/文化大學/台水電,8000,16000,0,臺北市士林區格致路,士林區,格致路,25.1373025,121.5464602,1房1廳,1,1,0,0,0,2.0,獨立套房,elevator,8.4,5,5,12,2026-06-25,broker,有電梯、可無火煮食、免仲介費、社會住宅、租金補貼、可報稅、可入籍、可開伙,床、桌子、椅子、冷氣、冰箱、熱水器,未提供,未提供,未提供,2,https://static.dd-room.com/images/object/v/y/x/vyxqeqhzbl6e7ald/cover/758b81c5d9313bc9f41faddd8875041e_766x510.jpg | https://static.dd-room.com/images/object/v/y/x/vyxqeqhzbl6e7ald/cover/56fb9b7f36f79d2de0f8488527b17eb1_766x510.jpg
kzpdnuhbhspjjnkn,https://www.dd-room.com/object/kzpdnuhbhspjjnkn,兆基社會住宅🏠友善屋源🧡超值小套房/可租金補貼/有電梯,8000,16000,0,臺北市士林區格致路,士林區,格致路,25.1373025,121.5464602,1房1衛,1,0,1,0,0,2.0,獨立套房,elevator,8.2,3,5,12,2026-06-25,broker,可無火煮食、租金補貼、可報稅、有電梯、可入籍、社會住宅、免仲介費、可開伙,床、桌子、椅子、衣櫃、冷氣、冰箱、熱水器,未提供,未提供,未提供,3,https://static.dd-room.com/images/object/k/z/p/kzpdnuhbhspjjnkn/cover/1637c65a935f5207ba8c58186d7f3025_766x510.jpg | https://static.dd-room.com/images/object/k/z/p/kzpdnuhbhspjjnkn/cover/824e2b92b6145ce920bf0f08840d7323_766x510.jpg | https://static.dd-room.com/images/object/k/z/p/kzpdnuhbhspjjnkn/cover/372efbaf241514c0b5659cd960936fe0_766x510.jpg
ja3crbf9edpxeqsb,https://www.dd-room.com/object/ja3crbf9edpxeqsb,兆基社會住宅🏠友善屋源🧡六張犁站/可祭祀/3+1房/可租,39000,78000,0,臺北市大安區臥龍街,大安區,臥龍街,25.0109102,121.5639627,4房2廳1衛1陽台,4,2,1,0,1,4.0,整層,apt,24.3,4,4,12,2026-06-25,broker,可無火煮食、可報稅、可入籍、社會住宅、免仲介費、有陽台、租金補貼、可開伙,床、桌子、椅子、沙發、衣櫃、冷氣、洗衣機、冰箱、電視、熱水器、天然瓦斯,未提供,未提供,未提供,14,https://static.dd-room.com/images/object/j/a/3/ja3crbf9edpxeqsb/cover/a0123eb61237e1c9d9bf59751c2af3c0_766x510.jpg | https://static.dd-room.com/images/object/j/a/3/ja3crbf9edpxeqsb/cover/013a195aa42e96ce34df9508d09331e2_766x510.jpg | https://static.dd-room.com/images/object/j/a/3/ja3crbf9edpxeqsb/cover/8f9befd7fc4109c1b40687dc2bade635_766x510.jpg | https://static.dd-room.com/images/object/j/a/3/ja3crbf9edpxeqsb/cover/8db2a0de874ec106bcad743c69cc573b_766x510.jpg | https://static.dd-room.com/images/object/j/a/3/ja3crbf9edpxeqsb/cover/e3d4f9c65bcd141723644302ccf48c10_766x510.jpg | https://static.dd-room.com/images/object/j/a/3/ja3crbf9edpxeqsb/cover/8780ba8e12161e43feb76fe0d5c13671_766x510.jpg | https://static.dd-room.com/images/object/j/a/3/ja3crbf9edpxeqsb/cover/905b7c64b9b4fb1ffc9400241f624961_766x510.jpg | https://static.dd-room.com/images/object/j/a/3/ja3crbf9edpxeqsb/cover/b70e8d8db17fa13e1b517271d4cefc5b_766x510.jpg | https://static.dd-room.com/images/object/j/a/3/ja3crbf9edpxeqsb/cover/36afc67c693c3aeb51abb9fa3f189a71_766x510.jpg | https://static.dd-room.com/images/object/j/a/3/ja3crbf9edpxeqsb/cover/a9b6df322248b2c2aee8ea6ee3068a90_766x510.jpg | https://static.dd-room.com/images/object/j/a/3/ja3crbf9edpxeqsb/cover/f672710e79893b8c06b70c38017216b2_766x510.jpg | https://static.dd-room.com/images/object/j/a/3/ja3crbf9edpxeqsb/cover/92f4343f148eddf614481c275215cd10_766x510.jpg | https://static.dd-room.com/images/object/j/a/3/ja3crbf9edpxeqsb/cover/b8c687f3dcdccb697bff0428c8b31814_766x510.jpg | https://static.dd-room.com/images/object/j/a/3/ja3crbf9edpxeqsb/cover/0084aa2360bbecca49ad1feba411da30_766x510.jpg
u2wvbe4vj41cpl4d,https://www.dd-room.com/object/u2wvbe4vj41cpl4d,兆基社會住宅🏠友善屋源🧡政大一房一廳/可養寵/可租補/免,22000,44000,0,臺北市文山區新光路一段,文山區,新光路一段,24.9931685,121.5737794,1房1衛,1,0,1,0,0,2.0,獨立套房,apt,9.4,2,5,12,2026-06-25,broker,可無火煮食、可養貓、可報稅、可入籍、社會住宅、免仲介費、租金補貼、可開伙,床、桌子、椅子、沙發、衣櫃、冷氣、冰箱、電視、熱水器,未提供,未提供,未提供,10,https://static.dd-room.com/images/object/u/2/w/u2wvbe4vj41cpl4d/cover/cb5f5d98b767551621b24e68e430552d_766x510.jpg | https://static.dd-room.com/images/object/u/2/w/u2wvbe4vj41cpl4d/cover/f76547c2443d9fb44463f7ac62cbf7c4_766x510.jpg | https://static.dd-room.com/images/object/u/2/w/u2wvbe4vj41cpl4d/cover/b1eea306aa4faf5cccc48f22452182f8_766x510.jpg | https://static.dd-room.com/images/object/u/2/w/u2wvbe4vj41cpl4d/cover/d42103b61db717c511d33fc7b6172a5f_766x510.jpg | https://static.dd-room.com/images/object/u/2/w/u2wvbe4vj41cpl4d/cover/a0823a5481485876c83d835615912aba_766x510.jpg | https://static.dd-room.com/images/object/u/2/w/u2wvbe4vj41cpl4d/cover/340d633d9e823fc108a8a98fa5518107_766x510.jpg | https://static.dd-room.com/images/object/u/2/w/u2wvbe4vj41cpl4d/cover/b9ca90d832588bfc495da35606d0b688_766x510.jpg | https://static.dd-room.com/images/object/u/2/w/u2wvbe4vj41cpl4d/cover/869d36b66cb2168a948939c812a68314_766x510.jpg | https://static.dd-room.com/images/object/u/2/w/u2wvbe4vj41cpl4d/cover/d1fbf4103fd4f105e80b93f51e10febb_766x510.jpg | https://static.dd-room.com/images/object/u/2/w/u2wvbe4vj41cpl4d/cover/42aacdb5823623f14cb03c556aabb7a9_766x510.jpg
dkkyigob4y7aurm3,https://www.dd-room.com/object/dkkyigob4y7aurm3,💓台北車站捷運採光平價套房/可養貓咪/採光棒/獨立洗衣機,13000,26000,0,臺北市中正區漢口街一段,中正區,漢口街一段,25.0451622,121.5103767,1房1衛,1,0,1,0,0,2.0,獨立套房,apt,7.0,6,5,12,2026-06-25,broker,可無火煮食、可養貓、對外窗,床、桌子、椅子、衣櫃、冷氣、洗衣機、冰箱、電視、熱水器,未提供,未提供,未提供,9,https://static.dd-room.com/images/object/d/k/k/dkkyigob4y7aurm3/cover/6560e494ec0c8b63887b65c73a9c70c5_766x510.jpg | https://static.dd-room.com/images/object/d/k/k/dkkyigob4y7aurm3/cover/e12ed7464fa7f6581f7afc3a98853c7b_766x510.jpg | https://static.dd-room.com/images/object/d/k/k/dkkyigob4y7aurm3/cover/0d0f3b7a1a49f3e37f0ee5f2e8931855_766x510.jpg | https://static.dd-room.com/images/object/d/k/k/dkkyigob4y7aurm3/cover/6f7f8629f96953be68c4a8a1457238e8_766x510.jpg | https://static.dd-room.com/images/object/d/k/k/dkkyigob4y7aurm3/cover/3369a69b0a0f95350bc96f6616fbf85d_766x510.jpg | https://static.dd-room.com/images/object/d/k/k/dkkyigob4y7aurm3/cover/a8b1548a03fa2e03fbd144d1765a01fb_766x510.jpg | https://static.dd-room.com/images/object/d/k/k/dkkyigob4y7aurm3/cover/36141036e33bbb9910a2b7d2321742d9_766x510.jpg | https://static.dd-room.com/images/object/d/k/k/dkkyigob4y7aurm3/cover/3d1819b914bd02aa91df26009350285a_766x510.jpg | https://static.dd-room.com/images/object/d/k/k/dkkyigob4y7aurm3/cover/efa0b0bc6c61f97fa2f6c535397699e3_766x510.jpg
yplryxhtke1kauuj,https://www.dd-room.com/object/yplryxhtke1kauuj,💓秒殺⚡️內湖近南港昆陽/電梯管理/景觀採光套房,19000,38000,1500,臺北市內湖區新明路,內湖區,新明路,25.0584583,121.588039,1房1衛,1,0,1,0,0,2.0,獨立套房,elevator,10.0,9,13,12,2026-06-25,broker,可無火煮食、有電梯、對外窗、保全設施、垃圾代收,床、桌子、椅子、沙發、衣櫃、網路、冷氣、洗衣機、冰箱、電視、第四台、熱水器,未提供,第四台、網路費,未提供,9,https://static.dd-room.com/images/object/y/p/l/yplryxhtke1kauuj/cover/00e8c9cfb4434ad649b926cfef5c69df_766x510.jpg | https://static.dd-room.com/images/object/y/p/l/yplryxhtke1kauuj/cover/b7b9340e1424f832c0c0706f1fd629af_766x510.jpg | https://static.dd-room.com/images/object/y/p/l/yplryxhtke1kauuj/cover/e07e130750042b54eac0c43136ede930_766x510.jpg | https://static.dd-room.com/images/object/y/p/l/yplryxhtke1kauuj/cover/d1ad28a9466008cb7f589e36e609d3b6_766x510.jpg | https://static.dd-room.com/images/object/y/p/l/yplryxhtke1kauuj/cover/42bd433b7cc9e8584e1347ff508f9baf_766x510.jpg | https://static.dd-room.com/images/object/y/p/l/yplryxhtke1kauuj/cover/783176d38e232c7c471c15bfaf8f4b50_766x510.jpg | https://static.dd-room.com/images/object/y/p/l/yplryxhtke1kauuj/cover/72dac7533c3297d5d6a83f24009cae3f_766x510.jpg | https://static.dd-room.com/images/object/y/p/l/yplryxhtke1kauuj/cover/65b62108268e1b0927e830c9de064b88_766x510.jpg | https://static.dd-room.com/images/object/y/p/l/yplryxhtke1kauuj/cover/2e89acee3d50da654e1decdd7c354ffe_766x510.jpg
9rmriyeossoee2uz,https://www.dd-room.com/object/9rmriyeossoee2uz,💓台大醫院捷運/西門捷運/可養寵物🐱電梯套房/可租補,16800,33600,0,臺北市中正區衡陽路,中正區,衡陽路,25.0422859,121.512356,1房1衛,1,0,1,0,0,2.0,獨立套房,elevator,8.0,3,5,12,2026-06-25,broker,可無火煮食、可養貓、租金補貼、可報稅、有電梯、可入籍、對外窗、可養其他寵物,床、桌子、椅子、沙發、衣櫃、櫃子、冷氣、洗衣機、冰箱、電視、流理台、熱水器,未提供,未提供,未提供,9,https://static.dd-room.com/images/object/9/r/m/9rmriyeossoee2uz/cover/a2a67900a75e70a57b30b2e2e27dcf1e_766x510.jpg | https://static.dd-room.com/images/object/9/r/m/9rmriyeossoee2uz/cover/18c37681ecd040c85a6009b9e7b270ee_766x510.jpg | https://static.dd-room.com/images/object/9/r/m/9rmriyeossoee2uz/cover/99eba91adc777510496240f101e6eecb_766x510.jpg | https://static.dd-room.com/images/object/9/r/m/9rmriyeossoee2uz/cover/aecd93fcd774abdab786850e954942cf_766x510.jpg | https://static.dd-room.com/images/object/9/r/m/9rmriyeossoee2uz/cover/46e0b1f9f9b3e1e9a84df0d9c627160a_766x510.jpg | https://static.dd-room.com/images/object/9/r/m/9rmriyeossoee2uz/cover/aee4c78e9fae4c0607c09ed0fedc65f4_766x510.jpg | https://static.dd-room.com/images/object/9/r/m/9rmriyeossoee2uz/cover/6465e3cbb4559bbcffb2ec03fd2cc21c_766x510.jpg | https://static.dd-room.com/images/object/9/r/m/9rmriyeossoee2uz/cover/9f22e90343d1e1f3ff2208f314ae4620_766x510.jpg | https://static.dd-room.com/images/object/9/r/m/9rmriyeossoee2uz/cover/424d4b8306970c7272aa58531a225e88_766x510.jpg
xp3icp5g2zkkbxkj,https://www.dd-room.com/object/xp3icp5g2zkkbxkj,💓雙連捷運站/電梯管理三陽台3房/代收包裹/二樓可站立,43000,86000,3252,臺北市中山區中山北路二段,中山區,中山北路二段,25.0614803,121.5230193,3房2廳1衛3陽台,3,2,1,0,3,3.0,整層,elevator,32.6,3,14,12,2026-06-25,broker,可無火煮食、有電梯、有陽台、可開伙、對外窗、包裹代收、保全設施、電費照台電、水費照台水,床、桌子、椅子、沙發、衣櫃、櫃子、冷氣、洗衣機、冰箱、電視、流理台、熱水器、天然瓦斯、排油煙機、瓦斯爐,未提供,未提供,未提供,15,https://static.dd-room.com/images/object/x/p/3/xp3icp5g2zkkbxkj/cover/0c45fbd611189ef07da204507261d913_766x510.jpg | https://static.dd-room.com/images/object/x/p/3/xp3icp5g2zkkbxkj/cover/d0c1e7a4e88b1a9370b3d28616186512_766x510.jpg | https://static.dd-room.com/images/object/x/p/3/xp3icp5g2zkkbxkj/cover/362483cba9b69dbc7df74287cf70c24f_766x510.jpg | https://static.dd-room.com/images/object/x/p/3/xp3icp5g2zkkbxkj/cover/10eb1d3f558cb26768fdc95bb5eaa36f_766x510.jpg | https://static.dd-room.com/images/object/x/p/3/xp3icp5g2zkkbxkj/cover/56dc0693cc459890a85b74acc87f078f_766x510.jpg | https://static.dd-room.com/images/object/x/p/3/xp3icp5g2zkkbxkj/cover/be7862065d0f6f4f39eb0cd745932c40_766x510.jpg | https://static.dd-room.com/images/object/x/p/3/xp3icp5g2zkkbxkj/cover/5532c1e3769785ed9b2a2f3352f56ac5_766x510.jpg | https://static.dd-room.com/images/object/x/p/3/xp3icp5g2zkkbxkj/cover/415b94e300a9bfdb2fcb1600cf82b9a5_766x510.jpg | https://static.dd-room.com/images/object/x/p/3/xp3icp5g2zkkbxkj/cover/d649b2638eff1a5150ab458ab18ab661_766x510.jpg | https://static.dd-room.com/images/object/x/p/3/xp3icp5g2zkkbxkj/cover/88348faae18bee06526cfb878cf6d284_766x510.jpg | https://static.dd-room.com/images/object/x/p/3/xp3icp5g2zkkbxkj/cover/0de4d3aa36844ef8471547488b10b122_766x510.jpg | https://static.dd-room.com/images/object/x/p/3/xp3icp5g2zkkbxkj/cover/b277c2cc7d07f3253025103a3f24825c_766x510.jpg | https://static.dd-room.com/images/object/x/p/3/xp3icp5g2zkkbxkj/cover/ee015939af7b1e103ce00406f51c377a_766x510.jpg | https://static.dd-room.com/images/object/x/p/3/xp3icp5g2zkkbxkj/cover/3202efe86ac26bcd0e6691f661eaa894_766x510.jpg | https://static.dd-room.com/images/object/x/p/3/xp3icp5g2zkkbxkj/cover/09133faa7d30f6b0dc5c82274bff5145_766x510.jpg
hxoj0eimx8hekgtz,https://www.dd-room.com/object/hxoj0eimx8hekgtz,💓忠孝新生捷運/善導寺捷運🔥可租補/採光雅房/可養貓,10000,20000,0,臺北市中正區忠孝東路二段,中正區,忠孝東路二段,25.0425436,121.531746,1房,1,0,0,0,0,1.0,雅房,apt,6.0,2,5,12,2026-06-25,broker,可無火煮食、可養貓、租金補貼、可報稅、可入籍、對外窗,床、桌子、椅子、衣櫃、冷氣、洗衣機、冰箱、電視、熱水器,未提供,未提供,未提供,4,https://static.dd-room.com/images/object/h/x/o/hxoj0eimx8hekgtz/cover/2f8a7403df0abc4ea8f16015456f015e_766x510.jpg | https://static.dd-room.com/images/object/h/x/o/hxoj0eimx8hekgtz/cover/f8eb6f334bc79c1ea2d607847ad54eef_766x510.jpg | https://static.dd-room.com/images/object/h/x/o/hxoj0eimx8hekgtz/cover/84371d01d2c400862b1cf6005a66a926_766x510.jpg | https://static.dd-room.com/images/object/h/x/o/hxoj0eimx8hekgtz/cover/60541518ffd9abe1c75b861667405f3d_766x510.jpg
94dhxo3lupqblax2,https://www.dd-room.com/object/94dhxo3lupqblax2,💓士林運動中心/採光/可養寵物/可報稅入戶,6500,13000,0,臺北市士林區承德路四段,士林區,承德路四段,25.0902764,121.5173712,1房,1,0,0,0,0,1.0,雅房,apt,4.0,3,5,12,2026-06-25,broker,可無火煮食、可養貓、可報稅、可入籍、對外窗,床、桌子、椅子、沙發、衣櫃、冷氣、洗衣機、冰箱、電視、熱水器,未提供,未提供,未提供,8,https://static.dd-room.com/images/object/9/4/d/94dhxo3lupqblax2/cover/1e96c58223ce005a5c0f768a6ea7a1a1_766x510.jpg | https://static.dd-room.com/images/object/9/4/d/94dhxo3lupqblax2/cover/f925340833e9b19ebd459b979e6b9ffe_766x510.jpg | https://static.dd-room.com/images/object/9/4/d/94dhxo3lupqblax2/cover/f93b6b4b963a31f4baf81c7efd9e022b_766x510.jpg | https://static.dd-room.com/images/object/9/4/d/94dhxo3lupqblax2/cover/d2d4199a2ab39bf8a4db8a55068d0413_766x510.jpg | https://static.dd-room.com/images/object/9/4/d/94dhxo3lupqblax2/cover/1b34fbe7ccde565e5a1ed4fe0c1ab0d7_766x510.jpg | https://static.dd-room.com/images/object/9/4/d/94dhxo3lupqblax2/cover/1e591986e152677bf3b5d0eb96cd19b1_766x510.jpg | https://static.dd-room.com/images/object/9/4/d/94dhxo3lupqblax2/cover/68a4095b367a91e3c1a6f0360662ad45_766x510.jpg | https://static.dd-room.com/images/object/9/4/d/94dhxo3lupqblax2/cover/5a8cc78878c18d4cdd067491035e35a7_766x510.jpg
e6spguklx1hfdm47,https://www.dd-room.com/object/e6spguklx1hfdm47,💓西門捷運電梯套房可租補/可貓/短租可談,16800,33600,0,臺北市中正區衡陽路,中正區,衡陽路,25.0422859,121.512356,1房1衛,1,0,1,0,0,2.0,獨立套房,elevator,8.0,4,5,3,2026-06-25,broker,可無火煮食、可養貓、租金補貼、可報稅、有電梯、可入籍、對外窗、可養其他寵物,床、桌子、椅子、沙發、衣櫃、冷氣、洗衣機、冰箱、電視、熱水器,未提供,管理費,未提供,10,https://static.dd-room.com/images/object/e/6/s/e6spguklx1hfdm47/cover/058d8cfee837aaf038a955f9a14972cc_766x510.jpg | https://static.dd-room.com/images/object/e/6/s/e6spguklx1hfdm47/cover/bfc75219c24d63b65b79fad5ea5241ce_766x510.jpg | https://static.dd-room.com/images/object/e/6/s/e6spguklx1hfdm47/cover/3671d7619aa26f402c4a93ec2930891c_766x510.jpg | https://static.dd-room.com/images/object/e/6/s/e6spguklx1hfdm47/cover/181a1bf3a7fcbbd9f2683cff6794b329_766x510.jpg | https://static.dd-room.com/images/object/e/6/s/e6spguklx1hfdm47/cover/0cfea5bc97eb3d7ccc90abf01eed2b08_766x510.jpg | https://static.dd-room.com/images/object/e/6/s/e6spguklx1hfdm47/cover/df3de23a3fd3affc7f36af6d924d17c6_766x510.jpg | https://static.dd-room.com/images/object/e/6/s/e6spguklx1hfdm47/cover/348d812510d076d0db86edfb875658da_766x510.jpg | https://static.dd-room.com/images/object/e/6/s/e6spguklx1hfdm47/cover/7d9db3236c5563a1f7ee95bbfe517260_766x510.jpg | https://static.dd-room.com/images/object/e/6/s/e6spguklx1hfdm47/cover/8dae5604ecad42c4cdd46a1d576a5dbf_766x510.jpg | https://static.dd-room.com/images/object/e/6/s/e6spguklx1hfdm47/cover/da321fdd00cbe2becf64f4bb279fd4f2_766x510.jpg
baxln9kij0hnxvn6,https://www.dd-room.com/object/baxln9kij0hnxvn6,💓新北投捷運/無採光大套房/可養貓咪/可租補/短租可談,12500,25000,0,臺北市北投區大業路,北投區,大業路,25.1352964,121.4966738,1房1衛,1,0,1,0,0,2.0,獨立套房,apt,8.0,2,4,12,2026-06-25,broker,可無火煮食、可養貓、租金補貼、可報稅、可入籍、可養其他寵物,床、桌子、椅子、沙發、衣櫃、冷氣、洗衣機、冰箱、電視、熱水器,未提供,未提供,未提供,6,https://static.dd-room.com/images/object/b/a/x/baxln9kij0hnxvn6/cover/84010af8ae2c5c61b8f2f4b612a2b921_766x510.jpg | https://static.dd-room.com/images/object/b/a/x/baxln9kij0hnxvn6/cover/2bd5b24aed0dcc7bd1f2a6f45e215158_766x510.jpg | https://static.dd-room.com/images/object/b/a/x/baxln9kij0hnxvn6/cover/89aee7ebcdc871ce99143a58ec1fe36e_766x510.jpg | https://static.dd-room.com/images/object/b/a/x/baxln9kij0hnxvn6/cover/a1c0c1d0ca92404637d25965c7155421_766x510.jpg | https://static.dd-room.com/images/object/b/a/x/baxln9kij0hnxvn6/cover/be9423bbaf4c92c321f14921f97ec613_766x510.jpg | https://static.dd-room.com/images/object/b/a/x/baxln9kij0hnxvn6/cover/d40b5ad94037008e4352b41e13e63be8_766x510.jpg
jtwearuqej4rqb2z,https://www.dd-room.com/object/jtwearuqej4rqb2z,💓松江南京捷運/近吉林路/可養貓咪/套房/獨洗/短租可談,17500,35000,0,臺北市中山區長春路,中山區,長春路,25.0546827,121.5389309,1房1衛,1,0,1,0,0,2.0,獨立套房,apt,8.0,3,4,12,2026-06-25,broker,可無火煮食、可養貓、可報稅、可入籍、對外窗,床、桌子、椅子、沙發、衣櫃、冷氣、洗衣機、冰箱、電視、熱水器,未提供,未提供,未提供,5,https://static.dd-room.com/images/object/j/t/w/jtwearuqej4rqb2z/cover/c9b433c56177782863dad148262aee91_766x510.jpg | https://static.dd-room.com/images/object/j/t/w/jtwearuqej4rqb2z/cover/e322e388ddf1dd9636378ba293049d38_766x510.jpg | https://static.dd-room.com/images/object/j/t/w/jtwearuqej4rqb2z/cover/2dc51a10b30ef4e830338eaafae64b3d_766x510.jpg | https://static.dd-room.com/images/object/j/t/w/jtwearuqej4rqb2z/cover/dccb83ede280099e7a19a50a36fe9e05_766x510.jpg | https://static.dd-room.com/images/object/j/t/w/jtwearuqej4rqb2z/cover/55d7d49388ebc4a0f093024885aa49e9_766x510.jpg
adhddikbm6x7esb6,https://www.dd-room.com/object/adhddikbm6x7esb6,💓新北投電梯單人套房/可養貓/可租補/走道窗,7600,15200,0,臺北市北投區中和街,北投區,中和街,25.1405111,121.5002439,1房1衛,1,0,1,0,0,2.0,獨立套房,elevator,4.0,3,5,12,2026-06-25,broker,可無火煮食、可養貓、租金補貼、可報稅、有電梯、可入籍、可養其他寵物,床、桌子、椅子、冷氣、冰箱、熱水器,未提供,未提供,未提供,6,https://static.dd-room.com/images/object/a/d/h/adhddikbm6x7esb6/cover/981edd7d319d5c4dd71af43812475a1b_766x510.jpg | https://static.dd-room.com/images/object/a/d/h/adhddikbm6x7esb6/cover/d4105679939ca889b7f606accad71c84_766x510.jpg | https://static.dd-room.com/images/object/a/d/h/adhddikbm6x7esb6/cover/fce2c35edff465dac158d02f8949625e_766x510.jpg | https://static.dd-room.com/images/object/a/d/h/adhddikbm6x7esb6/cover/48450ca2541e3972edd60c7d881dc17d_766x510.jpg | https://static.dd-room.com/images/object/a/d/h/adhddikbm6x7esb6/cover/5b2a5f0a89f151b317d484373eb42da6_766x510.jpg | https://static.dd-room.com/images/object/a/d/h/adhddikbm6x7esb6/cover/63f3ef2a0b4c4f6ec87c8cd063c866d5_766x510.jpg
fmz6ygmsiwgnlbrb,https://www.dd-room.com/object/fmz6ygmsiwgnlbrb,💓內湖近南港昆陽/電梯管理/山河景觀宅高樓套房,18000,36000,1500,臺北市內湖區新明路,內湖區,新明路,25.0584583,121.588039,1房1衛,1,0,1,0,0,2.0,獨立套房,elevator,7.0,9,13,12,2026-06-25,broker,可無火煮食、有電梯、對外窗、保全設施、垃圾代收,床、桌子、椅子、沙發、衣櫃、網路、冷氣、洗衣機、冰箱、電視、第四台、熱水器,未提供,第四台、網路費,未提供,9,https://static.dd-room.com/images/object/f/m/z/fmz6ygmsiwgnlbrb/cover/9f9c89f330d83e6af1a12fb96eec77c2_766x510.jpg | https://static.dd-room.com/images/object/f/m/z/fmz6ygmsiwgnlbrb/cover/2b6d36139350053860f0ca33414564ac_766x510.jpg | https://static.dd-room.com/images/object/f/m/z/fmz6ygmsiwgnlbrb/cover/11c01deb3c3169a08947801fcbe925b5_766x510.jpg | https://static.dd-room.com/images/object/f/m/z/fmz6ygmsiwgnlbrb/cover/064efc5601ecb7cab4f36875b32ef28a_766x510.jpg | https://static.dd-room.com/images/object/f/m/z/fmz6ygmsiwgnlbrb/cover/9c7506c67685b4b3ab59652484e6cff1_766x510.jpg | https://static.dd-room.com/images/object/f/m/z/fmz6ygmsiwgnlbrb/cover/152420b50303c1b6798ad66745dcd723_766x510.jpg | https://static.dd-room.com/images/object/f/m/z/fmz6ygmsiwgnlbrb/cover/124a67ca08ca02a5155c991f7f08d47c_766x510.jpg | https://static.dd-room.com/images/object/f/m/z/fmz6ygmsiwgnlbrb/cover/2c54634a803c7617cfd166904aff7aa2_766x510.jpg | https://static.dd-room.com/images/object/f/m/z/fmz6ygmsiwgnlbrb/cover/630efba16830af53ba5b45ce6f40e0bc_766x510.jpg
e45pt7sxgawstvx0,https://www.dd-room.com/object/e45pt7sxgawstvx0,可租補！永春捷運站一號出口，一年新裝修套房，出入方便，不用爬樓梯！,23000,46000,0,臺北市信義區虎林街,信義區,虎林街,25.0371893,121.5772788,1房1衛,1,0,1,0,0,2.0,分租套房,house,6.0,1,4,12,2026-06-25,broker,對外窗、垃圾代收、租金補貼,床、桌子、椅子、衣櫃、網路、冷氣、洗衣機、冰箱,未提供,水費、網路費,未提供,5,https://static.dd-room.com/images/object/e/4/5/e45pt7sxgawstvx0/cover/5e16c1ad86964eb1bdffc04e88f92b54_766x510.jpg | https://static.dd-room.com/images/object/e/4/5/e45pt7sxgawstvx0/cover/10a396269247e6660a9fa2c86a0ba4b2_766x510.jpg | https://static.dd-room.com/images/object/e/4/5/e45pt7sxgawstvx0/cover/91afdabe9836f0e28a0e5b35b6feea43_766x510.jpg | https://static.dd-room.com/images/object/e/4/5/e45pt7sxgawstvx0/cover/93ed0c43366ff5a548bc5521cf9e93f9_766x510.jpg | https://static.dd-room.com/images/object/e/4/5/e45pt7sxgawstvx0/cover/b3e79a2babf4b0176e338b6347a43876_766x510.jpg
69p60lt7lzwvtfuz,https://www.dd-room.com/object/69p60lt7lzwvtfuz,優質管理★24小時保全★泳池社區三房,56000,112000,6050,臺北市士林區延平北路六段,士林區,延平北路六段,25.0874449,121.5090499,3房2廳2衛1廚1陽台,3,2,2,1,1,3.0,整層,elevator,53.7,11,11,12,2026-06-24,broker,可開伙、水泥隔間、有電梯、氣密窗、對外窗、垃圾代收、包裹代收、有陽台、水費照台水、電費照台電,衣櫃、冷氣、冰箱、流理台、熱水器、天然瓦斯、排油煙機、瓦斯爐,有汽車車位,未提供,未提供,15,https://static.dd-room.com/images/object/6/9/p/69p60lt7lzwvtfuz/cover/3a901776023ef609f8029065c5d40689_766x510.jpg | https://static.dd-room.com/images/object/6/9/p/69p60lt7lzwvtfuz/cover/2050aba147450d39e0111770717e784d_766x510.jpg | https://static.dd-room.com/images/object/6/9/p/69p60lt7lzwvtfuz/cover/f131fb768a38ee65feb2c5deeed6e6ae_766x510.jpg | https://static.dd-room.com/images/object/6/9/p/69p60lt7lzwvtfuz/cover/6465c606fec9f7c4b8af8c8ffbb22443_766x510.jpg | https://static.dd-room.com/images/object/6/9/p/69p60lt7lzwvtfuz/cover/d0481807929d88fef00db10366721195_766x510.jpg | https://static.dd-room.com/images/object/6/9/p/69p60lt7lzwvtfuz/cover/a3165e8285b09a5eb25a8b266643fe82_766x510.jpg | https://static.dd-room.com/images/object/6/9/p/69p60lt7lzwvtfuz/cover/7e8c99b569376ddd8af383064ab7293d_766x510.jpg | https://static.dd-room.com/images/object/6/9/p/69p60lt7lzwvtfuz/cover/92e12aea45a2feb3fcf9f8ad87985fcc_766x510.jpg | https://static.dd-room.com/images/object/6/9/p/69p60lt7lzwvtfuz/cover/be1fcdc2906f968c48b4d321036bb00b_766x510.jpg | https://static.dd-room.com/images/object/6/9/p/69p60lt7lzwvtfuz/cover/ec73b0b88bf16fa902c1d520920b99c7_766x510.jpg | https://static.dd-room.com/images/object/6/9/p/69p60lt7lzwvtfuz/cover/f6af9e5aa94853b548b917afe45398aa_766x510.jpg | https://static.dd-room.com/images/object/6/9/p/69p60lt7lzwvtfuz/cover/a1c7a8b544ce13ab67c9aa41953d0cb7_766x510.jpg | https://static.dd-room.com/images/object/6/9/p/69p60lt7lzwvtfuz/cover/fbe93a6edf362792255aa00285f14444_766x510.jpg | https://static.dd-room.com/images/object/6/9/p/69p60lt7lzwvtfuz/cover/98effe5f91de3a4e66f2fc07f45f38ca_766x510.jpg | https://static.dd-room.com/images/object/6/9/p/69p60lt7lzwvtfuz/cover/aad7a3de3493233f98677fa20f1acfcf_766x510.jpg
mxcsp9yxza2xkiuq,https://www.dd-room.com/object/mxcsp9yxza2xkiuq,台北車站3分【優質租案】可補助★有警衛★採光優,19000,38000,0,臺北市中山區中山北路一段,中山區,中山北路一段,25.0627663,121.5227366,1房1衛,1,0,1,0,0,2.0,獨立套房,elevator,5.0,6,12,12,2026-06-24,broker,有電梯、租金補貼,熱水器、床、衣櫃、桌子,未提供,未提供,未提供,8,https://renco-rentals-prod.s3.ap-northeast-1.amazonaws.com/42650/medium/f38460cc-c295-4378-a178-12e98209012e.jpg | https://renco-rentals-prod.s3.ap-northeast-1.amazonaws.com/42650/medium/b946af7c-336a-4ac4-997d-48340cef5b99.jpg | https://renco-rentals-prod.s3.ap-northeast-1.amazonaws.com/42650/medium/9fb3b49b-8e13-4d2c-a1a8-03673c3696b2.jpg | https://renco-rentals-prod.s3.ap-northeast-1.amazonaws.com/42650/medium/a2609888-dd78-4d4c-9fa3-99e2fb58aeb6.jpg | https://renco-rentals-prod.s3.ap-northeast-1.amazonaws.com/42650/medium/2344a0bf-3c77-46cf-b0e1-b6e5ea5a4622.jpg | https://renco-rentals-prod.s3.ap-northeast-1.amazonaws.com/42650/medium/75ccab4c-9231-4e51-8a02-88c976c6f161.jpg | https://renco-rentals-prod.s3.ap-northeast-1.amazonaws.com/42650/medium/fd5ad675-9e8b-4494-a6f2-b243b08cf20f.jpg | https://renco-rentals-prod.s3.ap-northeast-1.amazonaws.com/42650/medium/a95c0c67-e243-4fa2-a4ac-74192ee6db29.jpg
4sfuxm2b6l8jar5k,https://www.dd-room.com/object/4sfuxm2b6l8jar5k,捷運台電大樓【超值租案】大空間★有陽台★大面採光,16499,32998,500,臺北市大安區泰順街,大安區,泰順街,25.0250271,121.5314639,1房1衛1陽台,1,0,1,0,1,2.0,獨立套房,apt,6.0,3,4,12,2026-06-24,broker,有陽台,未提供,未提供,未提供,限男性,5,https://img1.591.com.tw/house/2026/06/25/178238878581404203.png!1000x.png | https://img1.591.com.tw/house/2026/06/25/178238878600252602.png!1000x.png | https://img2.591.com.tw/house/2026/06/25/178238878589619402.png!1000x.png | https://img1.591.com.tw/house/2026/06/25/178238878591900403.png!1000x.png | https://img2.591.com.tw/house/2026/06/25/178238878598163603.png!1000x.png
ntvfpplbktcuo2gv,https://www.dd-room.com/object/ntvfpplbktcuo2gv,捷運大安3分【精緻2房1廳】可補助★垃圾代收★警衛管理,28587,57174,300,臺北市大安區信義路四段,大安區,信義路四段,25.0332246,121.5472642,2房1廳1衛,2,1,1,0,0,2.0,整層,apt,10.0,2,6,12,2026-06-24,broker,可養貓、可養狗、可開伙、垃圾代收、租金補貼,未提供,未提供,未提供,未提供,8,https://renco-rentals-prod.s3.ap-northeast-1.amazonaws.com/25541/medium/7a600ef3-1434-4f4a-b97e-ee3b3506385c.jpg | https://renco-rentals-prod.s3.ap-northeast-1.amazonaws.com/25541/medium/8ffd277b-ff2a-4c5a-9dcc-6b43bba6bb7a.jpg | https://renco-rentals-prod.s3.ap-northeast-1.amazonaws.com/25541/medium/d8c60724-e68d-411c-8475-2bc81f51d65e.jpg | https://renco-rentals-prod.s3.ap-northeast-1.amazonaws.com/25541/medium/70f66336-8250-4b1f-a468-751adc075088.jpg | https://renco-rentals-prod.s3.ap-northeast-1.amazonaws.com/25541/medium/6458dec3-2947-4754-a99f-b6a044f94fe9.jpg | https://renco-rentals-prod.s3.ap-northeast-1.amazonaws.com/25541/medium/cccb0339-b3ad-4385-b9bc-0d35e44750e8.jpg | https://renco-rentals-prod.s3.ap-northeast-1.amazonaws.com/25541/medium/cb40afa6-7a89-46fb-9f4a-2f1bd2027e7a.jpg | https://renco-rentals-prod.s3.ap-northeast-1.amazonaws.com/25541/medium/c1a7bdba-9bac-4ad5-a1a8-99f9af4db13f.jpg
tnfbuzgwopolwmej,https://www.dd-room.com/object/tnfbuzgwopolwmej,捷運明德4分【優質租案】採光優★大空間★獨立衛浴,17999,35998,0,臺北市北投區致遠一路,北投區,致遠一路,25.0858622,121.3708878,1房1衛,1,0,1,0,0,2.0,獨立套房,apt,13.0,3,5,12,2026-06-24,broker,未提供,冰箱、洗衣機、冷氣、熱水器、床、衣櫃、網路、天然瓦斯,未提供,未提供,未提供,5,https://img2.591.com.tw/house/2026/06/25/178237286066217603.jpg!1000x.jpg | https://img2.591.com.tw/house/2026/06/25/178237286068372007.jpg!1000x.jpg | https://img2.591.com.tw/house/2026/06/25/178237286058960300.jpg!1000x.jpg | https://img1.591.com.tw/house/2026/06/25/178237286055483307.jpg!1000x.jpg | https://img1.591.com.tw/house/2026/06/25/178237286073421404.jpg!1000x.jpg
ec2wxdse83vmmtff,https://www.dd-room.com/object/ec2wxdse83vmmtff,捷運南京復興5分【秒殺租案】可補助★景觀戶★有警衛,15999,31998,1500,臺北市松山區長安東路,松山區,長安東路,24.1578702,120.733752,1房1衛,1,0,1,0,0,2.0,獨立套房,elevator,5.0,10,12,12,2026-06-24,broker,有電梯、租金補貼,未提供,未提供,未提供,未提供,7,https://renco-rentals-prod.s3.ap-northeast-1.amazonaws.com/42639/medium/0d7730d1-7b77-4c83-ab3e-84fc8af09bc8.jpg | https://renco-rentals-prod.s3.ap-northeast-1.amazonaws.com/42639/medium/f5849462-7d38-4547-a3da-da2c8526a9f8.jpg | https://renco-rentals-prod.s3.ap-northeast-1.amazonaws.com/42639/medium/e8bf2159-e204-46d8-b9ed-3a13785156f2.jpg | https://renco-rentals-prod.s3.ap-northeast-1.amazonaws.com/42639/medium/eebbe049-f0e9-478f-bc2e-bf7420630a10.jpg | https://renco-rentals-prod.s3.ap-northeast-1.amazonaws.com/42639/medium/8b99a16a-4183-48f7-abe6-b34f05ae8a37.jpg | https://renco-rentals-prod.s3.ap-northeast-1.amazonaws.com/42639/medium/94c9a684-7b36-4bf9-b806-a45938c46537.jpg | https://renco-rentals-prod.s3.ap-northeast-1.amazonaws.com/42639/medium/73bffee2-47f2-4f98-b990-f7c1c301eec0.jpg
j0bvn1ed3fiq1b7r,https://www.dd-room.com/object/j0bvn1ed3fiq1b7r,捷運中山2分【超值租案】採光優★低樓層★精緻裝潢,14999,29998,0,臺北市中山區南京西路,中山區,南京西路,25.0525017,121.5213531,1房1衛,1,0,1,0,0,2.0,獨立套房,apt,4.0,3,3,12,2026-06-24,broker,未提供,未提供,未提供,未提供,未提供,6,https://renco-rentals-prod.s3.ap-northeast-1.amazonaws.com/42669/medium/31780c2b-2a34-4a56-a187-470a5c8defaf.jpg | https://renco-rentals-prod.s3.ap-northeast-1.amazonaws.com/42669/medium/42934c20-b97d-4b8b-a35f-d3dff67f7ce5.jpg | https://renco-rentals-prod.s3.ap-northeast-1.amazonaws.com/42669/medium/e52bb8c8-4f73-4600-a27f-5f63b58aef33.jpg | https://renco-rentals-prod.s3.ap-northeast-1.amazonaws.com/42669/medium/aa9925b4-650c-46dd-b8f5-fc7cdb5c80a8.jpg | https://renco-rentals-prod.s3.ap-northeast-1.amazonaws.com/42669/medium/7368e35c-3ab3-4d96-a25c-b3264f9c02fd.jpg | https://renco-rentals-prod.s3.ap-northeast-1.amazonaws.com/42669/medium/a294095e-97dc-4ca5-b157-ec949d061553.jpg
1mlxsm3rrw9e74vh,https://www.dd-room.com/object/1mlxsm3rrw9e74vh,捷運世貿2分【景觀3房2衛】可寵★可營登★一層2戶,88999,177998,3500,臺北市信義區松勤街,信義區,松勤街,25.0319783,121.5647971,3房2廳2衛2陽台,3,2,2,0,2,3.0,整層,elevator,51.0,6,8,12,2026-06-24,broker,可養貓、可養狗、可開伙、有電梯、有陽台,冰箱、洗衣機、電視、冷氣、熱水器、床、衣櫃、天然瓦斯、沙發、桌子、椅子,未提供,未提供,未提供,15,https://img1.591.com.tw/house/2026/06/25/178238867347776603.png!1000x.png | https://img1.591.com.tw/house/2026/06/25/178238867367833605.png!1000x.png | https://img2.591.com.tw/house/2026/06/25/178238867306902409.png!1000x.png | https://img1.591.com.tw/house/2026/06/25/178238867378140808.png!1000x.png | https://img1.591.com.tw/house/2026/06/25/178238867358968401.png!1000x.png | https://img1.591.com.tw/house/2026/06/25/178238867339506007.png!1000x.png | https://img2.591.com.tw/house/2026/06/25/178238867348991001.png!1000x.png | https://img1.591.com.tw/house/2026/06/25/178238867411471004.png!1000x.png | https://img2.591.com.tw/house/2026/06/25/178238867315609306.png!1000x.png | https://img1.591.com.tw/house/2026/06/25/178238867310205005.png!1000x.png | https://img2.591.com.tw/house/2026/06/25/178238867391782208.png!1000x.png | https://img2.591.com.tw/house/2026/06/25/178238867335191306.png!1000x.png | https://img2.591.com.tw/house/2026/06/25/178238867315596908.png!1000x.png | https://img2.591.com.tw/house/2026/06/25/178238867388680301.png!1000x.png | https://img1.591.com.tw/house/2026/06/25/178238867396784606.png!1000x.png
qx7i2vivvphwwngj,https://www.dd-room.com/object/qx7i2vivvphwwngj,免佣）捷運科技大樓1分【超值租案】採光優★傢俱齊★北教大,12999,25998,0,臺北市大安區復興南路二段,大安區,復興南路二段,25.0242174,121.5433511,1房1衛,1,0,1,0,0,2.0,獨立套房,apt,7.0,4,4,12,2026-06-24,broker,免仲介費,未提供,未提供,未提供,未提供,5,https://renco-rentals-prod.s3.ap-northeast-1.amazonaws.com/15321/medium/8f7b9451-bafd-495e-991c-01eeada2a2f4.png | https://renco-rentals-prod.s3.ap-northeast-1.amazonaws.com/15321/medium/29a7dd74-1126-4139-ba00-f22b3165693e.png | https://renco-rentals-prod.s3.ap-northeast-1.amazonaws.com/15321/medium/874649bb-9afa-4918-8d2d-3a2c1eb106cf.png | https://renco-rentals-prod.s3.ap-northeast-1.amazonaws.com/15321/medium/aa341089-2747-4104-907c-de241963c882.png | https://renco-rentals-prod.s3.ap-northeast-1.amazonaws.com/15321/medium/68799903-0bb5-4ad4-b4f6-b883a9b29940.png
9celc4vxcdna7pj3,https://www.dd-room.com/object/9celc4vxcdna7pj3,民生社區【優質租案】獨洗衣機★垃圾代收★採光優,17999,35998,0,臺北市松山區民生東路五段,松山區,民生東路五段,25.0592086,121.568304,1房1衛,1,0,1,0,0,2.0,獨立套房,apt,5.0,4,4,12,2026-06-24,broker,可開伙、垃圾代收,未提供,未提供,未提供,未提供,6,https://renco-rentals-prod.s3.ap-northeast-1.amazonaws.com/16916/medium/18811373-64bd-44c6-8289-ad01106aef78.png | https://renco-rentals-prod.s3.ap-northeast-1.amazonaws.com/16916/medium/cae2eee7-e05f-4850-ad0f-37274b8403c5.png | https://renco-rentals-prod.s3.ap-northeast-1.amazonaws.com/16916/medium/3d5339e7-39c6-4f52-a0da-83753291f6f5.png | https://renco-rentals-prod.s3.ap-northeast-1.amazonaws.com/16916/medium/6a5fed62-e35d-42d1-9ade-91bf167041a2.png | https://renco-rentals-prod.s3.ap-northeast-1.amazonaws.com/16916/medium/c1039a8a-6baa-4151-a96b-944fefcb6033.png | https://renco-rentals-prod.s3.ap-northeast-1.amazonaws.com/16916/medium/8a52a659-0168-49ed-9d5b-384a49b12a30.png
w74awkqju3swciid,https://www.dd-room.com/object/w74awkqju3swciid,捷運大安3分【精緻2房1廳】可補助★新裝潢★警衛管理,28500,57000,303,臺北市大安區信義路四段,大安區,信義路四段,25.0332246,121.5472642,2房1廳1衛,2,1,1,0,0,2.0,整層,apt,13.0,2,6,12,2026-06-24,broker,可開伙、租金補貼,未提供,未提供,未提供,未提供,10,https://renco-rentals-prod.s3.ap-northeast-1.amazonaws.com/25329/medium/d7ad4e44-9f58-4264-b7af-d80f2ca9263b.png | https://renco-rentals-prod.s3.ap-northeast-1.amazonaws.com/25329/medium/65595d9d-84a6-40ab-a4cf-35c1afc85e68.png | https://renco-rentals-prod.s3.ap-northeast-1.amazonaws.com/25329/medium/4ddb3b55-26bc-41ce-841e-a05ec551032c.png | https://renco-rentals-prod.s3.ap-northeast-1.amazonaws.com/25329/medium/0c7ab204-5500-40f0-b44e-edcfa7133a8d.png | https://renco-rentals-prod.s3.ap-northeast-1.amazonaws.com/25329/medium/9f94d02f-21c8-458a-bde4-46a2237c5151.png | https://renco-rentals-prod.s3.ap-northeast-1.amazonaws.com/25329/medium/f5af9e69-79f3-43c9-b628-6507cf45b36b.png | https://renco-rentals-prod.s3.ap-northeast-1.amazonaws.com/25329/medium/0d829549-d669-40ae-af65-c053a2a87846.png | https://renco-rentals-prod.s3.ap-northeast-1.amazonaws.com/25329/medium/5f363896-5372-432f-9d97-b803722a2611.png | https://renco-rentals-prod.s3.ap-northeast-1.amazonaws.com/25329/medium/d4c2a12d-af1d-4ed7-99d5-577aef13506d.png | https://renco-rentals-prod.s3.ap-northeast-1.amazonaws.com/25329/medium/5969bbb2-5251-4f11-bac6-d303de68541d.png
cxxmnmuk5pe8humq,https://www.dd-room.com/object/cxxmnmuk5pe8humq,近捷運信義安和【優質電梯】小廚房★有陽台★警衛管理,34000,68000,1910,臺北市大安區敦化南路二段,大安區,敦化南路二段,25.0333105,121.5490456,1房1衛1陽台,1,0,1,0,1,2.0,獨立套房,elevator,12.0,8,16,12,2026-06-24,broker,可開伙、有電梯、有陽台,未提供,未提供,未提供,未提供,7,https://renco-rentals-prod.s3.ap-northeast-1.amazonaws.com/24595/medium/5672286a-1247-4098-b9dc-5ddc5d2ec60c.png | https://renco-rentals-prod.s3.ap-northeast-1.amazonaws.com/24595/medium/6408a480-e414-45ea-b847-fc18957972b3.png | https://renco-rentals-prod.s3.ap-northeast-1.amazonaws.com/24595/medium/310e6743-f40c-4602-a7ef-f3aa90898127.png | https://renco-rentals-prod.s3.ap-northeast-1.amazonaws.com/24595/medium/308ff2d3-7c41-4d2a-92c5-fcc5460264f5.png | https://renco-rentals-prod.s3.ap-northeast-1.amazonaws.com/24595/medium/3ad54073-bd22-4c4a-8dd9-5a3182041e2e.png | https://renco-rentals-prod.s3.ap-northeast-1.amazonaws.com/24595/medium/36e7757a-d076-4614-93f7-fc86e648e4c1.png | https://renco-rentals-prod.s3.ap-northeast-1.amazonaws.com/24595/medium/9375eab7-ef14-4184-9433-2d5c0b160436.png
aplzhyrz1f47kzsc,https://www.dd-room.com/object/aplzhyrz1f47kzsc,私人花園魚池 超大雙車位 頂級豪宅,74800,149600,0,臺北市士林區磺溪街,士林區,磺溪街,25.1072381,121.5230808,4房2廳2衛1廚1陽台,4,2,2,1,1,4.0,整層,apt,75.0,1,4,12,2026-06-24,broker,可開伙、對外窗、水泥隔間、水費照台水、電費照台電、有陽台,床、桌子、沙發、衣櫃、冷氣、洗衣機、冰箱、電視、流理台、熱水器、天然瓦斯、排油煙機、瓦斯爐,有汽車車位,未提供,未提供,13,https://static.dd-room.com/images/object/a/p/l/aplzhyrz1f47kzsc/cover/52dfb343ea1908af91ab4229c1543ce7_766x510.jpg | https://static.dd-room.com/images/object/a/p/l/aplzhyrz1f47kzsc/cover/155fac6b7eef22678d1339d2873ffda4_766x510.jpg | https://static.dd-room.com/images/object/a/p/l/aplzhyrz1f47kzsc/cover/9e19eae80166f1f3666a0084a8cd77ca_766x510.jpg | https://static.dd-room.com/images/object/a/p/l/aplzhyrz1f47kzsc/cover/4f6353d07a45a7f4f8a023aff0e79110_766x510.jpg | https://static.dd-room.com/images/object/a/p/l/aplzhyrz1f47kzsc/cover/d1f4159ad163b07b5d34f5a182d3208a_766x510.jpg | https://static.dd-room.com/images/object/a/p/l/aplzhyrz1f47kzsc/cover/bf97992d4f6cb69a89678ffc0c5ebe04_766x510.jpg | https://static.dd-room.com/images/object/a/p/l/aplzhyrz1f47kzsc/cover/435443708445fab7acd3048ddd36645a_766x510.jpg | https://static.dd-room.com/images/object/a/p/l/aplzhyrz1f47kzsc/cover/4deac94cebc03866621df05e02365f51_766x510.jpg | https://static.dd-room.com/images/object/a/p/l/aplzhyrz1f47kzsc/cover/d8f4fd9f57747c97f361a21ebf4e72bd_766x510.jpg | https://static.dd-room.com/images/object/a/p/l/aplzhyrz1f47kzsc/cover/2421ba93c6d1a3a524d1dfc61f57c161_766x510.jpg | https://static.dd-room.com/images/object/a/p/l/aplzhyrz1f47kzsc/cover/27fce5b64d021a04e48254da75812dc0_766x510.jpg | https://static.dd-room.com/images/object/a/p/l/aplzhyrz1f47kzsc/cover/8acfc0de715a22da26dbfff396d3fb5a_766x510.jpg | https://static.dd-room.com/images/object/a/p/l/aplzhyrz1f47kzsc/cover/b0b6d9ac0e8726d2e4ab017295b17fbf_766x510.jpg
a2sldzmlrf6c7qaj,https://www.dd-room.com/object/a2sldzmlrf6c7qaj,北投站◎高樓景觀二房,65000,130000,2640,臺北市北投區大業路,北投區,大業路,25.1352964,121.4966738,2房1廳1衛1廚1陽台,2,1,1,1,1,2.0,整層,elevator,24.0,21,24,12,2026-06-24,broker,對外窗、氣密窗、有電梯、可無火煮食、垃圾代收、包裹代收、水費照台水、電費照台電、有陽台、水泥隔間,床、桌子、椅子、沙發、衣櫃、冷氣、洗衣機、冰箱、電視、流理台、熱水器、天然瓦斯、排油煙機、電磁爐,未提供,管理費,未提供,9,https://static.dd-room.com/images/object/a/2/s/a2sldzmlrf6c7qaj/cover/316b65c854f174fcae23aa8f36fa73c2_766x510.jpg | https://static.dd-room.com/images/object/a/2/s/a2sldzmlrf6c7qaj/cover/c68b293c57aaf42e0c09ecfa1e192624_766x510.jpg | https://static.dd-room.com/images/object/a/2/s/a2sldzmlrf6c7qaj/cover/532009ffa8839f486831842a52cb9665_766x510.jpg | https://static.dd-room.com/images/object/a/2/s/a2sldzmlrf6c7qaj/cover/13f9b17ebb449fea7f8788a38b51b8ce_766x510.jpg | https://static.dd-room.com/images/object/a/2/s/a2sldzmlrf6c7qaj/cover/a37a7685a97430454bf777128113967c_766x510.jpg | https://static.dd-room.com/images/object/a/2/s/a2sldzmlrf6c7qaj/cover/653fae67489c679c8236debf4261262b_766x510.jpg | https://static.dd-room.com/images/object/a/2/s/a2sldzmlrf6c7qaj/cover/4b087c25a0b20ca26cfe4315630ea602_766x510.jpg | https://static.dd-room.com/images/object/a/2/s/a2sldzmlrf6c7qaj/cover/87f8f2dbb61c689bf820529f455b0dd8_766x510.jpg | https://static.dd-room.com/images/object/a/2/s/a2sldzmlrf6c7qaj/cover/40432fe07d7f720aad8a00a8df5f95b7_766x510.jpg
bvtlelc3dndehr1u,https://www.dd-room.com/object/bvtlelc3dndehr1u,寧靜庭院社區◎東吳大學◎3+1房,63000,126000,5640,臺北市士林區至善路二段,士林區,至善路二段,25.110942,121.5576946,4房2廳2衛1廚1陽台,4,2,2,1,1,4.0,整層,elevator,53.0,3,7,12,2026-06-24,broker,可開伙、水泥隔間、有電梯、氣密窗、對外窗、垃圾代收、包裹代收、水費照台水、電費照台電、有陽台,床、桌子、椅子、沙發、衣櫃、冷氣、冰箱、流理台、熱水器、天然瓦斯、排油煙機、瓦斯爐,有汽車車位,未提供,未提供,15,https://static.dd-room.com/images/object/b/v/t/bvtlelc3dndehr1u/cover/0e1ea0582b45493fea64c0abeeb70fce_766x510.jpg | https://static.dd-room.com/images/object/b/v/t/bvtlelc3dndehr1u/cover/282725b087b5cd90f007dacf12a8de18_766x510.jpg | https://static.dd-room.com/images/object/b/v/t/bvtlelc3dndehr1u/cover/651819a1ff75dd6f263e18946a6b4cc8_766x510.jpg | https://static.dd-room.com/images/object/b/v/t/bvtlelc3dndehr1u/cover/197a5bdeb48a0f75e1b4b450095720ff_766x510.jpg | https://static.dd-room.com/images/object/b/v/t/bvtlelc3dndehr1u/cover/bb0c2557f6e178ba124888c5ee3adc78_766x510.jpg | https://static.dd-room.com/images/object/b/v/t/bvtlelc3dndehr1u/cover/e92b1d878eb6ea7b66c0ce0dc53fb28e_766x510.jpg | https://static.dd-room.com/images/object/b/v/t/bvtlelc3dndehr1u/cover/07dbe4691507f30e4b9653ac2dfd8129_766x510.jpg | https://static.dd-room.com/images/object/b/v/t/bvtlelc3dndehr1u/cover/edc4b0194571b2e016263bc1c17e6bac_766x510.jpg | https://static.dd-room.com/images/object/b/v/t/bvtlelc3dndehr1u/cover/79ca775076c4926e81e00ef4233af9e1_766x510.jpg | https://static.dd-room.com/images/object/b/v/t/bvtlelc3dndehr1u/cover/0c7511bd893ee7638b48e77426bdbe41_766x510.jpg | https://static.dd-room.com/images/object/b/v/t/bvtlelc3dndehr1u/cover/1ef7f777c64463fc44f170fa40503957_766x510.jpg | https://static.dd-room.com/images/object/b/v/t/bvtlelc3dndehr1u/cover/0a6fffac9bf32c4d998d925e144809f9_766x510.jpg | https://static.dd-room.com/images/object/b/v/t/bvtlelc3dndehr1u/cover/5d91efd2d33d4e1c9e3a43905c348a29_766x510.jpg | https://static.dd-room.com/images/object/b/v/t/bvtlelc3dndehr1u/cover/d32aa955d7342bb4f215b43c156b0dad_766x510.jpg | https://static.dd-room.com/images/object/b/v/t/bvtlelc3dndehr1u/cover/45045cf4d573d174c655a6545d7471af_766x510.jpg
61zwdxmzveoa80fj,https://www.dd-room.com/object/61zwdxmzveoa80fj,天母東和公園●電梯三房,38000,76000,1060,臺北市士林區中山北路七段,士林區,中山北路七段,25.1208556,121.5313422,3房2廳2衛1廚2陽台,3,2,2,1,2,3.0,整層,elevator,46.0,3,6,12,2026-06-24,broker,可開伙、水泥隔間、有電梯、對外窗、有陽台、水費照台水、電費照台電,桌子、椅子、衣櫃、冷氣、洗衣機、冰箱、流理台、熱水器、天然瓦斯、排油煙機、瓦斯爐,未提供,未提供,未提供,13,https://static.dd-room.com/images/object/6/1/z/61zwdxmzveoa80fj/cover/9248930748995f9f3243f94f1129c5a7_766x510.jpg | https://static.dd-room.com/images/object/6/1/z/61zwdxmzveoa80fj/cover/52c47656c80142dec91d4d362a692a01_766x510.jpg | https://static.dd-room.com/images/object/6/1/z/61zwdxmzveoa80fj/cover/26eebe23306c81537aaec7bbb92c2860_766x510.jpg | https://static.dd-room.com/images/object/6/1/z/61zwdxmzveoa80fj/cover/8ea1bdcf809c0465a49cf27f67fb493b_766x510.jpg | https://static.dd-room.com/images/object/6/1/z/61zwdxmzveoa80fj/cover/3f7d2e89fdf2d032ca8f4831728365a5_766x510.jpg | https://static.dd-room.com/images/object/6/1/z/61zwdxmzveoa80fj/cover/0ed7f758133f8ecbc00ef847483aa313_766x510.jpg | https://static.dd-room.com/images/object/6/1/z/61zwdxmzveoa80fj/cover/1e25287d7cbeee7e3843009c0435d184_766x510.jpg | https://static.dd-room.com/images/object/6/1/z/61zwdxmzveoa80fj/cover/dd5a5f75b30755d76ec34cb9a3f7e5a2_766x510.jpg | https://static.dd-room.com/images/object/6/1/z/61zwdxmzveoa80fj/cover/486b0a6b7ed700a1e7da9ab9530c8c38_766x510.jpg | https://static.dd-room.com/images/object/6/1/z/61zwdxmzveoa80fj/cover/f2de71f41a44428d1f47112ea621de19_766x510.jpg | https://static.dd-room.com/images/object/6/1/z/61zwdxmzveoa80fj/cover/5e922e2f25e0339654ffc3c979005c5f_766x510.jpg | https://static.dd-room.com/images/object/6/1/z/61zwdxmzveoa80fj/cover/35b0d1a88efddfd80b35c58424bcc505_766x510.jpg | https://static.dd-room.com/images/object/6/1/z/61zwdxmzveoa80fj/cover/82f9dc02412433d7eaf65e7bcd74bedc_766x510.jpg
3lcspr8szynhlzdb,https://www.dd-room.com/object/3lcspr8szynhlzdb,奇岩站●景觀高樓層,40000,80000,3600,臺北市北投區中央南路二段,北投區,中央南路二段,25.124174,121.5002337,2房1廳2衛1廚2陽台,2,1,2,1,2,2.0,整層,elevator,30.8,14,19,12,2026-06-24,broker,可無火煮食、氣密窗、有電梯、水泥隔間、垃圾代收、包裹代收、水費照台水、電費照台電、可報稅、有陽台、對外窗,床、桌子、椅子、衣櫃、鞋櫃、櫃子、冷氣、洗衣機、冰箱、電視、流理台、熱水器、排油煙機、電磁爐,有汽車車位,未提供,未提供,11,https://static.dd-room.com/images/object/3/l/c/3lcspr8szynhlzdb/cover/c9b7007e056a0ee520026dfd797c3e7b_766x510.jpg | https://static.dd-room.com/images/object/3/l/c/3lcspr8szynhlzdb/cover/72ff24d68562fc61f90ca772036c567b_766x510.jpg | https://static.dd-room.com/images/object/3/l/c/3lcspr8szynhlzdb/cover/0fb56a224bd5fa2a7e490c9bdf236e13_766x510.jpg | https://static.dd-room.com/images/object/3/l/c/3lcspr8szynhlzdb/cover/956ad505efbf4a29b0b3a8f570ac3340_766x510.jpg | https://static.dd-room.com/images/object/3/l/c/3lcspr8szynhlzdb/cover/d4522bf7a9376f03fcfdc9af4040cf82_766x510.jpg | https://static.dd-room.com/images/object/3/l/c/3lcspr8szynhlzdb/cover/ece1056eab018b46c4fc19bfa29aadb8_766x510.jpg | https://static.dd-room.com/images/object/3/l/c/3lcspr8szynhlzdb/cover/597c0f15be526038f34ec2c88399a496_766x510.jpg | https://static.dd-room.com/images/object/3/l/c/3lcspr8szynhlzdb/cover/04204f25853d84e42d1ace19fa495d8c_766x510.jpg | https://static.dd-room.com/images/object/3/l/c/3lcspr8szynhlzdb/cover/b4e8fd08adab38b6e9e5c3dfaf007dd2_766x510.jpg | https://static.dd-room.com/images/object/3/l/c/3lcspr8szynhlzdb/cover/1f988aa5f9b0f3d9d31054b7194c9e7a_766x510.jpg | https://static.dd-room.com/images/object/3/l/c/3lcspr8szynhlzdb/cover/0ae68b75c5fefc1da1a3a2efe416dadc_766x510.jpg
cjxrqjmarikahiql,https://www.dd-room.com/object/cjxrqjmarikahiql,陽明山優質社區泳池別墅,180000,360000,10000,臺北市士林區莊頂路,士林區,莊頂路,25.1100802,121.5525324,6房3廳4衛1廚2陽台,6,3,4,1,2,6.0,整層,villa,148.0,999,2,12,2026-06-24,broker,可養狗、可養貓、可開伙、可養其他寵物、水泥隔間、對外窗、包裹代收、垃圾代收、電費照台電、水費照台水、有陽台,衣櫃、冷氣、洗衣機、冰箱、流理台、熱水器、排油煙機、瓦斯爐,有汽車車位,未提供,未提供,15,https://static.dd-room.com/images/object/c/j/x/cjxrqjmarikahiql/cover/b0ad58898ccfbf78aafcdf49f60cbc49_766x510.jpg | https://static.dd-room.com/images/object/c/j/x/cjxrqjmarikahiql/cover/7c18e007691f24d1930734c707185230_766x510.jpg | https://static.dd-room.com/images/object/c/j/x/cjxrqjmarikahiql/cover/2292a43a2e528e1dde3328adc74cbd59_766x510.jpg | https://static.dd-room.com/images/object/c/j/x/cjxrqjmarikahiql/cover/5a5a8bcd9244d72aef91f5434608bafb_766x510.jpg | https://static.dd-room.com/images/object/c/j/x/cjxrqjmarikahiql/cover/cc99e3e1d9b5c3e697ba9e7a8a6f33ca_766x510.jpg | https://static.dd-room.com/images/object/c/j/x/cjxrqjmarikahiql/cover/b2e9bf748a85cec485b92a3eae925de2_766x510.jpg | https://static.dd-room.com/images/object/c/j/x/cjxrqjmarikahiql/cover/7002de85bb39d87cfb5471ce2f2cad5a_766x510.jpg | https://static.dd-room.com/images/object/c/j/x/cjxrqjmarikahiql/cover/9d5fcde800319eb5d09ca4b9cdb6eac5_766x510.jpg | https://static.dd-room.com/images/object/c/j/x/cjxrqjmarikahiql/cover/5316f0683f04cccbc811a16832425183_766x510.jpg | https://static.dd-room.com/images/object/c/j/x/cjxrqjmarikahiql/cover/bd69d4ae2f95dd3524bba635024cd190_766x510.jpg | https://static.dd-room.com/images/object/c/j/x/cjxrqjmarikahiql/cover/4943e680ebb2fd656d327dfca5571584_766x510.jpg | https://static.dd-room.com/images/object/c/j/x/cjxrqjmarikahiql/cover/113d5c6f04bb5405ed1ae53b0fe95130_766x510.jpg | https://static.dd-room.com/images/object/c/j/x/cjxrqjmarikahiql/cover/0add8e81a4cdc079d6f7adb7a0bacbb8_766x510.jpg | https://static.dd-room.com/images/object/c/j/x/cjxrqjmarikahiql/cover/4f0a87a9c2490749bcfd0f22d8237b15_766x510.jpg | https://static.dd-room.com/images/object/c/j/x/cjxrqjmarikahiql/cover/0cda6640b4178a1b77a719cbba7e3c8d_766x510.jpg
jnmxcwrj1ghlh0cn,https://www.dd-room.com/object/jnmxcwrj1ghlh0cn,電梯別墅◆社區中庭泳池,158000,316000,10450,臺北市內湖區民權東路六段,內湖區,民權東路六段,25.0667578,121.5995109,6房2廳5衛1廚5陽台,6,2,5,1,5,6.0,整層,house,87.0,999,4,12,2026-06-24,broker,可開伙、水泥隔間、有電梯、對外窗、氣密窗、垃圾代收、包裹代收、水費照台水、電費照台電、有陽台,床、桌子、椅子、沙發、衣櫃、冷氣、洗衣機、冰箱、電視、流理台、熱水器、天然瓦斯、排油煙機、瓦斯爐,有汽車車位,未提供,未提供,15,https://static.dd-room.com/images/object/j/n/m/jnmxcwrj1ghlh0cn/cover/f530fb7fde8c1ba8945f742f729ef129_766x510.jpg | https://static.dd-room.com/images/object/j/n/m/jnmxcwrj1ghlh0cn/cover/611015909d58fc535e9548659fe0bd91_766x510.jpg | https://static.dd-room.com/images/object/j/n/m/jnmxcwrj1ghlh0cn/cover/79dd1ef053b78f340daa9c8695ea6f26_766x510.jpg | https://static.dd-room.com/images/object/j/n/m/jnmxcwrj1ghlh0cn/cover/7b3c57469f30d552f3e4529b78f9329b_766x510.jpg | https://static.dd-room.com/images/object/j/n/m/jnmxcwrj1ghlh0cn/cover/e86f686d465d876a6097da50b1757b39_766x510.jpg | https://static.dd-room.com/images/object/j/n/m/jnmxcwrj1ghlh0cn/cover/f2408c57b8165a79b3f3fc0cff50d456_766x510.jpg | https://static.dd-room.com/images/object/j/n/m/jnmxcwrj1ghlh0cn/cover/766720640637028e814d4928e40d5feb_766x510.jpg | https://static.dd-room.com/images/object/j/n/m/jnmxcwrj1ghlh0cn/cover/82cd91c9974985d9bbafbb5c449ee9f5_766x510.jpg | https://static.dd-room.com/images/object/j/n/m/jnmxcwrj1ghlh0cn/cover/6bfca4ad3573439f8d9694c504f62a17_766x510.jpg | https://static.dd-room.com/images/object/j/n/m/jnmxcwrj1ghlh0cn/cover/902a91f2d1f24e9b7e3cc01bc7f08e10_766x510.jpg | https://static.dd-room.com/images/object/j/n/m/jnmxcwrj1ghlh0cn/cover/1b92a2beb3995931c3e09f336f61a24d_766x510.jpg | https://static.dd-room.com/images/object/j/n/m/jnmxcwrj1ghlh0cn/cover/4cef675a32b0e54856ccfa5fb1dd8628_766x510.jpg | https://static.dd-room.com/images/object/j/n/m/jnmxcwrj1ghlh0cn/cover/7b0165b2efed5cac36271975bbd4d229_766x510.jpg | https://static.dd-room.com/images/object/j/n/m/jnmxcwrj1ghlh0cn/cover/cf3ae960e580961507bca48aa36d6171_766x510.jpg | https://static.dd-room.com/images/object/j/n/m/jnmxcwrj1ghlh0cn/cover/a5f1eedc57f1487b38f4bdd809114b95_766x510.jpg
y5tqv2ib40sph0p9,https://www.dd-room.com/object/y5tqv2ib40sph0p9,AIT特區◆電梯別墅,188800,377600,20000,臺北市內湖區民權東路六段,內湖區,民權東路六段,25.0667578,121.5995109,6房4廳6衛1廚6陽台,6,4,6,1,6,6.0,整層,villa,154.0,999,4,24,2026-06-24,broker,可開伙、水泥隔間、有電梯、對外窗、垃圾代收、包裹代收、水費照台水、電費照台電、有陽台,沙發、冷氣、流理台、熱水器、天然瓦斯、排油煙機、瓦斯爐,有汽車車位,未提供,未提供,15,https://static.dd-room.com/images/object/y/5/t/y5tqv2ib40sph0p9/cover/5b3ddf7f6f3b5c530634e6974a8663c7_766x510.jpg | https://static.dd-room.com/images/object/y/5/t/y5tqv2ib40sph0p9/cover/c1cdb8d93dadf8545cb104c877997499_766x510.jpg | https://static.dd-room.com/images/object/y/5/t/y5tqv2ib40sph0p9/cover/7ad95dd8ca94f913e2d3b3cb18c7e1ff_766x510.jpg | https://static.dd-room.com/images/object/y/5/t/y5tqv2ib40sph0p9/cover/e967ea453de13daa31c0bb9a08e71a89_766x510.jpg | https://static.dd-room.com/images/object/y/5/t/y5tqv2ib40sph0p9/cover/f3bc49336eaa7ec450ab2b4059897752_766x510.jpg | https://static.dd-room.com/images/object/y/5/t/y5tqv2ib40sph0p9/cover/054a2febe9e2e59492d3bb6ee538a5b9_766x510.jpg | https://static.dd-room.com/images/object/y/5/t/y5tqv2ib40sph0p9/cover/d573cd2a657b3c9a0f28f9a894256f71_766x510.jpg | https://static.dd-room.com/images/object/y/5/t/y5tqv2ib40sph0p9/cover/2458562b164270c7e0e481b8905a16b3_766x510.jpg | https://static.dd-room.com/images/object/y/5/t/y5tqv2ib40sph0p9/cover/f7ac246955b0818bb6e68d74d39f001c_766x510.jpg | https://static.dd-room.com/images/object/y/5/t/y5tqv2ib40sph0p9/cover/eb50df6d44ee3bb883aaf33197ac1324_766x510.jpg | https://static.dd-room.com/images/object/y/5/t/y5tqv2ib40sph0p9/cover/cef537245e091a31a6bfa803ca5fca7c_766x510.jpg | https://static.dd-room.com/images/object/y/5/t/y5tqv2ib40sph0p9/cover/e45b0c666376bf4e3044c32dcefec80c_766x510.jpg | https://static.dd-room.com/images/object/y/5/t/y5tqv2ib40sph0p9/cover/7dcce55a996a7b0ddf45ea32a02aa169_766x510.jpg | https://static.dd-room.com/images/object/y/5/t/y5tqv2ib40sph0p9/cover/2c0db3b040f67491df0067ce68bde75c_766x510.jpg | https://static.dd-room.com/images/object/y/5/t/y5tqv2ib40sph0p9/cover/cae7009f59583d36c22d186080295ff9_766x510.jpg
mjvrbjyseqxysmnv,https://www.dd-room.com/object/mjvrbjyseqxysmnv,陽明山●獨門獨院●泳池別墅,138000,276000,0,臺北市士林區永公路,士林區,永公路,25.1367946,121.5671248,5房3廳4衛1廚3陽台,5,3,4,1,3,5.0,整層,villa,106.0,999,2,24,2026-06-24,broker,可養貓、可養狗、可養其他寵物、可開伙、水泥隔間、對外窗、水費照台水、電費照台電、有陽台,衣櫃、冷氣、流理台、熱水器、排油煙機、瓦斯爐,有機車車位、有汽車車位,未提供,未提供,10,https://static.dd-room.com/images/object/m/j/v/mjvrbjyseqxysmnv/cover/fd867d86c9c0017f06dda962c4bc52d0_766x510.jpg | https://static.dd-room.com/images/object/m/j/v/mjvrbjyseqxysmnv/cover/f171f494fd0e9b3b3c2e7023297d8202_766x510.jpg | https://static.dd-room.com/images/object/m/j/v/mjvrbjyseqxysmnv/cover/80564c389f64031d5288d9b44526dfdc_766x510.jpg | https://static.dd-room.com/images/object/m/j/v/mjvrbjyseqxysmnv/cover/177d734ddf0ebb3096502ca166652bbe_766x510.jpg | https://static.dd-room.com/images/object/m/j/v/mjvrbjyseqxysmnv/cover/27994cc9b618e398d5a9a73857ecb469_766x510.jpg | https://static.dd-room.com/images/object/m/j/v/mjvrbjyseqxysmnv/cover/e5935adeda4f95907b49fabcb70a7340_766x510.jpg | https://static.dd-room.com/images/object/m/j/v/mjvrbjyseqxysmnv/cover/98e204317681b59a83dbf2a6825a2b33_766x510.jpg | https://static.dd-room.com/images/object/m/j/v/mjvrbjyseqxysmnv/cover/3ab098b22002f680416c91f5ad680385_766x510.jpg | https://static.dd-room.com/images/object/m/j/v/mjvrbjyseqxysmnv/cover/a68f09c0566351b6462a9ce4823a4628_766x510.jpg | https://static.dd-room.com/images/object/m/j/v/mjvrbjyseqxysmnv/cover/9b241b8941485ca3c1e7b088514159a1_766x510.jpg
3by8tkvgupcybwsx,https://www.dd-room.com/object/3by8tkvgupcybwsx,榮總/振興/天母商圈★一層一戶★露臺二房,80000,160000,6000,臺北市北投區石牌路二段,北投區,石牌路二段,25.1187161,121.5206429,2房2廳2衛1廚1陽台,2,2,2,1,1,2.0,整層,elevator,63.3,6,6,12,2026-06-24,broker,對外窗、保全設施、垃圾代收、水費照台水、電費照台電、有電梯、水泥隔間、可開伙、有陽台、可報稅,床、桌子、椅子、沙發、衣櫃、保全設施、冷氣、洗衣機、冰箱、電視、流理台、熱水器、天然瓦斯、排油煙機、瓦斯爐,有汽車車位,未提供,未提供,12,https://static.dd-room.com/images/object/3/b/y/3by8tkvgupcybwsx/cover/7e646ed1a3491006cb3042816b833202_766x510.jpg | https://static.dd-room.com/images/object/3/b/y/3by8tkvgupcybwsx/cover/b8f2582cfd7dc5aa810553d1c56790b7_766x510.jpg | https://static.dd-room.com/images/object/3/b/y/3by8tkvgupcybwsx/cover/adb03ceaa1854beca1f77144679e9bd8_766x510.jpg | https://static.dd-room.com/images/object/3/b/y/3by8tkvgupcybwsx/cover/0464a3e20a819befc2fd5b0b30c4ccf2_766x510.jpg | https://static.dd-room.com/images/object/3/b/y/3by8tkvgupcybwsx/cover/bea5bc58b2d113ed5afc62567e785eff_766x510.jpg | https://static.dd-room.com/images/object/3/b/y/3by8tkvgupcybwsx/cover/5e771c215a38f0812264227b7fd6a8b6_766x510.jpg | https://static.dd-room.com/images/object/3/b/y/3by8tkvgupcybwsx/cover/69acc23ce3cb59e401aa2d098d9628ad_766x510.jpg | https://static.dd-room.com/images/object/3/b/y/3by8tkvgupcybwsx/cover/2e6b7aa7953d4e81f9781cf14aab6b21_766x510.jpg | https://static.dd-room.com/images/object/3/b/y/3by8tkvgupcybwsx/cover/91490dcdffb543d983892ab47c9ddbd4_766x510.jpg | https://static.dd-room.com/images/object/3/b/y/3by8tkvgupcybwsx/cover/feefa2c211784b4c8cd7f7fba49e6f57_766x510.jpg | https://static.dd-room.com/images/object/3/b/y/3by8tkvgupcybwsx/cover/bdc9e953139e87d033b9037658984f59_766x510.jpg | https://static.dd-room.com/images/object/3/b/y/3by8tkvgupcybwsx/cover/951258d64f706593c72c1b542aa80375_766x510.jpg
2xmdwiyckwjdj8hg,https://www.dd-room.com/object/2xmdwiyckwjdj8hg,@@忠孝新生仁愛商圈旁*典雅明亮三房,59825,119650,3675,臺北市大安區新生南路一段,大安區,新生南路一段,25.0439132,121.5329886,3房2廳2衛2陽台,3,2,2,0,2,3.0,整層,elevator,43.1,4,7,12,2026-06-23,broker,對外窗、有電梯、水泥隔間、可開伙,衣櫃、冷氣、熱水器、天然瓦斯,未提供,未提供,未提供,15,https://static.dd-room.com/images/object/2/x/m/2xmdwiyckwjdj8hg/cover/b44fe6f44ae7927b61bb4553b147eb8e_766x510.jpg | https://static.dd-room.com/images/object/2/x/m/2xmdwiyckwjdj8hg/cover/80e64ea04251268852da51854056a905_766x510.jpg | https://static.dd-room.com/images/object/2/x/m/2xmdwiyckwjdj8hg/cover/64cd8acc2c15e964516fb0f0909c9c89_766x510.jpg | https://static.dd-room.com/images/object/2/x/m/2xmdwiyckwjdj8hg/cover/4b35ad2fe965670b4280bc336edac5cc_766x510.jpg | https://static.dd-room.com/images/object/2/x/m/2xmdwiyckwjdj8hg/cover/22cad1a7399fc582da0edc42c98b89e5_766x510.jpg | https://static.dd-room.com/images/object/2/x/m/2xmdwiyckwjdj8hg/cover/c9c83a013cf308b791a2c203a0fa8bfd_766x510.jpg | https://static.dd-room.com/images/object/2/x/m/2xmdwiyckwjdj8hg/cover/0bc12882ebbf1acb97460a35d90bb42f_766x510.jpg | https://static.dd-room.com/images/object/2/x/m/2xmdwiyckwjdj8hg/cover/81be7441e68962cf5de4b640a9469ac2_766x510.jpg | https://static.dd-room.com/images/object/2/x/m/2xmdwiyckwjdj8hg/cover/65d231f014427d738737fbfe6e51397b_766x510.jpg | https://static.dd-room.com/images/object/2/x/m/2xmdwiyckwjdj8hg/cover/3efbe270cc29cbfcf521243b0aea8d26_766x510.jpg | https://static.dd-room.com/images/object/2/x/m/2xmdwiyckwjdj8hg/cover/49b63e89f7e0668784d5b929e68cab44_766x510.jpg | https://static.dd-room.com/images/object/2/x/m/2xmdwiyckwjdj8hg/cover/bf0cdc6e304307d8d028e7ef0342b238_766x510.jpg | https://static.dd-room.com/images/object/2/x/m/2xmdwiyckwjdj8hg/cover/5ecb2c36ef1e5e123b21696decebb8be_766x510.jpg | https://static.dd-room.com/images/object/2/x/m/2xmdwiyckwjdj8hg/cover/508aff9c1f3d7fbd1d80fe4def0edb07_766x510.jpg | https://static.dd-room.com/images/object/2/x/m/2xmdwiyckwjdj8hg/cover/5fdc96e4061b380cbe01ba61111c5380_766x510.jpg
1f1wkfos0rsy3x6c,https://www.dd-room.com/object/1f1wkfos0rsy3x6c,萬壽橋【超值雅房】對外窗★政大首選,5500,11000,0,臺北市文山區新光路一段,文山區,新光路一段,24.9931685,121.5737794,10房1廳10陽台,10,1,0,0,10,2.0,獨立套房,apt,3.0,4,5,12,2026-06-23,broker,可養貓、可養狗、可開伙、有陽台,未提供,未提供,水費,未提供,10,https://renco-rentals-prod.s3.ap-northeast-1.amazonaws.com/42599/medium/1dc79b59-32e5-4f74-ba70-95dc2e8a2a02.jpg | https://renco-rentals-prod.s3.ap-northeast-1.amazonaws.com/42599/medium/1b0ee03d-4844-4b1b-8ec8-bdbc85fb82af.jpg | https://renco-rentals-prod.s3.ap-northeast-1.amazonaws.com/42599/medium/a1eb3bad-47db-404a-9938-5864388a56d4.jpg | https://renco-rentals-prod.s3.ap-northeast-1.amazonaws.com/42599/medium/22b6a39d-3f7c-4ceb-a564-6a800658d8c0.jpg | https://renco-rentals-prod.s3.ap-northeast-1.amazonaws.com/42599/medium/d8e32594-be7c-4ee4-97c6-d371de442ac7.jpg | https://renco-rentals-prod.s3.ap-northeast-1.amazonaws.com/42599/medium/9c179ca9-b81f-4db4-ac26-e566d226dc2d.jpg | https://renco-rentals-prod.s3.ap-northeast-1.amazonaws.com/42599/medium/4dd54bff-8e7b-4713-a890-7b59a7b1faeb.jpg | https://renco-rentals-prod.s3.ap-northeast-1.amazonaws.com/42599/medium/2263eae2-9284-483e-a636-af13c7847934.jpg | https://renco-rentals-prod.s3.ap-northeast-1.amazonaws.com/42599/medium/79a2157e-fcfd-4bbb-9628-4320306298da.jpg | https://renco-rentals-prod.s3.ap-northeast-1.amazonaws.com/42599/medium/dc75d01e-e86c-4906-84f0-d579e8803d14.jpg
33nicgldbjtf8kdp,https://www.dd-room.com/object/33nicgldbjtf8kdp,景美女中【超值3房2衛】附冷氣★房皆有窗★木新商圈,28999,57998,0,臺北市文山區忠順街一段,文山區,忠順街一段,24.983933,121.5581442,3房2廳2衛2陽台,3,2,2,0,2,3.0,整層,apt,18.0,3,4,12,2026-06-23,broker,可開伙、有陽台,冷氣、熱水器,未提供,未提供,未提供,12,https://img1.591.com.tw/house/2026/06/23/178222068839338705.png!1000x.png | https://img1.591.com.tw/house/2026/06/23/178222068834963104.png!1000x.png | https://img2.591.com.tw/house/2026/06/23/178222068848184405.png!1000x.png | https://img1.591.com.tw/house/2026/06/23/178222068797480808.png!1000x.png | https://img2.591.com.tw/house/2026/06/23/178222068784588008.png!1000x.png | https://img1.591.com.tw/house/2026/06/23/178222068837358100.png!1000x.png | https://img2.591.com.tw/house/2026/06/23/178222068818597504.png!1000x.png | https://img1.591.com.tw/house/2026/06/23/178222068788514304.png!1000x.png | https://img2.591.com.tw/house/2026/06/23/178222068834579004.png!1000x.png | https://img2.591.com.tw/house/2026/06/23/178222068811234205.png!1000x.png | https://img2.591.com.tw/house/2026/06/23/178222068846417200.png!1000x.png | https://img1.591.com.tw/house/2026/06/23/178222068870055508.png!1000x.png
7cwuelhmnanovxo5,https://www.dd-room.com/object/7cwuelhmnanovxo5,近捷運古亭【秒殺租案】獨立陽台★附浴缸★大空間,11699,23398,300,臺北市中正區廈門街,中正區,廈門街,25.026447,121.5178804,1房1衛1陽台,1,0,1,0,1,2.0,獨立套房,apt,7.0,5,5,12,2026-06-23,broker,有陽台,未提供,未提供,未提供,未提供,5,https://img1.591.com.tw/house/2026/06/23/178222050032929302.png!1000x.png | https://img2.591.com.tw/house/2026/06/23/178222050029303009.png!1000x.png | https://img1.591.com.tw/house/2026/06/23/178222050064359206.png!1000x.png | https://img2.591.com.tw/house/2026/06/23/178222050034601200.png!1000x.png | https://img1.591.com.tw/house/2026/06/23/178222050062615606.png!1000x.png
cirdfzl8em5ozzje,https://www.dd-room.com/object/cirdfzl8em5ozzje,近捷運市政府【優質電梯】短租洽★精緻裝潢★垃圾代收,19999,39998,0,臺北市信義區基隆路一段,信義區,基隆路一段,25.0486217,121.5687628,1房1衛,1,0,1,0,0,2.0,獨立套房,elevator,4.0,2,11,12,2026-06-23,broker,有電梯、垃圾代收,未提供,未提供,未提供,未提供,4,https://renco-rentals-prod.s3.ap-northeast-1.amazonaws.com/34499/medium/1412897e-df96-4a35-b6e6-d15c10a81db8.jpg | https://renco-rentals-prod.s3.ap-northeast-1.amazonaws.com/34499/medium/9b53e836-85c9-4479-91f6-7e78eeef61c5.jpg | https://renco-rentals-prod.s3.ap-northeast-1.amazonaws.com/34499/medium/6ceac2de-a19f-43bf-a5f1-bb9988009b7d.jpg | https://renco-rentals-prod.s3.ap-northeast-1.amazonaws.com/34499/medium/18feb85d-72f6-4b2f-a23d-751c81bd2b05.jpg
cb9d1m9idx8cxv0i,https://www.dd-room.com/object/cb9d1m9idx8cxv0i,近捷運台電大樓【優質租案】可補助★獨洗衣機★雙面採光,18800,37600,0,臺北市大安區泰順街,大安區,泰順街,25.0250271,121.5314639,1房1衛,1,0,1,0,0,2.0,獨立套房,apt,13.0,6,6,12,2026-06-23,broker,租金補貼,未提供,未提供,未提供,未提供,6,https://renco-rentals-prod.s3.ap-northeast-1.amazonaws.com/18626/medium/6b693b18-4b7a-4335-8bd5-bf4dfedaed2d.png | https://renco-rentals-prod.s3.ap-northeast-1.amazonaws.com/18626/medium/f1e88cf0-adab-46ac-b3ce-5023b554dc8d.png | https://renco-rentals-prod.s3.ap-northeast-1.amazonaws.com/18626/medium/b1069091-d92e-49cb-89dc-a22f3b5246f7.png | https://renco-rentals-prod.s3.ap-northeast-1.amazonaws.com/18626/medium/d3ee2f62-73a0-4238-9104-54ed134c770d.png | https://renco-rentals-prod.s3.ap-northeast-1.amazonaws.com/18626/medium/cf88cc41-bdf2-45af-8050-b8069e32bdc4.png | https://renco-rentals-prod.s3.ap-northeast-1.amazonaws.com/18626/medium/6059c1e4-3e12-4e6f-9438-a30d943ed3eb.png
vjwyipilskpnyrvb,https://www.dd-room.com/object/vjwyipilskpnyrvb,兆基社會住宅🏠友善屋源🧡文化大學凱旋苑獨立套房/雙床房,8000,16000,800,臺北市士林區凱旋路,士林區,凱旋路,25.1362122,121.5444527,1房1衛1陽台,1,0,1,0,1,2.0,獨立套房,apt,5.5,3,5,12,2026-06-23,broker,可養貓、有陽台、租金補貼、可報稅、可入籍、社會住宅、免仲介費,床、桌子、椅子、沙發、衣櫃、冷氣、洗衣機、冰箱、電視、熱水器,未提供,未提供,未提供,9,https://static.dd-room.com/images/object/v/j/w/vjwyipilskpnyrvb/cover/8754300e94775e93a3b8db91e648baab_766x510.jpg | https://static.dd-room.com/images/object/v/j/w/vjwyipilskpnyrvb/cover/76668ad966e792640559deea149c419a_766x510.jpg | https://static.dd-room.com/images/object/v/j/w/vjwyipilskpnyrvb/cover/bc6ccaeaf6dc8c1bc00ceaed7fd028bd_766x510.jpg | https://static.dd-room.com/images/object/v/j/w/vjwyipilskpnyrvb/cover/b1c8671d86d6db28ab3cc50db257c649_766x510.jpg | https://static.dd-room.com/images/object/v/j/w/vjwyipilskpnyrvb/cover/f7287316670f5bb1c52bc3956bb4c480_766x510.jpg | https://static.dd-room.com/images/object/v/j/w/vjwyipilskpnyrvb/cover/93f6323cd61a71041d5fffdc31f2dcf4_766x510.jpg | https://static.dd-room.com/images/object/v/j/w/vjwyipilskpnyrvb/cover/14a82773927db4c789c5f2c3072a3122_766x510.jpg | https://static.dd-room.com/images/object/v/j/w/vjwyipilskpnyrvb/cover/a0b6251330027c0ef498a10fdfebcfe6_766x510.jpg | https://static.dd-room.com/images/object/v/j/w/vjwyipilskpnyrvb/cover/b0f71c88be3371ba746a7838ac511793_766x510.jpg
artl1sgvwpryv2kg,https://www.dd-room.com/object/artl1sgvwpryv2kg,兆基社會住宅🏠友善屋源🧡近忠孝新生/杭州御品精美獨立套房,24500,49000,1479,臺北市中正區濟南路二段,中正區,濟南路二段,25.040416,121.5309804,1房1衛1陽台,1,0,1,0,1,2.0,獨立套房,elevator,9.5,8,10,12,2026-06-23,broker,可無火煮食、可報稅、有電梯、有陽台、可入籍、社會住宅、免仲介費、可開伙、租金補貼,床、桌子、椅子、沙發、衣櫃、冷氣、洗衣機、冰箱、熱水器、天然瓦斯,未提供,未提供,未提供,8,https://static.dd-room.com/images/object/a/r/t/artl1sgvwpryv2kg/cover/6abcc15951aff4d395016be2e23a0f58_766x510.jpg | https://static.dd-room.com/images/object/a/r/t/artl1sgvwpryv2kg/cover/c35006867e6b4bc7e4f33ab5b1612c18_766x510.jpg | https://static.dd-room.com/images/object/a/r/t/artl1sgvwpryv2kg/cover/50f3287e38d254ba04300518cdd7cc2a_766x510.jpg | https://static.dd-room.com/images/object/a/r/t/artl1sgvwpryv2kg/cover/7225bf3c81bafd566cd30e163954507e_766x510.jpg | https://static.dd-room.com/images/object/a/r/t/artl1sgvwpryv2kg/cover/ef6f13634aa79c2fdbaf0157c7457c2a_766x510.jpg | https://static.dd-room.com/images/object/a/r/t/artl1sgvwpryv2kg/cover/2bad68ee061a27f9b4d66d6a0bbe3989_766x510.jpg | https://static.dd-room.com/images/object/a/r/t/artl1sgvwpryv2kg/cover/5537071df36d555020572121a7b275b1_766x510.jpg | https://static.dd-room.com/images/object/a/r/t/artl1sgvwpryv2kg/cover/c6ed1a614b4961fb57fd40b3d2c9f99f_766x510.jpg
utu4mbwqwqkds37o,https://www.dd-room.com/object/utu4mbwqwqkds37o,古亭站雅房A,11500,23000,0,臺北市中正區同安街,中正區,同安街,25.0245245,121.5220233,1房,1,0,0,0,0,2.0,分租套房,apt,2.0,4,5,1,2026-06-23,agent,可開伙、對外窗、水泥隔間、免仲介費,床、桌子、椅子、網路、冷氣、洗衣機、冰箱、流理台、熱水器、天然瓦斯、排油煙機、瓦斯爐,未提供,網路費,未提供,11,https://static.dd-room.com/images/object/u/t/u/utu4mbwqwqkds37o/cover/815fcad1562c6ddccfb2a547631c11e8_766x510.jpg | https://static.dd-room.com/images/object/u/t/u/utu4mbwqwqkds37o/cover/60ef1c1f84ccde463f1b7f4aad379b6e_766x510.jpg | https://static.dd-room.com/images/object/u/t/u/utu4mbwqwqkds37o/cover/b990aaa958bcbf5badd28bda6ff1e0f5_766x510.jpg | https://static.dd-room.com/images/object/u/t/u/utu4mbwqwqkds37o/cover/fcebb51f4e7d382f2dcc73253f2eb1bb_766x510.jpg | https://static.dd-room.com/images/object/u/t/u/utu4mbwqwqkds37o/cover/18f3f11f4ddd9376d49466bdd868433e_766x510.jpg | https://static.dd-room.com/images/object/u/t/u/utu4mbwqwqkds37o/cover/7b34a6582b38f220a1288ac63d8e1216_766x510.jpg | https://static.dd-room.com/images/object/u/t/u/utu4mbwqwqkds37o/cover/d2cf5864c47ff3917759b81bcd82973e_766x510.jpg | https://static.dd-room.com/images/object/u/t/u/utu4mbwqwqkds37o/cover/808bebca227689161721ecea973fc301_766x510.jpg | https://static.dd-room.com/images/object/u/t/u/utu4mbwqwqkds37o/cover/752b7b8de7e43477a0f401540d37e796_766x510.jpg | https://static.dd-room.com/images/object/u/t/u/utu4mbwqwqkds37o/cover/c899a371bee30803445635ff3fc3c9b3_766x510.jpg | https://static.dd-room.com/images/object/u/t/u/utu4mbwqwqkds37o/cover/0dd826c2216a680c9f9c295f31606fa6_766x510.jpg
xrne2ztszadhi4vp,https://www.dd-room.com/object/xrne2ztszadhi4vp,北醫雅房,10000,20000,0,臺北市信義區吳興街,信義區,吳興街,25.0251064,121.5670694,3房1廳1衛1廚2陽台,3,1,1,1,2,1.0,雅房,apt,3.0,4,5,12,2026-06-22,agent,可開伙、對外窗、免仲介費、有陽台、租金補貼、電費照台電、水費照台水、水泥隔間,床、桌子、椅子、衣櫃、櫃子、冷氣、洗衣機、冰箱、熱水器、瓦斯爐,未提供,未提供,未提供,5,https://static.dd-room.com/images/object/x/r/n/xrne2ztszadhi4vp/cover/76c2f86a048c692dc00ef817e76c34de_766x510.jpg | https://static.dd-room.com/images/object/x/r/n/xrne2ztszadhi4vp/cover/eb8de1a07dee1f68d63c33b104b3e15e_766x510.jpg | https://static.dd-room.com/images/object/x/r/n/xrne2ztszadhi4vp/cover/730c2d5b70595ea52ecfc8d580c2be98_766x510.jpg | https://static.dd-room.com/images/object/x/r/n/xrne2ztszadhi4vp/cover/ece2f5971ea0017aa880aa87e518ff27_766x510.jpg | https://static.dd-room.com/images/object/x/r/n/xrne2ztszadhi4vp/cover/66183d06c6f4d150484d11fae99a8733_766x510.jpg
zsxmyd8wvkrcfrjn,https://www.dd-room.com/object/zsxmyd8wvkrcfrjn,北醫生活圈，安靜，便利,11500,23000,0,臺北市信義區吳興街,信義區,吳興街,25.0251064,121.5670694,1房1衛,1,0,1,0,0,2.0,獨立套房,apt,5.0,1,5,12,2026-06-22,broker,可養貓、可養狗,未提供,未提供,未提供,未提供,13,https://renco-rentals-prod.s3.ap-northeast-1.amazonaws.com/42373/medium/bf61f2a8-2f6e-4c2d-abde-a7b3d30dca4a.jpg | https://renco-rentals-prod.s3.ap-northeast-1.amazonaws.com/42373/medium/b0164917-0f8d-4bb0-b7d3-50c13580bc83.jpg | https://renco-rentals-prod.s3.ap-northeast-1.amazonaws.com/42373/medium/29515229-f9bb-4a96-a78e-06ffd2abf28e.jpg | https://renco-rentals-prod.s3.ap-northeast-1.amazonaws.com/42373/medium/9209117b-5dc8-4833-8315-3419ed095215.jpg | https://renco-rentals-prod.s3.ap-northeast-1.amazonaws.com/42373/medium/c62cfac7-269e-426c-832d-3991d84b873f.jpg | https://renco-rentals-prod.s3.ap-northeast-1.amazonaws.com/42373/medium/a0ed14f9-2300-4bc0-8d21-e66c4ba24645.jpg | https://renco-rentals-prod.s3.ap-northeast-1.amazonaws.com/42373/medium/380daedd-3b35-4c7e-b08f-9d3898357d1e.jpg | https://renco-rentals-prod.s3.ap-northeast-1.amazonaws.com/42373/medium/d7bb6023-7d72-49b5-8743-7e98d48c4134.jpg | https://renco-rentals-prod.s3.ap-northeast-1.amazonaws.com/42373/medium/5030cce1-ed44-44f1-8d52-280bc30796ab.jpg | https://renco-rentals-prod.s3.ap-northeast-1.amazonaws.com/42373/medium/aec4952a-7b4b-4c5a-afc5-919a90160714.jpg | https://renco-rentals-prod.s3.ap-northeast-1.amazonaws.com/42373/medium/ca80f9b1-a745-4fcf-ac5a-07d545991966.jpg | https://renco-rentals-prod.s3.ap-northeast-1.amazonaws.com/42373/medium/02e8a00a-c4b6-42d2-85bd-71c4187fddb7.jpg | https://renco-rentals-prod.s3.ap-northeast-1.amazonaws.com/42373/medium/0ec924c5-791b-4ad0-8a50-77ce5c871eb3.jpg
hf0s29xzslsifn87,https://www.dd-room.com/object/hf0s29xzslsifn87,捷運行天宮3分【超值雅房】限女性★精緻裝潢★低樓層,12000,24000,1000,臺北市中山區農安街,中山區,農安街,25.0646817,121.5349909,1房1廳1衛1陽台,1,1,1,0,1,2.0,獨立套房,apt,4.0,2,5,12,2026-06-22,broker,可養貓、可養狗、可開伙、有陽台,冰箱、洗衣機、冷氣、熱水器、床、衣櫃、網路、天然瓦斯、桌子、椅子,未提供,未提供,限女性,12,https://renco-rentals-prod.s3.ap-northeast-1.amazonaws.com/temp/4178213b-12f1-4667-9b75-65746896af84.jpg | https://renco-rentals-prod.s3.ap-northeast-1.amazonaws.com/temp/dcbdc92e-4764-41c5-9496-f19ba5730b0c.jpg | https://renco-rentals-prod.s3.ap-northeast-1.amazonaws.com/temp/e65cf5f0-64ca-48cd-b885-62e10b125fb4.jpg | https://renco-rentals-prod.s3.ap-northeast-1.amazonaws.com/temp/688650d6-9eca-4c91-beee-0817beeca52d.jpg | https://renco-rentals-prod.s3.ap-northeast-1.amazonaws.com/temp/ba4c462c-9db3-46d6-8ed0-5a25abc3d59f.jpg | https://renco-rentals-prod.s3.ap-northeast-1.amazonaws.com/temp/13c52b91-26ca-4b46-b1dc-cdb5bcb0387c.jpg | https://renco-rentals-prod.s3.ap-northeast-1.amazonaws.com/temp/a55b2bd6-1632-4b2b-966c-be1698fc6c0c.jpg | https://renco-rentals-prod.s3.ap-northeast-1.amazonaws.com/temp/dc1b5b62-04ad-4335-b98f-ff3e624f3a14.jpg | https://renco-rentals-prod.s3.ap-northeast-1.amazonaws.com/temp/a9db5cfb-f549-4c65-a57d-872cea3bf70e.jpg | https://renco-rentals-prod.s3.ap-northeast-1.amazonaws.com/temp/910fba75-b6c6-497c-b85f-e427b55776df.jpg | https://renco-rentals-prod.s3.ap-northeast-1.amazonaws.com/temp/f0c48bb3-6311-4c1a-9a17-0aa223d998b1.jpg | https://renco-rentals-prod.s3.ap-northeast-1.amazonaws.com/temp/055a3f36-0891-40f3-87b2-ec78d39cf748.jpg
zdz3dyqm5nlwni8q,https://www.dd-room.com/object/zdz3dyqm5nlwni8q,捷運士林站【超值租案】可報稅★大面採光★女性首選,10499,20998,1500,臺北市士林區文林路,士林區,文林路,25.1034787,121.5194153,1房1衛,1,0,1,0,0,2.0,獨立套房,apt,5.0,4,4,12,2026-06-22,broker,未提供,未提供,未提供,未提供,限女性,6,https://renco-rentals-prod.s3.ap-northeast-1.amazonaws.com/41559/medium/304c1efa-61e4-46c1-afb8-eea539ada4d3.jpg | https://renco-rentals-prod.s3.ap-northeast-1.amazonaws.com/41559/medium/5c302d83-5609-4580-bd40-6c3e8ea11569.jpg | https://renco-rentals-prod.s3.ap-northeast-1.amazonaws.com/41559/medium/62296ac7-8a70-4803-9752-c03992234aa5.jpg | https://renco-rentals-prod.s3.ap-northeast-1.amazonaws.com/41559/medium/cb989fc1-e7d1-4929-818b-75f94f6a7fae.jpg | https://renco-rentals-prod.s3.ap-northeast-1.amazonaws.com/41559/medium/fe801f50-80cd-4adb-9ca1-6d24fc9d3e4f.jpg | https://renco-rentals-prod.s3.ap-northeast-1.amazonaws.com/41559/medium/1af03cd1-b7da-4f67-9a75-e71adc8a9f10.jpg
gjlc83gp3vsdd3cr,https://www.dd-room.com/object/gjlc83gp3vsdd3cr,兆基社會住宅🏡友善屋源❤️中正區廈門街.採光美三房.可租補,35000,70000,0,臺北市中正區廈門街,中正區,廈門街,25.026447,121.5178804,3房2廳2衛1陽台,3,2,2,0,1,3.0,整層,apt,34.1,4,4,12,2026-06-22,broker,可無火煮食、可報稅、可入籍、社會住宅、免仲介費、有陽台、可開伙、租金補貼,冷氣、熱水器,未提供,未提供,未提供,14,https://static.dd-room.com/images/object/g/j/l/gjlc83gp3vsdd3cr/cover/3d2d9e513e00977fc486c70b018f38c1_766x510.jpg | https://static.dd-room.com/images/object/g/j/l/gjlc83gp3vsdd3cr/cover/9b3625b53000099149d5e96d31b681e8_766x510.jpg | https://static.dd-room.com/images/object/g/j/l/gjlc83gp3vsdd3cr/cover/232dfaa21445187b48f978d1ad19b295_766x510.jpg | https://static.dd-room.com/images/object/g/j/l/gjlc83gp3vsdd3cr/cover/6ad4e2353547395ea2b35a41eab1ea56_766x510.jpg | https://static.dd-room.com/images/object/g/j/l/gjlc83gp3vsdd3cr/cover/02e20b776527bdaca5a31a4c7b92fef3_766x510.jpg | https://static.dd-room.com/images/object/g/j/l/gjlc83gp3vsdd3cr/cover/84f751e6dd9ff429c4674e35511b5e26_766x510.jpg | https://static.dd-room.com/images/object/g/j/l/gjlc83gp3vsdd3cr/cover/d9947e00deaed1d39360e73300d87e5a_766x510.jpg | https://static.dd-room.com/images/object/g/j/l/gjlc83gp3vsdd3cr/cover/7c499a2bd60e0c1029fcfe98a59da85f_766x510.jpg | https://static.dd-room.com/images/object/g/j/l/gjlc83gp3vsdd3cr/cover/1c247bd3732b764451af2f0ea834fadc_766x510.jpg | https://static.dd-room.com/images/object/g/j/l/gjlc83gp3vsdd3cr/cover/1b1f6a29e26e8823ef50c1c95f3f6ae5_766x510.jpg | https://static.dd-room.com/images/object/g/j/l/gjlc83gp3vsdd3cr/cover/9018bd2c6a617abb7ebcbab0831d7289_766x510.jpg | https://static.dd-room.com/images/object/g/j/l/gjlc83gp3vsdd3cr/cover/fa96353a3350794a77c7916ceb5b0915_766x510.jpg | https://static.dd-room.com/images/object/g/j/l/gjlc83gp3vsdd3cr/cover/5f4284dd6cb78648280023a085b62b82_766x510.jpg | https://static.dd-room.com/images/object/g/j/l/gjlc83gp3vsdd3cr/cover/a8e6f01e7a055dbaa53da8644d5c6115_766x510.jpg
ngezugsrrla6qokv,https://www.dd-room.com/object/ngezugsrrla6qokv,@@信義安和臨江商圈旁*精美質感機能美宅,74999,149998,3100,臺北市大安區光復南路,大安區,光復南路,25.0432029,121.5576586,2房2廳1衛2陽台,2,2,1,0,2,2.0,整層,elevator,30.7,12,14,12,2026-06-22,broker,對外窗、有電梯、水泥隔間,桌子、椅子、衣櫃、冷氣、洗衣機、冰箱、熱水器,未提供,未提供,未提供,13,https://static.dd-room.com/images/object/n/g/e/ngezugsrrla6qokv/cover/7a96d6ae02d307b8277bb0e363274ead_766x510.jpg | https://static.dd-room.com/images/object/n/g/e/ngezugsrrla6qokv/cover/0946d0fcaf25ce3a3635b208ffadf581_766x510.jpg | https://static.dd-room.com/images/object/n/g/e/ngezugsrrla6qokv/cover/678e220f5875928cefabe89c04747a5b_766x510.jpg | https://static.dd-room.com/images/object/n/g/e/ngezugsrrla6qokv/cover/f2be195debc164e4fb532e48d12181a2_766x510.jpg | https://static.dd-room.com/images/object/n/g/e/ngezugsrrla6qokv/cover/291b9b64d6a0717b0199c0a1dc71fd55_766x510.jpg | https://static.dd-room.com/images/object/n/g/e/ngezugsrrla6qokv/cover/a77d81449697a4a6a0a5cfac98912fe2_766x510.jpg | https://static.dd-room.com/images/object/n/g/e/ngezugsrrla6qokv/cover/62594607dcfcf4d6362f32a31ec39617_766x510.jpg | https://static.dd-room.com/images/object/n/g/e/ngezugsrrla6qokv/cover/5e1c258cf23beaff17ba3d93b3bab438_766x510.jpg | https://static.dd-room.com/images/object/n/g/e/ngezugsrrla6qokv/cover/a323a4ff6148b7ad7104308bc2f3b144_766x510.jpg | https://static.dd-room.com/images/object/n/g/e/ngezugsrrla6qokv/cover/2acbe64eb9e70d547d14eadfd373f864_766x510.jpg | https://static.dd-room.com/images/object/n/g/e/ngezugsrrla6qokv/cover/e35cbe5095b0b4d79480d22d35a0731a_766x510.jpg | https://static.dd-room.com/images/object/n/g/e/ngezugsrrla6qokv/cover/a241bebdd9a344661930205b745f4e7f_766x510.jpg | https://static.dd-room.com/images/object/n/g/e/ngezugsrrla6qokv/cover/ebcf365acfb9a57732457d1b8468ad53_766x510.jpg
2ktpt2nxsbc2otsv,https://www.dd-room.com/object/2ktpt2nxsbc2otsv,@@六張犁臨江商圈旁*樹海林蔭高生活機能宅,64999,129998,5000,臺北市大安區敦化南路二段,大安區,敦化南路二段,25.0333105,121.5490456,3房2廳2衛1陽台,3,2,2,0,1,3.0,整層,elevator,41.2,5,7,12,2026-06-22,broker,對外窗、有電梯、水泥隔間,床、桌子、椅子、沙發、衣櫃、冷氣、洗衣機、冰箱、電視、熱水器,未提供,未提供,未提供,9,https://static.dd-room.com/images/object/2/k/t/2ktpt2nxsbc2otsv/cover/3e2ea2286a94a7b535b2283e6dfa313a_766x510.jpg | https://static.dd-room.com/images/object/2/k/t/2ktpt2nxsbc2otsv/cover/9089b5f091688c6aba5a80f7dd65cab2_766x510.jpg | https://static.dd-room.com/images/object/2/k/t/2ktpt2nxsbc2otsv/cover/4ea31f4d7070c1f64555ae09aada29ed_766x510.jpg | https://static.dd-room.com/images/object/2/k/t/2ktpt2nxsbc2otsv/cover/da7c2cd75da76bb2bc6ed0e5754d9d23_766x510.jpg | https://static.dd-room.com/images/object/2/k/t/2ktpt2nxsbc2otsv/cover/f1a29699c2c93a6859ea4c5ca88180bd_766x510.jpg | https://static.dd-room.com/images/object/2/k/t/2ktpt2nxsbc2otsv/cover/417c8f977e8edd1514ba7742518ba679_766x510.jpg | https://static.dd-room.com/images/object/2/k/t/2ktpt2nxsbc2otsv/cover/3922599d21f6d0e25f23da3c2a131a5e_766x510.jpg | https://static.dd-room.com/images/object/2/k/t/2ktpt2nxsbc2otsv/cover/7ad52fdce36fb15121881714953c921f_766x510.jpg | https://static.dd-room.com/images/object/2/k/t/2ktpt2nxsbc2otsv/cover/0326260b1e3ab50b42135361dad7bd6b_766x510.jpg
63waruwwldqwcqm6,https://www.dd-room.com/object/63waruwwldqwcqm6,@@信義世貿國父紀念館旁*溫馨明亮美兩房,55999,111998,3020,臺北市信義區光復南路,信義區,光復南路,25.0403539,121.5577107,2房1廳1衛1陽台,2,1,1,0,1,2.0,整層,elevator,25.2,10,15,12,2026-06-22,broker,對外窗、有電梯、可開伙、水泥隔間,床、桌子、椅子、沙發、衣櫃、冷氣、洗衣機、冰箱、電視、熱水器,未提供,未提供,未提供,6,https://static.dd-room.com/images/object/6/3/w/63waruwwldqwcqm6/cover/eeabc48c2a93bb6ffd4ca017138d17c7_766x510.jpg | https://static.dd-room.com/images/object/6/3/w/63waruwwldqwcqm6/cover/62c9222066d69a7032f85b87ff2880ae_766x510.jpg | https://static.dd-room.com/images/object/6/3/w/63waruwwldqwcqm6/cover/ef2ca9a9752302fe0bc6953c0a3e7f1d_766x510.jpg | https://static.dd-room.com/images/object/6/3/w/63waruwwldqwcqm6/cover/9e1f0bdaf7bdd41ca3f59d09b7e98656_766x510.jpg | https://static.dd-room.com/images/object/6/3/w/63waruwwldqwcqm6/cover/76bf3c434e055e419886c9676cfd4e3e_766x510.jpg | https://static.dd-room.com/images/object/6/3/w/63waruwwldqwcqm6/cover/617d2da5cff0ab1c20d489a7bd952d72_766x510.jpg
35q8lhkcokabhjsz,https://www.dd-room.com/object/35q8lhkcokabhjsz,@@天母石牌明德商圈旁*高樓景觀簡約三房,144999,290000,0,臺北市士林區中山北路六段,士林區,中山北路六段,25.1032702,121.5250883,3房2廳3衛2陽台,3,2,3,0,2,3.0,整層,elevator,30.0,10,14,12,2026-06-22,broker,可開伙、有電梯、對外窗、有陽台,冷氣、熱水器、天然瓦斯,有汽車車位,未提供,未提供,10,https://static.dd-room.com/images/object/3/5/q/35q8lhkcokabhjsz/cover/d51d081616f898f0a8720422b7ce17b7_766x510.jpg | https://static.dd-room.com/images/object/3/5/q/35q8lhkcokabhjsz/cover/c9e2eaab0fc79de01a5954fcda63063e_766x510.jpg | https://static.dd-room.com/images/object/3/5/q/35q8lhkcokabhjsz/cover/452282efe78536c89b68c636a3d9d9d2_766x510.jpg | https://static.dd-room.com/images/object/3/5/q/35q8lhkcokabhjsz/cover/658f66e307cbbec54f6ddb2c48bb51a8_766x510.jpg | https://static.dd-room.com/images/object/3/5/q/35q8lhkcokabhjsz/cover/d9361c7bbb0f2af90d56628297132d26_766x510.jpg | https://static.dd-room.com/images/object/3/5/q/35q8lhkcokabhjsz/cover/95b76b772a50ed7ecd8d1a68595eac86_766x510.jpg | https://static.dd-room.com/images/object/3/5/q/35q8lhkcokabhjsz/cover/685880e7a47684d4a93bff9c3dc19456_766x510.jpg | https://static.dd-room.com/images/object/3/5/q/35q8lhkcokabhjsz/cover/414cb3f044742b8a148cea0d5c0aafa8_766x510.jpg | https://static.dd-room.com/images/object/3/5/q/35q8lhkcokabhjsz/cover/f0fb754895cc45b94c9c7a242a8d00dc_766x510.jpg | https://static.dd-room.com/images/object/3/5/q/35q8lhkcokabhjsz/cover/2841a7f81b359a2e9dfe1b0b1696e1f3_766x510.jpg
rxpmkrhtmhect29i,https://www.dd-room.com/object/rxpmkrhtmhect29i,@@天母石牌明德商圈旁*高樓景觀全新三房,160000,320000,0,臺北市士林區中山北路六段,士林區,中山北路六段,25.1032702,121.5250883,3房2廳3衛2陽台,3,2,3,0,2,3.0,整層,elevator,79.4,10,14,12,2026-06-22,broker,可開伙、有電梯、對外窗、有陽台,冷氣、熱水器、天然瓦斯,有汽車車位,管理費、清潔費,未提供,12,https://static.dd-room.com/images/object/r/x/p/rxpmkrhtmhect29i/cover/176330e57584aeb12be4a88b37f4891e_766x510.jpg | https://static.dd-room.com/images/object/r/x/p/rxpmkrhtmhect29i/cover/5dc42a3251ce7db35fe71ef69249adc0_766x510.jpg | https://static.dd-room.com/images/object/r/x/p/rxpmkrhtmhect29i/cover/405698255f19da5739a0f4f251b7734a_766x510.jpg | https://static.dd-room.com/images/object/r/x/p/rxpmkrhtmhect29i/cover/7f593a706865eac9a7f1a0eb09b485ac_766x510.jpg | https://static.dd-room.com/images/object/r/x/p/rxpmkrhtmhect29i/cover/b15b0eb0b42fd0a6354f0703fa4663a0_766x510.jpg | https://static.dd-room.com/images/object/r/x/p/rxpmkrhtmhect29i/cover/113248e24a27d0f6a6253d5ff7f315f2_766x510.jpg | https://static.dd-room.com/images/object/r/x/p/rxpmkrhtmhect29i/cover/c56ca4c6d369a7ea7c46019f309b8312_766x510.jpg | https://static.dd-room.com/images/object/r/x/p/rxpmkrhtmhect29i/cover/6fe9041615c67fd07f4b1ee629373110_766x510.jpg | https://static.dd-room.com/images/object/r/x/p/rxpmkrhtmhect29i/cover/a6f3606e7dfdbbbbf3afb319e7f9d00e_766x510.jpg | https://static.dd-room.com/images/object/r/x/p/rxpmkrhtmhect29i/cover/d0f536d8b6fb75a347093316d07ffaaf_766x510.jpg | https://static.dd-room.com/images/object/r/x/p/rxpmkrhtmhect29i/cover/960427f40b367327c6b6576106d18482_766x510.jpg | https://static.dd-room.com/images/object/r/x/p/rxpmkrhtmhect29i/cover/b3d2716d57a6d89c49dbf59802d2b548_766x510.jpg
cuhbblrcdhvgnlfs,https://www.dd-room.com/object/cuhbblrcdhvgnlfs,@@信義安和臨江商圈旁*優質機能簡約明亮宅,78999,157998,1250,臺北市大安區信義路四段,大安區,信義路四段,25.0332246,121.5472642,4房2廳2衛2陽台,4,2,2,0,2,4.0,整層,elevator,42.4,5,6,12,2026-06-22,broker,對外窗、有電梯、水泥隔間,冷氣、熱水器、天然瓦斯,未提供,未提供,未提供,15,https://static.dd-room.com/images/object/c/u/h/cuhbblrcdhvgnlfs/cover/dff8e75f8d950646dc201d3f8f130c98_766x510.jpg | https://static.dd-room.com/images/object/c/u/h/cuhbblrcdhvgnlfs/cover/784a595689f8ad117e7e79338cf6e42b_766x510.jpg | https://static.dd-room.com/images/object/c/u/h/cuhbblrcdhvgnlfs/cover/7845c9472d4fd4b31850cf9bab9fa09d_766x510.jpg | https://static.dd-room.com/images/object/c/u/h/cuhbblrcdhvgnlfs/cover/de1b4301faeafd8337a5ce3c78f8c9d1_766x510.jpg | https://static.dd-room.com/images/object/c/u/h/cuhbblrcdhvgnlfs/cover/9e7f80340d76ea7f3085d0f0b0c58fb8_766x510.jpg | https://static.dd-room.com/images/object/c/u/h/cuhbblrcdhvgnlfs/cover/fa16e46fc61e66a8adad38574c314e48_766x510.jpg | https://static.dd-room.com/images/object/c/u/h/cuhbblrcdhvgnlfs/cover/893d018abaec89b404cdb0a28d0d658d_766x510.jpg | https://static.dd-room.com/images/object/c/u/h/cuhbblrcdhvgnlfs/cover/4b3e6aea19b43338a77df3d4d979902b_766x510.jpg | https://static.dd-room.com/images/object/c/u/h/cuhbblrcdhvgnlfs/cover/e5d21d90a7bf4bc83a9c5dd0eb5e2c06_766x510.jpg | https://static.dd-room.com/images/object/c/u/h/cuhbblrcdhvgnlfs/cover/faf35997d0198859fc888dab7503ec96_766x510.jpg | https://static.dd-room.com/images/object/c/u/h/cuhbblrcdhvgnlfs/cover/9e0d5da57cb19b2a1e09104b4fa109b1_766x510.jpg | https://static.dd-room.com/images/object/c/u/h/cuhbblrcdhvgnlfs/cover/ab21a48b64f86ccdcd0ae736d3521e21_766x510.jpg | https://static.dd-room.com/images/object/c/u/h/cuhbblrcdhvgnlfs/cover/ccdd50f5fd30cf6db6823f5e0563106f_766x510.jpg | https://static.dd-room.com/images/object/c/u/h/cuhbblrcdhvgnlfs/cover/3672c408dbcb8b571eba74e649c3ec74_766x510.jpg | https://static.dd-room.com/images/object/c/u/h/cuhbblrcdhvgnlfs/cover/78428e3b399ee444844ab739ffc03bd2_766x510.jpg
rqzlygrbgexjvshu,https://www.dd-room.com/object/rqzlygrbgexjvshu,@@天母石牌明德商圈旁*溫馨裝潢美居,69999,140000,4000,臺北市士林區士東路,士林區,士東路,25.1129284,121.5352283,3房2廳2衛2陽台,3,2,2,0,2,3.0,整層,elevator,44.3,7,7,12,2026-06-22,broker,可開伙、有電梯、水泥隔間、對外窗、有陽台,床、桌子、椅子、沙發、衣櫃、冷氣、洗衣機、冰箱、電視、熱水器、天然瓦斯,未提供,未提供,未提供,8,https://static.dd-room.com/images/object/r/q/z/rqzlygrbgexjvshu/cover/04d636acc38d5514f66b9935029567f5_766x510.jpg | https://static.dd-room.com/images/object/r/q/z/rqzlygrbgexjvshu/cover/72480cd88e4c9c9bfed5b3510a516f26_766x510.jpg | https://static.dd-room.com/images/object/r/q/z/rqzlygrbgexjvshu/cover/95b06c715c762cc9b560d2b24a72ff2c_766x510.jpg | https://static.dd-room.com/images/object/r/q/z/rqzlygrbgexjvshu/cover/7e816be82a226a1de8d678ce723e999b_766x510.jpg | https://static.dd-room.com/images/object/r/q/z/rqzlygrbgexjvshu/cover/5a176386bcb579120f4ec7f01dabafc7_766x510.jpg | https://static.dd-room.com/images/object/r/q/z/rqzlygrbgexjvshu/cover/ea394e8c1bb8474c6b8a0bda9254a4e3_766x510.jpg | https://static.dd-room.com/images/object/r/q/z/rqzlygrbgexjvshu/cover/98fd97095445b8350b53098618443215_766x510.jpg | https://static.dd-room.com/images/object/r/q/z/rqzlygrbgexjvshu/cover/200aad056bc3a07003d29709191e5575_766x510.jpg
wbgyretb7oqtpsiw,https://www.dd-room.com/object/wbgyretb7oqtpsiw,@@忠孝復興SOGO商圈旁*優質庭院一樓,100000,200000,1400,臺北市大安區仁愛路三段,大安區,仁愛路三段,25.037748,121.533251,4房2廳3衛2陽台,4,2,3,0,2,4.0,整層,elevator,47.6,1,7,12,2026-06-22,broker,可開伙、有電梯、對外窗、有陽台,床、椅子、沙發、冷氣、熱水器、天然瓦斯,有汽車車位,未提供,未提供,8,https://static.dd-room.com/images/object/w/b/g/wbgyretb7oqtpsiw/cover/35b57e08765f61cdfe5e371e8acd2b45_766x510.jpg | https://static.dd-room.com/images/object/w/b/g/wbgyretb7oqtpsiw/cover/65bcbbae67928a9bb886ae024e272ec5_766x510.jpg | https://static.dd-room.com/images/object/w/b/g/wbgyretb7oqtpsiw/cover/0001793a5c7911207729c6abcee23e35_766x510.jpg | https://static.dd-room.com/images/object/w/b/g/wbgyretb7oqtpsiw/cover/5c0e2b630ddc473a442e99d5f6419306_766x510.jpg | https://static.dd-room.com/images/object/w/b/g/wbgyretb7oqtpsiw/cover/f20356e1c52b91d21a4980ff696392e9_766x510.jpg | https://static.dd-room.com/images/object/w/b/g/wbgyretb7oqtpsiw/cover/9e334b1ad2f5520cc4d624f306b36d87_766x510.jpg | https://static.dd-room.com/images/object/w/b/g/wbgyretb7oqtpsiw/cover/51e103e30fdb2089095d35662c9f803e_766x510.jpg | https://static.dd-room.com/images/object/w/b/g/wbgyretb7oqtpsiw/cover/b0114b669982e3ac01ad710837c64108_766x510.jpg
hyaewb5mpwhpsqa8,https://www.dd-room.com/object/hyaewb5mpwhpsqa8,@@古亭東門捷運商圈旁*採光明亮美居,37999,75998,0,臺北市大安區金山南路二段,大安區,金山南路二段,25.0278817,121.5261748,2房2廳1衛1陽台,2,2,1,0,1,2.0,整層,apt,26.0,4,2,12,2026-06-22,broker,可開伙、對外窗、有陽台,床、桌子、椅子、沙發、衣櫃、冷氣、洗衣機、熱水器、天然瓦斯,未提供,未提供,未提供,8,https://static.dd-room.com/images/object/h/y/a/hyaewb5mpwhpsqa8/cover/fd226a838eacd7772321372f94458ba6_766x510.jpg | https://static.dd-room.com/images/object/h/y/a/hyaewb5mpwhpsqa8/cover/b6b55cc72fab9a362f0258d5b606c766_766x510.jpg | https://static.dd-room.com/images/object/h/y/a/hyaewb5mpwhpsqa8/cover/43718d44961051b9de81c7cdd7c0e0b8_766x510.jpg | https://static.dd-room.com/images/object/h/y/a/hyaewb5mpwhpsqa8/cover/792fed464f2a591bc260902292cebe81_766x510.jpg | https://static.dd-room.com/images/object/h/y/a/hyaewb5mpwhpsqa8/cover/5bc1971fecb67812000a9a53bf573962_766x510.jpg | https://static.dd-room.com/images/object/h/y/a/hyaewb5mpwhpsqa8/cover/223a2cf4143a459e34b6b24182630065_766x510.jpg | https://static.dd-room.com/images/object/h/y/a/hyaewb5mpwhpsqa8/cover/695b0050d22eceb0ecc40ee34ce52ced_766x510.jpg | https://static.dd-room.com/images/object/h/y/a/hyaewb5mpwhpsqa8/cover/ea80eebec143d964de75cf94dfac9b98_766x510.jpg
flyrmwbjtmaterjq,https://www.dd-room.com/object/flyrmwbjtmaterjq,@@天母芝山SOGO商圈*採光明亮三房,158000,316000,0,臺北市士林區中山北路六段,士林區,中山北路六段,25.1032702,121.5250883,3房2廳3衛2陽台,3,2,3,0,2,3.0,整層,elevator,72.2,8,21,12,2026-06-22,broker,可開伙、有電梯、對外窗、有陽台,衣櫃、冷氣、洗衣機、冰箱、熱水器、天然瓦斯,有汽車車位,管理費,未提供,7,https://static.dd-room.com/images/object/f/l/y/flyrmwbjtmaterjq/cover/b6497d7c7cefc3dc8f22f109c6907681_766x510.jpg | https://static.dd-room.com/images/object/f/l/y/flyrmwbjtmaterjq/cover/f3712c52f315da50dfa4f70e77238d47_766x510.jpg | https://static.dd-room.com/images/object/f/l/y/flyrmwbjtmaterjq/cover/5472f634984544b2f68f2467fead365c_766x510.jpg | https://static.dd-room.com/images/object/f/l/y/flyrmwbjtmaterjq/cover/9f421dc5bc1162d751f9189c8d8208e3_766x510.jpg | https://static.dd-room.com/images/object/f/l/y/flyrmwbjtmaterjq/cover/02cd1807c20e5d2841e35d4448cdb72f_766x510.jpg | https://static.dd-room.com/images/object/f/l/y/flyrmwbjtmaterjq/cover/ebf7c6c8a14e62549907521540b27d2a_766x510.jpg | https://static.dd-room.com/images/object/f/l/y/flyrmwbjtmaterjq/cover/4b816970bd098ed19a4d1a1f26d2bcd0_766x510.jpg
05xsd3wjjefs1i1h,https://www.dd-room.com/object/05xsd3wjjefs1i1h,@@天母石牌明德商圈旁*高樓景觀高品味三房,160000,320000,0,臺北市士林區中山北路六段,士林區,中山北路六段,25.1032702,121.5250883,3房2廳3衛2陽台,3,2,3,0,2,3.0,整層,elevator,66.0,10,14,12,2026-06-22,broker,可開伙、有電梯、對外窗、有陽台,冷氣、熱水器、天然瓦斯,有汽車車位,未提供,未提供,5,https://static.dd-room.com/images/object/0/5/x/05xsd3wjjefs1i1h/cover/ddbb547654e5d6b4de4b7b54a217c23d_766x510.jpg | https://static.dd-room.com/images/object/0/5/x/05xsd3wjjefs1i1h/cover/aa62657aefd087c7ccd3e6900b150966_766x510.jpg | https://static.dd-room.com/images/object/0/5/x/05xsd3wjjefs1i1h/cover/1809e886a9d64c14173868d7851df8b3_766x510.jpg | https://static.dd-room.com/images/object/0/5/x/05xsd3wjjefs1i1h/cover/d5ebbecd12cc581fec60eeb8cd8ea625_766x510.jpg | https://static.dd-room.com/images/object/0/5/x/05xsd3wjjefs1i1h/cover/056dfdb2cc780af58b6caa9294ea0d4a_766x510.jpg
cewvwrq79eiqnklv,https://www.dd-room.com/object/cewvwrq79eiqnklv,@@內湖大湖公園AIT旁*質感裝潢美居,97999,195998,6002,臺北市內湖區金湖路,內湖區,金湖路,25.0837687,121.5954124,4房2廳2衛1陽台,4,2,2,0,1,4.0,整層,elevator,60.9,7,14,12,2026-06-22,broker,對外窗、有電梯、水泥隔間,床、桌子、椅子、沙發、衣櫃、冷氣、洗衣機、冰箱、電視、熱水器、天然瓦斯,有汽車車位,未提供,未提供,8,https://static.dd-room.com/images/object/c/e/w/cewvwrq79eiqnklv/cover/68bad9fbd3f5e64546f0fcc3504fb6a6_766x510.jpg | https://static.dd-room.com/images/object/c/e/w/cewvwrq79eiqnklv/cover/c3661043481e548ba399da67ca4f8010_766x510.jpg | https://static.dd-room.com/images/object/c/e/w/cewvwrq79eiqnklv/cover/2fe86c09ec97662538f608b64800f867_766x510.jpg | https://static.dd-room.com/images/object/c/e/w/cewvwrq79eiqnklv/cover/ad9b34ceb44290042f78a45507a9de48_766x510.jpg | https://static.dd-room.com/images/object/c/e/w/cewvwrq79eiqnklv/cover/01fc823743de4b3e9387f1487f1442d0_766x510.jpg | https://static.dd-room.com/images/object/c/e/w/cewvwrq79eiqnklv/cover/d48878956c39488d94e0bf2995fd58c3_766x510.jpg | https://static.dd-room.com/images/object/c/e/w/cewvwrq79eiqnklv/cover/f6c9ea2ca85a44fca43ecf426d30f5bf_766x510.jpg | https://static.dd-room.com/images/object/c/e/w/cewvwrq79eiqnklv/cover/a975203efd395c66aa9000b88308f002_766x510.jpg
kuvtccj27evhkhtp,https://www.dd-room.com/object/kuvtccj27evhkhtp,@@忠孝復興SOGO商圈旁*高樓景觀套房,14000,28000,0,臺北市大安區復興南路一段,大安區,復興南路一段,25.0433313,121.5438915,1房1廳1衛,1,1,1,0,0,2.0,獨立套房,elevator,6.0,12,12,12,2026-06-22,broker,可開伙、有電梯、水泥隔間、對外窗,床、衣櫃、冷氣、熱水器,未提供,管理費,限女性,10,https://static.dd-room.com/images/object/k/u/v/kuvtccj27evhkhtp/cover/63d8bdeefdc44b562d68d4b025666c3d_766x510.jpg | https://static.dd-room.com/images/object/k/u/v/kuvtccj27evhkhtp/cover/8e388f1a7d4e22d473d7ccee8713843e_766x510.jpg | https://static.dd-room.com/images/object/k/u/v/kuvtccj27evhkhtp/cover/f588ca165842702dbe7ccf8a1c53a650_766x510.jpg | https://static.dd-room.com/images/object/k/u/v/kuvtccj27evhkhtp/cover/749e08d21038c5ac7989a9514d32188b_766x510.jpg | https://static.dd-room.com/images/object/k/u/v/kuvtccj27evhkhtp/cover/eef6384ef7cc673b73cb8a65a16b3b20_766x510.jpg | https://static.dd-room.com/images/object/k/u/v/kuvtccj27evhkhtp/cover/5e64ac6b8681d1232fb1f96d3b7bc6cf_766x510.jpg | https://static.dd-room.com/images/object/k/u/v/kuvtccj27evhkhtp/cover/cf35098aacf2f0e54d3620400fe60e16_766x510.jpg | https://static.dd-room.com/images/object/k/u/v/kuvtccj27evhkhtp/cover/602cba8a3e13b87940c51db10c3e30c3_766x510.jpg | https://static.dd-room.com/images/object/k/u/v/kuvtccj27evhkhtp/cover/e2c6d7d2fa8dd46f3776563a759da945_766x510.jpg | https://static.dd-room.com/images/object/k/u/v/kuvtccj27evhkhtp/cover/19e84daf77579c251544ee62eaa599ab_766x510.jpg
qrewgebjjwraywti,https://www.dd-room.com/object/qrewgebjjwraywti,@@六張犁捷運商圈旁*採光明亮溫馨宅,99999,200000,4500,臺北市大安區通化街,大安區,通化街,25.0287281,121.5538123,3房1廳2衛2陽台,3,1,2,0,2,3.0,整層,elevator,65.0,6,7,12,2026-06-22,broker,可開伙、有電梯、對外窗、有陽台,床、桌子、椅子、沙發、衣櫃、冷氣、洗衣機、冰箱、電視、熱水器、天然瓦斯,有汽車車位,未提供,未提供,6,https://static.dd-room.com/images/object/q/r/e/qrewgebjjwraywti/cover/75ea2a2dc0019f457332903f402854b7_766x510.jpg | https://static.dd-room.com/images/object/q/r/e/qrewgebjjwraywti/cover/4a8e5dc142cf209d0e8e9a5d841c017b_766x510.jpg | https://static.dd-room.com/images/object/q/r/e/qrewgebjjwraywti/cover/40e517117f0ad567ea82a2375966f712_766x510.jpg | https://static.dd-room.com/images/object/q/r/e/qrewgebjjwraywti/cover/c1b1b7014d4a7495b3993367fb4cb334_766x510.jpg | https://static.dd-room.com/images/object/q/r/e/qrewgebjjwraywti/cover/77dff0df6b1f6cf42ad3e9e2419faeea_766x510.jpg | https://static.dd-room.com/images/object/q/r/e/qrewgebjjwraywti/cover/f95edb289c611bcd9af488f5f0f46481_766x510.jpg
yogcgfotwp8zdyyy,https://www.dd-room.com/object/yogcgfotwp8zdyyy,@@大安東門永康商圈旁*溫馨明亮美四房,78888,158000,1200,臺北市大安區永康街,大安區,永康街,25.0324642,121.5297302,4房3廳3衛,4,3,3,0,0,4.0,整層,elevator,72.8,7,7,12,2026-06-22,broker,可開伙、有電梯、對外窗,床、桌子、椅子、沙發、衣櫃、冷氣、洗衣機、冰箱、熱水器、天然瓦斯,未提供,未提供,未提供,15,https://static.dd-room.com/images/object/y/o/g/yogcgfotwp8zdyyy/cover/60b251679ea35a6d9bfe8a868a47894b_766x510.jpg | https://static.dd-room.com/images/object/y/o/g/yogcgfotwp8zdyyy/cover/6929398741cb30c0e2505508eb601ad8_766x510.jpg | https://static.dd-room.com/images/object/y/o/g/yogcgfotwp8zdyyy/cover/ab2ba4b89c7af8cdbf0454fd41e4034a_766x510.jpg | https://static.dd-room.com/images/object/y/o/g/yogcgfotwp8zdyyy/cover/a2594e29d2e36750613e20d977388caf_766x510.jpg | https://static.dd-room.com/images/object/y/o/g/yogcgfotwp8zdyyy/cover/347c0021234f2ee06f86cfb3922a68d5_766x510.jpg | https://static.dd-room.com/images/object/y/o/g/yogcgfotwp8zdyyy/cover/a4a854389f3dc1d02fcad918830b1269_766x510.jpg | https://static.dd-room.com/images/object/y/o/g/yogcgfotwp8zdyyy/cover/cadd1f16d665af3f70bc8263d2ce6475_766x510.jpg | https://static.dd-room.com/images/object/y/o/g/yogcgfotwp8zdyyy/cover/b21c70ba4c69d5f73e4e01354ec528ee_766x510.jpg | https://static.dd-room.com/images/object/y/o/g/yogcgfotwp8zdyyy/cover/aed017c97e7da314ecdc7508d009d55d_766x510.jpg | https://static.dd-room.com/images/object/y/o/g/yogcgfotwp8zdyyy/cover/86236423bd4f22b8962a2784cbab87ff_766x510.jpg | https://static.dd-room.com/images/object/y/o/g/yogcgfotwp8zdyyy/cover/0075136c672fdc14a74c4ffee575e441_766x510.jpg | https://static.dd-room.com/images/object/y/o/g/yogcgfotwp8zdyyy/cover/1dcdc8ed242f27e2e80f6b0440b81db0_766x510.jpg | https://static.dd-room.com/images/object/y/o/g/yogcgfotwp8zdyyy/cover/ab8931ca46b49cffdfab4b8528fa521f_766x510.jpg | https://static.dd-room.com/images/object/y/o/g/yogcgfotwp8zdyyy/cover/8f848de61e62c80a2e1c4dfbaf7e480a_766x510.jpg | https://static.dd-room.com/images/object/y/o/g/yogcgfotwp8zdyyy/cover/0d5d8c37287691e465bb64cb59c0b993_766x510.jpg
xyhicezfvzlwet7g,https://www.dd-room.com/object/xyhicezfvzlwet7g,@@天母芝山SOGO商圈旁*清新明亮美居,189999,380000,0,臺北市士林區德行東路,士林區,德行東路,25.1088269,121.5315571,4房2廳3衛3陽台,4,2,3,0,3,4.0,整層,elevator,105.2,6,14,12,2026-06-22,broker,可開伙、有電梯、水泥隔間、對外窗、有陽台,桌子、椅子、沙發、衣櫃、冷氣、洗衣機、冰箱、電視、熱水器、天然瓦斯,有汽車車位,管理費,未提供,12,https://static.dd-room.com/images/object/x/y/h/xyhicezfvzlwet7g/cover/8e16d8326dd071f70aab2ba4a58f5edb_766x510.jpg | https://static.dd-room.com/images/object/x/y/h/xyhicezfvzlwet7g/cover/887b388eefb66ddc4f90e8156f83e27a_766x510.jpg | https://static.dd-room.com/images/object/x/y/h/xyhicezfvzlwet7g/cover/6e73123264ebdb7ab1a7eee508d7bf44_766x510.jpg | https://static.dd-room.com/images/object/x/y/h/xyhicezfvzlwet7g/cover/59ac3e89d546d8cf09e6c42a18072b8a_766x510.jpg | https://static.dd-room.com/images/object/x/y/h/xyhicezfvzlwet7g/cover/492373afa854b947626b401f83cb4b5e_766x510.jpg | https://static.dd-room.com/images/object/x/y/h/xyhicezfvzlwet7g/cover/26a1f86057cc9cb012c175998cf3da1f_766x510.jpg | https://static.dd-room.com/images/object/x/y/h/xyhicezfvzlwet7g/cover/a2ffdfc2d89990fcf2b2378716501b0c_766x510.jpg | https://static.dd-room.com/images/object/x/y/h/xyhicezfvzlwet7g/cover/7ee3cf31b8dc24ef0cd6367ac1893d9e_766x510.jpg | https://static.dd-room.com/images/object/x/y/h/xyhicezfvzlwet7g/cover/2de083179125015b4a2a572462cfdf5b_766x510.jpg | https://static.dd-room.com/images/object/x/y/h/xyhicezfvzlwet7g/cover/352a99f637bcad7a06b5260bd1504bc2_766x510.jpg | https://static.dd-room.com/images/object/x/y/h/xyhicezfvzlwet7g/cover/a27c6a91568d76a51659770e6b33fe4c_766x510.jpg | https://static.dd-room.com/images/object/x/y/h/xyhicezfvzlwet7g/cover/199e033f9de7bbe6ff682649d93d3259_766x510.jpg
ddx6mnhbph6yzchg,https://www.dd-room.com/object/ddx6mnhbph6yzchg,@@六張犁科技大樓商圈旁*靜巷樹海美邸,247999,495998,27646,臺北市大安區敦南街,大安區,敦南街,25.0214853,121.547178,4房3廳3衛2陽台,4,3,3,0,2,4.0,整層,elevator,143.2,2,16,12,2026-06-22,broker,對外窗、有電梯、水泥隔間,衣櫃、冷氣、熱水器、天然瓦斯,有汽車車位,未提供,未提供,7,https://static.dd-room.com/images/object/d/d/x/ddx6mnhbph6yzchg/cover/df9575b618c5ee969abec550cfac01da_766x510.jpg | https://static.dd-room.com/images/object/d/d/x/ddx6mnhbph6yzchg/cover/3d4d9dc155a3c7dd23451abf53baf303_766x510.jpg | https://static.dd-room.com/images/object/d/d/x/ddx6mnhbph6yzchg/cover/c9c7bcd10a92386db95fac9f845f7eff_766x510.jpg | https://static.dd-room.com/images/object/d/d/x/ddx6mnhbph6yzchg/cover/b401daa62a0254d7d1ef096cb93ae914_766x510.jpg | https://static.dd-room.com/images/object/d/d/x/ddx6mnhbph6yzchg/cover/ddfadccab2f093d4b8dea2f89e699dc1_766x510.jpg | https://static.dd-room.com/images/object/d/d/x/ddx6mnhbph6yzchg/cover/13dd3255753bbf7ddc1fe4f915265a39_766x510.jpg | https://static.dd-room.com/images/object/d/d/x/ddx6mnhbph6yzchg/cover/8c2d5980bed3f9ea14c3c01968605b94_766x510.jpg
ndqsugemh47yudxm,https://www.dd-room.com/object/ndqsugemh47yudxm,@@台北小巨蛋商圈旁*質感明亮美邸,83499,166998,7500,臺北市松山區健康路,松山區,健康路,25.05253,121.5526364,3房2廳2衛1陽台,3,2,2,0,1,3.0,整層,elevator,46.7,2,9,12,2026-06-22,broker,可開伙、有電梯、對外窗、有陽台,床、椅子、沙發、衣櫃、冷氣、洗衣機、冰箱、熱水器、天然瓦斯,未提供,未提供,未提供,9,https://static.dd-room.com/images/object/n/d/q/ndqsugemh47yudxm/cover/61c17e5fbbea837c1b3439abc4b86276_766x510.jpg | https://static.dd-room.com/images/object/n/d/q/ndqsugemh47yudxm/cover/570d13a71e998484bce57b00c45de35b_766x510.jpg | https://static.dd-room.com/images/object/n/d/q/ndqsugemh47yudxm/cover/61835b0c572ba136e5f6d66975c579c5_766x510.jpg | https://static.dd-room.com/images/object/n/d/q/ndqsugemh47yudxm/cover/9da1b8d544982d91db638e37b83faa4b_766x510.jpg | https://static.dd-room.com/images/object/n/d/q/ndqsugemh47yudxm/cover/4d531bccaf7cc059d1a31cb0e5ffe6e8_766x510.jpg | https://static.dd-room.com/images/object/n/d/q/ndqsugemh47yudxm/cover/9fd36235e8a94485a2cb4f1b8dde8f24_766x510.jpg | https://static.dd-room.com/images/object/n/d/q/ndqsugemh47yudxm/cover/4ed57bc8f3092e08e09ce70cefa75fb9_766x510.jpg | https://static.dd-room.com/images/object/n/d/q/ndqsugemh47yudxm/cover/a00a709fde47124ae14deaa1a6bee555_766x510.jpg | https://static.dd-room.com/images/object/n/d/q/ndqsugemh47yudxm/cover/82e7f49cafc77d6c2c8a7d31559d319b_766x510.jpg
p49g8uiowt2ei55k,https://www.dd-room.com/object/p49g8uiowt2ei55k,@@信義象山吳興國小旁*採光明亮三房,47999,96000,2882,臺北市信義區吳興街,信義區,吳興街,25.0251064,121.5670694,4房2廳3衛1陽台,4,2,3,0,1,4.0,整層,elevator,42.0,1,7,12,2026-06-22,broker,保全設施、對外窗、可開伙,冷氣、熱水器、天然瓦斯,有汽車車位,未提供,未提供,8,https://static.dd-room.com/images/object/p/4/9/p49g8uiowt2ei55k/cover/2d7068dde2a22915e399e29faff0a6b3_766x510.jpg | https://static.dd-room.com/images/object/p/4/9/p49g8uiowt2ei55k/cover/cdd1efb1d20807af44bd79066d00d512_766x510.jpg | https://static.dd-room.com/images/object/p/4/9/p49g8uiowt2ei55k/cover/f0bd8659164e8499fe3c7bd988730eba_766x510.jpg | https://static.dd-room.com/images/object/p/4/9/p49g8uiowt2ei55k/cover/302765b3df61dd5355c36d9351cb3ba4_766x510.jpg | https://static.dd-room.com/images/object/p/4/9/p49g8uiowt2ei55k/cover/e359b711f7338930ddb760ba3fad114f_766x510.jpg | https://static.dd-room.com/images/object/p/4/9/p49g8uiowt2ei55k/cover/e295451235e15b691fbf097679694095_766x510.jpg | https://static.dd-room.com/images/object/p/4/9/p49g8uiowt2ei55k/cover/08094013d5274fafaaa4977883194709_766x510.jpg | https://static.dd-room.com/images/object/p/4/9/p49g8uiowt2ei55k/cover/7590c3b7e9c56b55240f454fe03d6aba_766x510.jpg
mqcqnq9ar7vgxwin,https://www.dd-room.com/object/mqcqnq9ar7vgxwin,@@昆陽捷運商圈旁*清新明亮2+1房,85000,170000,8000,臺北市南港區重陽路,南港區,重陽路,25.0569437,121.5998567,3房2廳2衛1陽台,3,2,2,0,1,3.0,整層,elevator,60.4,6,9,12,2026-06-22,broker,可開伙、可養貓、可養狗、可養其他寵物、有電梯、水泥隔間、對外窗、有陽台,床、桌子、椅子、衣櫃、冷氣、冰箱、電視、熱水器、天然瓦斯、瓦斯爐,有汽車車位,未提供,未提供,15,https://static.dd-room.com/images/object/m/q/c/mqcqnq9ar7vgxwin/cover/5904293d0dd41116d51c0000a0927ff4_766x510.jpg | https://static.dd-room.com/images/object/m/q/c/mqcqnq9ar7vgxwin/cover/153f72f65fcc215ebc53bb5aeb782a01_766x510.jpg | https://static.dd-room.com/images/object/m/q/c/mqcqnq9ar7vgxwin/cover/d1e1dcdcb808c377398c524d355a45b5_766x510.jpg | https://static.dd-room.com/images/object/m/q/c/mqcqnq9ar7vgxwin/cover/60f43da96311d0672e8ab6ff32d12c72_766x510.jpg | https://static.dd-room.com/images/object/m/q/c/mqcqnq9ar7vgxwin/cover/01d3753975c13b04a290bd92fac8567f_766x510.jpg | https://static.dd-room.com/images/object/m/q/c/mqcqnq9ar7vgxwin/cover/6f9ee7e29843fa321193c1618187096c_766x510.jpg | https://static.dd-room.com/images/object/m/q/c/mqcqnq9ar7vgxwin/cover/21dbe8af9c06574ecec652266bb7f070_766x510.jpg | https://static.dd-room.com/images/object/m/q/c/mqcqnq9ar7vgxwin/cover/e06f5dadd4e01a6a3d5b7131a283e7f3_766x510.jpg | https://static.dd-room.com/images/object/m/q/c/mqcqnq9ar7vgxwin/cover/2572448ce4ade9a0eeeed28ce607318d_766x510.jpg | https://static.dd-room.com/images/object/m/q/c/mqcqnq9ar7vgxwin/cover/52623325054766e79b2de8c5133b0129_766x510.jpg | https://static.dd-room.com/images/object/m/q/c/mqcqnq9ar7vgxwin/cover/5065e159ca4dc4a9d16ead14a94e048d_766x510.jpg | https://static.dd-room.com/images/object/m/q/c/mqcqnq9ar7vgxwin/cover/6a20b29eba80d626b882c16ebca6ea4b_766x510.jpg | https://static.dd-room.com/images/object/m/q/c/mqcqnq9ar7vgxwin/cover/f3ea661397e9a90a9aadad8cc8e9734d_766x510.jpg | https://static.dd-room.com/images/object/m/q/c/mqcqnq9ar7vgxwin/cover/781f0bd4baa2ab7934702a479f167a2a_766x510.jpg | https://static.dd-room.com/images/object/m/q/c/mqcqnq9ar7vgxwin/cover/c4367557db175cb3f836120f47387f9d_766x510.jpg
tova2y3yhpam2dhx,https://www.dd-room.com/object/tova2y3yhpam2dhx,@@大安麟光捷運商圈旁*健身明亮機能宅,36999,73998,0,臺北市大安區和平東路三段,大安區,和平東路三段,25.0109102,121.5639627,4房2廳2衛1陽台,4,2,2,0,1,4.0,整層,apt,32.8,4,4,12,2026-06-22,broker,對外窗、可開伙、水泥隔間,冷氣、熱水器,未提供,未提供,未提供,13,https://static.dd-room.com/images/object/t/o/v/tova2y3yhpam2dhx/cover/5df364105378e3df2d6cdb854282fa79_766x510.jpg | https://static.dd-room.com/images/object/t/o/v/tova2y3yhpam2dhx/cover/8cb7738074fcf8f61d03478fdc9d1126_766x510.jpg | https://static.dd-room.com/images/object/t/o/v/tova2y3yhpam2dhx/cover/3e5e3e2c5c7c4c42b186479424a67e71_766x510.jpg | https://static.dd-room.com/images/object/t/o/v/tova2y3yhpam2dhx/cover/dadaaff9b9ccba7d881391c69ebdd70e_766x510.jpg | https://static.dd-room.com/images/object/t/o/v/tova2y3yhpam2dhx/cover/18574e2c288997656c757023aff2bdaf_766x510.jpg | https://static.dd-room.com/images/object/t/o/v/tova2y3yhpam2dhx/cover/9834c2036ea9515b91b290a6a869ea3c_766x510.jpg | https://static.dd-room.com/images/object/t/o/v/tova2y3yhpam2dhx/cover/ea4525382d5089d90b85f9409700c7a2_766x510.jpg | https://static.dd-room.com/images/object/t/o/v/tova2y3yhpam2dhx/cover/c74e6626dfdcb740fa94ed62b6ac66f7_766x510.jpg | https://static.dd-room.com/images/object/t/o/v/tova2y3yhpam2dhx/cover/b275a35e3c47a13187d3e0697f7bc2ae_766x510.jpg | https://static.dd-room.com/images/object/t/o/v/tova2y3yhpam2dhx/cover/259cc08b0ad3c0c30ae0ff7de68a3562_766x510.jpg | https://static.dd-room.com/images/object/t/o/v/tova2y3yhpam2dhx/cover/899c7dd4c664e7563e8a33893454f14d_766x510.jpg | https://static.dd-room.com/images/object/t/o/v/tova2y3yhpam2dhx/cover/9fb9c8bb84e88a37c859113b7199a7d2_766x510.jpg | https://static.dd-room.com/images/object/t/o/v/tova2y3yhpam2dhx/cover/81d4cfe6f88efaeeb0d9912bb57d2239_766x510.jpg
alkqtwu6qbnebzic,https://www.dd-room.com/object/alkqtwu6qbnebzic,@@內湖捷運商圈旁*採光明亮優質機能宅,63500,127000,0,臺北市內湖區成功路四段,內湖區,成功路四段,25.0847146,121.597789,3房2廳2衛2陽台,3,2,2,0,2,3.0,整層,elevator,62.0,4,14,12,2026-06-22,broker,對外窗、有電梯、水泥隔間,冷氣、熱水器,未提供,未提供,未提供,6,https://static.dd-room.com/images/object/a/l/k/alkqtwu6qbnebzic/cover/fdcfdd04f395f3cd99509d96d36c9412_766x510.jpg | https://static.dd-room.com/images/object/a/l/k/alkqtwu6qbnebzic/cover/dbdc2f53d0c3dae5adaddc3c9e630066_766x510.jpg | https://static.dd-room.com/images/object/a/l/k/alkqtwu6qbnebzic/cover/cf13c1bc89ca4b5966c954d6cbaf9f31_766x510.jpg | https://static.dd-room.com/images/object/a/l/k/alkqtwu6qbnebzic/cover/80c34bc0976114a12fe09e0b245824ca_766x510.jpg | https://static.dd-room.com/images/object/a/l/k/alkqtwu6qbnebzic/cover/f8d3135e53bcb81731dbf8a17c519fc7_766x510.jpg | https://static.dd-room.com/images/object/a/l/k/alkqtwu6qbnebzic/cover/1747d473792383676f4dc0c7e0f7858c_766x510.jpg
i92hzkslimlf1gw6,https://www.dd-room.com/object/i92hzkslimlf1gw6,@@@善導寺台大東門商圈旁*溫馨明亮美居,74998,150000,5293,臺北市中正區仁愛路一段,中正區,仁愛路一段,25.0383307,121.5204463,2房1廳1衛1陽台,2,1,1,0,1,2.0,整層,elevator,26.5,7,6,12,2026-06-22,broker,可開伙、有電梯、對外窗、有陽台,床、桌子、椅子、沙發、衣櫃、冷氣、洗衣機、冰箱、電視,未提供,未提供,未提供,15,https://static.dd-room.com/images/object/i/9/2/i92hzkslimlf1gw6/cover/c7098c2ff63886a638b489553e20dfca_766x510.jpg | https://static.dd-room.com/images/object/i/9/2/i92hzkslimlf1gw6/cover/54b5bb9029c6efc4532152caa3808da7_766x510.jpg | https://static.dd-room.com/images/object/i/9/2/i92hzkslimlf1gw6/cover/26b654d59705b22234ece0eacaaf0c0e_766x510.jpg | https://static.dd-room.com/images/object/i/9/2/i92hzkslimlf1gw6/cover/ad47e7532f6d8e4602fc65139970abda_766x510.jpg | https://static.dd-room.com/images/object/i/9/2/i92hzkslimlf1gw6/cover/5b53a24b1f5166e6136f996e8da58572_766x510.jpg | https://static.dd-room.com/images/object/i/9/2/i92hzkslimlf1gw6/cover/a9111782d1bfc349fc3a05cbbe8af314_766x510.jpg | https://static.dd-room.com/images/object/i/9/2/i92hzkslimlf1gw6/cover/65199743658c9ad9c7c75b1ed5b578e7_766x510.jpg | https://static.dd-room.com/images/object/i/9/2/i92hzkslimlf1gw6/cover/7fa675edcc7a3fe4504ebef0cbd42acf_766x510.jpg | https://static.dd-room.com/images/object/i/9/2/i92hzkslimlf1gw6/cover/d9223a727947c4f44cd7e81762f9da2d_766x510.jpg | https://static.dd-room.com/images/object/i/9/2/i92hzkslimlf1gw6/cover/abfada2d3da37fd9ad3332c13d65a32c_766x510.jpg | https://static.dd-room.com/images/object/i/9/2/i92hzkslimlf1gw6/cover/e6c8fc575451e18a43591032da5a5a73_766x510.jpg | https://static.dd-room.com/images/object/i/9/2/i92hzkslimlf1gw6/cover/05835c2561173b55b13e5ee2b8da9f88_766x510.jpg | https://static.dd-room.com/images/object/i/9/2/i92hzkslimlf1gw6/cover/8ef6a1622757507ba8706f052e15154c_766x510.jpg | https://static.dd-room.com/images/object/i/9/2/i92hzkslimlf1gw6/cover/46a3385c3c4564e93c8a1a78a5b00527_766x510.jpg | https://static.dd-room.com/images/object/i/9/2/i92hzkslimlf1gw6/cover/1e3f3a16ce3a5bcd5a48c99c95ca767c_766x510.jpg
ervm54tiqiwlb32s,https://www.dd-room.com/object/ervm54tiqiwlb32s,@@信義象山捷運商圈*採光挑高住辦,55000,110000,4480,臺北市信義區信義路五段,信義區,信義路五段,25.0330722,121.5605445,1房1廳1衛1陽台,1,1,1,0,1,1.0,整層,elevator,43.4,6,12,12,2026-06-22,broker,可開伙、對外窗、有電梯、有陽台,未提供,未提供,未提供,未提供,5,https://static.dd-room.com/images/object/e/r/v/ervm54tiqiwlb32s/cover/43ab46eba927c44a86111be9fddf3b96_766x510.jpg | https://static.dd-room.com/images/object/e/r/v/ervm54tiqiwlb32s/cover/0dad93e5ac3c9367ce4eab4205fc2ff0_766x510.jpg | https://static.dd-room.com/images/object/e/r/v/ervm54tiqiwlb32s/cover/16006fd6200427108f6ddf29f63861ac_766x510.jpg | https://static.dd-room.com/images/object/e/r/v/ervm54tiqiwlb32s/cover/061111b06d0b90f5cad8e80363e42e72_766x510.jpg | https://static.dd-room.com/images/object/e/r/v/ervm54tiqiwlb32s/cover/6d94a5e11ad041528030deab2c832a64_766x510.jpg
hkg8sgkdwk24thdt,https://www.dd-room.com/object/hkg8sgkdwk24thdt,@@大安六張犁商圈旁*優質生活機能居,67999,135998,2600,臺北市大安區敦化南路二段,大安區,敦化南路二段,25.0333105,121.5490456,2房2廳2衛1陽台,2,2,2,0,1,2.0,整層,elevator,37.4,5,12,12,2026-06-22,broker,可開伙、有電梯、水泥隔間,床、桌子、椅子、沙發、衣櫃、冷氣、洗衣機、天然瓦斯,未提供,未提供,未提供,11,https://static.dd-room.com/images/object/h/k/g/hkg8sgkdwk24thdt/cover/73938e2b7cc1bcbeb41c606b6f6f7088_766x510.jpg | https://static.dd-room.com/images/object/h/k/g/hkg8sgkdwk24thdt/cover/376cb68b75362a429cd859411c2a2ef7_766x510.jpg | https://static.dd-room.com/images/object/h/k/g/hkg8sgkdwk24thdt/cover/27653eeea7195d1755e17cd3a49b05b6_766x510.jpg | https://static.dd-room.com/images/object/h/k/g/hkg8sgkdwk24thdt/cover/cc234aa0b31792c4cd4783cf67878d81_766x510.jpg | https://static.dd-room.com/images/object/h/k/g/hkg8sgkdwk24thdt/cover/89f9192e2945bbf9f3258ef150c87c10_766x510.jpg | https://static.dd-room.com/images/object/h/k/g/hkg8sgkdwk24thdt/cover/5403631208655c58b210432774dff350_766x510.jpg | https://static.dd-room.com/images/object/h/k/g/hkg8sgkdwk24thdt/cover/77e004b734e1d056cfad2de8fb742dc4_766x510.jpg | https://static.dd-room.com/images/object/h/k/g/hkg8sgkdwk24thdt/cover/fd1604b1626c2aa73f3e47b9cf0d87b7_766x510.jpg | https://static.dd-room.com/images/object/h/k/g/hkg8sgkdwk24thdt/cover/7afc310430829a1213726e69a74022c8_766x510.jpg | https://static.dd-room.com/images/object/h/k/g/hkg8sgkdwk24thdt/cover/0541794b81e5b9e709c644f1c37a4848_766x510.jpg | https://static.dd-room.com/images/object/h/k/g/hkg8sgkdwk24thdt/cover/8393377680b37efd7f48601c93180533_766x510.jpg
wbeuuiktxajxzsry,https://www.dd-room.com/object/wbeuuiktxajxzsry,@@芝山天母SOGO商圈旁*質感高樓景觀明亮美邸,235000,470000,0,臺北市士林區中山北路六段,士林區,中山北路六段,25.1032702,121.5250883,4房2廳4衛2陽台,4,2,4,0,2,4.0,整層,elevator,105.2,18,21,24,2026-06-22,broker,對外窗、有電梯、水泥隔間,衣櫃、冷氣、洗衣機、冰箱、熱水器、天然瓦斯,有汽車車位,管理費,未提供,6,https://static.dd-room.com/images/object/w/b/e/wbeuuiktxajxzsry/cover/d7e9ce0dc75ecc8f9358a7c56a05e94a_766x510.jpg | https://static.dd-room.com/images/object/w/b/e/wbeuuiktxajxzsry/cover/f6262494028d86d2ad8d447ba1a6b342_766x510.jpg | https://static.dd-room.com/images/object/w/b/e/wbeuuiktxajxzsry/cover/4ada8c7471e3b23bc3b363265929a6e1_766x510.jpg | https://static.dd-room.com/images/object/w/b/e/wbeuuiktxajxzsry/cover/8a5f33396d1407b516cec25ebcf08615_766x510.jpg | https://static.dd-room.com/images/object/w/b/e/wbeuuiktxajxzsry/cover/b68b2ffc482d87cb6c4e4fc1acb087ee_766x510.jpg | https://static.dd-room.com/images/object/w/b/e/wbeuuiktxajxzsry/cover/0c8f69c08b9a52d249a0dcd73e403b1d_766x510.jpg
w24bf8suqh1tgwpb,https://www.dd-room.com/object/w24bf8suqh1tgwpb,捷運雙連4分【豪邸3房2衛】報稅洽★家具洽★景觀戶★飯店管理,100000,200000,6437,臺北市大同區承德路二段,大同區,承德路二段,25.0600848,121.5183019,3房2廳2衛2陽台,3,2,2,0,2,3.0,整層,elevator,27.0,16,19,12,2026-03-30,broker,可開伙、有電梯、有陽台,冰箱、洗衣機、電視、冷氣、熱水器、衣櫃、網路、天然瓦斯,未提供,未提供,未提供,15,https://renco-rentals-prod.s3.ap-northeast-1.amazonaws.com/39973/medium/d6191edb-109b-465c-9e95-148a3b68fe23.jpg | https://renco-rentals-prod.s3.ap-northeast-1.amazonaws.com/39973/medium/6beeef82-de6a-467f-9947-bfb660d1fb7c.jpg | https://renco-rentals-prod.s3.ap-northeast-1.amazonaws.com/39973/medium/e852b787-40db-4d80-910a-b6dfae601c14.jpg | https://renco-rentals-prod.s3.ap-northeast-1.amazonaws.com/39973/medium/48b816c4-6e2d-428f-a178-7079d4340bf8.jpg | https://renco-rentals-prod.s3.ap-northeast-1.amazonaws.com/39973/medium/bb889288-cd4c-4d1a-b552-7b7a4ae10b30.jpg | https://renco-rentals-prod.s3.ap-northeast-1.amazonaws.com/39973/medium/904edde2-f97c-4db8-9b23-5e78d72a1bef.jpg | https://renco-rentals-prod.s3.ap-northeast-1.amazonaws.com/39973/medium/ce12e880-84ee-45fd-820a-a053219d3aad.jpg | https://renco-rentals-prod.s3.ap-northeast-1.amazonaws.com/39973/medium/b4726131-c12b-4a73-a9d1-f43c6963741b.jpg | https://renco-rentals-prod.s3.ap-northeast-1.amazonaws.com/39973/medium/073cda72-c513-47d0-a37d-9fc65d620991.jpg | https://renco-rentals-prod.s3.ap-northeast-1.amazonaws.com/39973/medium/21c91d3e-6bd6-47f2-870e-f3f469253aa3.jpg | https://renco-rentals-prod.s3.ap-northeast-1.amazonaws.com/39973/medium/73356e86-01be-4101-9623-70449984a59c.jpg | https://renco-rentals-prod.s3.ap-northeast-1.amazonaws.com/39973/medium/6b0c26f6-a213-4889-81c9-6b17ea9ffd69.jpg | https://renco-rentals-prod.s3.ap-northeast-1.amazonaws.com/39973/medium/b098c663-0ead-4b27-89ed-7cc8e07f2c79.jpg | https://renco-rentals-prod.s3.ap-northeast-1.amazonaws.com/39973/medium/ef3be425-c8e1-475c-a1da-2fd004bc5c92.jpg | https://renco-rentals-prod.s3.ap-northeast-1.amazonaws.com/39973/medium/91a34595-310d-4000-83bd-8cc96fc7546c.jpg
ac6bejnvukkx4ekn,https://www.dd-room.com/object/ac6bejnvukkx4ekn,天母生活市集【超值租案】有電梯★垃圾代收★獨立衛浴,10999,21998,0,臺北市士林區中山北路七段,士林區,中山北路七段,25.1208556,121.5313422,1房1衛,1,0,1,0,0,2.0,獨立套房,elevator,4.0,2,7,12,2026-03-20,broker,垃圾代收,未提供,未提供,未提供,未提供,5,https://renco-rentals-prod.s3.ap-northeast-1.amazonaws.com/39067/medium/ee5856b8-184c-48f3-870b-47f8dc66e7ab.jpg | https://renco-rentals-prod.s3.ap-northeast-1.amazonaws.com/39067/medium/7f5b0823-0094-443c-930c-4b0ab80d7c4e.jpg | https://renco-rentals-prod.s3.ap-northeast-1.amazonaws.com/39067/medium/ee6011ef-62a4-49a1-9dd5-f3975981f0b3.jpg | https://renco-rentals-prod.s3.ap-northeast-1.amazonaws.com/39067/medium/3cd02cc6-72c0-45cb-aa1a-c2585ef95ec0.jpg | https://renco-rentals-prod.s3.ap-northeast-1.amazonaws.com/39067/medium/95290e17-370e-400a-8f2e-9647e9651e2d.jpg
83czqdkc4qh1la2r,https://www.dd-room.com/object/83czqdkc4qh1la2r,捷運南京復興5分【電梯大空間】可補助★有警衛★垃圾代收,20000,40000,1250,臺北市松山區長安東路二段,松山區,長安東路二段,25.0482574,121.5459422,1房1衛,1,0,1,0,0,2.0,獨立套房,elevator,9.0,10,12,12,2026-03-12,broker,可開伙、有電梯、垃圾代收、租金補貼,未提供,未提供,未提供,未提供,6,https://renco-rentals-prod.s3.ap-northeast-1.amazonaws.com/24788/medium/c579e03d-7627-4f21-ba73-e789573a8bf3.jpg | https://renco-rentals-prod.s3.ap-northeast-1.amazonaws.com/24788/medium/826ab5f0-c92e-4d9e-b5e9-69a0d8cbae03.jpg | https://renco-rentals-prod.s3.ap-northeast-1.amazonaws.com/24788/medium/ec01fba0-7357-4884-8a8d-de964e5c4340.jpg | https://renco-rentals-prod.s3.ap-northeast-1.amazonaws.com/24788/medium/0188e1ba-b0ee-4046-a12a-d4a2bd5f5d1d.jpg | https://renco-rentals-prod.s3.ap-northeast-1.amazonaws.com/24788/medium/0c168f0c-07ec-432c-a8cd-2ce80cce4726.jpg | https://renco-rentals-prod.s3.ap-northeast-1.amazonaws.com/24788/medium/c36a8200-07c6-4a80-b9f5-6b9cc08e2679.jpg
6r818cmjfrlgexdc,https://www.dd-room.com/object/6r818cmjfrlgexdc,天母運動公園【優質3房2衛】可補助★養寵物★有陽台,54999,109998,0,臺北市士林區士東路,士林區,士東路,25.1129284,121.5352283,3房1廳2衛1陽台,3,1,2,0,1,3.0,整層,apt,26.0,2,5,12,2026-03-09,broker,可養貓、可養狗、可開伙、有陽台、租金補貼,未提供,未提供,未提供,未提供,13,https://renco-rentals-prod.s3.ap-northeast-1.amazonaws.com/37075/medium/cdf9086c-089e-4c5d-9034-007ad1acfdf1.jpg | https://renco-rentals-prod.s3.ap-northeast-1.amazonaws.com/37075/medium/a232c9b5-9a30-4991-9d32-c6f0ecd6a3c0.jpg | https://renco-rentals-prod.s3.ap-northeast-1.amazonaws.com/37075/medium/5a6bb630-adfe-4589-9293-f17caaa7600a.jpg | https://renco-rentals-prod.s3.ap-northeast-1.amazonaws.com/37075/medium/3c73314d-cf0b-4d58-ba8b-8f4ee76ac628.jpg | https://renco-rentals-prod.s3.ap-northeast-1.amazonaws.com/37075/medium/fa4c76dc-199f-4f29-9843-29375d006caf.jpg | https://renco-rentals-prod.s3.ap-northeast-1.amazonaws.com/37075/medium/83a7b00d-7dfa-43e0-a570-a9d0fe70428c.jpg | https://renco-rentals-prod.s3.ap-northeast-1.amazonaws.com/37075/medium/d2b9bed2-b820-48d3-9e01-62a4e7a436e4.jpg | https://renco-rentals-prod.s3.ap-northeast-1.amazonaws.com/37075/medium/5d63ec91-f908-41f2-8d6e-8ca4cb504c95.jpg | https://renco-rentals-prod.s3.ap-northeast-1.amazonaws.com/37075/medium/b9172cad-66f0-4fc5-91fd-f76d6a8879a9.jpg | https://renco-rentals-prod.s3.ap-northeast-1.amazonaws.com/37075/medium/09ccf4d7-c2ef-427d-a7f2-1dea8bc16a1c.jpg | https://renco-rentals-prod.s3.ap-northeast-1.amazonaws.com/37075/medium/4db62846-419e-4de2-9642-d4fc5afe4fdd.jpg | https://renco-rentals-prod.s3.ap-northeast-1.amazonaws.com/37075/medium/ee5c4605-0403-4a21-bd10-73d6724d17c7.jpg | https://renco-rentals-prod.s3.ap-northeast-1.amazonaws.com/37075/medium/709c072e-5767-45d1-bef8-483d3d3728d9.jpg
zqmsye3y0xch6ybf,https://www.dd-room.com/object/zqmsye3y0xch6ybf,捷運西湖站【優質租案】採光優★精緻裝潢★有電梯,15000,30000,0,臺北市內湖區內湖路一段,內湖區,內湖路一段,25.0799008,121.575434,1房1衛,1,0,1,0,0,2.0,獨立套房,elevator,4.0,6,7,12,2026-03-06,broker,有電梯,未提供,未提供,未提供,未提供,5,https://renco-rentals-prod.s3.ap-northeast-1.amazonaws.com/33456/medium/41dc1c14-3254-47cc-87e0-e11a997d5e0f.jpg | https://renco-rentals-prod.s3.ap-northeast-1.amazonaws.com/33456/medium/199a196b-c166-4159-9fe7-ff52179247fa.jpg | https://renco-rentals-prod.s3.ap-northeast-1.amazonaws.com/33456/medium/b7541689-f171-4e27-aa12-7ac0d67be9c8.jpg | https://renco-rentals-prod.s3.ap-northeast-1.amazonaws.com/33456/medium/d6c30339-7d90-4788-b997-6ac922fd7b8c.jpg | https://renco-rentals-prod.s3.ap-northeast-1.amazonaws.com/33456/medium/2e8810d8-1e9e-4d01-b1af-df10a2073189.jpg
soce9ycl1mczeigt,https://www.dd-room.com/object/soce9ycl1mczeigt,美國學校【豪邸3房4衛】可報稅★平面車位★全新裝潢,75000,150000,0,臺北市士林區中山北路六段,士林區,中山北路六段,25.1032702,121.5250883,3房3廳4衛2陽台,3,3,4,0,2,3.0,整層,elevator,73.0,1,4,12,2026-02-28,broker,可開伙、有電梯、有陽台,未提供,未提供,未提供,未提供,15,https://renco-rentals-prod.s3.ap-northeast-1.amazonaws.com/38015/medium/4501aad1-4a6b-4b0f-98e8-755ab27b5d3f.jpg | https://renco-rentals-prod.s3.ap-northeast-1.amazonaws.com/38015/medium/5867780f-ece1-4274-bcc8-ac53350e5a6f.jpg | https://renco-rentals-prod.s3.ap-northeast-1.amazonaws.com/38015/medium/58e7070c-148f-429b-8ff0-fc7b8d075341.jpg | https://renco-rentals-prod.s3.ap-northeast-1.amazonaws.com/38015/medium/aad2cc0c-b3b3-4a5a-b91c-37cc7dfac16e.jpg | https://renco-rentals-prod.s3.ap-northeast-1.amazonaws.com/38015/medium/2964020c-e3f6-4f00-ac39-ee6e8a9fac6b.jpg | https://renco-rentals-prod.s3.ap-northeast-1.amazonaws.com/38015/medium/5649e09e-f7d7-47d3-b3ec-473d62efd7ca.jpg | https://renco-rentals-prod.s3.ap-northeast-1.amazonaws.com/38015/medium/90cc64ab-90a3-4332-8294-10ff8925e90c.jpg | https://renco-rentals-prod.s3.ap-northeast-1.amazonaws.com/38015/medium/c183dc62-d0d3-4f3e-888c-7b1e8620f5df.jpg | https://renco-rentals-prod.s3.ap-northeast-1.amazonaws.com/38015/medium/5d72f448-11bd-4302-816b-b7f0edb2b502.jpg | https://renco-rentals-prod.s3.ap-northeast-1.amazonaws.com/38015/medium/b6aba209-2572-44e4-a4fc-4aa3ad4f9468.jpg | https://renco-rentals-prod.s3.ap-northeast-1.amazonaws.com/38015/medium/e90d3861-0456-4222-bcfa-b901bb726f7d.jpg | https://renco-rentals-prod.s3.ap-northeast-1.amazonaws.com/38015/medium/c524ce34-350a-4452-a804-9b1932e33184.jpg | https://renco-rentals-prod.s3.ap-northeast-1.amazonaws.com/38015/medium/38472cef-4140-42c2-93c0-0be5b6cf0354.jpg | https://renco-rentals-prod.s3.ap-northeast-1.amazonaws.com/38015/medium/1928ff8f-ece3-4fbd-b61e-b04f95e08df1.jpg | https://renco-rentals-prod.s3.ap-northeast-1.amazonaws.com/38015/medium/c3121996-0829-494c-bd16-3467efffb335.jpg
ffz79cofwljnmgxz,https://www.dd-room.com/object/ffz79cofwljnmgxz,捷運士林站【豪邸3房3衛】可報稅★有陽台★警衛管理,167999,335998,0,臺北市士林區雨農路,士林區,雨農路,25.0996714,121.5325186,3房2廳3衛2陽台,3,2,3,0,2,3.0,整層,elevator,58.0,8,10,12,2026-02-27,broker,可養貓、可養狗、可開伙、有電梯、有陽台,未提供,未提供,未提供,未提供,15,https://renco-rentals-prod.s3.ap-northeast-1.amazonaws.com/38016/medium/654585fb-4f9d-4cd9-9d33-908144138c23.jpg | https://renco-rentals-prod.s3.ap-northeast-1.amazonaws.com/38016/medium/f5d0c627-e73f-44f3-bdc8-f65f0385e35b.jpg | https://renco-rentals-prod.s3.ap-northeast-1.amazonaws.com/38016/medium/8672175c-bbb5-4ac9-ba76-ef347f1f7ea0.jpg | https://renco-rentals-prod.s3.ap-northeast-1.amazonaws.com/38016/medium/0b04239c-f798-42bf-903a-3b4d7699565e.jpg | https://renco-rentals-prod.s3.ap-northeast-1.amazonaws.com/38016/medium/217b210c-c3c0-43fe-885a-e9a45d4ffb8c.jpg | https://renco-rentals-prod.s3.ap-northeast-1.amazonaws.com/38016/medium/f7055539-bbfb-48ec-915d-c98b30671163.jpg | https://renco-rentals-prod.s3.ap-northeast-1.amazonaws.com/38016/medium/2bf915a5-c428-42a7-89e0-b10710ae1e9e.jpg | https://renco-rentals-prod.s3.ap-northeast-1.amazonaws.com/38016/medium/35283127-c6ca-4484-88d3-5d5237c6ac5f.jpg | https://renco-rentals-prod.s3.ap-northeast-1.amazonaws.com/38016/medium/e3c2d4b8-4bae-43fe-88be-2c2b9f809684.jpg | https://renco-rentals-prod.s3.ap-northeast-1.amazonaws.com/38016/medium/09870038-8148-4bb8-970f-7afe7cd8d60b.jpg | https://renco-rentals-prod.s3.ap-northeast-1.amazonaws.com/38016/medium/e1dc96ce-3fb7-4a9a-b512-dabda05dfcec.jpg | https://renco-rentals-prod.s3.ap-northeast-1.amazonaws.com/38016/medium/91cefb4c-d0de-4d7f-9324-ffb019367d0e.jpg | https://renco-rentals-prod.s3.ap-northeast-1.amazonaws.com/38016/medium/d809f9d6-4363-4923-8a09-840fda5a0d6a.jpg | https://renco-rentals-prod.s3.ap-northeast-1.amazonaws.com/38016/medium/84fec8e0-b462-4f19-8d59-9d3b27bb8884.jpg | https://renco-rentals-prod.s3.ap-northeast-1.amazonaws.com/38016/medium/09a0e505-0ff1-446c-ae03-3bb6891299c4.jpg
a3csj1hscguexfq2,https://www.dd-room.com/object/a3csj1hscguexfq2,陽明山國小【豪邸3房4衛】可報稅★警衛管理★垃圾代收,157500,315000,0,臺北市士林區仰德大道三段,士林區,仰德大道三段,25.1167703,121.5511607,3房2廳4衛1陽台,3,2,4,0,1,3.0,整層,elevator,78.0,2,3,12,2026-02-27,broker,可開伙、有電梯、垃圾代收、有陽台,未提供,未提供,未提供,未提供,15,https://renco-rentals-prod.s3.ap-northeast-1.amazonaws.com/38044/medium/45f4c2ff-a4ce-46a5-901e-1ffbbfe397d3.jpg | https://renco-rentals-prod.s3.ap-northeast-1.amazonaws.com/38044/medium/f4b7174d-ef32-4ea9-ba20-cc0b1bfa5cdc.jpg | https://renco-rentals-prod.s3.ap-northeast-1.amazonaws.com/38044/medium/ff9cf3d8-3470-498a-9f2a-9ca96c5baec3.jpg | https://renco-rentals-prod.s3.ap-northeast-1.amazonaws.com/38044/medium/2d7cbed4-39c8-402f-b283-6b4b373481e5.jpg | https://renco-rentals-prod.s3.ap-northeast-1.amazonaws.com/38044/medium/622567e1-5ed7-4251-913c-4eee18783308.jpg | https://renco-rentals-prod.s3.ap-northeast-1.amazonaws.com/38044/medium/28b699ee-1198-45fd-b7ab-5b01358bb2ef.jpg | https://renco-rentals-prod.s3.ap-northeast-1.amazonaws.com/38044/medium/019570ef-d977-4960-855d-65cebfd72f45.jpg | https://renco-rentals-prod.s3.ap-northeast-1.amazonaws.com/38044/medium/2fa82fa8-d108-4f15-a22f-dcf1bacabf09.jpg | https://renco-rentals-prod.s3.ap-northeast-1.amazonaws.com/38044/medium/7eefb07c-e6bf-4076-9da8-983587fe0a2f.jpg | https://renco-rentals-prod.s3.ap-northeast-1.amazonaws.com/38044/medium/12567d51-108f-4278-91ba-22024190f07c.jpg | https://renco-rentals-prod.s3.ap-northeast-1.amazonaws.com/38044/medium/b5072f15-4c8b-47b2-ac77-aeb0685c20e2.jpg | https://renco-rentals-prod.s3.ap-northeast-1.amazonaws.com/38044/medium/dc9c6409-7efe-4f45-8a52-1323064ae70f.jpg | https://renco-rentals-prod.s3.ap-northeast-1.amazonaws.com/38044/medium/ecb744f0-cc04-4023-b5bf-99e924e71c55.jpg | https://renco-rentals-prod.s3.ap-northeast-1.amazonaws.com/38044/medium/0e4a924c-d46d-4886-b033-46ca2267d08a.jpg | https://renco-rentals-prod.s3.ap-northeast-1.amazonaws.com/38044/medium/45a080af-ff37-46cc-96a1-59ad82e01f33.jpg
jivj38zdyei9m9ao,https://www.dd-room.com/object/jivj38zdyei9m9ao,松山家商【超值租案】採光優★獨立衛浴,11999,23998,0,臺北市信義區福德街,信義區,福德街,25.0371886,121.5814781,1房1衛,1,0,1,0,0,2.0,獨立套房,apt,4.0,4,4,12,2026-02-26,broker,未提供,未提供,未提供,未提供,未提供,5,https://renco-rentals-prod.s3.ap-northeast-1.amazonaws.com/37202/medium/0e29c97b-c29c-4649-b968-3fcdaa4893ec.png | https://renco-rentals-prod.s3.ap-northeast-1.amazonaws.com/37202/medium/32243c3c-110f-4fe3-a053-07d954742021.png | https://renco-rentals-prod.s3.ap-northeast-1.amazonaws.com/37202/medium/da5a8357-3515-4e2e-9aba-de122c09fbc2.png | https://renco-rentals-prod.s3.ap-northeast-1.amazonaws.com/37202/medium/a7fe3383-829e-4868-85c9-4a1d869e5f18.png | https://renco-rentals-prod.s3.ap-northeast-1.amazonaws.com/37202/medium/5eacf734-a24e-4ffb-9f24-04b8f26bf1f7.png
rwv29twg5x2agizj,https://www.dd-room.com/object/rwv29twg5x2agizj,捷運南京復興5分【電梯大空間】可補助★有警衛★垃圾代收,20000,40000,1250,臺北市松山區長安東路二段,松山區,長安東路二段,25.0482574,121.5459422,1房1衛,1,0,1,0,0,2.0,獨立套房,elevator,6.0,10,12,12,2026-02-26,broker,有電梯、垃圾代收、租金補貼,未提供,未提供,未提供,未提供,5,https://renco-rentals-prod.s3.ap-northeast-1.amazonaws.com/24775/medium/65241022-26a8-4851-b8dd-083c1d84f649.png | https://renco-rentals-prod.s3.ap-northeast-1.amazonaws.com/24775/medium/8adf8955-4677-4dd8-a00b-09582c4a7b26.png | https://renco-rentals-prod.s3.ap-northeast-1.amazonaws.com/24775/medium/f2274246-74a1-44c5-9ea5-fa16a9722189.png | https://renco-rentals-prod.s3.ap-northeast-1.amazonaws.com/24775/medium/763e54e7-f704-4e55-86f0-dc88701b019c.png | https://renco-rentals-prod.s3.ap-northeast-1.amazonaws.com/24775/medium/1277b8a8-051f-45a7-8168-8e11ec78183a.png
fnugkkiv4bjw5zpk,https://www.dd-room.com/object/fnugkkiv4bjw5zpk,美國學校【豪邸3房2衛】可養寵★可入籍★房皆有窗,100000,200000,0,臺北市士林區天母西路,士林區,天母西路,25.1184206,121.5278907,3房1廳2衛1陽台,3,1,2,0,1,3.0,整層,elevator,58.0,6,6,12,2026-02-23,broker,可養貓、可養狗、可開伙、有電梯、有陽台、可入籍,未提供,未提供,管理費,未提供,14,https://renco-rentals-prod.s3.ap-northeast-1.amazonaws.com/27893/medium/37511b3a-f61e-4289-8f99-17acd5f07f94.png | https://renco-rentals-prod.s3.ap-northeast-1.amazonaws.com/27893/medium/0dc2064c-c3cb-40f6-81e3-bdaa690c576e.png | https://renco-rentals-prod.s3.ap-northeast-1.amazonaws.com/27893/medium/a435b426-fa26-47f7-9833-e1ca31e05d49.png | https://renco-rentals-prod.s3.ap-northeast-1.amazonaws.com/27893/medium/7c33377c-b852-41f8-a865-71ee611483c4.png | https://renco-rentals-prod.s3.ap-northeast-1.amazonaws.com/27893/medium/01b2c2ab-7ef3-48ba-871f-f2c3029a3f86.png | https://renco-rentals-prod.s3.ap-northeast-1.amazonaws.com/27893/medium/4302fc7f-ff11-4190-a1d2-b89dd133e573.png | https://renco-rentals-prod.s3.ap-northeast-1.amazonaws.com/27893/medium/032fd24d-00ef-4735-85bc-4c9342dc3245.png | https://renco-rentals-prod.s3.ap-northeast-1.amazonaws.com/27893/medium/81f5c7cd-a64e-40d6-b4ad-081e4da0fad5.png | https://renco-rentals-prod.s3.ap-northeast-1.amazonaws.com/27893/medium/79e8fa93-1bd4-479f-87cf-66809dc993ff.png | https://renco-rentals-prod.s3.ap-northeast-1.amazonaws.com/27893/medium/17e4044f-5817-4528-8af3-eb6f4281e64b.png | https://renco-rentals-prod.s3.ap-northeast-1.amazonaws.com/27893/medium/782407d7-920b-4860-b485-5fec61e2bb16.png | https://renco-rentals-prod.s3.ap-northeast-1.amazonaws.com/27893/medium/738931d8-4aa0-4588-89f3-cf37980b25f9.png | https://renco-rentals-prod.s3.ap-northeast-1.amazonaws.com/27893/medium/51f645d5-c364-49ed-8454-221908ce3333.png | https://renco-rentals-prod.s3.ap-northeast-1.amazonaws.com/27893/medium/acfab26e-6c9f-4a0d-a7ba-96c449c84b4b.png
4wvl59101raqnxot,https://www.dd-room.com/object/4wvl59101raqnxot,捷運忠孝敦化3分【優質電梯】包水電瓦斯★垃圾代收★採光佳,21000,42000,2500,臺北市大安區安和路一段,大安區,安和路一段,25.0376884,121.5512504,1房1衛,1,0,1,0,0,2.0,獨立套房,elevator,4.0,3,4,12,2026-02-23,broker,可開伙、有電梯、垃圾代收,未提供,未提供,0、1、2、4,未提供,6,https://renco-rentals-prod.s3.ap-northeast-1.amazonaws.com/19190/medium/744b9103-a415-45fc-8687-be16f5453408.png | https://renco-rentals-prod.s3.ap-northeast-1.amazonaws.com/19190/medium/b5019d78-d61d-4ac8-9c1b-983b91ce9a8a.png | https://renco-rentals-prod.s3.ap-northeast-1.amazonaws.com/19190/medium/3c2eb0d8-4074-4ca4-87b9-68e53c9e6c5b.png | https://renco-rentals-prod.s3.ap-northeast-1.amazonaws.com/19190/medium/fb7d2e4f-31f7-4c57-be43-8e45a8574ad8.png | https://renco-rentals-prod.s3.ap-northeast-1.amazonaws.com/19190/medium/81682801-823b-4c7a-848d-e1c3c78fc90c.png | https://renco-rentals-prod.s3.ap-northeast-1.amazonaws.com/19190/medium/e689337a-52e7-4f4b-80bb-0e299227862b.png
wo4ifs6gxdttxolr,https://www.dd-room.com/object/wo4ifs6gxdttxolr,民生社區新東街靜巷2間獨立套房,15000,30000,0,臺北市松山區新東街,松山區,新東街,25.0590866,121.5659347,1房1衛,1,0,1,0,0,2.0,獨立套房,apt,5.0,1,4,12,2026-02-22,broker,未提供,未提供,未提供,管理費、第四台,限女性,10,https://renco-rentals-prod.s3.ap-northeast-1.amazonaws.com/34783/medium/502888e4-058b-4246-8863-c09cdb45e09c.jpg | https://renco-rentals-prod.s3.ap-northeast-1.amazonaws.com/34783/medium/6b58e7c5-ad04-407d-9243-3110a523d732.jpg | https://renco-rentals-prod.s3.ap-northeast-1.amazonaws.com/34783/medium/075c8ff1-c618-4033-bb86-1027a76c992f.jpg | https://renco-rentals-prod.s3.ap-northeast-1.amazonaws.com/34783/medium/24cffbf3-10ce-42a5-94b9-fc437de4f319.jpg | https://renco-rentals-prod.s3.ap-northeast-1.amazonaws.com/34783/medium/160f829e-e832-4084-9522-4010863cd36e.jpg | https://renco-rentals-prod.s3.ap-northeast-1.amazonaws.com/34783/medium/16e6e6fe-4e53-4941-a0d6-b3c567c6bc4e.jpg | https://renco-rentals-prod.s3.ap-northeast-1.amazonaws.com/34783/medium/c57d1539-4c7d-42c7-8ee4-bda1f9b5d50f.jpg | https://renco-rentals-prod.s3.ap-northeast-1.amazonaws.com/34783/medium/93ff7d3a-2ea3-42ea-995e-c4eb4adb0601.jpg | https://renco-rentals-prod.s3.ap-northeast-1.amazonaws.com/34783/medium/5ed6e984-688c-4611-9417-b68b5d740eb4.jpg | https://renco-rentals-prod.s3.ap-northeast-1.amazonaws.com/34783/medium/0a0e7332-5690-48dd-b88e-ef968cb97031.jpg
z5vlvdtnapn2ftgq,https://www.dd-room.com/object/z5vlvdtnapn2ftgq,安靜.乾淨.便利.的稀有套房,11000,22000,0,臺北市大同區重慶北路一段,大同區,重慶北路一段,25.0538062,121.5142484,1房1衛,1,0,1,0,0,2.0,獨立套房,apt,6.0,5,5,12,2026-02-22,broker,未提供,未提供,未提供,0、1、2、3、5,未提供,7,https://renco-rentals-prod.s3.ap-northeast-1.amazonaws.com/37439/medium/1ff75ddb-49a2-4474-9af4-d943c83f47d8.jpeg | https://renco-rentals-prod.s3.ap-northeast-1.amazonaws.com/37439/medium/e3ea1ce0-8a70-419d-8dac-006101430acc.jpeg | https://renco-rentals-prod.s3.ap-northeast-1.amazonaws.com/37439/medium/283d57f4-a9f0-4c9f-aaea-d41b64c46803.jpeg | https://renco-rentals-prod.s3.ap-northeast-1.amazonaws.com/37439/medium/2c8066c3-5d25-45a8-846e-a5917fe7287c.jpeg | https://renco-rentals-prod.s3.ap-northeast-1.amazonaws.com/37439/medium/a02579f8-98f9-419d-98d6-8f34ab4cdb3a.jpeg | https://renco-rentals-prod.s3.ap-northeast-1.amazonaws.com/37439/medium/dc5c9d2a-8ffc-4b6d-b080-0d26fe9207dd.jpeg | https://renco-rentals-prod.s3.ap-northeast-1.amazonaws.com/37439/medium/7a69d1b9-a9f4-41e9-b511-772945c96e80.jpeg
ojhtyyxsravle3wg,https://www.dd-room.com/object/ojhtyyxsravle3wg,捷運古亭站【豪邸2房2廳】可報稅★有警衛★工作室,84990,169980,7210,臺北市大安區永康街,大安區,永康街,25.0324642,121.5297302,2房2廳1衛1陽台,2,2,1,0,1,2.0,整層,elevator,36.0,1,13,12,2026-02-08,broker,可開伙、有陽台,未提供,未提供,未提供,未提供,11,https://renco-rentals-prod.s3.ap-northeast-1.amazonaws.com/37544/medium/539d52a4-50b3-4093-ba0c-c67ad0f0b86c.png | https://renco-rentals-prod.s3.ap-northeast-1.amazonaws.com/37544/medium/6748e05f-cab2-43a1-8ba3-20f8c76f12c8.png | https://renco-rentals-prod.s3.ap-northeast-1.amazonaws.com/37544/medium/8986c873-4a78-47e5-9410-f9fc24b3b95e.png | https://renco-rentals-prod.s3.ap-northeast-1.amazonaws.com/37544/medium/fa831383-fa3d-4110-9297-e90071d6f881.png | https://renco-rentals-prod.s3.ap-northeast-1.amazonaws.com/37544/medium/a8405f7b-012e-4f2c-9c34-9c70220284c1.png | https://renco-rentals-prod.s3.ap-northeast-1.amazonaws.com/37544/medium/ec461709-28ce-4710-ba72-05056253461a.png | https://renco-rentals-prod.s3.ap-northeast-1.amazonaws.com/37544/medium/7ec79ce3-4804-4720-af5a-91d98b46bc54.png | https://renco-rentals-prod.s3.ap-northeast-1.amazonaws.com/37544/medium/240f6f43-8f42-44a3-8d95-49e688444b58.png | https://renco-rentals-prod.s3.ap-northeast-1.amazonaws.com/37544/medium/ddba5e03-f3a6-4f60-a427-6c0b671f76bd.png | https://renco-rentals-prod.s3.ap-northeast-1.amazonaws.com/37544/medium/164f94ff-13fa-4620-87c6-79478f0a4a58.png | https://renco-rentals-prod.s3.ap-northeast-1.amazonaws.com/37544/medium/f98793fd-c379-42d8-a689-f7c2bf41b4ec.png
ktp9czuymnvrqmdb,https://www.dd-room.com/object/ktp9czuymnvrqmdb,捷運西門3分【豪邸3房2衛】可短租★雙面採光★景觀高樓,119999,239998,0,臺北市萬華區西寧南路,萬華區,西寧南路,25.0384998,121.5063353,3房2廳2衛2陽台,3,2,2,0,2,3.0,整層,elevator,47.0,22,27,12,2026-02-07,broker,可養貓、可養狗、可開伙、有電梯、有陽台,未提供,未提供,未提供,未提供,15,https://renco-rentals-prod.s3.ap-northeast-1.amazonaws.com/37488/medium/33cca162-f3d6-478c-ac9b-2a612ff9683f.png | https://renco-rentals-prod.s3.ap-northeast-1.amazonaws.com/37488/medium/993010cc-1b01-4153-bb56-177f5f965488.png | https://renco-rentals-prod.s3.ap-northeast-1.amazonaws.com/37488/medium/970abfdd-c999-490c-948f-cc7807060baa.png | https://renco-rentals-prod.s3.ap-northeast-1.amazonaws.com/37488/medium/211ba35b-52b4-45de-b651-bbd8dc06fe01.png | https://renco-rentals-prod.s3.ap-northeast-1.amazonaws.com/37488/medium/9a2b9b73-3a65-4475-9c5e-27162bed37c1.png | https://renco-rentals-prod.s3.ap-northeast-1.amazonaws.com/37488/medium/6e4c3452-d1ee-4c82-9d0e-863b5c3dde6f.png | https://renco-rentals-prod.s3.ap-northeast-1.amazonaws.com/37488/medium/115f9fda-82a6-4d5e-b425-d2cc1fc4416d.png | https://renco-rentals-prod.s3.ap-northeast-1.amazonaws.com/37488/medium/9d45f975-c5a8-4640-9967-92f2b81772e2.png | https://renco-rentals-prod.s3.ap-northeast-1.amazonaws.com/37488/medium/a552ca52-3571-4904-8e4d-56cd0a113f11.png | https://renco-rentals-prod.s3.ap-northeast-1.amazonaws.com/37488/medium/086c6800-b1bc-41f3-9543-af8f3f0ad0cf.png | https://renco-rentals-prod.s3.ap-northeast-1.amazonaws.com/37488/medium/6ad635fd-38ec-4a92-871c-8bacf792480a.png | https://renco-rentals-prod.s3.ap-northeast-1.amazonaws.com/37488/medium/3b4784ba-ae76-4b4b-89f3-399cf777d6cf.png | https://renco-rentals-prod.s3.ap-northeast-1.amazonaws.com/37488/medium/4b236ddd-82a9-4e25-be7f-f0ce8e79583b.png | https://renco-rentals-prod.s3.ap-northeast-1.amazonaws.com/37488/medium/72681b3c-6894-4306-bf2c-23b430a45b32.png | https://renco-rentals-prod.s3.ap-northeast-1.amazonaws.com/37488/medium/278e7739-733e-4bc4-a982-4ada1d8dd846.png
gokyjdbzewxf5x2d,https://www.dd-room.com/object/gokyjdbzewxf5x2d,近捷運西門【景觀4房3衛】含車位★新大樓★飯店管理,59999,119998,5700,臺北市萬華區貴陽街二段,萬華區,貴陽街二段,25.0393921,121.5063921,4房2廳3衛2陽台,4,2,3,0,2,4.0,整層,elevator,52.0,9,19,12,2026-02-05,broker,可開伙、有電梯、有陽台,未提供,未提供,未提供,未提供,15,https://renco-rentals-prod.s3.ap-northeast-1.amazonaws.com/37426/medium/f778c14f-b266-4b5b-95d9-ee644e50b825.png | https://renco-rentals-prod.s3.ap-northeast-1.amazonaws.com/37426/medium/93430378-a7ce-412c-b514-211873912db9.png | https://renco-rentals-prod.s3.ap-northeast-1.amazonaws.com/37426/medium/eacf95dc-0d78-4e7c-b34f-0d8c02e87465.png | https://renco-rentals-prod.s3.ap-northeast-1.amazonaws.com/37426/medium/4d0934d4-d53b-4344-bfad-461d549f8650.png | https://renco-rentals-prod.s3.ap-northeast-1.amazonaws.com/37426/medium/ede3390b-1938-4e57-96d6-0d9be580aa06.png | https://renco-rentals-prod.s3.ap-northeast-1.amazonaws.com/37426/medium/528b40d5-a97e-4256-9c0e-6201581dd3c6.png | https://renco-rentals-prod.s3.ap-northeast-1.amazonaws.com/37426/medium/d3a146e9-090f-4634-8796-e3c0cebb80a7.png | https://renco-rentals-prod.s3.ap-northeast-1.amazonaws.com/37426/medium/7e68148e-7606-4b3f-af8f-eafa9ce999ab.png | https://renco-rentals-prod.s3.ap-northeast-1.amazonaws.com/37426/medium/4e1f8059-02fa-4297-8c9b-7f3c2b67c31b.png | https://renco-rentals-prod.s3.ap-northeast-1.amazonaws.com/37426/medium/689c8a63-d014-49fb-b4ea-ee304d01133f.png | https://renco-rentals-prod.s3.ap-northeast-1.amazonaws.com/37426/medium/02b2b25e-d916-46ff-af65-b447f4cc4f14.png | https://renco-rentals-prod.s3.ap-northeast-1.amazonaws.com/37426/medium/178e1ae7-0039-49a1-8f09-9f226b30f2a0.png | https://renco-rentals-prod.s3.ap-northeast-1.amazonaws.com/37426/medium/642b16c3-786a-48b1-a680-4eb5506792e3.png | https://renco-rentals-prod.s3.ap-northeast-1.amazonaws.com/37426/medium/4ac7318e-d107-4eb7-919c-5fcd37f801df.png | https://renco-rentals-prod.s3.ap-northeast-1.amazonaws.com/37426/medium/f3cde192-61f5-42e5-8f4d-5de4f4390c4f.png
oermml7xcupiu8tk,https://www.dd-room.com/object/oermml7xcupiu8tk,近捷運象山【電梯2房2廳】可補助★附冷氣★警衛管理,31000,62000,1000,臺北市信義區松德路,信義區,松德路,25.0373755,121.5748419,2房2廳1衛1陽台,2,2,1,0,1,2.0,整層,elevator,28.0,4,7,12,2026-02-05,broker,可開伙、有電梯、有陽台、租金補貼,未提供,未提供,未提供,未提供,11,https://renco-rentals-prod.s3.ap-northeast-1.amazonaws.com/37410/medium/b6a91447-32bd-4998-86c7-bea67f766963.png | https://renco-rentals-prod.s3.ap-northeast-1.amazonaws.com/37410/medium/e17d0a0f-c5f5-4db1-b572-4e270ee11425.png | https://renco-rentals-prod.s3.ap-northeast-1.amazonaws.com/37410/medium/c7b87638-ef8b-4041-9d97-54ae53ea3600.png | https://renco-rentals-prod.s3.ap-northeast-1.amazonaws.com/37410/medium/d58e7fc0-32ee-481f-b9b8-012ba31144d1.png | https://renco-rentals-prod.s3.ap-northeast-1.amazonaws.com/37410/medium/ce1dc25a-8729-4510-8d10-ab22afa68399.png | https://renco-rentals-prod.s3.ap-northeast-1.amazonaws.com/37410/medium/5157b135-e13e-4765-905a-3f946508e8de.png | https://renco-rentals-prod.s3.ap-northeast-1.amazonaws.com/37410/medium/4835b578-8992-4163-810a-eb6cf3e78594.png | https://renco-rentals-prod.s3.ap-northeast-1.amazonaws.com/37410/medium/4a45f705-c180-4fbb-b54a-31a5267cef67.png | https://renco-rentals-prod.s3.ap-northeast-1.amazonaws.com/37410/medium/ff007b9c-d5bb-400f-b1f0-7d4f3eaff42d.png | https://renco-rentals-prod.s3.ap-northeast-1.amazonaws.com/37410/medium/3673b8e6-8bfc-48fb-935a-7732baf47b7b.png | https://renco-rentals-prod.s3.ap-northeast-1.amazonaws.com/37410/medium/b568b2f3-3bd8-4ae1-93c6-da79df242e4c.png
y4ciggtwl97kjn4w,https://www.dd-room.com/object/y4ciggtwl97kjn4w,中研院【超值租案】乾溼分離★對外窗★免爬梯,8999,17998,0,臺北市南港區合順街,南港區,合順街,25.0429832,121.6194393,1房1衛,1,0,1,0,0,2.0,獨立套房,apt,4.0,1,3,12,2026-02-05,broker,未提供,未提供,未提供,未提供,未提供,6,https://renco-rentals-prod.s3.ap-northeast-1.amazonaws.com/37125/medium/e10781f4-8072-4d51-a079-294a6a936a01.jpg | https://renco-rentals-prod.s3.ap-northeast-1.amazonaws.com/37125/medium/55b8078b-4867-4353-9e01-02455702a49f.jpg | https://renco-rentals-prod.s3.ap-northeast-1.amazonaws.com/37125/medium/11b94ed3-b1ab-4c85-9a14-94bb3a3d7b2f.jpg | https://renco-rentals-prod.s3.ap-northeast-1.amazonaws.com/37125/medium/67a6e065-50e7-4020-8cad-a98e12944da9.jpg | https://renco-rentals-prod.s3.ap-northeast-1.amazonaws.com/37125/medium/9fa051cc-4979-4b1e-b364-955fdd218d80.jpg | https://renco-rentals-prod.s3.ap-northeast-1.amazonaws.com/37125/medium/92cb69ef-3331-4d51-afaa-caf31adc9d30.jpg
v0efdtqjytnng8jl,https://www.dd-room.com/object/v0efdtqjytnng8jl,免佣）泳池飯店宅。高階主管首選。明亮美屋【】★,35000,70000,2111,臺北市中山區農安街,中山區,農安街,25.0646817,121.5349909,1房1衛1陽台,1,0,1,0,1,2.0,獨立套房,elevator,14.0,11,14,12,2026-02-05,broker,可開伙、有電梯、有陽台、免仲介費,未提供,未提供,未提供,未提供,10,https://renco-rentals-prod.s3.ap-northeast-1.amazonaws.com/27168/medium/4f933d47-45f8-4ef6-bf0c-c06da496506c.jpg | https://renco-rentals-prod.s3.ap-northeast-1.amazonaws.com/27168/medium/e3a1811f-bdb6-4c6d-a26c-5aa4aaa18ca7.jpg | https://renco-rentals-prod.s3.ap-northeast-1.amazonaws.com/27168/medium/1265fec3-cc8f-493e-8455-910028ee44be.jpg | https://renco-rentals-prod.s3.ap-northeast-1.amazonaws.com/27168/medium/ecd06b0a-fd8a-44cc-9d67-0dabb830c433.jpg | https://renco-rentals-prod.s3.ap-northeast-1.amazonaws.com/27168/medium/3ed18406-82a8-4a62-b36f-64d9856ca975.jpg | https://renco-rentals-prod.s3.ap-northeast-1.amazonaws.com/27168/medium/796601ca-d1ef-491f-a00e-bbdf15133b7d.jpg | https://renco-rentals-prod.s3.ap-northeast-1.amazonaws.com/27168/medium/327b60f6-59d9-4f1b-875b-ae7e557ea7aa.jpg | https://renco-rentals-prod.s3.ap-northeast-1.amazonaws.com/27168/medium/a8196855-8458-4790-85c2-5f311ee6c916.jpg | https://renco-rentals-prod.s3.ap-northeast-1.amazonaws.com/27168/medium/3f79ecba-8b11-4769-a01c-59722ffcab76.jpg | https://renco-rentals-prod.s3.ap-northeast-1.amazonaws.com/27168/medium/e277c13c-8218-418e-b408-558dae14a122.jpg
e1u8wp5712bka8e3,https://www.dd-room.com/object/e1u8wp5712bka8e3,捷運忠孝敦化4分【優質3房2衛】新裝潢★有廚房★採光佳,47000,94000,600,臺北市大安區敦化南路一段,大安區,敦化南路一段,25.0420962,121.5491292,3房2廳2衛1陽台,3,2,2,0,1,3.0,整層,apt,30.0,3,4,12,2026-02-05,broker,可開伙、有陽台,未提供,未提供,未提供,未提供,15,https://renco-rentals-prod.s3.ap-northeast-1.amazonaws.com/29794/medium/72003c32-aef5-4b8d-92ee-cfc2c133d897.png | https://renco-rentals-prod.s3.ap-northeast-1.amazonaws.com/29794/medium/4ac20341-d0ad-4bbb-b662-c12eb715736e.png | https://renco-rentals-prod.s3.ap-northeast-1.amazonaws.com/29794/medium/4e60df9e-8643-44fa-96d8-065652fc758a.png | https://renco-rentals-prod.s3.ap-northeast-1.amazonaws.com/29794/medium/5528e424-60c8-4944-b3a9-15e069b7821e.png | https://renco-rentals-prod.s3.ap-northeast-1.amazonaws.com/29794/medium/607096de-8faa-4233-9264-df69719f2965.png | https://renco-rentals-prod.s3.ap-northeast-1.amazonaws.com/29794/medium/212fcd4f-3c29-4dba-9d47-161d3c934c4c.png | https://renco-rentals-prod.s3.ap-northeast-1.amazonaws.com/29794/medium/58ee947b-f2f3-4367-b05a-c327768aa87f.png | https://renco-rentals-prod.s3.ap-northeast-1.amazonaws.com/29794/medium/9ea212d6-d7e9-4dad-9b78-d4e67c26ef40.png | https://renco-rentals-prod.s3.ap-northeast-1.amazonaws.com/29794/medium/a47f9fca-8ce7-4cb3-8841-63b8fa043a9b.png | https://renco-rentals-prod.s3.ap-northeast-1.amazonaws.com/29794/medium/fb61fad8-cde9-4fc2-b08b-d82a1e3632d1.png | https://renco-rentals-prod.s3.ap-northeast-1.amazonaws.com/29794/medium/add47242-773e-42b5-a9d7-2c47a41c5d96.png | https://renco-rentals-prod.s3.ap-northeast-1.amazonaws.com/29794/medium/6099bf00-2bc7-4f33-a0dc-ec6764e77f11.png | https://renco-rentals-prod.s3.ap-northeast-1.amazonaws.com/29794/medium/24847a46-2b0f-4df0-a54a-3addefafb583.png | https://renco-rentals-prod.s3.ap-northeast-1.amazonaws.com/29794/medium/c07b62db-ba82-40e7-9797-9c8f10cd020e.png | https://renco-rentals-prod.s3.ap-northeast-1.amazonaws.com/29794/medium/9c42c6d4-aaf7-4bfe-b6dd-24a145d575b8.png
mpvsimzpw9l187we,https://www.dd-room.com/object/mpvsimzpw9l187we,捷運中山國小站【優質3房2廳】獨洗衣機★有廚房★房皆有窗,31190,62380,0,臺北市中山區吉林路,中山區,吉林路,25.0500274,121.5300457,3房2廳1衛1陽台,3,2,1,0,1,3.0,整層,apt,26.0,4,4,12,2026-02-04,broker,可開伙、有陽台,未提供,未提供,水費、瓦斯費,未提供,9,https://renco-rentals-prod.s3.ap-northeast-1.amazonaws.com/27419/medium/501081b0-c5f2-43ad-82d1-8c913acade6b.png | https://renco-rentals-prod.s3.ap-northeast-1.amazonaws.com/27419/medium/481dfc66-e1f7-42ec-aeae-83c63cbe5d38.png | https://renco-rentals-prod.s3.ap-northeast-1.amazonaws.com/27419/medium/9ffea528-f3f2-4836-ad43-495636b116f4.png | https://renco-rentals-prod.s3.ap-northeast-1.amazonaws.com/27419/medium/a068e76a-e9b8-4abe-832d-b5405baeeed2.png | https://renco-rentals-prod.s3.ap-northeast-1.amazonaws.com/27419/medium/9283bc23-8933-4182-8871-a10aedda328d.png | https://renco-rentals-prod.s3.ap-northeast-1.amazonaws.com/27419/medium/c438e3a3-467a-4f08-94ef-bb8106424814.png | https://renco-rentals-prod.s3.ap-northeast-1.amazonaws.com/27419/medium/6cb0d426-e457-49fa-995f-5ff0966ba12e.png | https://renco-rentals-prod.s3.ap-northeast-1.amazonaws.com/27419/medium/398ccd89-a6f8-4e94-91e1-5916d2682184.png | https://renco-rentals-prod.s3.ap-northeast-1.amazonaws.com/27419/medium/b0b6c02e-b7b5-4244-9cc2-c9b45d8344f7.png
rctqbj5f4t9y1axu,https://www.dd-room.com/object/rctqbj5f4t9y1axu,捷運松江南京5分【優質租案】補助洽★飲水機★垃圾代收,14499,28998,0,臺北市中山區吉林路,中山區,吉林路,25.0500274,121.5300457,1房1衛,1,0,1,0,0,2.0,獨立套房,apt,4.0,4,5,12,2026-02-04,broker,可開伙、垃圾代收、租金補貼,未提供,未提供,第四台,未提供,5,https://renco-rentals-prod.s3.ap-northeast-1.amazonaws.com/37401/medium/621b9c49-7dd3-4021-8e33-1a456220a3cd.jpg | https://renco-rentals-prod.s3.ap-northeast-1.amazonaws.com/37401/medium/6ec6e33b-0877-49cf-95d8-9b59ccd5047e.jpg | https://renco-rentals-prod.s3.ap-northeast-1.amazonaws.com/37401/medium/9e6c6f88-40bf-427c-86d1-fed9e12d39c8.jpg | https://renco-rentals-prod.s3.ap-northeast-1.amazonaws.com/37401/medium/38f045d1-7e16-4493-9b54-a3e49f3139d3.jpg | https://renco-rentals-prod.s3.ap-northeast-1.amazonaws.com/37401/medium/0752e475-e1d3-4a92-81a9-da6f988e8a4c.jpg
bqmtlwoju0zmu7hs,https://www.dd-room.com/object/bqmtlwoju0zmu7hs,捷運松江南京5分【優質租案】精緻裝潢★飲水機★獨立衛浴,13799,27598,0,臺北市中山區吉林路,中山區,吉林路,25.0500274,121.5300457,1房1衛,1,0,1,0,0,2.0,獨立套房,apt,4.0,5,5,12,2026-02-04,broker,未提供,未提供,未提供,未提供,未提供,7,https://renco-rentals-prod.s3.ap-northeast-1.amazonaws.com/37400/medium/1e8049e9-85b5-4200-a8e6-d5c49242c86c.jpg | https://renco-rentals-prod.s3.ap-northeast-1.amazonaws.com/37400/medium/70d99076-f007-4948-a3c4-3f086be66aca.jpg | https://renco-rentals-prod.s3.ap-northeast-1.amazonaws.com/37400/medium/daada8c8-3c67-4efc-bb9b-9fe956a88564.jpg | https://renco-rentals-prod.s3.ap-northeast-1.amazonaws.com/37400/medium/ab66acd3-908d-4c43-8fec-7a53eac69da8.jpg | https://renco-rentals-prod.s3.ap-northeast-1.amazonaws.com/37400/medium/0a329cb3-64c6-4482-847a-34d73772adae.jpg | https://renco-rentals-prod.s3.ap-northeast-1.amazonaws.com/37400/medium/f26b1589-1522-415c-933f-b7425d454c10.jpg | https://renco-rentals-prod.s3.ap-northeast-1.amazonaws.com/37400/medium/2146f0d6-c34b-4af0-b63a-4d4cfff80b05.jpg
muhp153uyjobnyq1,https://www.dd-room.com/object/muhp153uyjobnyq1,華興高中【豪邸1房3廳】整棟出租★可報稅★養寵物,90000,180000,0,臺北市士林區仰德大道一段,士林區,仰德大道一段,25.1070948,121.5372354,1房3廳1衛2陽台,1,3,1,0,2,1.0,整層,apt,78.0,1,3,12,2026-02-04,broker,可養貓、可養狗、可開伙、有陽台,未提供,未提供,未提供,未提供,14,https://renco-rentals-prod.s3.ap-northeast-1.amazonaws.com/37345/medium/00d0e905-06bf-4ea6-917a-47847a242256.jpg | https://renco-rentals-prod.s3.ap-northeast-1.amazonaws.com/37345/medium/50fce141-f72f-4af4-9037-db95e6e6a2a1.jpg | https://renco-rentals-prod.s3.ap-northeast-1.amazonaws.com/37345/medium/a5fb2d5c-23a0-453a-ac91-a905c1ebb495.jpg | https://renco-rentals-prod.s3.ap-northeast-1.amazonaws.com/37345/medium/a54e0f4d-85af-4565-bac8-4b3d9ccceccc.jpg | https://renco-rentals-prod.s3.ap-northeast-1.amazonaws.com/37345/medium/450a0714-d78f-448c-97ad-61cf012a094b.jpg | https://renco-rentals-prod.s3.ap-northeast-1.amazonaws.com/37345/medium/f82e0023-003c-4d92-912d-df9477e54e83.jpg | https://renco-rentals-prod.s3.ap-northeast-1.amazonaws.com/37345/medium/54a44ad6-fbe2-4e1f-bd46-164d05c72d18.jpg | https://renco-rentals-prod.s3.ap-northeast-1.amazonaws.com/37345/medium/92714bda-5cc6-4096-8861-455ad7928538.jpg | https://renco-rentals-prod.s3.ap-northeast-1.amazonaws.com/37345/medium/ebab6287-f950-4968-8606-0ce72b5b6c8a.jpg | https://renco-rentals-prod.s3.ap-northeast-1.amazonaws.com/37345/medium/10d0be3c-98a2-40a0-a7b9-301a007b2122.jpg | https://renco-rentals-prod.s3.ap-northeast-1.amazonaws.com/37345/medium/2bb9f4fc-a5b0-4890-9079-d6d74361ca84.jpg | https://renco-rentals-prod.s3.ap-northeast-1.amazonaws.com/37345/medium/71e4bf4b-a37c-4984-b9d5-702b70207c3c.jpg | https://renco-rentals-prod.s3.ap-northeast-1.amazonaws.com/37345/medium/f52c583c-8478-4f4b-94aa-04225a4c88af.jpg | https://renco-rentals-prod.s3.ap-northeast-1.amazonaws.com/37345/medium/a5c697da-0020-4ed6-972a-1109f30cd761.jpg
jtzhdonirmcipyqg,https://www.dd-room.com/object/jtzhdonirmcipyqg,捷運忠孝復興5分【秒殺租案】垃圾代收★大面採光★東區商圈,13500,27000,500,臺北市大安區敦化南路一段,大安區,敦化南路一段,25.0420962,121.5491292,1房1衛,1,0,1,0,0,2.0,獨立套房,apt,5.0,4,5,12,2026-02-04,broker,垃圾代收,未提供,未提供,未提供,未提供,5,https://renco-rentals-prod.s3.ap-northeast-1.amazonaws.com/37375/medium/4ce29b36-def3-4be4-9ed4-98958e0a6030.png | https://renco-rentals-prod.s3.ap-northeast-1.amazonaws.com/37375/medium/f3f5f315-8cf3-4ec6-8456-d6e44b362ab1.png | https://renco-rentals-prod.s3.ap-northeast-1.amazonaws.com/37375/medium/ead253cd-f8c0-4bcb-bda0-ba3bc37a16df.png | https://renco-rentals-prod.s3.ap-northeast-1.amazonaws.com/37375/medium/2ca9a294-b0d6-4ef0-ae47-8bd4d97815cf.png | https://renco-rentals-prod.s3.ap-northeast-1.amazonaws.com/37375/medium/528d0e23-bfd6-48de-adb7-66def4266974.png
rf2z4ehu9hxuhc5c,https://www.dd-room.com/object/rf2z4ehu9hxuhc5c,中研院【秒殺租案】採光優★低樓層★獨立衛浴,9999,19998,0,臺北市南港區合順街,南港區,合順街,25.0429832,121.6194393,1房1衛,1,0,1,0,0,2.0,獨立套房,apt,5.0,2,3,12,2026-02-03,broker,未提供,未提供,未提供,水費、第四台,未提供,6,https://img1.591.com.tw/house/2026/02/04/177013690260650005.png!1000x.png | https://img2.591.com.tw/house/2026/02/04/177013690236093803.png!1000x.png | https://img2.591.com.tw/house/2026/02/04/177013690270013609.png!1000x.png | https://img2.591.com.tw/house/2026/02/04/177013690229043802.png!1000x.png | https://img1.591.com.tw/house/2026/02/04/177013690270437002.png!1000x.png | https://img2.591.com.tw/house/2026/02/04/177013690260650005.png!730x460.png
2zjzo21cozevrgyf,https://www.dd-room.com/object/2zjzo21cozevrgyf,近捷運古亭【超值租案】可補助★養貓洽★採光優,13600,27200,0,臺北市中正區廈門街,中正區,廈門街,25.026447,121.5178804,1房1衛,1,0,1,0,0,2.0,獨立套房,apt,5.0,4,4,12,2026-01-31,broker,可開伙、租金補貼,未提供,未提供,未提供,未提供,6,https://renco-rentals-prod.s3.ap-northeast-1.amazonaws.com/29515/medium/4c52fa40-749e-4293-bad7-97dae2f80524.png | https://renco-rentals-prod.s3.ap-northeast-1.amazonaws.com/29515/medium/4a609bd7-56a5-4dc2-84f8-68b2ed62aade.png | https://renco-rentals-prod.s3.ap-northeast-1.amazonaws.com/29515/medium/7b7ad5d0-3114-4462-81d2-73a63e7f7961.png | https://renco-rentals-prod.s3.ap-northeast-1.amazonaws.com/29515/medium/db44316d-cdff-47fc-8b8c-7ac29f1c5b64.png | https://renco-rentals-prod.s3.ap-northeast-1.amazonaws.com/29515/medium/bb0da6d2-8d9c-4166-97a9-3d341362963d.png | https://renco-rentals-prod.s3.ap-northeast-1.amazonaws.com/29515/medium/7e9fbcf1-49c6-4fe1-8fbf-4ffec98acd0c.png
rdmfawrigo4ynlnh,https://www.dd-room.com/object/rdmfawrigo4ynlnh,中研院【秒殺租案】可補助★採光優★垃圾代收,8800,17600,500,臺北市南港區合順街,南港區,合順街,25.0429832,121.6194393,1房1衛,1,0,1,0,0,2.0,獨立套房,apt,4.0,2,3,12,2026-01-29,broker,垃圾代收、租金補貼,未提供,未提供,水費、第四台,未提供,5,https://renco-rentals-prod.s3.ap-northeast-1.amazonaws.com/37167/medium/e69551eb-35ff-4c6f-8188-3ac504fdde0c.png | https://renco-rentals-prod.s3.ap-northeast-1.amazonaws.com/37167/medium/eb7cf6e8-6e43-43d6-b56e-4f9ba95cfae3.png | https://renco-rentals-prod.s3.ap-northeast-1.amazonaws.com/37167/medium/d95f2fce-b9ae-439b-8a22-e304f7aadd7b.png | https://renco-rentals-prod.s3.ap-northeast-1.amazonaws.com/37167/medium/4c488196-78e9-49cc-be55-6798122c4abd.png | https://renco-rentals-prod.s3.ap-northeast-1.amazonaws.com/37167/medium/31a22050-afa8-4d7d-a18e-c3b94565b3e8.png
hlfmwaapd0m96niu,https://www.dd-room.com/object/hlfmwaapd0m96niu,中研院【超值2房2廳】可寵物★有廚房★房皆有窗,25000,50000,0,臺北市南港區舊莊街一段,南港區,舊莊街一段,25.0371917,121.6238671,2房2廳1衛1陽台,2,2,1,0,1,2.0,整層,apt,22.0,3,4,12,2026-01-23,broker,可養貓、可養狗、可開伙、有陽台,未提供,未提供,未提供,未提供,6,https://renco-rentals-prod.s3.ap-northeast-1.amazonaws.com/36884/medium/1819d1e4-b9b0-48f9-9fa6-0a9f8f0f4763.jpg | https://renco-rentals-prod.s3.ap-northeast-1.amazonaws.com/36884/medium/868cdc6b-dfdf-4eab-a9fa-19337239aea9.jpg | https://renco-rentals-prod.s3.ap-northeast-1.amazonaws.com/36884/medium/3239d63f-7543-491f-802e-b89bab88c495.jpg | https://renco-rentals-prod.s3.ap-northeast-1.amazonaws.com/36884/medium/7f4b3426-ea12-4a78-b855-5ee4170b607e.jpg | https://renco-rentals-prod.s3.ap-northeast-1.amazonaws.com/36884/medium/5a92dc27-cfac-440a-b47a-5f0a624daa33.jpg | https://renco-rentals-prod.s3.ap-northeast-1.amazonaws.com/36884/medium/96366c25-c1cf-4ff7-a2d1-b4ded57802c0.jpg
sbuctxemzwrbbgyt,https://www.dd-room.com/object/sbuctxemzwrbbgyt,近捷運台北小巨蛋【優質電梯】補助洽★飲水機★垃圾代收,14987,29974,1800,臺北市松山區光復北路,松山區,光復北路,25.0499626,121.5578025,1房1衛,1,0,1,0,0,2.0,獨立套房,elevator,4.0,4,7,12,2026-01-22,broker,有電梯、垃圾代收、租金補貼,未提供,未提供,未提供,未提供,5,https://renco-rentals-prod.s3.ap-northeast-1.amazonaws.com/40145/medium/940d47ca-118e-4674-b7a0-961849eb0511.jpg | https://renco-rentals-prod.s3.ap-northeast-1.amazonaws.com/40145/medium/c2854f69-4072-46eb-837a-cc81a350a854.jpg | https://renco-rentals-prod.s3.ap-northeast-1.amazonaws.com/40145/medium/92ab11ec-1c9a-4938-b521-919a79218be7.jpg | https://renco-rentals-prod.s3.ap-northeast-1.amazonaws.com/40145/medium/b9c4a212-82af-4ace-834b-62db7ffe82a3.jpg | https://renco-rentals-prod.s3.ap-northeast-1.amazonaws.com/40145/medium/e802d37f-fb53-4daf-9772-c12fe14b7fd5.jpg
2zs1sg7r56nwzav0,https://www.dd-room.com/object/2zs1sg7r56nwzav0,捷運台電大樓5分【優質租案】垃圾代收★獨洗衣機★大面採光,17999,35998,0,臺北市大安區泰順街,大安區,泰順街,25.0250271,121.5314639,1房1衛,1,0,1,0,0,2.0,獨立套房,apt,4.0,4,4,12,2026-01-21,broker,垃圾代收,未提供,未提供,水費,未提供,5,https://renco-rentals-prod.s3.ap-northeast-1.amazonaws.com/36793/medium/d11c56fd-462e-4a3d-9f7a-4a2ed668d114.png | https://renco-rentals-prod.s3.ap-northeast-1.amazonaws.com/36793/medium/b2be3cc9-b6fe-4513-b564-d6119a8e6a06.png | https://renco-rentals-prod.s3.ap-northeast-1.amazonaws.com/36793/medium/d55fb540-9db6-4d80-802d-f48c9ea03b6c.png | https://renco-rentals-prod.s3.ap-northeast-1.amazonaws.com/36793/medium/d2d9558c-06b3-4fe1-a202-c638192ea9fe.png | https://renco-rentals-prod.s3.ap-northeast-1.amazonaws.com/36793/medium/30137655-3975-4d8c-9910-df841d664109.png
utawd7ntugjcqk8l,https://www.dd-room.com/object/utawd7ntugjcqk8l,捷運信義安和站【優質租案】洗衣機★有陽台★小廚房,18999,37998,0,臺北市大安區通化街,大安區,通化街,25.0287281,121.5538123,1房1衛1陽台,1,0,1,0,1,2.0,獨立套房,apt,11.0,2,7,12,2026-01-19,broker,有陽台,未提供,未提供,未提供,未提供,7,https://renco-rentals-prod.s3.ap-northeast-1.amazonaws.com/36701/medium/a30e85fe-3160-4203-ba74-27097dc30cd9.png | https://renco-rentals-prod.s3.ap-northeast-1.amazonaws.com/36701/medium/0e20a6f6-d17d-4eea-8dcf-1def3a90c4e3.png | https://renco-rentals-prod.s3.ap-northeast-1.amazonaws.com/36701/medium/41807c2a-dd33-46d1-81f7-d0b863291b65.png | https://renco-rentals-prod.s3.ap-northeast-1.amazonaws.com/36701/medium/e0b6ca74-95cf-4f4f-8fef-23c724a84990.png | https://renco-rentals-prod.s3.ap-northeast-1.amazonaws.com/36701/medium/2d4138de-0a9c-4517-a889-1790de5770cc.png | https://renco-rentals-prod.s3.ap-northeast-1.amazonaws.com/36701/medium/38818977-6251-4d1c-a99e-f49af642bd9e.png | https://renco-rentals-prod.s3.ap-northeast-1.amazonaws.com/36701/medium/72004b6f-e2ee-4a34-abf5-0e7a5c23bf13.png
v9xahskxxu7ku1jg,https://www.dd-room.com/object/v9xahskxxu7ku1jg,近北醫大【超值2房1衛】傢俱齊★獨立陽台★限學生,13990,27980,0,臺北市信義區吳興街,信義區,吳興街,25.0251064,121.5670694,2房1廳1衛1陽台,2,1,1,0,1,2.0,整層,apt,19.0,6,6,12,2026-01-16,broker,有陽台,未提供,未提供,水費、瓦斯費,未提供,7,https://renco-rentals-prod.s3.ap-northeast-1.amazonaws.com/20054/medium/7eb5c9d5-9e18-4f99-bcea-a121859fc0ee.png | https://renco-rentals-prod.s3.ap-northeast-1.amazonaws.com/20054/medium/d84dbea6-cfbb-481c-a9e3-06a63ee44bfb.png | https://renco-rentals-prod.s3.ap-northeast-1.amazonaws.com/20054/medium/4e535124-8817-4b20-b4d3-b1b20a96ef3b.png | https://renco-rentals-prod.s3.ap-northeast-1.amazonaws.com/20054/medium/6e46ae14-d121-41b9-8dd6-2610669c1872.png | https://renco-rentals-prod.s3.ap-northeast-1.amazonaws.com/20054/medium/f04ae545-6608-4e2d-931c-db3e9084a0d7.png | https://renco-rentals-prod.s3.ap-northeast-1.amazonaws.com/20054/medium/1d90a98b-99cd-44c8-9bc0-98589bed6d1b.png | https://renco-rentals-prod.s3.ap-northeast-1.amazonaws.com/20054/medium/5840ab3c-4937-4a25-b327-0fe33ad04cc6.png
6jphl2ehpc9hieih,https://www.dd-room.com/object/6jphl2ehpc9hieih,捷運萬隆4分【優質大空間】小廚房★大露臺★採光優,22000,44000,200,臺北市文山區萬隆街,文山區,萬隆街,25.0003608,121.5380282,1房1衛1陽台,1,0,1,0,1,2.0,獨立套房,apt,9.0,6,6,12,2026-01-15,broker,有陽台,未提供,未提供,水費,未提供,7,https://renco-rentals-prod.s3.ap-northeast-1.amazonaws.com/29115/medium/35dea6f2-61b8-468e-bf13-2b988b081f92.png | https://renco-rentals-prod.s3.ap-northeast-1.amazonaws.com/29115/medium/3763f3fa-8aec-4507-9d2c-57bdde1ab4e4.png | https://renco-rentals-prod.s3.ap-northeast-1.amazonaws.com/29115/medium/6e550138-ebc8-4422-b01b-cb976e676853.png | https://renco-rentals-prod.s3.ap-northeast-1.amazonaws.com/29115/medium/4b490741-6d42-4117-9cd8-797a668ad53a.png | https://renco-rentals-prod.s3.ap-northeast-1.amazonaws.com/29115/medium/5c5aee42-b220-46f3-9438-db6105c7f847.png | https://renco-rentals-prod.s3.ap-northeast-1.amazonaws.com/29115/medium/c2cbdb2d-760c-4902-b7ae-dabcb262ff65.png | https://renco-rentals-prod.s3.ap-northeast-1.amazonaws.com/29115/medium/9b3c10cc-d03d-4fef-853f-b53008d906e9.png
wlzp5e2g6ftupayt,https://www.dd-room.com/object/wlzp5e2g6ftupayt,捷運善導寺4分【精緻3房2衛】報稅洽★可入籍★警衛管理,62000,124000,4000,臺北市中正區林森南路,中正區,林森南路,25.041725,121.5224325,3房2廳2衛1陽台,3,2,2,0,1,3.0,整層,elevator,20.0,4,12,12,2026-01-14,broker,可養貓、可養狗、可開伙、有電梯、有陽台、可入籍,未提供,未提供,未提供,未提供,10,https://renco-rentals-prod.s3.ap-northeast-1.amazonaws.com/36426/medium/eb5294c3-bcc6-40c4-8246-bbe14c7a0009.png | https://renco-rentals-prod.s3.ap-northeast-1.amazonaws.com/36426/medium/6a3ab81d-5c0d-4141-871d-2f607357218f.png | https://renco-rentals-prod.s3.ap-northeast-1.amazonaws.com/36426/medium/e8b26fa9-8ffc-4118-9720-04e3c732d095.png | https://renco-rentals-prod.s3.ap-northeast-1.amazonaws.com/36426/medium/412b56b7-2625-4ac4-904e-a40646076b85.png | https://renco-rentals-prod.s3.ap-northeast-1.amazonaws.com/36426/medium/6a0be6a2-d30a-42b6-bb9a-a9564415e942.png | https://renco-rentals-prod.s3.ap-northeast-1.amazonaws.com/36426/medium/d9fbaeff-0ee8-4678-a421-7a033a929ceb.png | https://renco-rentals-prod.s3.ap-northeast-1.amazonaws.com/36426/medium/4614f76b-41ab-4aec-ac90-c1923c210680.png | https://renco-rentals-prod.s3.ap-northeast-1.amazonaws.com/36426/medium/046d29e9-8d77-4969-8a75-96e5aa7d4013.png | https://renco-rentals-prod.s3.ap-northeast-1.amazonaws.com/36426/medium/6f04337b-f2c1-4139-b5dc-b9dec488ba4d.png | https://renco-rentals-prod.s3.ap-northeast-1.amazonaws.com/36426/medium/2943191f-bc62-42cd-a7b6-90654012ac5d.png
slbu14r2uh8tmc2e,https://www.dd-room.com/object/slbu14r2uh8tmc2e,榮星花園【豪邸2房2衛】可報稅★飯店管理★外商首選,59999,119998,0,臺北市中山區建國北路三段,中山區,建國北路三段,25.0657637,121.5358266,2房2廳2衛1陽台,2,2,2,0,1,2.0,整層,elevator,16.0,6,14,12,2026-01-14,broker,可養貓、可養狗、可開伙、有電梯、有陽台,未提供,未提供,未提供,未提供,10,https://renco-rentals-prod.s3.ap-northeast-1.amazonaws.com/36341/medium/af0af3f7-706d-48bc-8484-e25a0a340b24.png | https://renco-rentals-prod.s3.ap-northeast-1.amazonaws.com/36341/medium/f6a46c2f-479a-4b81-b13f-351b2d5a6411.png | https://renco-rentals-prod.s3.ap-northeast-1.amazonaws.com/36341/medium/551623ff-d9b6-4a50-843e-a73a095038fc.png | https://renco-rentals-prod.s3.ap-northeast-1.amazonaws.com/36341/medium/4be2330d-c956-45bf-91a3-a6d23320d364.png | https://renco-rentals-prod.s3.ap-northeast-1.amazonaws.com/36341/medium/a95531b3-5f1c-418b-9817-0115889f1e45.png | https://renco-rentals-prod.s3.ap-northeast-1.amazonaws.com/36341/medium/291fedb7-72da-4d7a-bd14-6e9f564a25ab.png | https://renco-rentals-prod.s3.ap-northeast-1.amazonaws.com/36341/medium/d0767dc4-3f4c-4425-a692-e28561c92c85.png | https://renco-rentals-prod.s3.ap-northeast-1.amazonaws.com/36341/medium/908d542a-4b58-40b3-a5a4-d89aef9cc4ea.png | https://renco-rentals-prod.s3.ap-northeast-1.amazonaws.com/36341/medium/4cfa3183-b74a-4f2c-aff3-8cf784e75466.png | https://renco-rentals-prod.s3.ap-northeast-1.amazonaws.com/36341/medium/0b64561e-09e7-4267-87f2-db29f14c9016.png
mvegrvu5gf3gvdoj,https://www.dd-room.com/object/mvegrvu5gf3gvdoj,捷運萬芳醫院站【超值1房1廳】可養貓★採光優★附傢俱,16500,33000,0,臺北市文山區辛亥路五段,文山區,辛亥路五段,24.9994535,121.5539081,1房1廳1衛,1,1,1,0,0,1.0,整層,apt,14.0,6,6,12,2026-01-13,broker,未提供,未提供,未提供,水費、第四台,未提供,5,https://renco-rentals-prod.s3.ap-northeast-1.amazonaws.com/35976/medium/b37c6885-4a3d-4a58-b956-87447d8795a0.jpg | https://renco-rentals-prod.s3.ap-northeast-1.amazonaws.com/35976/medium/397f08e6-5a4f-4722-9fe2-77cc091d0b3d.jpg | https://renco-rentals-prod.s3.ap-northeast-1.amazonaws.com/35976/medium/693a4ab8-a426-4137-a477-3ea2b8c81a98.jpg | https://renco-rentals-prod.s3.ap-northeast-1.amazonaws.com/35976/medium/85e26018-9f20-45d7-8ace-0da7489ac975.jpg | https://renco-rentals-prod.s3.ap-northeast-1.amazonaws.com/35976/medium/40ad7ad7-5f72-4f7f-8a69-b75661e4382c.jpg
nyrfzo74xhfyrlo4,https://www.dd-room.com/object/nyrfzo74xhfyrlo4,捷運龍山寺站【優質2房】有陽台★皆有窗★警衛管理,47800,95600,2300,臺北市萬華區環河南路二段,萬華區,環河南路二段,25.036949,121.4957855,2房1廳1衛1陽台,2,1,1,0,1,2.0,整層,elevator,21.0,14,24,12,2026-01-11,broker,可開伙、有電梯、有陽台,未提供,未提供,未提供,未提供,14,https://renco-rentals-prod.s3.ap-northeast-1.amazonaws.com/36302/medium/7dfccb8c-16b4-4917-a3ea-171025bc2c4f.png | https://renco-rentals-prod.s3.ap-northeast-1.amazonaws.com/36302/medium/1d427487-3b04-4b55-a19a-e6fa54e144a0.png | https://renco-rentals-prod.s3.ap-northeast-1.amazonaws.com/36302/medium/c9dd998b-66ac-4114-b6a7-7973d82f9330.png | https://renco-rentals-prod.s3.ap-northeast-1.amazonaws.com/36302/medium/1e13eb81-a2c5-45fc-bb5f-2a37a265f189.png | https://renco-rentals-prod.s3.ap-northeast-1.amazonaws.com/36302/medium/51c07d45-95d0-4b73-95c3-72fda8b46bf7.png | https://renco-rentals-prod.s3.ap-northeast-1.amazonaws.com/36302/medium/fedfd9b6-21f6-48c3-bd56-5ebb6a923dad.png | https://renco-rentals-prod.s3.ap-northeast-1.amazonaws.com/36302/medium/c14e46ec-f0bd-4076-a187-851a9903cf29.png | https://renco-rentals-prod.s3.ap-northeast-1.amazonaws.com/36302/medium/f97825e1-183d-42e7-b8bd-cd975ce9faea.png | https://renco-rentals-prod.s3.ap-northeast-1.amazonaws.com/36302/medium/fbe3731e-fb44-43aa-9831-eefc22c1b0ac.png | https://renco-rentals-prod.s3.ap-northeast-1.amazonaws.com/36302/medium/9883f41f-e931-40ee-91b5-4f02e220aeaa.png | https://renco-rentals-prod.s3.ap-northeast-1.amazonaws.com/36302/medium/e27cd952-411e-4db2-abd5-6f6ef280177d.png | https://renco-rentals-prod.s3.ap-northeast-1.amazonaws.com/36302/medium/3020b681-f05f-434d-9997-22360850c7bd.png | https://renco-rentals-prod.s3.ap-northeast-1.amazonaws.com/36302/medium/d8e42554-9cbb-4c5d-853d-71e161be5e7e.png | https://renco-rentals-prod.s3.ap-northeast-1.amazonaws.com/36302/medium/31e319ec-cca2-462b-a1b1-20f439aee44c.png
oxlcfhj2oxv8a9yn,https://www.dd-room.com/object/oxlcfhj2oxv8a9yn,近捷運象山【超值1房1廳】廁所有窗★有陽台★附家具,21500,43000,0,臺北市信義區信義路六段,信義區,信義路六段,25.0349379,121.5765026,1房1廳1衛1陽台,1,1,1,0,1,1.0,整層,apt,15.0,6,6,12,2026-01-10,broker,可養貓、可養狗、有陽台,未提供,未提供,水費,未提供,8,https://renco-rentals-prod.s3.ap-northeast-1.amazonaws.com/36240/medium/5d357ffc-4a4e-416f-b7d9-2e90c4fe507c.png | https://renco-rentals-prod.s3.ap-northeast-1.amazonaws.com/36240/medium/fc733742-b0ee-4a35-8310-96a5a2513b83.png | https://renco-rentals-prod.s3.ap-northeast-1.amazonaws.com/36240/medium/a0f4b3b5-7ae1-4c3e-89bf-2c8daf329955.png | https://renco-rentals-prod.s3.ap-northeast-1.amazonaws.com/36240/medium/f64ac9d1-c3cc-4f3b-917a-8be4d2663318.png | https://renco-rentals-prod.s3.ap-northeast-1.amazonaws.com/36240/medium/5aa8e832-2320-4055-9adc-f46c9961cc9b.png | https://renco-rentals-prod.s3.ap-northeast-1.amazonaws.com/36240/medium/03f8ea97-174f-491a-a265-26f1efa44fbe.png | https://renco-rentals-prod.s3.ap-northeast-1.amazonaws.com/36240/medium/bc42df65-d2b1-45ab-97a0-de3e3539b18f.png | https://renco-rentals-prod.s3.ap-northeast-1.amazonaws.com/36240/medium/3daa0d46-3cb2-449e-951b-d3ba6f81aa39.png
cat975kkfxndni57,https://www.dd-room.com/object/cat975kkfxndni57,世新大學【豪邸4房2衛】可入籍★含車位★可養貓★警衛管理,51999,103998,2000,臺北市文山區木柵路一段,文山區,木柵路一段,24.9886465,121.5571187,4房2廳2衛2陽台,4,2,2,0,2,4.0,整層,elevator,40.0,8,11,12,2026-01-09,broker,可養貓、可養狗、可開伙、有電梯、有陽台、可入籍,未提供,未提供,未提供,未提供,14,https://renco-rentals-prod.s3.ap-northeast-1.amazonaws.com/36093/medium/8d0853bf-1e95-43c2-9d78-2488e76e5639.png | https://renco-rentals-prod.s3.ap-northeast-1.amazonaws.com/36093/medium/e465c77d-f2a6-436b-92eb-56c36b84a446.png | https://renco-rentals-prod.s3.ap-northeast-1.amazonaws.com/36093/medium/5c319248-d8dd-4bcb-bb55-a17edee35932.png | https://renco-rentals-prod.s3.ap-northeast-1.amazonaws.com/36093/medium/95bfeb7b-ad3f-4ec2-85bd-406d091b8b38.png | https://renco-rentals-prod.s3.ap-northeast-1.amazonaws.com/36093/medium/6ae30499-ce4e-48b3-b617-6a81e8cf6760.png | https://renco-rentals-prod.s3.ap-northeast-1.amazonaws.com/36093/medium/213cb3a0-27af-4b7d-b656-11be8b80e33f.png | https://renco-rentals-prod.s3.ap-northeast-1.amazonaws.com/36093/medium/7ea37160-0b22-4f96-ad1d-be5b0c88bc44.png | https://renco-rentals-prod.s3.ap-northeast-1.amazonaws.com/36093/medium/7a33960e-63c7-4da8-92cf-26e74258e6b3.png | https://renco-rentals-prod.s3.ap-northeast-1.amazonaws.com/36093/medium/476201fa-2e92-49ae-9e54-bd3c076bdd56.png | https://renco-rentals-prod.s3.ap-northeast-1.amazonaws.com/36093/medium/e280e305-808c-4404-8aae-ab8b3aa723ad.png | https://renco-rentals-prod.s3.ap-northeast-1.amazonaws.com/36093/medium/b8e6107b-5b64-4b66-8b1a-993f65bbbfb7.png | https://renco-rentals-prod.s3.ap-northeast-1.amazonaws.com/36093/medium/2aadcd5e-d944-4a8b-9fdf-73818918f9b7.png | https://renco-rentals-prod.s3.ap-northeast-1.amazonaws.com/36093/medium/a7224ca8-5280-40e0-a450-269269333ffa.png | https://renco-rentals-prod.s3.ap-northeast-1.amazonaws.com/36093/medium/04b32907-3f6f-4cc2-9118-08efda314792.png
h3zdddhfec6oxfqz,https://www.dd-room.com/object/h3zdddhfec6oxfqz,近東湖國中【超值租案】大空間★多窗採光★衛浴開窗,10000,20000,0,臺北市內湖區安泰街,內湖區,安泰街,25.0741017,121.6173648,1房1衛,1,0,1,0,0,2.0,獨立套房,apt,6.0,5,5,12,2026-01-08,broker,未提供,未提供,未提供,未提供,限男性,5,https://renco-rentals-prod.s3.ap-northeast-1.amazonaws.com/36118/medium/4950e1c0-a623-48f7-9b71-278c7ea65b82.png | https://renco-rentals-prod.s3.ap-northeast-1.amazonaws.com/36118/medium/e7843196-0cec-49d8-a08f-495262b3d019.png | https://renco-rentals-prod.s3.ap-northeast-1.amazonaws.com/36118/medium/f392d269-f31d-45fe-b1c7-41208dda73c8.png | https://renco-rentals-prod.s3.ap-northeast-1.amazonaws.com/36118/medium/4cadd44b-d39b-447b-b4ce-7c8d6278ea9d.png | https://renco-rentals-prod.s3.ap-northeast-1.amazonaws.com/36118/medium/45edcd83-49d8-48be-beaa-1da752bca689.png
jhp8oakxottzkv78,https://www.dd-room.com/object/jhp8oakxottzkv78,近捷運善導寺【豪邸2房2廳】可補助★垃圾代收★精緻裝潢,48999,97998,4500,臺北市中正區仁愛路二段,中正區,仁愛路二段,25.0381707,121.5266952,2房2廳1衛1陽台,2,2,1,0,1,2.0,整層,elevator,19.0,4,7,12,2026-01-07,broker,可養貓、可養狗、可開伙、有電梯、垃圾代收、有陽台、租金補貼,未提供,未提供,未提供,未提供,15,https://img2.591.com.tw/house/2026/01/07/176779859665212600.png!1000x.png | https://img1.591.com.tw/house/2026/01/07/176779859655701800.png!1000x.png | https://img1.591.com.tw/house/2026/01/07/176779859681569304.png!1000x.png | https://img1.591.com.tw/house/2026/01/07/176779859636936100.png!1000x.png | https://img2.591.com.tw/house/2026/01/07/176779859652159203.png!1000x.png | https://img2.591.com.tw/house/2026/01/07/176779859683501804.png!1000x.png | https://img1.591.com.tw/house/2026/01/07/176779859658002508.png!1000x.png | https://img1.591.com.tw/house/2026/01/07/176779859653693005.png!1000x.png | https://img1.591.com.tw/house/2026/01/07/176779859679734403.png!1000x.png | https://img2.591.com.tw/house/2026/01/07/176779859686548204.png!1000x.png | https://img1.591.com.tw/house/2026/01/07/176779859684457804.png!1000x.png | https://img1.591.com.tw/house/2026/01/07/176779859652206602.png!1000x.png | https://img2.591.com.tw/house/2026/01/07/176779859710829907.png!1000x.png | https://img1.591.com.tw/house/2026/01/07/176779859713747107.png!1000x.png | https://img1.591.com.tw/house/2026/01/07/176779859692303408.png!1000x.png
y6caxqrsjrzqlffl,https://www.dd-room.com/object/y6caxqrsjrzqlffl,捷運台電大樓站【優質3房2衛】有陽台★皆有窗★附傢俱,55999,111998,0,臺北市大安區師大路,大安區,師大路,25.0218269,121.528185,3房2廳2衛2陽台,3,2,2,0,2,3.0,整層,apt,26.0,4,4,12,2026-01-04,broker,可開伙、有陽台,未提供,未提供,未提供,未提供,11,https://renco-rentals-prod.s3.ap-northeast-1.amazonaws.com/35586/medium/75f8e3dd-22d0-4424-ad4a-ba8e6492437a.png | https://renco-rentals-prod.s3.ap-northeast-1.amazonaws.com/35586/medium/023840d2-4e37-4e99-86d2-e2a48c481645.png | https://renco-rentals-prod.s3.ap-northeast-1.amazonaws.com/35586/medium/28cdab59-8fac-44f7-9f66-cd1781f221a0.png | https://renco-rentals-prod.s3.ap-northeast-1.amazonaws.com/35586/medium/2ffc12e4-3dfb-42ae-8253-2d0394f02db3.png | https://renco-rentals-prod.s3.ap-northeast-1.amazonaws.com/35586/medium/712f71be-bf28-4d3a-9f0e-b7503435d1b0.png | https://renco-rentals-prod.s3.ap-northeast-1.amazonaws.com/35586/medium/6f9e7250-d08c-407d-ad90-1e2e4d26af8a.png | https://renco-rentals-prod.s3.ap-northeast-1.amazonaws.com/35586/medium/cceb332a-52a7-4091-b349-4614c525445c.png | https://renco-rentals-prod.s3.ap-northeast-1.amazonaws.com/35586/medium/ec378fb1-d014-46a8-9bf2-a31f56c1ab85.png | https://renco-rentals-prod.s3.ap-northeast-1.amazonaws.com/35586/medium/5b003460-fa10-4938-8cec-6dc575a91ff2.png | https://renco-rentals-prod.s3.ap-northeast-1.amazonaws.com/35586/medium/4965ed2d-e0b1-439c-a50c-78f0cd9a8016.png | https://renco-rentals-prod.s3.ap-northeast-1.amazonaws.com/35586/medium/52fc9a1e-91c0-46f6-b049-d9d3e2d3b777.png
tkqr8bzhq3zfwlpk,https://www.dd-room.com/object/tkqr8bzhq3zfwlpk,捷運市政府1分【豪邸1房2衛】報稅洽★景觀高樓★警衛管理,110000,220000,0,臺北市信義區忠孝東路五段,信義區,忠孝東路五段,25.0411286,121.5785763,1房2廳2衛2陽台,1,2,2,0,2,1.0,整層,elevator,29.0,11,13,12,2026-01-03,broker,可開伙、有電梯、有陽台,未提供,未提供,未提供,未提供,13,https://renco-rentals-prod.s3.ap-northeast-1.amazonaws.com/35851/medium/6188dd28-5146-4f37-9241-82afd13e7eb7.png | https://renco-rentals-prod.s3.ap-northeast-1.amazonaws.com/35851/medium/a295d550-79ea-4493-a4b1-690e01336e59.png | https://renco-rentals-prod.s3.ap-northeast-1.amazonaws.com/35851/medium/631a8ed5-4706-43a3-9e8b-fe3f2be2fb3c.png | https://renco-rentals-prod.s3.ap-northeast-1.amazonaws.com/35851/medium/746bcb15-39b0-40e7-bc5e-7223ed854076.png | https://renco-rentals-prod.s3.ap-northeast-1.amazonaws.com/35851/medium/d3a7a83b-137b-4a7c-b81c-2ef89c60c059.png | https://renco-rentals-prod.s3.ap-northeast-1.amazonaws.com/35851/medium/567be65b-3aa5-462c-aa9a-87fc1b4b36b4.png | https://renco-rentals-prod.s3.ap-northeast-1.amazonaws.com/35851/medium/c782da80-546e-4326-bb8e-8706148cd2df.png | https://renco-rentals-prod.s3.ap-northeast-1.amazonaws.com/35851/medium/dbc8f396-08b2-4f34-8dbc-55d3d032afd9.png | https://renco-rentals-prod.s3.ap-northeast-1.amazonaws.com/35851/medium/fccb9540-c976-4202-b873-01ed4ef19661.png | https://renco-rentals-prod.s3.ap-northeast-1.amazonaws.com/35851/medium/bd07bb37-2589-48e9-8ac7-53680606062c.png | https://renco-rentals-prod.s3.ap-northeast-1.amazonaws.com/35851/medium/472c0180-b3ef-43e4-bbcb-b5089a637e68.png | https://renco-rentals-prod.s3.ap-northeast-1.amazonaws.com/35851/medium/1fa00a39-8b76-4aad-91e0-0278c1068a37.png | https://renco-rentals-prod.s3.ap-northeast-1.amazonaws.com/35851/medium/e31239c9-1fef-42da-b67c-3796239c9b6b.png
m89yllh1e7lp2ncz,https://www.dd-room.com/object/m89yllh1e7lp2ncz,免佣）有窗/一樓/近Sogo/全天保全/近捷運,26000,52000,0,臺北市士林區德行東路,士林區,德行東路,25.1088269,121.5315571,1房1衛,1,0,1,0,0,2.0,獨立套房,apt,9.0,1,4,12,2025-12-31,broker,免仲介費,未提供,未提供,管理費、第四台,未提供,13,https://renco-rentals-prod.s3.ap-northeast-1.amazonaws.com/34347/medium/b7f62d07-4dd8-49b6-87d0-7b58e4a80a23.jpeg | https://renco-rentals-prod.s3.ap-northeast-1.amazonaws.com/34347/medium/79246732-7ca0-4243-b3ed-dd76f1755271.jpeg | https://renco-rentals-prod.s3.ap-northeast-1.amazonaws.com/34347/medium/1641f55c-32ae-4dc9-a9d4-219ec8490670.jpeg | https://renco-rentals-prod.s3.ap-northeast-1.amazonaws.com/34347/medium/044876b4-d09c-4caa-9e07-a047b1130d8a.jpeg | https://renco-rentals-prod.s3.ap-northeast-1.amazonaws.com/34347/medium/b68a047d-0a38-47ba-a37c-37484fe0337d.jpeg | https://renco-rentals-prod.s3.ap-northeast-1.amazonaws.com/34347/medium/30743033-c113-4020-aae0-57b77d04069b.jpeg | https://renco-rentals-prod.s3.ap-northeast-1.amazonaws.com/34347/medium/9bb02468-03b1-4539-8a81-0e3772747249.jpeg | https://renco-rentals-prod.s3.ap-northeast-1.amazonaws.com/34347/medium/ebb8d86d-146d-44b2-84a5-db0a85719b6f.jpeg | https://renco-rentals-prod.s3.ap-northeast-1.amazonaws.com/34347/medium/9e1d8aa7-7fde-46ba-b46a-43df4737882a.jpeg | https://renco-rentals-prod.s3.ap-northeast-1.amazonaws.com/34347/medium/6772174e-090d-41b5-ba76-17f59dfd1f08.jpeg | https://renco-rentals-prod.s3.ap-northeast-1.amazonaws.com/34347/medium/8b1528a9-d78a-4fcc-8f9d-2777ede04b52.jpeg | https://renco-rentals-prod.s3.ap-northeast-1.amazonaws.com/34347/medium/24050dee-36f9-4675-843f-7dde58cbc948.jpeg | https://renco-rentals-prod.s3.ap-northeast-1.amazonaws.com/34347/medium/6eef50b4-13eb-42ee-b84a-adecc63a536f.jpg
uwlb3ygfdqyirnwa,https://www.dd-room.com/object/uwlb3ygfdqyirnwa,捷運芝山2分【挑高2房2廳】小廚房★警衛管理★獨立陽台,46000,92000,4145,臺北市士林區德行西路,士林區,德行西路,25.1060204,121.5239296,2房2廳1衛1陽台,2,2,1,0,1,2.0,整層,elevator,19.0,3,8,12,2025-12-31,broker,可開伙、有電梯、有陽台,未提供,未提供,未提供,未提供,12,https://renco-rentals-prod.s3.ap-northeast-1.amazonaws.com/temp/c325330d-f4ce-46da-b1a1-801a1991df1e.jpg | https://renco-rentals-prod.s3.ap-northeast-1.amazonaws.com/temp/d1bd21df-3f7b-4866-800f-7f7d8395f066.jpg | https://renco-rentals-prod.s3.ap-northeast-1.amazonaws.com/temp/b3ed5405-0f5d-4e0a-b97a-68be99d9faed.jpg | https://renco-rentals-prod.s3.ap-northeast-1.amazonaws.com/temp/2f084326-4e32-49bf-a5c7-1ff7e6ce7cfe.jpg | https://renco-rentals-prod.s3.ap-northeast-1.amazonaws.com/temp/933df5bd-f052-4e73-a6d8-cc5ede62d518.jpg | https://renco-rentals-prod.s3.ap-northeast-1.amazonaws.com/temp/8099867c-5fca-4161-b06c-2b2bac18570e.jpg | https://renco-rentals-prod.s3.ap-northeast-1.amazonaws.com/temp/dbe502ba-ff1e-4ed0-a48b-09587394b653.jpg | https://renco-rentals-prod.s3.ap-northeast-1.amazonaws.com/temp/8f373ab1-588a-47a5-a415-06950a769c06.jpg | https://renco-rentals-prod.s3.ap-northeast-1.amazonaws.com/temp/6c91e203-259f-4d72-acba-b0ca7ba6f4d7.jpg | https://renco-rentals-prod.s3.ap-northeast-1.amazonaws.com/temp/58282e9f-2aa6-4fe0-88ae-2d17d620cb94.jpg | https://renco-rentals-prod.s3.ap-northeast-1.amazonaws.com/temp/50eaf387-c688-4baf-acb8-097fba048051.jpg | https://renco-rentals-prod.s3.ap-northeast-1.amazonaws.com/temp/aa069f49-e951-40bb-8f0b-ca8053dd2fc8.jpg
zwojtwy1ysac8ess,https://www.dd-room.com/object/zwojtwy1ysac8ess,免佣）潭美公園【超值大空間】獨立衛浴★水泥隔間★小資首選,10999,21998,0,臺北市內湖區新明路,內湖區,新明路,25.0584583,121.588039,1房1衛1陽台,1,0,1,0,1,2.0,獨立套房,apt,6.0,6,6,12,2025-12-30,broker,有陽台、免仲介費,未提供,未提供,未提供,未提供,4,https://renco-rentals-prod.s3.ap-northeast-1.amazonaws.com/temp/76034a0c-9849-4377-8e4e-9031feaaf615.png | https://renco-rentals-prod.s3.ap-northeast-1.amazonaws.com/temp/53a5fa7e-fcb6-4b5e-9dd7-007f0e9cb955.png | https://renco-rentals-prod.s3.ap-northeast-1.amazonaws.com/temp/27c137d5-c918-4129-a7e3-94e42443e61e.png | https://renco-rentals-prod.s3.ap-northeast-1.amazonaws.com/temp/9f979727-2ae2-4912-8718-947541cfe2d2.png
elgtmlq7eojs1fdt,https://www.dd-room.com/object/elgtmlq7eojs1fdt,近捷運中山國中【優質租案】大空間★小廚房★獨洗陽台,20490,40980,500,臺北市中山區龍江路,中山區,龍江路,25.0634093,121.5409237,1房1衛1陽台,1,0,1,0,1,2.0,獨立套房,apt,9.0,5,4,12,2025-12-30,broker,可開伙、有陽台,未提供,未提供,水費、第四台,未提供,7,https://renco-rentals-prod.s3.ap-northeast-1.amazonaws.com/34400/medium/42744684-5256-4fc0-9829-d45b6561d982.png | https://renco-rentals-prod.s3.ap-northeast-1.amazonaws.com/34400/medium/2e269f88-0eda-4cd2-9c12-f8940d7adee9.png | https://renco-rentals-prod.s3.ap-northeast-1.amazonaws.com/34400/medium/37ecf346-49dc-4878-ac71-96398c491cc1.png | https://renco-rentals-prod.s3.ap-northeast-1.amazonaws.com/34400/medium/e85a45e7-e72f-4597-a09f-3cd5d5bef7de.png | https://renco-rentals-prod.s3.ap-northeast-1.amazonaws.com/34400/medium/0c54838b-25f2-4eeb-bb9b-fed0d641129a.png | https://renco-rentals-prod.s3.ap-northeast-1.amazonaws.com/34400/medium/02100fa4-f7a0-4a8d-9238-a26709bb9d3f.png | https://renco-rentals-prod.s3.ap-northeast-1.amazonaws.com/34400/medium/78eb74ff-682b-431f-9db8-3505820aa579.png
xmqizoauwuzujobg,https://www.dd-room.com/object/xmqizoauwuzujobg,捷運麟光5分【秒殺租案】大空間★採光優★獨立衛浴,9000,18000,500,臺北市大安區和平東路三段,大安區,和平東路三段,25.0109102,121.5639627,1房1衛,1,0,1,0,0,2.0,獨立套房,apt,6.0,5,5,12,2025-12-30,broker,可養貓、可養狗,未提供,未提供,水費,未提供,5,https://renco-rentals-prod.s3.ap-northeast-1.amazonaws.com/35598/medium/7fcdb0ff-ba8c-4d2b-a752-bc7a2f27e049.png | https://renco-rentals-prod.s3.ap-northeast-1.amazonaws.com/35598/medium/0d7d51fe-9af8-4cd7-9129-9b769905865f.png | https://renco-rentals-prod.s3.ap-northeast-1.amazonaws.com/35598/medium/81bc9dee-ec95-4c4d-ab74-4d4ead614c52.png | https://renco-rentals-prod.s3.ap-northeast-1.amazonaws.com/35598/medium/db20eda0-f447-4241-8874-861b65b6d7dd.png | https://renco-rentals-prod.s3.ap-northeast-1.amazonaws.com/35598/medium/2af38f93-a8f7-46e5-9288-47673b10caf2.png
iifrnfzdnvao993l,https://www.dd-room.com/object/iifrnfzdnvao993l,捷運內湖4分【精緻2房2衛】稅洽★養寵洽★格局方正★飯店管理,54999,109998,5438,臺北市內湖區成功路四段,內湖區,成功路四段,25.0847146,121.597789,2房2廳2衛2陽台,2,2,2,0,2,2.0,整層,elevator,28.0,4,14,12,2025-12-17,broker,可養貓、可養狗、可開伙、有電梯、有陽台,未提供,未提供,未提供,未提供,6,https://renco-rentals-prod.s3.ap-northeast-1.amazonaws.com/31540/medium/9dedc590-df79-49f8-b1c8-91e2ba003b26.jpg | https://renco-rentals-prod.s3.ap-northeast-1.amazonaws.com/31540/medium/8a2f49af-adea-424a-9fed-61d6e1cf9505.jpg | https://renco-rentals-prod.s3.ap-northeast-1.amazonaws.com/31540/medium/b974a598-689e-4bad-b332-c85301fc6bef.jpg | https://renco-rentals-prod.s3.ap-northeast-1.amazonaws.com/31540/medium/7ad9f6f5-dcd4-4d00-8735-fc74044604dd.jpg | https://renco-rentals-prod.s3.ap-northeast-1.amazonaws.com/31540/medium/0e39454d-85bf-48f2-912b-7d53d303d22e.jpg | https://renco-rentals-prod.s3.ap-northeast-1.amazonaws.com/31540/medium/74a59aeb-85a0-4a4c-8e24-f862f796a67a.jpg
i3cmax47pscj4mwz,https://www.dd-room.com/object/i3cmax47pscj4mwz,捷運信義安和【超值租案】獨洗★免爬高★近商圈,11995,23990,0,臺北市大安區通化街,大安區,通化街,25.0287281,121.5538123,1房1衛,1,0,1,0,0,2.0,獨立套房,house,3.0,3,5,12,2025-12-17,broker,可開伙,未提供,未提供,第四台,未提供,2,https://renco-rentals-prod.s3.ap-northeast-1.amazonaws.com/34339/medium/5686ddd3-df25-43fc-88e9-3aa4fb613e93.png | https://renco-rentals-prod.s3.ap-northeast-1.amazonaws.com/34339/medium/9f4f17e1-b1ee-4ed6-b2b6-d0ebc4e1c3f2.png
u2a2jljeprd5an85,https://www.dd-room.com/object/u2a2jljeprd5an85,捷運中山國小站3分【優質租案】可補助★有警衛★垃圾代收,26000,52000,1500,臺北市中山區民權東路二段,中山區,民權東路二段,25.0627055,121.5277244,1房1衛,1,0,1,0,0,2.0,獨立套房,elevator,6.0,2,12,12,2025-12-16,broker,可開伙、有電梯、垃圾代收、租金補貼,未提供,未提供,未提供,未提供,5,https://renco-rentals-prod.s3.ap-northeast-1.amazonaws.com/35108/medium/8fb89bbd-1ad9-454c-b781-a40361603d87.png | https://renco-rentals-prod.s3.ap-northeast-1.amazonaws.com/35108/medium/423c322d-b1f4-47a9-be95-2f5cd2dc6847.png | https://renco-rentals-prod.s3.ap-northeast-1.amazonaws.com/35108/medium/a101bab5-481a-4d06-a793-bbb09b9123ab.png | https://renco-rentals-prod.s3.ap-northeast-1.amazonaws.com/35108/medium/6afa5699-6da5-4463-a40b-45b6a041d717.png | https://renco-rentals-prod.s3.ap-northeast-1.amazonaws.com/35108/medium/d6207339-97fc-4bbf-b5db-fe92f261907a.png
mh1oys9k4vxl5w9j,https://www.dd-room.com/object/mh1oys9k4vxl5w9j,捷運永春站1分【優質2房1廳】有電梯★警衛管理★垃圾代收,43499,86998,1610,臺北市信義區忠孝東路五段,信義區,忠孝東路五段,25.0411286,121.5785763,2房1廳1衛,2,1,1,0,0,2.0,整層,elevator,21.0,5,11,12,2025-12-16,broker,可開伙、有電梯、垃圾代收,未提供,未提供,未提供,未提供,8,https://renco-rentals-prod.s3.ap-northeast-1.amazonaws.com/35164/medium/5080ca40-0f26-4ee3-b5ac-6d8236d57ae9.png | https://renco-rentals-prod.s3.ap-northeast-1.amazonaws.com/35164/medium/3a6ff8b3-b440-4f6b-8a07-84b8d8f01595.png | https://renco-rentals-prod.s3.ap-northeast-1.amazonaws.com/35164/medium/4873d7b5-e1ab-4e68-bedb-bc94e665b04a.png | https://renco-rentals-prod.s3.ap-northeast-1.amazonaws.com/35164/medium/0f1e99f1-368f-41c7-b143-dab15dcccc0c.png | https://renco-rentals-prod.s3.ap-northeast-1.amazonaws.com/35164/medium/62742e87-fd18-4818-a94c-90e346ebfb2a.png | https://renco-rentals-prod.s3.ap-northeast-1.amazonaws.com/35164/medium/5b37db99-719e-4127-99e0-d51ef6ab7d34.png | https://renco-rentals-prod.s3.ap-northeast-1.amazonaws.com/35164/medium/dd202a9d-3a0b-49c6-b4a0-dfd3edd00642.png | https://renco-rentals-prod.s3.ap-northeast-1.amazonaws.com/35164/medium/b838ad55-828f-414e-bd9c-ed831c7d8b03.png
vdu7name1p5q78dt,https://www.dd-room.com/object/vdu7name1p5q78dt,捷運內湖1分【景觀1房1廳】寵可洽★警衛管理★獨立陽台,38998,77996,3724,臺北市內湖區成功路四段,內湖區,成功路四段,25.0847146,121.597789,1房1廳1衛1陽台,1,1,1,0,1,1.0,整層,elevator,10.0,14,15,12,2025-12-15,broker,可養貓、可養狗、可開伙、有電梯、有陽台,未提供,未提供,未提供,未提供,5,https://renco-rentals-prod.s3.ap-northeast-1.amazonaws.com/34823/medium/f674b364-36f8-49bf-9d29-cf60fcb4fbdb.jpg | https://renco-rentals-prod.s3.ap-northeast-1.amazonaws.com/34823/medium/8a382cd1-a941-4389-a7f1-c87a8529d346.jpg | https://renco-rentals-prod.s3.ap-northeast-1.amazonaws.com/34823/medium/02637553-e065-409d-8ca0-6998084aae1f.jpg | https://renco-rentals-prod.s3.ap-northeast-1.amazonaws.com/34823/medium/6b5b0ddb-b6ac-4b40-880f-4cc82b4f00b3.jpg | https://renco-rentals-prod.s3.ap-northeast-1.amazonaws.com/34823/medium/d785531f-7056-4ba0-8e5e-2cbcf9c42d11.jpg
wmixadfg2vpitki3,https://www.dd-room.com/object/wmixadfg2vpitki3,捷運中山國小3分【優質租案】可補助★雙窗採光★警衛管理,25500,51000,1000,臺北市中山區民權東路二段,中山區,民權東路二段,25.0627055,121.5277244,1房1衛,1,0,1,0,0,2.0,獨立套房,elevator,6.0,2,12,12,2025-12-15,broker,有電梯、租金補貼,未提供,未提供,未提供,未提供,6,https://renco-rentals-prod.s3.ap-northeast-1.amazonaws.com/35063/medium/d2666f15-52c8-49a9-befe-a25d18e9d3a4.jpg | https://renco-rentals-prod.s3.ap-northeast-1.amazonaws.com/35063/medium/bfb5b3e8-c61a-4ab5-a3c2-68a03b021a5f.jpg | https://renco-rentals-prod.s3.ap-northeast-1.amazonaws.com/35063/medium/ebbc4858-4c2b-4a28-bd89-b95f5451c950.jpg | https://renco-rentals-prod.s3.ap-northeast-1.amazonaws.com/35063/medium/8d84c010-c470-42d9-9400-71173d5867ef.jpg | https://renco-rentals-prod.s3.ap-northeast-1.amazonaws.com/35063/medium/c12c16de-b76f-4661-9b01-550704c31c85.jpg | https://renco-rentals-prod.s3.ap-northeast-1.amazonaws.com/35063/medium/8aadbcfe-454c-4af4-a19a-f55eab22e2dc.jpg
nnylfh4e7xjagpkp,https://www.dd-room.com/object/nnylfh4e7xjagpkp,近陽明高中【秒殺電梯】包水電費★專屬女性★雙面採光,12000,24000,500,臺北市士林區基河路,士林區,基河路,25.0980987,121.5144114,1房1衛,1,0,1,0,0,2.0,獨立套房,elevator,4.0,4,10,12,2025-12-12,broker,有電梯,未提供,未提供,未提供,限女性,6,https://renco-rentals-prod.s3.ap-northeast-1.amazonaws.com/20835/medium/bd41944f-914a-4476-8b69-c8c4e8be64eb.jpg | https://renco-rentals-prod.s3.ap-northeast-1.amazonaws.com/20835/medium/a6237d1b-2592-4cb9-9a05-c06a477f3afe.jpg | https://renco-rentals-prod.s3.ap-northeast-1.amazonaws.com/20835/medium/9c4069b7-40b7-450c-a9b2-4309fc6ed687.jpg | https://renco-rentals-prod.s3.ap-northeast-1.amazonaws.com/20835/medium/9c9413ea-2a75-4c52-ab2f-06602c5cf4d7.jpg | https://renco-rentals-prod.s3.ap-northeast-1.amazonaws.com/20835/medium/2145b400-5898-4572-8852-25f7e61a127c.jpg | https://renco-rentals-prod.s3.ap-northeast-1.amazonaws.com/20835/medium/2db377eb-0100-403f-a762-99fb80e2b69c.jpg
8uuugpemh4mq5845,https://www.dd-room.com/object/8uuugpemh4mq5845,捷運小南門5分【超值雅房】短租洽★垃圾代收★衛浴開窗,7800,15600,0,臺北市萬華區中華路二段,萬華區,中華路二段,25.0283573,121.5055818,1房1衛,1,0,1,0,0,2.0,獨立套房,apt,4.0,4,5,12,2025-12-12,broker,垃圾代收,未提供,未提供,未提供,未提供,5,https://renco-rentals-prod.s3.ap-northeast-1.amazonaws.com/25051/medium/cb3a82e3-8887-41c5-9dd8-c26280ac748d.jpg | https://renco-rentals-prod.s3.ap-northeast-1.amazonaws.com/25051/medium/7f63fffd-8069-4350-b57a-19b47cda12e9.jpg | https://renco-rentals-prod.s3.ap-northeast-1.amazonaws.com/25051/medium/f6dc90cf-95cb-4ca9-93e8-d0d6c84f3b11.jpg | https://renco-rentals-prod.s3.ap-northeast-1.amazonaws.com/25051/medium/8ac03e18-1f58-4295-ae7e-9a54f8a95b4b.jpg | https://renco-rentals-prod.s3.ap-northeast-1.amazonaws.com/25051/medium/87b43001-6481-41fe-a474-064440003616.jpg
5cjnpmleift8mhyn,https://www.dd-room.com/object/5cjnpmleift8mhyn,華興小學【豪邸5房6衛】報稅洽★養寵物★整棟出租,249999,499998,0,臺北市士林區仰德大道一段,士林區,仰德大道一段,25.1070948,121.5372354,5房2廳6衛3陽台,5,2,6,0,3,5.0,整層,apt,133.0,1,2,12,2025-12-11,broker,可養貓、可養狗、可開伙、有陽台,未提供,未提供,未提供,未提供,15,https://renco-rentals-prod.s3.ap-northeast-1.amazonaws.com/34938/medium/b017a260-509c-4676-9388-dd860e213438.jpg | https://renco-rentals-prod.s3.ap-northeast-1.amazonaws.com/34938/medium/3bb5361a-19de-4220-948a-22117853a62c.jpg | https://renco-rentals-prod.s3.ap-northeast-1.amazonaws.com/34938/medium/ec9373c6-ef9f-40fd-bbf5-73be73ee9cb5.jpg | https://renco-rentals-prod.s3.ap-northeast-1.amazonaws.com/34938/medium/29ea758b-0273-40b6-beeb-4802c81e3418.jpg | https://renco-rentals-prod.s3.ap-northeast-1.amazonaws.com/34938/medium/c81b9129-0dcb-4c05-bdfa-edb5d2531752.jpg | https://renco-rentals-prod.s3.ap-northeast-1.amazonaws.com/34938/medium/6a316a32-11b9-4a90-a5c7-06863c3d41c5.jpg | https://renco-rentals-prod.s3.ap-northeast-1.amazonaws.com/34938/medium/4f7b7cce-b99a-46fe-8c75-25f73a97b6be.jpg | https://renco-rentals-prod.s3.ap-northeast-1.amazonaws.com/34938/medium/388eaf0c-e36d-404a-911a-80e6a8e28bcc.jpg | https://renco-rentals-prod.s3.ap-northeast-1.amazonaws.com/34938/medium/b1ead177-2ce9-4a1d-a193-b3274ccee61b.jpg | https://renco-rentals-prod.s3.ap-northeast-1.amazonaws.com/34938/medium/3af243f9-9ac0-40fc-8a55-48cde5cadd40.jpg | https://renco-rentals-prod.s3.ap-northeast-1.amazonaws.com/34938/medium/989bac3e-794a-4671-8fac-f41e57c99a6a.jpg | https://renco-rentals-prod.s3.ap-northeast-1.amazonaws.com/34938/medium/980bc02f-6577-433f-b7cf-8ec015ac5446.jpg | https://renco-rentals-prod.s3.ap-northeast-1.amazonaws.com/34938/medium/29e9f02a-ad55-4354-a2d3-8a93a44329e2.jpg | https://renco-rentals-prod.s3.ap-northeast-1.amazonaws.com/34938/medium/6c7e32e7-1cdd-4198-8997-68407f05bf88.jpg | https://renco-rentals-prod.s3.ap-northeast-1.amazonaws.com/34938/medium/534c2a6b-1996-4055-ae45-8c30b9a84873.jpg
ltliaa4nuwz909hj,https://www.dd-room.com/object/ltliaa4nuwz909hj,捷運市政府【豪邸4房2衛】車位洽★新裝潢★警衛管理,138000,276000,12000,臺北市信義區基隆路一段,信義區,基隆路一段,25.0486217,121.5687628,4房2廳2衛2陽台,4,2,2,0,2,4.0,整層,elevator,50.0,3,14,12,2025-12-10,broker,可開伙、有電梯、有陽台,未提供,未提供,未提供,未提供,15,https://img1.591.com.tw/house/2025/12/10/176537477851477006.png!1000x.png | https://img1.591.com.tw/house/2025/12/10/176537477836093206.png!1000x.png | https://img1.591.com.tw/house/2025/12/10/176537477845243107.png!1000x.png | https://img1.591.com.tw/house/2025/12/10/176537477830879708.png!1000x.png | https://img2.591.com.tw/house/2025/12/10/176537477869986905.png!1000x.png | https://img2.591.com.tw/house/2025/12/10/176537477823887401.png!1000x.png | https://img1.591.com.tw/house/2025/12/10/176537477877931605.png!1000x.png | https://img2.591.com.tw/house/2025/12/10/176537477859738800.png!1000x.png | https://img2.591.com.tw/house/2025/12/10/176537477890032806.png!1000x.png | https://img1.591.com.tw/house/2025/12/10/176537477860096701.png!1000x.png | https://img1.591.com.tw/house/2025/12/10/176537477882650101.png!1000x.png | https://img1.591.com.tw/house/2025/12/10/176537477897834402.png!1000x.png | https://img2.591.com.tw/house/2025/12/10/176537477836341609.png!1000x.png | https://img2.591.com.tw/house/2025/12/10/176537477868135109.png!1000x.png | https://img2.591.com.tw/house/2025/12/10/176537477884605804.png!1000x.png
qpwclzdwepj2wosh,https://www.dd-room.com/object/qpwclzdwepj2wosh,近捷運西湖【豪邸6房6衛】報稅洽★４車位★飯店管理★泳池社區,349989,699978,24526,臺北市內湖區文湖街,內湖區,文湖街,25.086527,121.5615921,6房4廳6衛4陽台,6,4,6,0,4,6.0,整層,elevator,109.0,4,14,12,2025-12-10,broker,可開伙、有電梯、有陽台,未提供,未提供,未提供,未提供,7,https://renco-rentals-prod.s3.ap-northeast-1.amazonaws.com/34878/medium/7e4ad940-f234-43cc-98dd-2ebc29ad906e.jpg | https://renco-rentals-prod.s3.ap-northeast-1.amazonaws.com/34878/medium/447bffa8-a82e-405f-a058-4995dd8ddd67.jpg | https://renco-rentals-prod.s3.ap-northeast-1.amazonaws.com/34878/medium/7e444ded-3e0e-4aac-9701-8178a1ca782e.jpg | https://renco-rentals-prod.s3.ap-northeast-1.amazonaws.com/34878/medium/d076e1e7-b3e1-4113-af03-8d15862b69c5.jpg | https://renco-rentals-prod.s3.ap-northeast-1.amazonaws.com/34878/medium/15006766-180d-44f4-bcec-0fcd89ea6c16.jpg | https://renco-rentals-prod.s3.ap-northeast-1.amazonaws.com/34878/medium/12d150a5-a0a6-49d6-96ac-aae0e74c278d.jpg | https://renco-rentals-prod.s3.ap-northeast-1.amazonaws.com/34878/medium/eb71eda9-6be7-4c4a-8768-c29e3e1b1b55.jpg
zjfmi5oe6irp4fjg,https://www.dd-room.com/object/zjfmi5oe6irp4fjg,捷運辛亥站4分【秒殺租案】可補助★養貓咪,16000,32000,0,臺北市文山區辛亥路四段,文山區,辛亥路四段,25.0024038,121.5555954,1房1衛,1,0,1,0,0,2.0,獨立套房,apt,4.0,1,5,12,2025-12-09,broker,租金補貼,未提供,未提供,水費、第四台,未提供,5,https://renco-rentals-prod.s3.ap-northeast-1.amazonaws.com/34855/medium/6329d29d-b970-4978-a4e0-b273e416627d.png | https://renco-rentals-prod.s3.ap-northeast-1.amazonaws.com/34855/medium/53f9fa17-f93f-4deb-8579-37cc4c204a2e.png | https://renco-rentals-prod.s3.ap-northeast-1.amazonaws.com/34855/medium/6b827d14-eb9a-4568-bd09-7b5907743be8.png | https://renco-rentals-prod.s3.ap-northeast-1.amazonaws.com/34855/medium/be86f02b-efac-458c-ac48-ccea2464ea1c.png | https://renco-rentals-prod.s3.ap-northeast-1.amazonaws.com/34855/medium/7f4e795d-1232-4b92-b0ba-3c24971f8a8f.png
o9vkc5tyhko2e01a,https://www.dd-room.com/object/o9vkc5tyhko2e01a,捷運忠孝復興30秒【優質電梯】可報稅★養寵物★警衛管理,59995,119990,3000,臺北市大安區復興南路一段,大安區,復興南路一段,25.0433313,121.5438915,1房1衛,1,0,1,0,0,2.0,獨立套房,elevator,6.0,12,13,12,2025-12-09,broker,可養貓、可養狗、可開伙、有電梯,未提供,未提供,未提供,未提供,10,https://renco-rentals-prod.s3.ap-northeast-1.amazonaws.com/37992/medium/02826539-2440-4be7-acd8-a9f78035d7dd.png | https://renco-rentals-prod.s3.ap-northeast-1.amazonaws.com/37992/medium/c5ab7b62-ff03-4a95-924c-ad0901b4b53c.png | https://renco-rentals-prod.s3.ap-northeast-1.amazonaws.com/37992/medium/1fe6c0cf-a755-4fe4-a41e-38afdd01939f.png | https://renco-rentals-prod.s3.ap-northeast-1.amazonaws.com/37992/medium/9dfe7b76-54c4-4e6f-8d38-82275ce7b000.png | https://renco-rentals-prod.s3.ap-northeast-1.amazonaws.com/37992/medium/2f9cb08f-3174-40e3-aca4-61a68fdcb53e.png | https://renco-rentals-prod.s3.ap-northeast-1.amazonaws.com/37992/medium/0a997c6b-3ad1-4643-b97b-3becf5c13315.png | https://renco-rentals-prod.s3.ap-northeast-1.amazonaws.com/37992/medium/d7bcf636-cf75-4887-80b5-bab0164f7fa1.png | https://renco-rentals-prod.s3.ap-northeast-1.amazonaws.com/37992/medium/1a13b816-acb2-41c8-817f-0c086a51e6ec.png | https://renco-rentals-prod.s3.ap-northeast-1.amazonaws.com/37992/medium/9bfe03f6-61d8-49b0-a5bb-e94a7684537e.png | https://renco-rentals-prod.s3.ap-northeast-1.amazonaws.com/37992/medium/e3a85715-80ef-43b6-ac75-e9da7e2b539b.png
yiofh9hrmsdj5s9m,https://www.dd-room.com/object/yiofh9hrmsdj5s9m,捷運大直3分【豪邸4房3衛】可報稅★飯店管理★一層２戶,209998,419996,10860,臺北市中山區北安路,中山區,北安路,25.0816861,121.5486651,4房2廳3衛1陽台,4,2,3,0,1,4.0,整層,elevator,84.0,14,14,12,2025-12-08,broker,可開伙、有電梯、有陽台,未提供,未提供,未提供,未提供,15,https://img1.591.com.tw/house/2025/11/01/176193149568031806.jpg!1000x.jpg | https://img2.591.com.tw/house/2025/11/01/176193149593568202.jpg!1000x.jpg | https://img1.591.com.tw/house/2025/11/01/176193149587409107.jpg!1000x.jpg | https://img1.591.com.tw/house/2025/11/01/176193149600348808.jpg!1000x.jpg | https://img1.591.com.tw/house/2025/11/01/176193149574976006.jpg!1000x.jpg | https://img2.591.com.tw/house/2025/11/01/176193149603629706.jpg!1000x.jpg | https://img1.591.com.tw/house/2025/11/01/176193149628989803.jpg!1000x.jpg | https://img2.591.com.tw/house/2025/11/01/176193149594713903.jpg!1000x.jpg | https://img2.591.com.tw/house/2025/11/01/176193149616311105.jpg!1000x.jpg | https://img1.591.com.tw/house/2025/11/01/176193149631645406.jpg!1000x.jpg | https://img2.591.com.tw/house/2025/11/01/176193149606625806.jpg!1000x.jpg | https://img2.591.com.tw/house/2025/11/01/176193149631599402.jpg!1000x.jpg | https://img2.591.com.tw/house/2025/11/01/176193149635306307.jpg!1000x.jpg | https://img2.591.com.tw/house/2025/11/01/176193149636545700.jpg!1000x.jpg | https://img1.591.com.tw/house/2025/11/01/176193149649852305.jpg!1000x.jpg
l7iqbhtgd8v6fwc3,https://www.dd-room.com/object/l7iqbhtgd8v6fwc3,台北車站2分【豪邸2房2衛】有電梯★精緻裝潢★京站商圈,90000,180000,0,臺北市大同區華陰街,大同區,華陰街,25.0497801,121.5172886,2房2廳2衛1陽台,2,2,2,0,1,2.0,整層,elevator,40.0,4,13,12,2025-12-05,broker,可開伙、有電梯、有陽台,未提供,未提供,未提供,未提供,12,https://renco-rentals-prod.s3.ap-northeast-1.amazonaws.com/32131/medium/121690ef-4114-44b1-bb5a-a9b789137aec.jpg | https://renco-rentals-prod.s3.ap-northeast-1.amazonaws.com/32131/medium/120fb2cf-a26e-4ba3-bda3-7b7943f45d7b.jpg | https://renco-rentals-prod.s3.ap-northeast-1.amazonaws.com/32131/medium/083456d8-aaca-4028-b8b7-3a2b700d18dc.jpg | https://renco-rentals-prod.s3.ap-northeast-1.amazonaws.com/32131/medium/e2b53199-bbf2-46f4-b0b3-84bf46ee2301.jpg | https://renco-rentals-prod.s3.ap-northeast-1.amazonaws.com/32131/medium/57536cf9-e853-4bad-91ba-247161ff3e6f.jpg | https://renco-rentals-prod.s3.ap-northeast-1.amazonaws.com/32131/medium/1747e49f-e8ec-4aa2-adbf-77eeec8da9e7.jpg | https://renco-rentals-prod.s3.ap-northeast-1.amazonaws.com/32131/medium/24572d88-5887-42c5-a0eb-df202f2d413a.jpg | https://renco-rentals-prod.s3.ap-northeast-1.amazonaws.com/32131/medium/5b81f2f5-c43e-4421-8615-6192c7d3a49f.jpg | https://renco-rentals-prod.s3.ap-northeast-1.amazonaws.com/32131/medium/c8bb2b90-63a8-4735-a432-953aab9bca84.jpg | https://renco-rentals-prod.s3.ap-northeast-1.amazonaws.com/32131/medium/07ec06b2-379b-4f24-b47a-ebd9517b0812.jpg | https://renco-rentals-prod.s3.ap-northeast-1.amazonaws.com/32131/medium/dc884f80-6ee7-4e5c-84c4-8c41889ecc60.jpg | https://renco-rentals-prod.s3.ap-northeast-1.amazonaws.com/32131/medium/31c0c0e3-4b30-4f78-822d-45d959b99d92.jpg
xmzhqtz6myuybq3m,https://www.dd-room.com/object/xmzhqtz6myuybq3m,西門商圈捷運電梯溫馨套房可短租,28000,56000,0,臺北市萬華區漢中街,萬華區,漢中街,25.0438693,121.5073407,1房1衛,1,0,1,0,0,2.0,獨立套房,elevator,14.0,4,11,12,2025-12-04,broker,有電梯,未提供,未提供,水費、管理費、第四台,未提供,9,https://renco-rentals-prod.s3.ap-northeast-1.amazonaws.com/30049/medium/59ca58d1-c39e-464a-bc78-84aa70114a9c.jpg | https://renco-rentals-prod.s3.ap-northeast-1.amazonaws.com/30049/medium/e5a16172-2981-4490-acdb-197ecd936768.jpg | https://renco-rentals-prod.s3.ap-northeast-1.amazonaws.com/30049/medium/45f8e7d6-2497-4034-af95-1e0cd063e459.jpg | https://renco-rentals-prod.s3.ap-northeast-1.amazonaws.com/30049/medium/ba0c712a-43d3-4533-a030-7ecdd88255cc.jpg | https://renco-rentals-prod.s3.ap-northeast-1.amazonaws.com/30049/medium/98cc4d2f-609d-4d85-8828-515b33cfac34.jpg | https://renco-rentals-prod.s3.ap-northeast-1.amazonaws.com/30049/medium/f8cb7002-254e-4780-9b69-81c6a589e6b0.jpg | https://renco-rentals-prod.s3.ap-northeast-1.amazonaws.com/30049/medium/ac62670c-cb96-418d-999b-44f3b044c863.jpg | https://renco-rentals-prod.s3.ap-northeast-1.amazonaws.com/30049/medium/841fd907-cc9f-4fef-b4d3-1dacc64b55dd.jpg | https://renco-rentals-prod.s3.ap-northeast-1.amazonaws.com/30049/medium/4337862d-801f-452f-abd5-43ee005f27b7.jpg
ejo6wtrbkph44aoj,https://www.dd-room.com/object/ejo6wtrbkph44aoj,近捷運松江南京【優質租案】可寵★有陽台★採光優,15400,30800,0,臺北市中山區新生北路一段,中山區,新生北路一段,24.9855987,121.4184079,1房1衛1陽台,1,0,1,0,1,2.0,獨立套房,apt,4.0,4,4,12,2025-11-25,broker,可養貓、可養狗、可開伙、有陽台,未提供,未提供,未提供,未提供,7,https://renco-rentals-prod.s3.ap-northeast-1.amazonaws.com/25533/medium/105ece6c-e896-48cf-82f8-2d3d59faa0a0.jpg | https://renco-rentals-prod.s3.ap-northeast-1.amazonaws.com/25533/medium/b5f5fc63-da05-44ba-84d7-86225ca346be.jpg | https://renco-rentals-prod.s3.ap-northeast-1.amazonaws.com/25533/medium/8f7c7906-893c-4d03-9ce9-6f80f86c5152.jpg | https://renco-rentals-prod.s3.ap-northeast-1.amazonaws.com/25533/medium/1a888aa4-c2ca-468a-8155-63ebdb44ef3b.jpg | https://renco-rentals-prod.s3.ap-northeast-1.amazonaws.com/25533/medium/7e2d1a12-5c54-46fe-93f4-d605401bc418.jpg | https://renco-rentals-prod.s3.ap-northeast-1.amazonaws.com/25533/medium/82640ada-a106-4e7a-844f-d45978ed7909.jpg | https://renco-rentals-prod.s3.ap-northeast-1.amazonaws.com/25533/medium/81191f1c-9bb7-45df-9f29-251c6a8d6fe6.jpg
ubpozb3ijslfjl1u,https://www.dd-room.com/object/ubpozb3ijslfjl1u,東湖國中【超值租案】對外窗★獨立衛浴★小資首選,8000,16000,0,臺北市內湖區安泰街,內湖區,安泰街,25.0741017,121.6173648,1房1衛,1,0,1,0,0,2.0,獨立套房,apt,4.0,5,5,12,2025-11-20,broker,可開伙,未提供,未提供,未提供,未提供,6,https://renco-rentals-prod.s3.ap-northeast-1.amazonaws.com/13544/medium/b43c7568-7cfa-451c-bd8a-5037bf4e796e.jpg | https://renco-rentals-prod.s3.ap-northeast-1.amazonaws.com/13544/medium/ea74ced2-4a44-4ab8-a20a-cd161007005c.jpg | https://renco-rentals-prod.s3.ap-northeast-1.amazonaws.com/13544/medium/18f9609f-7f50-4baf-8e48-bab8fca2f1cc.jpg | https://renco-rentals-prod.s3.ap-northeast-1.amazonaws.com/13544/medium/6a75ed4e-5f42-4152-be35-875fc56cf419.jpg | https://renco-rentals-prod.s3.ap-northeast-1.amazonaws.com/13544/medium/8b5b10be-6348-491f-8d62-71f753034b39.jpg | https://renco-rentals-prod.s3.ap-northeast-1.amazonaws.com/13544/medium/8eb5a7f4-5853-4610-a5cd-cef6bf6750f0.jpg
7riwgyatpcypyslk,https://www.dd-room.com/object/7riwgyatpcypyslk,捷運內湖4分【優質2房1廳】有電梯★警衛管理★垃圾代收,39998,79996,1000,臺北市內湖區成功路四段,內湖區,成功路四段,25.0847146,121.597789,12房1廳1衛1陽台,12,1,1,0,1,12.0,整層,elevator,24.0,2,12,12,2025-11-19,broker,可開伙、有電梯、垃圾代收、有陽台,未提供,未提供,未提供,未提供,10,https://renco-rentals-prod.s3.ap-northeast-1.amazonaws.com/31604/medium/a51486d2-6488-4d3d-889a-aef5dee6ad9b.jpg | https://renco-rentals-prod.s3.ap-northeast-1.amazonaws.com/31604/medium/1da322e7-3908-4a6f-a5de-24e8278f1236.jpg | https://renco-rentals-prod.s3.ap-northeast-1.amazonaws.com/31604/medium/cb3c0656-36c0-4ea8-a66e-08c558675090.jpg | https://renco-rentals-prod.s3.ap-northeast-1.amazonaws.com/31604/medium/a660775e-4251-41b1-9d82-a82b8e5b147e.jpg | https://renco-rentals-prod.s3.ap-northeast-1.amazonaws.com/31604/medium/02f75b6e-a9dc-4a3a-af94-264335ba2fdd.jpg | https://renco-rentals-prod.s3.ap-northeast-1.amazonaws.com/31604/medium/473e7f25-9911-4e88-a5f4-62ee2aa9fbba.jpg | https://renco-rentals-prod.s3.ap-northeast-1.amazonaws.com/31604/medium/9877478c-4e15-4007-a4a3-8a361ae6b05d.jpg | https://renco-rentals-prod.s3.ap-northeast-1.amazonaws.com/31604/medium/2f9a0ac3-2d9e-4b3f-bc9c-131911a3635b.jpg | https://renco-rentals-prod.s3.ap-northeast-1.amazonaws.com/31604/medium/ae8f95cc-0a4a-4e93-ad7b-724710634ee8.jpg | https://renco-rentals-prod.s3.ap-northeast-1.amazonaws.com/31604/medium/1d14dd38-ea4c-4da9-952a-d0ef7c81b709.jpg
0toxsbwoursrpxqf,https://www.dd-room.com/object/0toxsbwoursrpxqf,歐洲學校【豪邸5房4衛】可報稅★庭院花園★獨棟透天,179998,359996,10000,臺北市士林區仰德大道三段,士林區,仰德大道三段,25.1167703,121.5511607,5房3廳4衛2陽台,5,3,4,0,2,5.0,整層,villa,74.0,1,2,12,2025-11-12,broker,可養貓、可養狗、可開伙、有陽台,未提供,未提供,未提供,未提供,15,https://renco-rentals-prod.s3.ap-northeast-1.amazonaws.com/30438/medium/f00b018d-206b-4781-a2d6-65f1af3cd4d7.jpg | https://renco-rentals-prod.s3.ap-northeast-1.amazonaws.com/30438/medium/7f86827f-bdf3-4175-8ba2-d39854879d28.jpg | https://renco-rentals-prod.s3.ap-northeast-1.amazonaws.com/30438/medium/3be4f417-88bc-4f65-929d-3ec697902e96.jpg | https://renco-rentals-prod.s3.ap-northeast-1.amazonaws.com/30438/medium/7d8bc54e-0f2a-4a83-987c-9c91e1aca468.jpg | https://renco-rentals-prod.s3.ap-northeast-1.amazonaws.com/30438/medium/3208145e-af37-41fd-adf2-fd5e160ade0a.jpg | https://renco-rentals-prod.s3.ap-northeast-1.amazonaws.com/30438/medium/187f014b-51ae-480d-97cc-c186712f813e.jpg | https://renco-rentals-prod.s3.ap-northeast-1.amazonaws.com/30438/medium/6338f80f-df2b-4f7c-b437-9a28200842de.jpg | https://renco-rentals-prod.s3.ap-northeast-1.amazonaws.com/30438/medium/d5ee8425-74d7-4db5-a0bf-00814af52e78.jpg | https://renco-rentals-prod.s3.ap-northeast-1.amazonaws.com/30438/medium/76c98609-fed4-4e29-9307-462ef650ad24.jpg | https://renco-rentals-prod.s3.ap-northeast-1.amazonaws.com/30438/medium/1029c844-5840-437b-ac48-52aad69a6113.jpg | https://renco-rentals-prod.s3.ap-northeast-1.amazonaws.com/30438/medium/bb3aa3a4-b046-4800-af7e-206cce14be86.jpg | https://renco-rentals-prod.s3.ap-northeast-1.amazonaws.com/30438/medium/0688c4ca-51b1-4325-bd37-99053f26c7f4.jpg | https://renco-rentals-prod.s3.ap-northeast-1.amazonaws.com/30438/medium/753ba484-5020-4117-a774-6b18bec032bb.jpg | https://renco-rentals-prod.s3.ap-northeast-1.amazonaws.com/30438/medium/5d042836-4d61-4688-a660-5c0e446e9181.jpg | https://renco-rentals-prod.s3.ap-northeast-1.amazonaws.com/30438/medium/03d77d4e-2c07-4f70-9965-897fd28f5f5e.jpg
q85jvkj37a8hte2t,https://www.dd-room.com/object/q85jvkj37a8hte2t,捷運行天宮4分【優質樓中樓】可補助★貓咪洽★工作室,20998,41996,0,臺北市中山區松江路,中山區,松江路,25.0720372,121.5314822,1房1衛,1,0,1,0,0,2.0,獨立套房,apt,7.0,2,3,12,2025-11-10,broker,可開伙、租金補貼,未提供,未提供,未提供,未提供,7,https://renco-rentals-prod.s3.ap-northeast-1.amazonaws.com/18644/medium/e205aecd-c754-421e-8da1-5b179e3e4558.png | https://renco-rentals-prod.s3.ap-northeast-1.amazonaws.com/18644/medium/b2d93da3-19b0-47bb-9070-7a4076ef09b2.png | https://renco-rentals-prod.s3.ap-northeast-1.amazonaws.com/18644/medium/3d2a73e8-3791-4564-a8e4-59850f0ec5e2.png | https://renco-rentals-prod.s3.ap-northeast-1.amazonaws.com/18644/medium/3b17b884-1c06-4eca-9a8b-27d11aef7366.png | https://renco-rentals-prod.s3.ap-northeast-1.amazonaws.com/18644/medium/f9082205-3fa9-4ccb-b8a9-0af9d72fc931.png | https://renco-rentals-prod.s3.ap-northeast-1.amazonaws.com/18644/medium/d965481c-0e66-4845-912a-632fc4d95cd3.png | https://renco-rentals-prod.s3.ap-northeast-1.amazonaws.com/18644/medium/e969a2d1-9a80-4081-9b95-ab5a440d7ca9.png
vlt99oqwbcveizr6,https://www.dd-room.com/object/vlt99oqwbcveizr6,近捷運東門【超值電梯】可補助★垃圾代收★獨立衛浴,12500,25000,0,臺北市中正區杭州南路一段,中正區,杭州南路一段,25.0368297,121.5247724,1房1衛,1,0,1,0,0,2.0,獨立套房,elevator,6.0,3,6,12,2025-11-04,broker,有電梯、垃圾代收、租金補貼,未提供,未提供,水費,未提供,5,https://renco-rentals-prod.s3.ap-northeast-1.amazonaws.com/33462/medium/a1415c0e-02c0-4f55-9c5a-ea7db7a660d3.png | https://renco-rentals-prod.s3.ap-northeast-1.amazonaws.com/33462/medium/9770dbf6-35ef-43eb-9abc-5756a6b8b7bc.png | https://renco-rentals-prod.s3.ap-northeast-1.amazonaws.com/33462/medium/51520955-d3f3-41c2-8222-e7c59b902650.png | https://renco-rentals-prod.s3.ap-northeast-1.amazonaws.com/33462/medium/13e54dc3-2aad-41d1-8b0f-a263dd2e7fb2.png | https://renco-rentals-prod.s3.ap-northeast-1.amazonaws.com/33462/medium/d67632e8-128b-4b1a-9fc2-be8f677fb47c.png
tt1lbdbe4kahn5kq,https://www.dd-room.com/object/tt1lbdbe4kahn5kq,近捷運紀念館【景觀電梯】可補助★有警衛★垃圾代收,20000,40000,500,臺北市大安區光復南路,大安區,光復南路,25.0432029,121.5576586,1房1衛,1,0,1,0,0,2.0,獨立套房,elevator,4.0,13,13,12,2025-11-04,broker,有電梯、垃圾代收、租金補貼,未提供,未提供,未提供,未提供,9,https://renco-rentals-prod.s3.ap-northeast-1.amazonaws.com/31692/medium/855423b9-21c4-4c51-be60-3bdcd48941ec.png | https://renco-rentals-prod.s3.ap-northeast-1.amazonaws.com/31692/medium/91894f13-c8d3-4d87-a5c6-8a639cbd908d.png | https://renco-rentals-prod.s3.ap-northeast-1.amazonaws.com/31692/medium/f8c7250e-ac95-47e4-a050-0b2358447ac0.png | https://renco-rentals-prod.s3.ap-northeast-1.amazonaws.com/31692/medium/cf08a5e9-1b48-4e84-a752-eb5b56c9d860.png | https://renco-rentals-prod.s3.ap-northeast-1.amazonaws.com/31692/medium/8bc158d2-25dd-40ab-9107-ef7cf68ec672.png | https://renco-rentals-prod.s3.ap-northeast-1.amazonaws.com/31692/medium/d91a07fd-1417-4998-bd98-78eec769061b.png | https://renco-rentals-prod.s3.ap-northeast-1.amazonaws.com/31692/medium/9d6a7f83-7d13-486d-8cd1-72351c1d6a13.png | https://renco-rentals-prod.s3.ap-northeast-1.amazonaws.com/31692/medium/e4d05c98-7366-4b2d-8ee6-23c851fa17b9.png | https://renco-rentals-prod.s3.ap-northeast-1.amazonaws.com/31692/medium/58e4f2d0-b61e-42e3-a59a-e755a5aea6b7.png
slwrmpy1li4dstvx,https://www.dd-room.com/object/slwrmpy1li4dstvx,捷運小南門2分【豪邸４＋１房】一層一戶★博愛特區★房皆有窗,112000,224000,5600,臺北市中正區博愛路,中正區,博愛路,25.037819,121.5110521,4房2廳3衛3陽台,4,2,3,0,3,4.0,整層,elevator,84.0,5,7,12,2025-11-04,broker,可養貓、可養狗、可開伙、有電梯、有陽台,未提供,未提供,未提供,未提供,15,https://img1.591.com.tw/house/2025/11/05/176227394547080301.png!1000x.png | https://img1.591.com.tw/house/2025/11/05/176227394528617700.png!1000x.png | https://img2.591.com.tw/house/2025/11/05/176227394504808607.png!1000x.png | https://img1.591.com.tw/house/2025/11/05/176227394578978109.png!1000x.png | https://img2.591.com.tw/house/2025/11/05/176227394607327609.png!1000x.png | https://img2.591.com.tw/house/2025/11/05/176227394557685607.png!1000x.png | https://img2.591.com.tw/house/2025/11/05/176227394515737306.png!1000x.png | https://img1.591.com.tw/house/2025/11/05/176227394606480501.png!1000x.png | https://img1.591.com.tw/house/2025/11/05/176227394564840600.png!1000x.png | https://img2.591.com.tw/house/2025/11/05/176227394615907807.png!1000x.png | https://img2.591.com.tw/house/2025/11/05/176227394590755508.png!1000x.png | https://img2.591.com.tw/house/2025/11/05/176227394506118602.png!1000x.png | https://img1.591.com.tw/house/2025/11/05/176227394544003704.png!1000x.png | https://img1.591.com.tw/house/2025/11/05/176227394618193601.png!1000x.png | https://img2.591.com.tw/house/2025/11/05/176227394507447508.png!1000x.png
unhafkd04v777ob7,https://www.dd-room.com/object/unhafkd04v777ob7,近捷運南港軟體園區【超值租案】採光優★女性首選,9299,18598,0,臺北市南港區重陽路,南港區,重陽路,25.0569437,121.5998567,1房1衛,1,0,1,0,0,2.0,獨立套房,apt,3.0,6,6,12,2025-10-29,broker,未提供,未提供,未提供,未提供,未提供,5,https://renco-rentals-prod.s3.ap-northeast-1.amazonaws.com/33119/medium/444919b8-e3d7-4f12-977e-d02844f69479.jpg | https://renco-rentals-prod.s3.ap-northeast-1.amazonaws.com/33119/medium/93d53bb3-c64e-4d16-90e9-f1d43263c7f2.jpg | https://renco-rentals-prod.s3.ap-northeast-1.amazonaws.com/33119/medium/d5f1aabf-079a-42c1-9e10-206132e4d1e7.jpg | https://renco-rentals-prod.s3.ap-northeast-1.amazonaws.com/33119/medium/70991087-9e1c-44c1-901e-af4036bc45ce.jpg | https://renco-rentals-prod.s3.ap-northeast-1.amazonaws.com/33119/medium/a398c230-4a34-4e69-9205-2eb1c4084073.jpg
xuz05uwa86j514ra,https://www.dd-room.com/object/xuz05uwa86j514ra,捷運東門5分【超值租案】變頻冷氣★獨立衛浴★小資首選,10000,20000,800,臺北市大安區永康街,大安區,永康街,25.0324642,121.5297302,1房1衛,1,0,1,0,0,2.0,獨立套房,apt,4.0,5,5,12,2025-10-29,broker,未提供,未提供,未提供,未提供,未提供,4,https://renco-rentals-prod.s3.ap-northeast-1.amazonaws.com/29516/medium/25c5fb58-4235-46d8-afbe-aa80f3357a49.png | https://renco-rentals-prod.s3.ap-northeast-1.amazonaws.com/29516/medium/e0ef1ce9-4047-4584-ae57-f12728ea7bb3.png | https://renco-rentals-prod.s3.ap-northeast-1.amazonaws.com/29516/medium/1b49fe22-236a-4637-b4fa-c8135b79fcc3.png | https://renco-rentals-prod.s3.ap-northeast-1.amazonaws.com/29516/medium/c319258a-3dd8-41a4-b79e-a2c93e724f11.png
5cf9cli4gird5exa,https://www.dd-room.com/object/5cf9cli4gird5exa,捷運行天宮3分【超值租案】流理台★獨洗衣機★廁所有窗,16799,33598,0,臺北市中山區民生東路二段,中山區,民生東路二段,25.0579441,121.532654,1房1衛,1,0,1,0,0,2.0,獨立套房,apt,4.0,2,4,12,2025-10-28,broker,可開伙,未提供,未提供,未提供,未提供,5,https://renco-rentals-prod.s3.ap-northeast-1.amazonaws.com/20080/medium/5d51ad9b-a9e8-4e68-809b-048c3167aca2.png | https://renco-rentals-prod.s3.ap-northeast-1.amazonaws.com/20080/medium/2d902206-5bc3-47dc-a4b5-cf1b048f2302.png | https://renco-rentals-prod.s3.ap-northeast-1.amazonaws.com/20080/medium/2d26b578-c2b1-484a-9510-38e2eb5816c1.png | https://renco-rentals-prod.s3.ap-northeast-1.amazonaws.com/20080/medium/c96d6efb-23a9-4fa1-9182-66076d7e20e2.png | https://renco-rentals-prod.s3.ap-northeast-1.amazonaws.com/20080/medium/fd7c0452-36e9-4b0d-a112-e0bfdef7a794.png
mu4deo8rr3j9soch,https://www.dd-room.com/object/mu4deo8rr3j9soch,近捷運雙連【豪邸3房2衛】可報稅★新大樓★飯店管理★外商首選,100000,200000,0,臺北市中山區新生北路二段,中山區,新生北路二段,25.0297486,121.5327247,3房2廳2衛1陽台,3,2,2,0,1,3.0,整層,elevator,25.0,15,19,12,2025-10-27,broker,可開伙、有電梯、有陽台,未提供,未提供,管理費,未提供,14,https://renco-rentals-prod.s3.ap-northeast-1.amazonaws.com/31109/medium/4b8304a2-06ff-4791-b3bb-2f06a2fb8774.jpg | https://renco-rentals-prod.s3.ap-northeast-1.amazonaws.com/31109/medium/aa3e75aa-a7a8-4c6a-91a9-7a141f4e9ec1.jpg | https://renco-rentals-prod.s3.ap-northeast-1.amazonaws.com/31109/medium/0a7ba80c-1b8c-44fa-91a5-fd7d829841fe.jpg | https://renco-rentals-prod.s3.ap-northeast-1.amazonaws.com/31109/medium/2cf5fa3c-8454-413d-a675-0878398e1a82.jpg | https://renco-rentals-prod.s3.ap-northeast-1.amazonaws.com/31109/medium/53f5068b-341a-4f9a-ba57-4a7e14ebbb9a.jpg | https://renco-rentals-prod.s3.ap-northeast-1.amazonaws.com/31109/medium/4057eb11-8cfc-435a-9f48-740925bc07c2.jpg | https://renco-rentals-prod.s3.ap-northeast-1.amazonaws.com/31109/medium/1bc45b28-bd2e-4572-8763-4b8b02e2599a.jpg | https://renco-rentals-prod.s3.ap-northeast-1.amazonaws.com/31109/medium/895984e7-2f06-4303-93f3-9d11a03a62cb.jpg | https://renco-rentals-prod.s3.ap-northeast-1.amazonaws.com/31109/medium/d3b65f50-3c0e-49d0-aab8-8dbfe0ce4ea8.jpg | https://renco-rentals-prod.s3.ap-northeast-1.amazonaws.com/31109/medium/2ebc9e89-bf96-4052-9f77-22ba39790c8e.jpg | https://renco-rentals-prod.s3.ap-northeast-1.amazonaws.com/31109/medium/bfd53e40-4a9e-40f7-bc96-219e8d1ab20f.jpg | https://renco-rentals-prod.s3.ap-northeast-1.amazonaws.com/31109/medium/9d91b648-b41c-49d7-9115-b8907a188c24.jpg | https://renco-rentals-prod.s3.ap-northeast-1.amazonaws.com/31109/medium/f5de84b4-92a4-4c45-889e-5bb913ac45cf.jpg | https://renco-rentals-prod.s3.ap-northeast-1.amazonaws.com/31109/medium/a4921456-ea1b-421a-a31c-ea4ab1444e02.jpg
ezvzev2ft3iqpr61,https://www.dd-room.com/object/ezvzev2ft3iqpr61,大葉高島屋【豪邸4房3衛】入籍洽★含停車位★飯店管理,180000,360000,15000,臺北市士林區德行東路,士林區,德行東路,25.1088269,121.5315571,4房2廳3衛,4,2,3,0,0,4.0,整層,elevator,91.0,6,14,12,2025-10-27,broker,可養貓、可養狗、可開伙、可入籍,未提供,未提供,未提供,未提供,15,https://renco-rentals-prod.s3.ap-northeast-1.amazonaws.com/30375/medium/98ec8986-8486-44b0-a09a-c9c98ef95fbf.jpg | https://renco-rentals-prod.s3.ap-northeast-1.amazonaws.com/30375/medium/552291b3-cdea-49c3-aa9f-e634fab3dba1.jpg | https://renco-rentals-prod.s3.ap-northeast-1.amazonaws.com/30375/medium/648bbdb7-720a-4b3d-adda-b7cac2c3bc27.jpg | https://renco-rentals-prod.s3.ap-northeast-1.amazonaws.com/30375/medium/50fb9362-d6a0-4a7e-afbb-cdc6c13294d2.jpg | https://renco-rentals-prod.s3.ap-northeast-1.amazonaws.com/30375/medium/69ce443e-e583-469e-bd5d-f5bb5fc528a8.jpg | https://renco-rentals-prod.s3.ap-northeast-1.amazonaws.com/30375/medium/b5b34194-9b6b-4269-9763-8d345398aa1c.jpg | https://renco-rentals-prod.s3.ap-northeast-1.amazonaws.com/30375/medium/18be6fb7-d5e8-464e-a738-3fe6109c1845.jpg | https://renco-rentals-prod.s3.ap-northeast-1.amazonaws.com/30375/medium/f904e24a-b734-4f4d-ba68-b881a1548b4a.jpg | https://renco-rentals-prod.s3.ap-northeast-1.amazonaws.com/30375/medium/992df683-cd1f-4090-807c-9c163ed159f7.jpg | https://renco-rentals-prod.s3.ap-northeast-1.amazonaws.com/30375/medium/9e0dcc52-39e8-4ec3-8071-4f8f2b4d5683.jpg | https://renco-rentals-prod.s3.ap-northeast-1.amazonaws.com/30375/medium/0edfd6cb-725b-4b21-bccb-f70e69b70f6f.jpg | https://renco-rentals-prod.s3.ap-northeast-1.amazonaws.com/30375/medium/00b91738-417b-4f95-9abe-512e14908666.jpg | https://renco-rentals-prod.s3.ap-northeast-1.amazonaws.com/30375/medium/57cbb124-084a-4330-ad20-b83578ccd4a1.jpg | https://renco-rentals-prod.s3.ap-northeast-1.amazonaws.com/30375/medium/400438ad-359e-484b-b70f-a2bbd96c23fc.jpg | https://renco-rentals-prod.s3.ap-northeast-1.amazonaws.com/30375/medium/65f24fac-d933-4378-891d-82fe58694c65.jpg
fwmkyz4tbtx7ecuk,https://www.dd-room.com/object/fwmkyz4tbtx7ecuk,青年公園【電梯4房2衛】車位洽★警衛管理★一層２戶,42200,84400,400,臺北市萬華區水源路,萬華區,水源路,25.0193808,121.5030283,4房2廳2衛3陽台,4,2,2,0,3,4.0,整層,elevator,53.0,3,17,12,2025-10-26,broker,可開伙、有電梯、有陽台,未提供,未提供,未提供,未提供,13,https://renco-rentals-prod.s3.ap-northeast-1.amazonaws.com/29804/medium/0750ec2d-e6d9-4dea-9aac-211c3e2c0070.jpg | https://renco-rentals-prod.s3.ap-northeast-1.amazonaws.com/29804/medium/16727a79-37cb-4028-bdb3-a232593114c5.jpg | https://renco-rentals-prod.s3.ap-northeast-1.amazonaws.com/29804/medium/beaa9cb0-dec4-4c3d-a333-84cda3d1d437.jpg | https://renco-rentals-prod.s3.ap-northeast-1.amazonaws.com/29804/medium/a95574df-b691-44a3-a3d9-c33238752706.jpg | https://renco-rentals-prod.s3.ap-northeast-1.amazonaws.com/29804/medium/93c17dfc-929d-4a91-8400-9f0b44b0be05.jpg | https://renco-rentals-prod.s3.ap-northeast-1.amazonaws.com/29804/medium/f3a4a731-c73b-4189-82db-d52ac0cdd1be.jpg | https://renco-rentals-prod.s3.ap-northeast-1.amazonaws.com/29804/medium/24e389c4-81bc-45ea-a1a4-6860ec14dae1.jpg | https://renco-rentals-prod.s3.ap-northeast-1.amazonaws.com/29804/medium/197f803a-d148-407a-adb3-3c3ee82533f0.jpg | https://renco-rentals-prod.s3.ap-northeast-1.amazonaws.com/29804/medium/7d1aac84-f69b-472f-99f8-df30026470b3.jpg | https://renco-rentals-prod.s3.ap-northeast-1.amazonaws.com/29804/medium/f6e83a11-9a71-47b0-91d0-669edfa41343.jpg | https://renco-rentals-prod.s3.ap-northeast-1.amazonaws.com/29804/medium/82c3e690-d1b1-46a8-8601-e4bf1f9e08b6.jpg | https://renco-rentals-prod.s3.ap-northeast-1.amazonaws.com/29804/medium/4e1188fe-660e-4422-8797-e54e2e85488a.jpg | https://renco-rentals-prod.s3.ap-northeast-1.amazonaws.com/29804/medium/0edddabf-2037-4f5d-b14f-7d26f211dcbf.jpg
a7e9m4zivouucykq,https://www.dd-room.com/object/a7e9m4zivouucykq,捷運松江南京5分【優質租案】飲水機★垃圾代收★獨立衛浴,17499,34998,0,臺北市中山區吉林路,中山區,吉林路,25.0500274,121.5300457,1房1衛,1,0,1,0,0,2.0,獨立套房,apt,4.0,3,5,12,2025-10-22,broker,垃圾代收,未提供,未提供,未提供,未提供,8,https://renco-rentals-prod.s3.ap-northeast-1.amazonaws.com/28201/medium/992526d1-4a19-4c0b-8f3f-96d239dedf07.png | https://renco-rentals-prod.s3.ap-northeast-1.amazonaws.com/28201/medium/acfc3eb8-bf56-4522-baea-d44ce52c5a79.png | https://renco-rentals-prod.s3.ap-northeast-1.amazonaws.com/28201/medium/b0685fd6-6396-4256-9804-5f443ed57f4b.png | https://renco-rentals-prod.s3.ap-northeast-1.amazonaws.com/28201/medium/93b1f3b9-9694-4d49-a28b-8113c5c9c930.png | https://renco-rentals-prod.s3.ap-northeast-1.amazonaws.com/28201/medium/2af3a3c4-57f2-4e33-97a8-e76c6cd70ad2.png | https://renco-rentals-prod.s3.ap-northeast-1.amazonaws.com/28201/medium/e306ee49-10ea-40e4-98fb-d5da6293a74f.png | https://renco-rentals-prod.s3.ap-northeast-1.amazonaws.com/28201/medium/54afd382-1f8b-49ea-8ea9-87dfe90ec124.png | https://renco-rentals-prod.s3.ap-northeast-1.amazonaws.com/28201/medium/8658f628-31f7-4091-8d1e-852c8f472115.png
mnib3ufidxa4be89,https://www.dd-room.com/object/mnib3ufidxa4be89,近捷運雙連【優質電梯】可短租★可補助★精緻裝潢,21000,42000,0,臺北市中山區中山北路二段,中山區,中山北路二段,25.0614803,121.5230193,1房1衛,1,0,1,0,0,2.0,獨立套房,elevator,10.0,4,7,12,2025-10-20,broker,有電梯、租金補貼,未提供,未提供,未提供,未提供,8,https://renco-rentals-prod.s3.ap-northeast-1.amazonaws.com/29529/medium/b582a077-8f25-4751-b297-64b48b68cba6.jpg | https://renco-rentals-prod.s3.ap-northeast-1.amazonaws.com/29529/medium/59b9fc9f-943f-462a-b7bb-867190dc5c03.jpg | https://renco-rentals-prod.s3.ap-northeast-1.amazonaws.com/29529/medium/05fd1cc2-2b1b-4ad8-8584-130a68a1342a.jpg | https://renco-rentals-prod.s3.ap-northeast-1.amazonaws.com/29529/medium/89c115b9-fbe9-4c51-b103-bf1cab391192.jpg | https://renco-rentals-prod.s3.ap-northeast-1.amazonaws.com/29529/medium/68a75a5c-4dc8-4cb5-bc25-5ef26a024258.jpg | https://renco-rentals-prod.s3.ap-northeast-1.amazonaws.com/29529/medium/5cb2db5d-9355-4f27-8748-a065f00d6f8b.jpg | https://renco-rentals-prod.s3.ap-northeast-1.amazonaws.com/29529/medium/91831d61-85da-486c-9861-f17c0b4cac36.jpg | https://renco-rentals-prod.s3.ap-northeast-1.amazonaws.com/29529/medium/054702c3-938e-42a9-9406-13b4a8f6fa55.jpg
dhjdmfhi2hzsgrsi,https://www.dd-room.com/object/dhjdmfhi2hzsgrsi,捷運信義安和【優質租案】補助洽★垃圾代收★免爬梯,16999,33998,500,臺北市大安區通化街,大安區,通化街,25.0287281,121.5538123,1房1衛,1,0,1,0,0,2.0,獨立套房,house,5.0,1,5,12,2025-10-20,broker,可養貓、可養狗、可開伙、垃圾代收、租金補貼,未提供,未提供,未提供,未提供,5,https://renco-rentals-prod.s3.ap-northeast-1.amazonaws.com/29831/medium/9c15d552-06f4-41e6-a43b-892081d6abb8.png | https://renco-rentals-prod.s3.ap-northeast-1.amazonaws.com/29831/medium/f4057b8e-9027-4a0a-9000-cb7dfb929802.png | https://renco-rentals-prod.s3.ap-northeast-1.amazonaws.com/29831/medium/3757ef84-db23-49ae-a3b6-6578f0a4035a.png | https://renco-rentals-prod.s3.ap-northeast-1.amazonaws.com/29831/medium/b39a14d0-7f6a-48e2-95dc-7f30a11f6ab9.png | https://renco-rentals-prod.s3.ap-northeast-1.amazonaws.com/29831/medium/aa9fd425-1292-453e-9c5d-1f1476fe18f0.png
zmmbut4q7i9oayjl,https://www.dd-room.com/object/zmmbut4q7i9oayjl,三色之白自然住所,78000,156000,0,臺北市中山區龍江路,中山區,龍江路,25.0634093,121.5409237,2房2廳2衛1陽台,2,2,2,0,1,2.0,整層,apt,36.0,2,5,12,2025-10-11,broker,可開伙、有陽台,未提供,未提供,管理費、第四台,未提供,15,https://renco-rentals-prod.s3.ap-northeast-1.amazonaws.com/29016/medium/b0524b06-e2d9-4ff5-bae5-cd4168fd81f5.jpg | https://renco-rentals-prod.s3.ap-northeast-1.amazonaws.com/29016/medium/76177ebc-f3e2-4b39-bcd6-09e2ff12a800.jpg | https://renco-rentals-prod.s3.ap-northeast-1.amazonaws.com/29016/medium/c5832241-5049-4dc7-a611-579fbcf35dc8.jpg | https://renco-rentals-prod.s3.ap-northeast-1.amazonaws.com/29016/medium/969c4e0c-72ca-4930-8b16-2409003f7c57.jpg | https://renco-rentals-prod.s3.ap-northeast-1.amazonaws.com/29016/medium/812f3645-9dbf-4203-877a-1fce47e4ac2f.jpg | https://renco-rentals-prod.s3.ap-northeast-1.amazonaws.com/29016/medium/6ae57f61-135e-45a6-9881-c6d4dcedc932.jpg | https://renco-rentals-prod.s3.ap-northeast-1.amazonaws.com/29016/medium/87763ffb-6406-4803-b764-973c6e1011e2.jpg | https://renco-rentals-prod.s3.ap-northeast-1.amazonaws.com/29016/medium/1cc826df-4449-4971-82d3-b21ee8995998.jpg | https://renco-rentals-prod.s3.ap-northeast-1.amazonaws.com/29016/medium/b9a3cc54-9c32-4405-ab3f-a31187cf42f4.jpg | https://renco-rentals-prod.s3.ap-northeast-1.amazonaws.com/29016/medium/8217009b-dc3a-4cb4-a178-d48d978d7f0e.jpg | https://renco-rentals-prod.s3.ap-northeast-1.amazonaws.com/29016/medium/e6734e97-8949-4cea-bd10-53ac0c1ea9aa.jpg | https://renco-rentals-prod.s3.ap-northeast-1.amazonaws.com/29016/medium/243ea9f2-e51c-4a5f-9126-c47bccfdf415.jpg | https://renco-rentals-prod.s3.ap-northeast-1.amazonaws.com/29016/medium/c7e3d2d1-d90a-4a25-af81-2d42fd1959fe.jpg | https://renco-rentals-prod.s3.ap-northeast-1.amazonaws.com/29016/medium/676039b0-c4b3-4efc-a5c4-184130483f28.jpg | https://renco-rentals-prod.s3.ap-northeast-1.amazonaws.com/29016/medium/14b81db9-e3a9-45b7-9c65-359c90c3d91f.jpg
aphefsdhi5gm3ovc,https://www.dd-room.com/object/aphefsdhi5gm3ovc,捷運雙連【優質租案】可補助★警衛管理★獨立陽台,22899,45798,1200,臺北市中山區民生東路一段,中山區,民生東路一段,25.0580467,121.5259867,1房1衛1陽台,1,0,1,0,1,2.0,獨立套房,elevator,8.0,7,7,12,2025-10-10,broker,可開伙、有電梯、有陽台、租金補貼,未提供,未提供,水費,未提供,9,https://renco-rentals-prod.s3.ap-northeast-1.amazonaws.com/32384/medium/05954412-aec2-4844-bf1f-f801ddfed9ac.png | https://renco-rentals-prod.s3.ap-northeast-1.amazonaws.com/32384/medium/e6dc8063-edba-43c4-8d40-3dcbb1115182.png | https://renco-rentals-prod.s3.ap-northeast-1.amazonaws.com/32384/medium/304db95b-e402-4275-aea0-da9605fb229a.png | https://renco-rentals-prod.s3.ap-northeast-1.amazonaws.com/32384/medium/c5889cf8-15ab-44a6-bad8-c6a8ddf08fa1.png | https://renco-rentals-prod.s3.ap-northeast-1.amazonaws.com/32384/medium/a3d2a0e2-0953-4ba0-baad-3fb7d00105b6.png | https://renco-rentals-prod.s3.ap-northeast-1.amazonaws.com/32384/medium/7defd01b-c5a9-4a8a-b09d-2a31b3c6bef2.png | https://renco-rentals-prod.s3.ap-northeast-1.amazonaws.com/32384/medium/f7533c5f-9820-4185-85a2-074e53325457.png | https://renco-rentals-prod.s3.ap-northeast-1.amazonaws.com/32384/medium/248dcc18-7765-4a25-a1ca-4d1f832c2ca6.png | https://renco-rentals-prod.s3.ap-northeast-1.amazonaws.com/32384/medium/5e9e1a72-fde4-411f-a4c7-eab3066b244c.png
duo5n67xpi3tarqj,https://www.dd-room.com/object/duo5n67xpi3tarqj,捷運行天宮3分【採光大空間】流理台★洗衣機★一層4戶,21000,42000,800,臺北市中山區民生東路二段,中山區,民生東路二段,25.0579441,121.532654,1房1衛,1,0,1,0,0,2.0,獨立套房,apt,6.0,2,4,12,2025-10-08,broker,可開伙,未提供,未提供,未提供,未提供,7,https://renco-rentals-prod.s3.ap-northeast-1.amazonaws.com/20079/medium/b1d31f66-7bf9-4872-b84d-64ad6f6836b3.png | https://renco-rentals-prod.s3.ap-northeast-1.amazonaws.com/20079/medium/3c94a911-cd15-42f0-9556-c4dce608ee02.png | https://renco-rentals-prod.s3.ap-northeast-1.amazonaws.com/20079/medium/dc82b690-6d5b-44df-b1d8-378471b1c13c.png | https://renco-rentals-prod.s3.ap-northeast-1.amazonaws.com/20079/medium/919e98d2-d236-49ef-a337-7feb7ff86401.png | https://renco-rentals-prod.s3.ap-northeast-1.amazonaws.com/20079/medium/b730786d-eda3-47db-941b-578753f12c59.png | https://renco-rentals-prod.s3.ap-northeast-1.amazonaws.com/20079/medium/b41c982f-d5bf-4ce1-b7cc-bfa560b9e5b3.png | https://renco-rentals-prod.s3.ap-northeast-1.amazonaws.com/20079/medium/9b077d61-2469-484e-b583-dfb075ca56f6.png
rsr3whmfjoulor6e,https://www.dd-room.com/object/rsr3whmfjoulor6e,近捷運中山國中【超值租案】可補助★養寵洽★採光優,12999,25998,0,臺北市中山區合江街,中山區,合江街,25.057273,121.5391556,1房1衛,1,0,1,0,0,2.0,獨立套房,apt,4.0,3,3,12,2025-10-08,broker,可開伙、租金補貼,未提供,未提供,未提供,未提供,6,https://renco-rentals-prod.s3.ap-northeast-1.amazonaws.com/30015/medium/5388ed54-79da-4a3a-9204-80fbb72338f9.jpg | https://renco-rentals-prod.s3.ap-northeast-1.amazonaws.com/30015/medium/1afc5f28-10ec-4236-9084-a99300dedf90.jpg | https://renco-rentals-prod.s3.ap-northeast-1.amazonaws.com/30015/medium/a8132c81-d787-4b68-86f9-599e84210cf8.jpg | https://renco-rentals-prod.s3.ap-northeast-1.amazonaws.com/30015/medium/4074cb49-3acb-4385-b8c5-353d930c15ee.jpg | https://renco-rentals-prod.s3.ap-northeast-1.amazonaws.com/30015/medium/e48235cc-c407-4522-8501-2b77aee8399a.jpg | https://renco-rentals-prod.s3.ap-northeast-1.amazonaws.com/30015/medium/056d3734-7506-4bfd-a9c6-9bdfa871b074.jpg
nrneug7yqciq2qkq,https://www.dd-room.com/object/nrneug7yqciq2qkq,近捷運古亭【超值2房2廳】可補助★可養寵★有廚房,37499,74998,1000,臺北市大安區金山南路二段,大安區,金山南路二段,25.0278817,121.5261748,2房2廳1衛1陽台,2,2,1,0,1,2.0,整層,apt,24.0,2,4,12,2025-10-08,broker,可養貓、可養狗、可開伙、有陽台、租金補貼,未提供,未提供,未提供,未提供,12,https://renco-rentals-prod.s3.ap-northeast-1.amazonaws.com/30743/medium/dae1bec7-5406-43a9-a8c4-d75008be2da1.png | https://renco-rentals-prod.s3.ap-northeast-1.amazonaws.com/30743/medium/51cb6755-fe87-4709-9937-fe58859b4eb7.png | https://renco-rentals-prod.s3.ap-northeast-1.amazonaws.com/30743/medium/57c44f8d-9465-4f1f-8ae5-8f5724c0a4a7.png | https://renco-rentals-prod.s3.ap-northeast-1.amazonaws.com/30743/medium/7d91106b-7755-469f-9ee3-ba225cd9c602.png | https://renco-rentals-prod.s3.ap-northeast-1.amazonaws.com/30743/medium/84b396aa-69d1-4c3b-9559-4b3a1f18c811.png | https://renco-rentals-prod.s3.ap-northeast-1.amazonaws.com/30743/medium/8e5ff61b-b56e-4b55-82b9-8ff4c0803d1c.png | https://renco-rentals-prod.s3.ap-northeast-1.amazonaws.com/30743/medium/38725281-5755-4bbe-ab27-e8e3b5f88648.png | https://renco-rentals-prod.s3.ap-northeast-1.amazonaws.com/30743/medium/ae72bd99-9c9e-446b-84d9-9cf9f09cbc03.png | https://renco-rentals-prod.s3.ap-northeast-1.amazonaws.com/30743/medium/3810d60f-1023-419c-9dd3-e22629d87182.png | https://renco-rentals-prod.s3.ap-northeast-1.amazonaws.com/30743/medium/21e67bae-1c3e-4508-b936-a881511b9532.png | https://renco-rentals-prod.s3.ap-northeast-1.amazonaws.com/30743/medium/fdb9d847-498a-4e12-9d27-86680140804e.png | https://renco-rentals-prod.s3.ap-northeast-1.amazonaws.com/30743/medium/c271637a-5c60-4d0e-8b35-d959e9db25a0.png
fmgrggn8zcpesigq,https://www.dd-room.com/object/fmgrggn8zcpesigq,捷運古亭站5分【豪邸3房4衛】入籍★車位★兩戶打通★一層一戶,120000,240000,15180,臺北市中正區和平西路一段,中正區,和平西路一段,25.0266515,121.5199906,3房2廳4衛1陽台,3,2,4,0,1,3.0,整層,elevator,73.0,5,7,12,2025-10-06,broker,可開伙、有電梯、有陽台、可入籍,未提供,未提供,未提供,未提供,15,https://renco-rentals-prod.s3.ap-northeast-1.amazonaws.com/31531/medium/6cfe9b5c-2d87-47a7-9239-55ce2bf2d7cb.jpg | https://renco-rentals-prod.s3.ap-northeast-1.amazonaws.com/31531/medium/4ed9856f-8492-4059-adf4-d509980dabc9.jpg | https://renco-rentals-prod.s3.ap-northeast-1.amazonaws.com/31531/medium/af4cd9fc-059b-40d3-bf7a-821cf6330dfc.jpg | https://renco-rentals-prod.s3.ap-northeast-1.amazonaws.com/31531/medium/7d38430c-c3ea-454f-8111-07a5c78461f6.jpg | https://renco-rentals-prod.s3.ap-northeast-1.amazonaws.com/31531/medium/9f4d16e8-8ee4-4d76-bc8e-2e4f5229bc47.jpg | https://renco-rentals-prod.s3.ap-northeast-1.amazonaws.com/31531/medium/91622030-f4a9-478b-be4d-c46d5e962a56.jpg | https://renco-rentals-prod.s3.ap-northeast-1.amazonaws.com/31531/medium/b1b18f4e-0b3f-4d4c-aa03-24c18752d46d.jpg | https://renco-rentals-prod.s3.ap-northeast-1.amazonaws.com/31531/medium/440dc676-20de-41ce-8881-60b5daad8066.jpg | https://renco-rentals-prod.s3.ap-northeast-1.amazonaws.com/31531/medium/d0f6ee42-02f6-4ca7-8133-7a8c46a5a061.jpg | https://renco-rentals-prod.s3.ap-northeast-1.amazonaws.com/31531/medium/9aaf9102-7969-45e0-815e-8a1b55c129a9.jpg | https://renco-rentals-prod.s3.ap-northeast-1.amazonaws.com/31531/medium/0b8fe60c-33df-4bce-9210-6f2452213f34.jpg | https://renco-rentals-prod.s3.ap-northeast-1.amazonaws.com/31531/medium/34784989-527c-48c7-a423-3ffcbdafa180.jpg | https://renco-rentals-prod.s3.ap-northeast-1.amazonaws.com/31531/medium/9294cfd8-8785-4ff1-a54e-4a02d1489254.jpg | https://renco-rentals-prod.s3.ap-northeast-1.amazonaws.com/31531/medium/b3712f90-2f9b-40ab-bbc7-a5859a8ac303.jpg | https://renco-rentals-prod.s3.ap-northeast-1.amazonaws.com/31531/medium/b233cb4a-3fbb-4246-b1c4-c847ae13aaa4.jpg
ae41umq8ocayecra,https://www.dd-room.com/object/ae41umq8ocayecra,捷運松山【優質大空間】可養寵★可短租★獨立陽台,16500,33000,0,臺北市信義區永吉路,信義區,永吉路,25.0455822,121.5742053,1房1衛,1,0,1,0,0,2.0,獨立套房,house,6.0,2,5,12,2025-10-04,broker,可養貓、可養狗、可開伙,未提供,未提供,未提供,未提供,5,https://renco-rentals-prod.s3.ap-northeast-1.amazonaws.com/19998/medium/00797f33-68e3-4d16-a02b-1b34fad82be1.png | https://renco-rentals-prod.s3.ap-northeast-1.amazonaws.com/19998/medium/23769eea-6915-42fe-a883-8fe5ffe04fc0.png | https://renco-rentals-prod.s3.ap-northeast-1.amazonaws.com/19998/medium/4fe996b6-a0c1-4772-ac8d-8ed9b08cc866.png | https://renco-rentals-prod.s3.ap-northeast-1.amazonaws.com/19998/medium/20d7f1f7-8480-4c48-9c75-3a30215d3762.png | https://renco-rentals-prod.s3.ap-northeast-1.amazonaws.com/19998/medium/63f85830-293c-4b1a-b665-0061afc83e01.png
yrflpccemzmhnpxc,https://www.dd-room.com/object/yrflpccemzmhnpxc,捷運松江南京5分【超值租案】飲水機★免爬高★垃圾代收,14499,28998,0,臺北市中山區吉林路,中山區,吉林路,25.0500274,121.5300457,1房1衛,1,0,1,0,0,2.0,獨立套房,apt,4.0,3,5,12,2025-10-04,broker,垃圾代收,未提供,未提供,未提供,未提供,8,https://renco-rentals-prod.s3.ap-northeast-1.amazonaws.com/32060/medium/404c9f5e-4863-4e9d-a6ee-94412d0e6d9a.jpg | https://renco-rentals-prod.s3.ap-northeast-1.amazonaws.com/32060/medium/e0010e13-ea46-46a6-9def-30f72cc629ad.jpg | https://renco-rentals-prod.s3.ap-northeast-1.amazonaws.com/32060/medium/1bcbdd40-e838-4fb9-abcc-b399efca7f1a.jpg | https://renco-rentals-prod.s3.ap-northeast-1.amazonaws.com/32060/medium/16c248ba-5ed7-4abf-aeb9-2b72400ac1b7.jpg | https://renco-rentals-prod.s3.ap-northeast-1.amazonaws.com/32060/medium/d69c5bed-3b0e-4e2d-bf3c-3576a48ede5d.jpg | https://renco-rentals-prod.s3.ap-northeast-1.amazonaws.com/32060/medium/aa0bd795-ec44-492a-b72f-2b063d84af1d.jpg | https://renco-rentals-prod.s3.ap-northeast-1.amazonaws.com/32060/medium/0cac842b-3137-4c05-bbea-12d2bba92146.jpg | https://renco-rentals-prod.s3.ap-northeast-1.amazonaws.com/32060/medium/8d5581b3-70a0-4f91-bee8-aa3c821b7575.jpg
nggut4dxruoxyacw,https://www.dd-room.com/object/nggut4dxruoxyacw,北醫商圈【超值大空間】可補助★可入籍★一層2戶,15990,31980,0,臺北市信義區吳興街,信義區,吳興街,25.0251064,121.5670694,1房1衛,1,0,1,0,0,2.0,獨立套房,apt,6.0,5,5,12,2025-10-03,broker,可養貓、可養狗、可開伙、租金補貼、可入籍,未提供,未提供,未提供,未提供,6,https://renco-rentals-prod.s3.ap-northeast-1.amazonaws.com/29610/medium/b9ea06ed-79f9-4b7d-93d4-467c12a7de17.png | https://renco-rentals-prod.s3.ap-northeast-1.amazonaws.com/29610/medium/e7ce53ef-f740-4272-8ee1-c80c55a2c2e1.png | https://renco-rentals-prod.s3.ap-northeast-1.amazonaws.com/29610/medium/580bd3b2-e64d-4bea-b532-51fc46fc5a9f.png | https://renco-rentals-prod.s3.ap-northeast-1.amazonaws.com/29610/medium/1194c877-ba19-40a4-9e46-def0c62917a7.png | https://renco-rentals-prod.s3.ap-northeast-1.amazonaws.com/29610/medium/838f795f-bf43-43db-9bee-d72f52b37f05.png | https://renco-rentals-prod.s3.ap-northeast-1.amazonaws.com/29610/medium/ac5268b3-90bd-49e7-accf-069dbc9873e8.png
khalpn5vboocnfkg,https://www.dd-room.com/object/khalpn5vboocnfkg,青年公園【超值租案】可補助★水泥隔間★小資首選,8200,16400,500,臺北市萬華區東園街,萬華區,東園街,25.021685,121.4984972,1房1衛,1,0,1,0,0,2.0,獨立套房,apt,2.0,4,5,12,2025-10-02,broker,可開伙、租金補貼,未提供,未提供,水費,未提供,5,https://renco-rentals-prod.s3.ap-northeast-1.amazonaws.com/30774/medium/473e5039-2e6d-4a79-854b-a8197185d0b2.png | https://renco-rentals-prod.s3.ap-northeast-1.amazonaws.com/30774/medium/a9bec601-521b-4859-b670-5df38fc3f4d5.png | https://renco-rentals-prod.s3.ap-northeast-1.amazonaws.com/30774/medium/a14d1d1d-b7ad-44d0-aa36-65e8a62c72da.png | https://renco-rentals-prod.s3.ap-northeast-1.amazonaws.com/30774/medium/18db5a38-ad29-4cf0-9bd1-4f974ceb02d1.png | https://renco-rentals-prod.s3.ap-northeast-1.amazonaws.com/30774/medium/d1de0f23-6a22-4be2-a52f-182e0c8b9f58.png
g4cwjdnvtxmt2kuo,https://www.dd-room.com/object/g4cwjdnvtxmt2kuo,近捷運中山【精緻1房2衛】小廚房★警衛管理★垃圾代收,51999,103998,4600,臺北市中山區長春路,中山區,長春路,25.0546827,121.5389309,1房1廳2衛2陽台,1,1,2,0,2,1.0,整層,elevator,16.0,4,14,12,2025-10-01,broker,可開伙、有電梯、垃圾代收、有陽台,未提供,未提供,未提供,未提供,14,https://renco-rentals-prod.s3.ap-northeast-1.amazonaws.com/30415/medium/877ea825-a2a0-414e-8d8b-dea6b3d7cafc.jpg | https://renco-rentals-prod.s3.ap-northeast-1.amazonaws.com/30415/medium/6cfc1454-8bc7-4c35-a686-530046f2d6bb.jpg | https://renco-rentals-prod.s3.ap-northeast-1.amazonaws.com/30415/medium/baa4be19-960d-4a30-af5c-c19aea70e523.jpg | https://renco-rentals-prod.s3.ap-northeast-1.amazonaws.com/30415/medium/6823aee4-816a-4f39-adac-0e1ee76b44d2.jpg | https://renco-rentals-prod.s3.ap-northeast-1.amazonaws.com/30415/medium/7869c37f-0c40-4960-b1a3-7bafa32f5faa.jpg | https://renco-rentals-prod.s3.ap-northeast-1.amazonaws.com/30415/medium/a183c34e-33c2-4a73-9fae-7d0b1a015b8b.jpg | https://renco-rentals-prod.s3.ap-northeast-1.amazonaws.com/30415/medium/30364953-7ce9-40a6-865c-bc68f8ec5d8c.jpg | https://renco-rentals-prod.s3.ap-northeast-1.amazonaws.com/30415/medium/c3c6c7cc-fee9-4829-a94d-29549a1d7bbe.jpg | https://renco-rentals-prod.s3.ap-northeast-1.amazonaws.com/30415/medium/0ad9c597-5009-4fd6-bd07-32a8c3d15a5e.jpg | https://renco-rentals-prod.s3.ap-northeast-1.amazonaws.com/30415/medium/528574da-d250-4c98-b1bb-5eea9e520905.jpg | https://renco-rentals-prod.s3.ap-northeast-1.amazonaws.com/30415/medium/057e21a7-7118-43b7-8cf9-9603614d470a.jpg | https://renco-rentals-prod.s3.ap-northeast-1.amazonaws.com/30415/medium/a037d8db-4502-4d1f-846b-e687b9ffa6d4.jpg | https://renco-rentals-prod.s3.ap-northeast-1.amazonaws.com/30415/medium/a28bdaa3-40be-45fd-a921-6f3e2654af2d.jpg | https://renco-rentals-prod.s3.ap-northeast-1.amazonaws.com/30415/medium/46397698-be77-4ede-a28a-3afc7ff032d7.jpg
