飯店名稱,評論分數,館內熱門設施,住客評論(前3則),行政區,地址,緯度,經度,房型名稱,價格,可住宿人數,房型圖片網址,飯店連結,星等
華中露營場,6.8,客房服務、免費停車、行李寄存、暖氣、花園,無,萬華區,台北萬華區萬華區萬大路底華中河濱公園左區,25.01462383252272,121.49634093046188,標準房,3150,4,#RD169251301,https://www.booking.com/hotel/tw/hua-zhong-lu-ying-chang.zh-tw.html,4
華中露營場,6.8,客房服務、免費停車、行李寄存、暖氣、花園,無,萬華區,台北萬華區萬華區萬大路底華中河濱公園左區,25.01462383252272,121.49634093046188,標準房,2850,2,#RD169251302,https://www.booking.com/hotel/tw/hua-zhong-lu-ying-chang.zh-tw.html,4
藝築文旅 - 開封舘,6.8,禁菸客房、免費無線網路、家庭房、電梯、行李寄存,無,萬華區,台北萬華區開封街二段63號2-4樓,25.047079,121.505302,標準房,3600,4,#RD355490004,https://www.booking.com/hotel/tw/yi-su-wen-lu-kai-feng-guan.zh-tw.html,4
趣旅館．林森館,8.1,禁菸客房、免費無線網路、機場接駁車、餐廳、24 小時接待櫃檯、洗衣、電梯、行李寄存、早餐評價還不錯,「離捷運站近」 | 「非常喜歡。早餐好吃。住第二次了」 | 「位置好，還有含早餐，房間乾淨，公共設施也很完善。每次來台北研習上課都會來住，真心推！」,中山區,台北中山區林森北路487號,25.0613745,121.52572729999996,標準房,3765,4,#RD170592509,https://www.booking.com/hotel/tw/qu-lu-guan-lin-sen-guan.zh-tw.html,3
趣旅館．林森館,8.1,禁菸客房、免費無線網路、機場接駁車、餐廳、24 小時接待櫃檯、洗衣、電梯、行李寄存、早餐評價還不錯,「離捷運站近」 | 「非常喜歡。早餐好吃。住第二次了」 | 「位置好，還有含早餐，房間乾淨，公共設施也很完善。每次來台北研習上課都會來住，真心推！」,中山區,台北中山區林森北路487號,25.0613745,121.52572729999996,標準房,5530,4,#RD170592522,https://www.booking.com/hotel/tw/qu-lu-guan-lin-sen-guan.zh-tw.html,3
趣旅館．林森館,8.1,禁菸客房、免費無線網路、機場接駁車、餐廳、24 小時接待櫃檯、洗衣、電梯、行李寄存、早餐評價還不錯,「離捷運站近」 | 「非常喜歡。早餐好吃。住第二次了」 | 「位置好，還有含早餐，房間乾淨，公共設施也很完善。每次來台北研習上課都會來住，真心推！」,中山區,台北中山區林森北路487號,25.0613745,121.52572729999996,標準房,5506,4,#RD170592510,https://www.booking.com/hotel/tw/qu-lu-guan-lin-sen-guan.zh-tw.html,3
趣旅館．林森館,8.1,禁菸客房、免費無線網路、機場接駁車、餐廳、24 小時接待櫃檯、洗衣、電梯、行李寄存、早餐評價還不錯,「離捷運站近」 | 「非常喜歡。早餐好吃。住第二次了」 | 「位置好，還有含早餐，房間乾淨，公共設施也很完善。每次來台北研習上課都會來住，真心推！」,中山區,台北中山區林森北路487號,25.0613745,121.52572729999996,標準房,3741,2,#RD170592505,https://www.booking.com/hotel/tw/qu-lu-guan-lin-sen-guan.zh-tw.html,3
昇美精品旅店,8.0,禁菸客房、免費無線網路、機場接駁車、家庭房、24 小時接待櫃檯、電梯、行李寄存、每日清潔服務,"「態度親切！」 | 「前台服務人員熱誠細心. 旅店位置適中, 交通方便.」 | 「水夠大，加熱速度也很快」",中山區,台北中山區新生北路2段25號,25.0536585,121.52783840000006,標準房,5125,4,#RD114215604,https://www.booking.com/hotel/tw/hotel-bchic.zh-tw.html,3
昇美精品旅店,8.0,禁菸客房、免費無線網路、機場接駁車、家庭房、24 小時接待櫃檯、電梯、行李寄存、每日清潔服務,"「態度親切！」 | 「前台服務人員熱誠細心. 旅店位置適中, 交通方便.」 | 「水夠大，加熱速度也很快」",中山區,台北中山區新生北路2段25號,25.0536585,121.52783840000006,標準房,3986,2,#RD114215605,https://www.booking.com/hotel/tw/hotel-bchic.zh-tw.html,3
昇美精品旅店,8.0,禁菸客房、免費無線網路、機場接駁車、家庭房、24 小時接待櫃檯、電梯、行李寄存、每日清潔服務,"「態度親切！」 | 「前台服務人員熱誠細心. 旅店位置適中, 交通方便.」 | 「水夠大，加熱速度也很快」",中山區,台北中山區新生北路2段25號,25.0536585,121.52783840000006,標準房,4081,2,#RD114215606,https://www.booking.com/hotel/tw/hotel-bchic.zh-tw.html,3
昇美精品旅店,8.0,禁菸客房、免費無線網路、機場接駁車、家庭房、24 小時接待櫃檯、電梯、行李寄存、每日清潔服務,"「態度親切！」 | 「前台服務人員熱誠細心. 旅店位置適中, 交通方便.」 | 「水夠大，加熱速度也很快」",中山區,台北中山區新生北路2段25號,25.0536585,121.52783840000006,標準房,4384,2,#RD114215601,https://www.booking.com/hotel/tw/hotel-bchic.zh-tw.html,3
瑾旅南西館 Gininn NanXi,7.7,禁菸客房、免費無線網路、客房服務、機場接駁車、家庭房、電梯、行李寄存、每日清潔服務,「cp值高」 | 「服務好，住宿也舒適」 | 「空間剛剛好」,大同區,台北大同區6-12F,25.054123,121.513605,標準房,4680,4,#RD969584707,https://www.booking.com/hotel/tw/hua-da-lu-dian-nan-xi-guan.zh-tw.html,3
瑾旅南西館 Gininn NanXi,7.7,禁菸客房、免費無線網路、客房服務、機場接駁車、家庭房、電梯、行李寄存、每日清潔服務,「cp值高」 | 「服務好，住宿也舒適」 | 「空間剛剛好」,大同區,台北大同區6-12F,25.054123,121.513605,標準房,4480,3,#RD969584706,https://www.booking.com/hotel/tw/hua-da-lu-dian-nan-xi-guan.zh-tw.html,3
瑾旅南西館 Gininn NanXi,7.7,禁菸客房、免費無線網路、客房服務、機場接駁車、家庭房、電梯、行李寄存、每日清潔服務,「cp值高」 | 「服務好，住宿也舒適」 | 「空間剛剛好」,大同區,台北大同區6-12F,25.054123,121.513605,標準房,4280,2,#RD969584704,https://www.booking.com/hotel/tw/hua-da-lu-dian-nan-xi-guan.zh-tw.html,3
瑾旅南西館 Gininn NanXi,7.7,禁菸客房、免費無線網路、客房服務、機場接駁車、家庭房、電梯、行李寄存、每日清潔服務,「cp值高」 | 「服務好，住宿也舒適」 | 「空間剛剛好」,大同區,台北大同區6-12F,25.054123,121.513605,標準房,4280,2,#RD969584705,https://www.booking.com/hotel/tw/hua-da-lu-dian-nan-xi-guan.zh-tw.html,3
瑾旅南西館 Gininn NanXi,7.7,禁菸客房、免費無線網路、客房服務、機場接駁車、家庭房、電梯、行李寄存、每日清潔服務,「cp值高」 | 「服務好，住宿也舒適」 | 「空間剛剛好」,大同區,台北大同區6-12F,25.054123,121.513605,標準房,4180,1,#RD969584703,https://www.booking.com/hotel/tw/hua-da-lu-dian-nan-xi-guan.zh-tw.html,3
House Ximending,8.6,禁菸客房、免費良好 WiFi（42 Mbps）、家庭房、電梯、行李寄存、每日清潔服務,「老闆非常貼心介紹房間及注意事項」 | 「離捷運站很近，房間跟衛浴都乾淨。」 | 「下單後快速與客戶聯繫👍 人員超熱心說明並介紹👍 天氣熱會預先開冷氣👍 下樓就可逛街，吃東西👍 推👍推👍推」,萬華區,台北萬華區No,25.04296988683455,121.50558356864812,標準房,5000,4,#RD272834002,https://www.booking.com/hotel/tw/xi-men-ting-jackyde-jia-tai-bei-shi.zh-tw.html,4
House Ximending,8.6,禁菸客房、免費良好 WiFi（42 Mbps）、家庭房、電梯、行李寄存、每日清潔服務,「老闆非常貼心介紹房間及注意事項」 | 「離捷運站很近，房間跟衛浴都乾淨。」 | 「下單後快速與客戶聯繫👍 人員超熱心說明並介紹👍 天氣熱會預先開冷氣👍 下樓就可逛街，吃東西👍 推👍推👍推」,萬華區,台北萬華區No,25.04296988683455,121.50558356864812,標準房,6000,4,#RD272834005,https://www.booking.com/hotel/tw/xi-men-ting-jackyde-jia-tai-bei-shi.zh-tw.html,4
House Ximending,8.6,禁菸客房、免費良好 WiFi（42 Mbps）、家庭房、電梯、行李寄存、每日清潔服務,「老闆非常貼心介紹房間及注意事項」 | 「離捷運站很近，房間跟衛浴都乾淨。」 | 「下單後快速與客戶聯繫👍 人員超熱心說明並介紹👍 天氣熱會預先開冷氣👍 下樓就可逛街，吃東西👍 推👍推👍推」,萬華區,台北萬華區No,25.04296988683455,121.50558356864812,標準房,3000,2,#RD272834001,https://www.booking.com/hotel/tw/xi-men-ting-jackyde-jia-tai-bei-shi.zh-tw.html,4
苓旅萬年-LIN INN Wan Nian,7.7,禁菸客房、免費無線網路、客房服務、機場接駁車、家庭房、24 小時接待櫃檯、電梯、行李寄存、每日清潔服務,「位置方便」 | 「很乾淨，房間很大」 | 「乾淨房間很大」,萬華區,台北萬華區Floor,25.043513,121.505894,標準房,4080,4,#RD843005906,https://www.booking.com/hotel/tw/ling-lu-lin-inn-tai-bei-shi.zh-tw.html,4
苓旅萬年-LIN INN Wan Nian,7.7,禁菸客房、免費無線網路、客房服務、機場接駁車、家庭房、24 小時接待櫃檯、電梯、行李寄存、每日清潔服務,「位置方便」 | 「很乾淨，房間很大」 | 「乾淨房間很大」,萬華區,台北萬華區Floor,25.043513,121.505894,標準房,3980,3,#RD843005905,https://www.booking.com/hotel/tw/ling-lu-lin-inn-tai-bei-shi.zh-tw.html,4
苓旅萬年-LIN INN Wan Nian,7.7,禁菸客房、免費無線網路、客房服務、機場接駁車、家庭房、24 小時接待櫃檯、電梯、行李寄存、每日清潔服務,「位置方便」 | 「很乾淨，房間很大」 | 「乾淨房間很大」,萬華區,台北萬華區Floor,25.043513,121.505894,標準房,3580,2,#RD843005902,https://www.booking.com/hotel/tw/ling-lu-lin-inn-tai-bei-shi.zh-tw.html,4
苓旅萬年-LIN INN Wan Nian,7.7,禁菸客房、免費無線網路、客房服務、機場接駁車、家庭房、24 小時接待櫃檯、電梯、行李寄存、每日清潔服務,「位置方便」 | 「很乾淨，房間很大」 | 「乾淨房間很大」,萬華區,台北萬華區Floor,25.043513,121.505894,標準房,3680,2,#RD843005903,https://www.booking.com/hotel/tw/ling-lu-lin-inn-tai-bei-shi.zh-tw.html,4
苓旅萬年-LIN INN Wan Nian,7.7,禁菸客房、免費無線網路、客房服務、機場接駁車、家庭房、24 小時接待櫃檯、電梯、行李寄存、每日清潔服務,「位置方便」 | 「很乾淨，房間很大」 | 「乾淨房間很大」,萬華區,台北萬華區Floor,25.043513,121.505894,標準房,3680,2,#RD843005904,https://www.booking.com/hotel/tw/ling-lu-lin-inn-tai-bei-shi.zh-tw.html,4
苓旅萬年-LIN INN Wan Nian,7.7,禁菸客房、免費無線網路、客房服務、機場接駁車、家庭房、24 小時接待櫃檯、電梯、行李寄存、每日清潔服務,「位置方便」 | 「很乾淨，房間很大」 | 「乾淨房間很大」,萬華區,台北萬華區Floor,25.043513,121.505894,標準房,3480,1,#RD843005901,https://www.booking.com/hotel/tw/ling-lu-lin-inn-tai-bei-shi.zh-tw.html,4
冨粧商旅,8.2,禁菸客房、免費無線網路、機場接駁車、家庭房、24 小時接待櫃檯、洗衣、電梯、行李寄存、每日清潔服務,「服務人員都很親切」 | 「待客，很滿意，我們這團真的很吵，要求也很多，但是客服都有回應，而且親切，很喜歡，」 | 「服務人員態度親切！位置好房間也很乾淨😻」,萬華區,台北萬華區康定路6號2樓,25.045865140287123,121.5031497180462,標準房,4200,4,#RD46986301,https://www.booking.com/hotel/tw/fuchang.zh-tw.html,2
皇后旅店,6.8,禁菸客房、免費無線網路、客房服務、家庭房、24 小時接待櫃檯、行李寄存、每日清潔服務,無,大同區,台北大同區長安西路226號2F,25.05138516311912,121.51462331403307,標準房,3780,4,#RD71167004,https://www.booking.com/hotel/tw/queens-hotel-taipei.zh-tw.html,3
皇后旅店,6.8,禁菸客房、免費無線網路、客房服務、家庭房、24 小時接待櫃檯、行李寄存、每日清潔服務,無,大同區,台北大同區長安西路226號2F,25.05138516311912,121.51462331403307,標準房,2340,2,#RD71167002,https://www.booking.com/hotel/tw/queens-hotel-taipei.zh-tw.html,3
豪贊旅店,6.9,禁菸客房、免費無線網路、24 小時接待櫃檯、電梯、每日清潔服務,無,萬華區,台北萬華區昆明街34號2樓,25.047064,121.505814,標準房,3960,4,#RD437131103,https://www.booking.com/hotel/tw/hao-zan-lu-dian.zh-tw.html,4
大地清旅,8.0,禁菸客房、免費無線網路、客房服務、機場接駁車、餐廳、24 小時接待櫃檯、洗衣、電梯、行李寄存、早餐評價還不錯,「舒適整潔」 | 「地點離出差位置很近，走路就可以到。 設備有些有點老舊，但整體環境簡單乾淨，櫃檯人員專業親切」 | 「乾淨清潔，沒什麼噪音，旁邊滿多吃的」,中山區,台北中山區長安東路二段246號4樓,25.048153419813925,121.5433077742398,標準房,5702,4,#RD105768508,https://www.booking.com/hotel/tw/horizon-inn-taipei.zh-tw.html,3
大地清旅,8.0,禁菸客房、免費無線網路、客房服務、機場接駁車、餐廳、24 小時接待櫃檯、洗衣、電梯、行李寄存、早餐評價還不錯,「舒適整潔」 | 「地點離出差位置很近，走路就可以到。 設備有些有點老舊，但整體環境簡單乾淨，櫃檯人員專業親切」 | 「乾淨清潔，沒什麼噪音，旁邊滿多吃的」,中山區,台北中山區長安東路二段246號4樓,25.048153419813925,121.5433077742398,標準房,5999,4,無,https://www.booking.com/hotel/tw/horizon-inn-taipei.zh-tw.html,3
千彩格精品旅店,8.0,禁菸客房、免費無線網路、家庭房、24 小時接待櫃檯、電梯、行李寄存,「寵物友善」 | 「櫃檯人員態度親切，有問題能隨時解答」 | 「因為是帶著貓貓入住，服務人員非常有耐心解釋注意事項，並給予相關協助，住宿空間也很足夠，大推！！！」,中山區,台北中山區林森北路286號,25.05577156158259,121.52528967609214,標準房,5168,4,#RD118262314,https://www.booking.com/hotel/tw/king-garden-hotel.zh-tw.html,3
千彩格精品旅店,8.0,禁菸客房、免費無線網路、家庭房、24 小時接待櫃檯、電梯、行李寄存,「寵物友善」 | 「櫃檯人員態度親切，有問題能隨時解答」 | 「因為是帶著貓貓入住，服務人員非常有耐心解釋注意事項，並給予相關協助，住宿空間也很足夠，大推！！！」,中山區,台北中山區林森北路286號,25.05577156158259,121.52528967609214,標準房,3052,2,#RD118262318,https://www.booking.com/hotel/tw/king-garden-hotel.zh-tw.html,3
千彩格精品旅店,8.0,禁菸客房、免費無線網路、家庭房、24 小時接待櫃檯、電梯、行李寄存,「寵物友善」 | 「櫃檯人員態度親切，有問題能隨時解答」 | 「因為是帶著貓貓入住，服務人員非常有耐心解釋注意事項，並給予相關協助，住宿空間也很足夠，大推！！！」,中山區,台北中山區林森北路286號,25.05577156158259,121.52528967609214,標準房,3876,2,#RD118262307,https://www.booking.com/hotel/tw/king-garden-hotel.zh-tw.html,3
千彩格精品旅店,8.0,禁菸客房、免費無線網路、家庭房、24 小時接待櫃檯、電梯、行李寄存,「寵物友善」 | 「櫃檯人員態度親切，有問題能隨時解答」 | 「因為是帶著貓貓入住，服務人員非常有耐心解釋注意事項，並給予相關協助，住宿空間也很足夠，大推！！！」,中山區,台北中山區林森北路286號,25.05577156158259,121.52528967609214,標準房,4028,2,#RD118262313,https://www.booking.com/hotel/tw/king-garden-hotel.zh-tw.html,3
千彩格精品旅店,8.0,禁菸客房、免費無線網路、家庭房、24 小時接待櫃檯、電梯、行李寄存,「寵物友善」 | 「櫃檯人員態度親切，有問題能隨時解答」 | 「因為是帶著貓貓入住，服務人員非常有耐心解釋注意事項，並給予相關協助，住宿空間也很足夠，大推！！！」,中山區,台北中山區林森北路286號,25.05577156158259,121.52528967609214,標準房,4104,2,#RD118262322,https://www.booking.com/hotel/tw/king-garden-hotel.zh-tw.html,3
拾光嶼 28,7.6,禁菸客房、免費無線網路、家庭房,「住宿地點不錯離夜市近 性價比可以房間安靜 可以自己辦入住 但是線上辦理超級瑣碎 這個點讓人很頭疼」 | 「環境舒適、乾淨，浴室乾濕分離」 | 「空間寬敞 乾淨 廁所也很新」,大同區,台北大同區2F,25.052558,121.513113,標準房,5122,4,#RD403896504,https://www.booking.com/hotel/tw/sumiyashi20-1.zh-tw.html,4
拾光嶼 28,7.6,禁菸客房、免費無線網路、家庭房,「住宿地點不錯離夜市近 性價比可以房間安靜 可以自己辦入住 但是線上辦理超級瑣碎 這個點讓人很頭疼」 | 「環境舒適、乾淨，浴室乾濕分離」 | 「空間寬敞 乾淨 廁所也很新」,大同區,台北大同區2F,25.052558,121.513113,標準房,5122,4,無,https://www.booking.com/hotel/tw/sumiyashi20-1.zh-tw.html,4
拾光嶼 28,7.6,禁菸客房、免費無線網路、家庭房,「住宿地點不錯離夜市近 性價比可以房間安靜 可以自己辦入住 但是線上辦理超級瑣碎 這個點讓人很頭疼」 | 「環境舒適、乾淨，浴室乾濕分離」 | 「空間寬敞 乾淨 廁所也很新」,大同區,台北大同區2F,25.052558,121.513113,標準房,4610,3,無,https://www.booking.com/hotel/tw/sumiyashi20-1.zh-tw.html,4
拾光嶼 28,7.6,禁菸客房、免費無線網路、家庭房,「住宿地點不錯離夜市近 性價比可以房間安靜 可以自己辦入住 但是線上辦理超級瑣碎 這個點讓人很頭疼」 | 「環境舒適、乾淨，浴室乾濕分離」 | 「空間寬敞 乾淨 廁所也很新」,大同區,台北大同區2F,25.052558,121.513113,標準房,4354,2,無,https://www.booking.com/hotel/tw/sumiyashi20-1.zh-tw.html,4
拾光嶼 28,7.6,禁菸客房、免費無線網路、家庭房,「住宿地點不錯離夜市近 性價比可以房間安靜 可以自己辦入住 但是線上辦理超級瑣碎 這個點讓人很頭疼」 | 「環境舒適、乾淨，浴室乾濕分離」 | 「空間寬敞 乾淨 廁所也很新」,大同區,台北大同區2F,25.052558,121.513113,標準房,2797,1,#RD403896501,https://www.booking.com/hotel/tw/sumiyashi20-1.zh-tw.html,4
拾光嶼 28,7.6,禁菸客房、免費無線網路、家庭房,「住宿地點不錯離夜市近 性價比可以房間安靜 可以自己辦入住 但是線上辦理超級瑣碎 這個點讓人很頭疼」 | 「環境舒適、乾淨，浴室乾濕分離」 | 「空間寬敞 乾淨 廁所也很新」,大同區,台北大同區2F,25.052558,121.513113,標準房,2797,1,無,https://www.booking.com/hotel/tw/sumiyashi20-1.zh-tw.html,4
Meander 1948,9.0,禁菸客房、免費無線網路、洗衣、電梯、早餐評價很好,「服務態度（都好親切） 硬體設備（淋浴間還有乾濕分離超棒，置物空間很大，可以放大行李箱，還有電子鎖木櫃） 整潔乾淨 地理位置非常優越 飲食餐卷（可以去當地美食店家消費）」 | 「很乾淨 服務人員態度很好」 | 「有女性專區、浴室有簡易乾濕分離、個人空間可上鎖」,大同區,台北大同區No,25.050517,121.515144,標準房,6000,4,#RD420263224,https://www.booking.com/hotel/tw/meander-1948.zh-tw.html,3
Meander 1948,9.0,禁菸客房、免費無線網路、洗衣、電梯、早餐評價很好,「服務態度（都好親切） 硬體設備（淋浴間還有乾濕分離超棒，置物空間很大，可以放大行李箱，還有電子鎖木櫃） 整潔乾淨 地理位置非常優越 飲食餐卷（可以去當地美食店家消費）」 | 「很乾淨 服務人員態度很好」 | 「有女性專區、浴室有簡易乾濕分離、個人空間可上鎖」,大同區,台北大同區No,25.050517,121.515144,標準房,4200,2,#RD420263217,https://www.booking.com/hotel/tw/meander-1948.zh-tw.html,3
Meander 1948,9.0,禁菸客房、免費無線網路、洗衣、電梯、早餐評價很好,「服務態度（都好親切） 硬體設備（淋浴間還有乾濕分離超棒，置物空間很大，可以放大行李箱，還有電子鎖木櫃） 整潔乾淨 地理位置非常優越 飲食餐卷（可以去當地美食店家消費）」 | 「很乾淨 服務人員態度很好」 | 「有女性專區、浴室有簡易乾濕分離、個人空間可上鎖」,大同區,台北大同區No,25.050517,121.515144,標準房,6000,2,#RD420263216,https://www.booking.com/hotel/tw/meander-1948.zh-tw.html,3
Meander 1948,9.0,禁菸客房、免費無線網路、洗衣、電梯、早餐評價很好,「服務態度（都好親切） 硬體設備（淋浴間還有乾濕分離超棒，置物空間很大，可以放大行李箱，還有電子鎖木櫃） 整潔乾淨 地理位置非常優越 飲食餐卷（可以去當地美食店家消費）」 | 「很乾淨 服務人員態度很好」 | 「有女性專區、浴室有簡易乾濕分離、個人空間可上鎖」,大同區,台北大同區No,25.050517,121.515144,標準房,2400,1,#RD420263215,https://www.booking.com/hotel/tw/meander-1948.zh-tw.html,3
Ueno Hirokoji 428,7.7,禁菸客房、免費無線網路、電梯,"「寧靜舒適」 | 「全程自助式入住取得房卡,流程方便順暢,不須額外客服或是要與服務人員接洽」 | 「浴室乾濕分離」",大同區,台北大同區No,25.056761,121.508631,標準房,4675,4,#RD347725404,https://www.booking.com/hotel/tw/ueno-hirokoji-428.zh-tw.html,4
Ueno Hirokoji 428,7.7,禁菸客房、免費無線網路、電梯,"「寧靜舒適」 | 「全程自助式入住取得房卡,流程方便順暢,不須額外客服或是要與服務人員接洽」 | 「浴室乾濕分離」",大同區,台北大同區No,25.056761,121.508631,標準房,2848,2,#RD347725401,https://www.booking.com/hotel/tw/ueno-hirokoji-428.zh-tw.html,4
Ueno Hirokoji 428,7.7,禁菸客房、免費無線網路、電梯,"「寧靜舒適」 | 「全程自助式入住取得房卡,流程方便順暢,不須額外客服或是要與服務人員接洽」 | 「浴室乾濕分離」",大同區,台北大同區No,25.056761,121.508631,標準房,3116,2,#RD347725405,https://www.booking.com/hotel/tw/ueno-hirokoji-428.zh-tw.html,4
華達大飯店,6.1,禁菸客房、免費無線網路、機場接駁車、家庭房、電梯、行李寄存、每日清潔服務,無,中正區,台北中正區重慶南路一段1號,25.04676528602632,121.5133953877314,標準房,4500,4,#RD105533101,https://www.booking.com/hotel/tw/hua-mei-da-fan-dian.zh-tw.html,2
華達大飯店,6.1,禁菸客房、免費無線網路、機場接駁車、家庭房、電梯、行李寄存、每日清潔服務,無,中正區,台北中正區重慶南路一段1號,25.04676528602632,121.5133953877314,標準房,5400,4,#RD105533102,https://www.booking.com/hotel/tw/hua-mei-da-fan-dian.zh-tw.html,2
華達大飯店,6.1,禁菸客房、免費無線網路、機場接駁車、家庭房、電梯、行李寄存、每日清潔服務,無,中正區,台北中正區重慶南路一段1號,25.04676528602632,121.5133953877314,標準房,4300,3,#RD105533106,https://www.booking.com/hotel/tw/hua-mei-da-fan-dian.zh-tw.html,2
華達大飯店,6.1,禁菸客房、免費無線網路、機場接駁車、家庭房、電梯、行李寄存、每日清潔服務,無,中正區,台北中正區重慶南路一段1號,25.04676528602632,121.5133953877314,標準房,2550,2,#RD105533103,https://www.booking.com/hotel/tw/hua-mei-da-fan-dian.zh-tw.html,2
華達大飯店,6.1,禁菸客房、免費無線網路、機場接駁車、家庭房、電梯、行李寄存、每日清潔服務,無,中正區,台北中正區重慶南路一段1號,25.04676528602632,121.5133953877314,標準房,2750,2,#RD105533104,https://www.booking.com/hotel/tw/hua-mei-da-fan-dian.zh-tw.html,2
貴都飯店-Crystal Hotel Taipei,6.2,禁菸客房、免費無線網路、私人停車場、家庭房、24 小時接待櫃檯、電梯、行李寄存,無,萬華區,台北萬華區No,25.03006427071438,121.50289356708528,標準房,3769,4,#RD58365804,https://www.booking.com/hotel/tw/crystalhoteltaipei.zh-tw.html,3
貴都飯店-Crystal Hotel Taipei,6.2,禁菸客房、免費無線網路、私人停車場、家庭房、24 小時接待櫃檯、電梯、行李寄存,無,萬華區,台北萬華區No,25.03006427071438,121.50289356708528,標準房,3250,3,#RD58365803,https://www.booking.com/hotel/tw/crystalhoteltaipei.zh-tw.html,3
貴都飯店-Crystal Hotel Taipei,6.2,禁菸客房、免費無線網路、私人停車場、家庭房、24 小時接待櫃檯、電梯、行李寄存,無,萬華區,台北萬華區No,25.03006427071438,121.50289356708528,標準房,1800,2,#RD58365808,https://www.booking.com/hotel/tw/crystalhoteltaipei.zh-tw.html,3
貴都飯店-Crystal Hotel Taipei,6.2,禁菸客房、免費無線網路、私人停車場、家庭房、24 小時接待櫃檯、電梯、行李寄存,無,萬華區,台北萬華區No,25.03006427071438,121.50289356708528,標準房,1950,2,#RD58365802,https://www.booking.com/hotel/tw/crystalhoteltaipei.zh-tw.html,3
貴都飯店-Crystal Hotel Taipei,6.2,禁菸客房、免費無線網路、私人停車場、家庭房、24 小時接待櫃檯、電梯、行李寄存,無,萬華區,台北萬華區No,25.03006427071438,121.50289356708528,標準房,2080,2,#RD58365806,https://www.booking.com/hotel/tw/crystalhoteltaipei.zh-tw.html,3
客憩旅宿,7.6,禁菸客房、免費無線網路、電梯、每日清潔服務,「CP值高」 | 「環境乾淨整潔」 | 「小巧精緻很不錯」,中正區,台北中正區重慶南路一段63號2樓,25.044507,121.5133576,標準房,4433,4,#RD1090480202,https://www.booking.com/hotel/tw/cozyke-qi-lu-su.zh-tw.html,4
客憩旅宿,7.6,禁菸客房、免費無線網路、電梯、每日清潔服務,「CP值高」 | 「環境乾淨整潔」 | 「小巧精緻很不錯」,中正區,台北中正區重慶南路一段63號2樓,25.044507,121.5133576,標準房,1211,1,#RD1090480204,https://www.booking.com/hotel/tw/cozyke-qi-lu-su.zh-tw.html,4
客憩旅宿,7.6,禁菸客房、免費無線網路、電梯、每日清潔服務,「CP值高」 | 「環境乾淨整潔」 | 「小巧精緻很不錯」,中正區,台北中正區重慶南路一段63號2樓,25.044507,121.5133576,標準房,1211,1,#RD1090480207,https://www.booking.com/hotel/tw/cozyke-qi-lu-su.zh-tw.html,4
客憩旅宿,7.6,禁菸客房、免費無線網路、電梯、每日清潔服務,「CP值高」 | 「環境乾淨整潔」 | 「小巧精緻很不錯」,中正區,台北中正區重慶南路一段63號2樓,25.044507,121.5133576,標準房,1211,1,#RD1090480208,https://www.booking.com/hotel/tw/cozyke-qi-lu-su.zh-tw.html,4
大稻埕花園旅店,8.6,禁菸客房、免費無線網路、餐廳、家庭房、電梯、行李寄存、每日清潔服務、暖氣、早餐評價超棒,「房間擺設跟佈置讓人很精緻很放鬆」 | 「環境乾淨」 | 「地點超讚」,大同區,台北大同區迪化街一段334號,25.062021440892508,121.50918066501616,標準房,7560,4,#RD192900304,https://www.booking.com/hotel/tw/da-dao-cheng-hua-yuan-lu-dian.zh-tw.html,3
大稻埕花園旅店,8.6,禁菸客房、免費無線網路、餐廳、家庭房、電梯、行李寄存、每日清潔服務、暖氣、早餐評價超棒,「房間擺設跟佈置讓人很精緻很放鬆」 | 「環境乾淨」 | 「地點超讚」,大同區,台北大同區迪化街一段334號,25.062021440892508,121.50918066501616,標準房,8550,4,#RD192900305,https://www.booking.com/hotel/tw/da-dao-cheng-hua-yuan-lu-dian.zh-tw.html,3
三隻老虎旅店,8.1,禁菸客房、免費無線網路、客房服務、機場接駁車、家庭房、24 小時接待櫃檯、電梯、行李寄存、暖氣,「住的非常舒服，推薦大家來住。」 | 「辦理入住櫃檯的兩隻狗狗超讚😍😍」 | 「很棒，有機會下次再來！應有盡有。冷氣很涼，熱水夠熱，不夠熱還可以自己調，水量充足！有電梯，可以搭乘。房間乾淨。」,萬華區,台北萬華區3F,25.043683386989876,121.50460157540692,標準房,5852,4,#RD62628406,https://www.booking.com/hotel/tw/triple-tiger-taipei.zh-tw.html,2
三隻老虎旅店,8.1,禁菸客房、免費無線網路、客房服務、機場接駁車、家庭房、24 小時接待櫃檯、電梯、行李寄存、暖氣,「住的非常舒服，推薦大家來住。」 | 「辦理入住櫃檯的兩隻狗狗超讚😍😍」 | 「很棒，有機會下次再來！應有盡有。冷氣很涼，熱水夠熱，不夠熱還可以自己調，水量充足！有電梯，可以搭乘。房間乾淨。」,萬華區,台北萬華區3F,25.043683386989876,121.50460157540692,標準房,3900,3,#RD62628422,https://www.booking.com/hotel/tw/triple-tiger-taipei.zh-tw.html,2
三隻老虎旅店,8.1,禁菸客房、免費無線網路、客房服務、機場接駁車、家庭房、24 小時接待櫃檯、電梯、行李寄存、暖氣,「住的非常舒服，推薦大家來住。」 | 「辦理入住櫃檯的兩隻狗狗超讚😍😍」 | 「很棒，有機會下次再來！應有盡有。冷氣很涼，熱水夠熱，不夠熱還可以自己調，水量充足！有電梯，可以搭乘。房間乾淨。」,萬華區,台北萬華區3F,25.043683386989876,121.50460157540692,標準房,3033,2,#RD62628426,https://www.booking.com/hotel/tw/triple-tiger-taipei.zh-tw.html,2
三隻老虎旅店,8.1,禁菸客房、免費無線網路、客房服務、機場接駁車、家庭房、24 小時接待櫃檯、電梯、行李寄存、暖氣,「住的非常舒服，推薦大家來住。」 | 「辦理入住櫃檯的兩隻狗狗超讚😍😍」 | 「很棒，有機會下次再來！應有盡有。冷氣很涼，熱水夠熱，不夠熱還可以自己調，水量充足！有電梯，可以搭乘。房間乾淨。」,萬華區,台北萬華區3F,25.043683386989876,121.50460157540692,標準房,3466,2,#RD62628423,https://www.booking.com/hotel/tw/triple-tiger-taipei.zh-tw.html,2
北門臥客青年旅舍,8.8,禁菸客房、免費無線網路、露台、洗衣、電梯、行李寄存、每日清潔服務,「床很穩固，不會因翻身弄出聲響 住宿樓層就有公共用餐區，不需特地到二樓 到大稻埕很快、離寧夏夜市也不遠」 | 「住宿地點鄰近捷運站、附近也有超商，晚上想買點宵夜都很方便。」 | 「地點方便，員工友善，床鋪舒適」,大同區,台北大同區甘谷街26號2樓,25.05275788958657,121.51090564293963,標準房,7689,4,#RD140517308,https://www.booking.com/hotel/tw/we-come-hostel.zh-tw.html,2
北門臥客青年旅舍,8.8,禁菸客房、免費無線網路、露台、洗衣、電梯、行李寄存、每日清潔服務,「床很穩固，不會因翻身弄出聲響 住宿樓層就有公共用餐區，不需特地到二樓 到大稻埕很快、離寧夏夜市也不遠」 | 「住宿地點鄰近捷運站、附近也有超商，晚上想買點宵夜都很方便。」 | 「地點方便，員工友善，床鋪舒適」,大同區,台北大同區甘谷街26號2樓,25.05275788958657,121.51090564293963,標準房,5598,2,#RD140517334,https://www.booking.com/hotel/tw/we-come-hostel.zh-tw.html,2
北門臥客青年旅舍,8.8,禁菸客房、免費無線網路、露台、洗衣、電梯、行李寄存、每日清潔服務,「床很穩固，不會因翻身弄出聲響 住宿樓層就有公共用餐區，不需特地到二樓 到大稻埕很快、離寧夏夜市也不遠」 | 「住宿地點鄰近捷運站、附近也有超商，晚上想買點宵夜都很方便。」 | 「地點方便，員工友善，床鋪舒適」,大同區,台北大同區甘谷街26號2樓,25.05275788958657,121.51090564293963,標準房,1999,1,#RD140517336,https://www.booking.com/hotel/tw/we-come-hostel.zh-tw.html,2
北門臥客青年旅舍,8.8,禁菸客房、免費無線網路、露台、洗衣、電梯、行李寄存、每日清潔服務,「床很穩固，不會因翻身弄出聲響 住宿樓層就有公共用餐區，不需特地到二樓 到大稻埕很快、離寧夏夜市也不遠」 | 「住宿地點鄰近捷運站、附近也有超商，晚上想買點宵夜都很方便。」 | 「地點方便，員工友善，床鋪舒適」,大同區,台北大同區甘谷街26號2樓,25.05275788958657,121.51090564293963,標準房,2199,1,#RD140517335,https://www.booking.com/hotel/tw/we-come-hostel.zh-tw.html,2
陸號行旅萬年館,7.9,禁菸客房、免費無線網路、客房服務、機場接駁車、家庭房、24 小時接待櫃檯、洗衣、電梯、行李寄存、每日清潔服務,「地點方便」 | 「在西門捷運站附近，交通便利，萬年大樓很容易找到！ 炎熱的夏天，回到住宿吹冷氣超讚，還有可移動式的衣架感覺非常方便！另外櫃台旁有咖啡機，但是很可惜這次台北行程緊湊，沒有享用免費咖啡!!」 | 「櫃檯友善，位置好，吃逛很方便」,萬華區,台北萬華區西寧南路70號6樓,25.04352624419985,121.5060679614544,標準房,4980,4,#RD36630404,https://www.booking.com/hotel/tw/taipei-ecfa.zh-tw.html,3
旅居文旅西門驛站昆明館,8.5,禁菸客房、免費無線網路、機場接駁車、家庭房、24 小時接待櫃檯、電梯、行李寄存、每日清潔服務,「晚班櫃檯，人很友善！」 | 「地點不錯，在西門區所以買手信，逛街，吃飯，買小食甜點也很方便。 房間算很寬敞。」 | 「乾淨，服務人員熱心協助」,萬華區,台北萬華區昆明街142號7樓,25.04246673996633,121.5046302974224,標準房,7090,4,#RD25410112,https://www.booking.com/hotel/tw/kingshi-taipei.zh-tw.html,3
旅居文旅西門驛站昆明館,8.5,禁菸客房、免費無線網路、機場接駁車、家庭房、24 小時接待櫃檯、電梯、行李寄存、每日清潔服務,「晚班櫃檯，人很友善！」 | 「地點不錯，在西門區所以買手信，逛街，吃飯，買小食甜點也很方便。 房間算很寬敞。」 | 「乾淨，服務人員熱心協助」,萬華區,台北萬華區昆明街142號7樓,25.04246673996633,121.5046302974224,標準房,6080,3,#RD25410111,https://www.booking.com/hotel/tw/kingshi-taipei.zh-tw.html,3
欣欣時尚旅店松山站,7.3,禁菸客房、免費無線網路、客房服務、機場接駁車、家庭房、洗衣、電梯、行李寄存、每日清潔服務,無,松山區,台北松山區8F,25.049890302538856,121.5706447927513,標準房,4500,4,#RD127178603,https://www.booking.com/hotel/tw/shinshin-hotel-songshan.zh-tw.html,2
欣欣時尚旅店松山站,7.3,禁菸客房、免費無線網路、客房服務、機場接駁車、家庭房、洗衣、電梯、行李寄存、每日清潔服務,無,松山區,台北松山區8F,25.049890302538856,121.5706447927513,標準房,4000,3,#RD127178606,https://www.booking.com/hotel/tw/shinshin-hotel-songshan.zh-tw.html,2
欣欣時尚旅店松山站,7.3,禁菸客房、免費無線網路、客房服務、機場接駁車、家庭房、洗衣、電梯、行李寄存、每日清潔服務,無,松山區,台北松山區8F,25.049890302538856,121.5706447927513,標準房,3200,2,#RD127178601,https://www.booking.com/hotel/tw/shinshin-hotel-songshan.zh-tw.html,2
欣欣時尚旅店松山站,7.3,禁菸客房、免費無線網路、客房服務、機場接駁車、家庭房、洗衣、電梯、行李寄存、每日清潔服務,無,松山區,台北松山區8F,25.049890302538856,121.5706447927513,標準房,3500,2,#RD127178602,https://www.booking.com/hotel/tw/shinshin-hotel-songshan.zh-tw.html,2
欣欣時尚旅店松山站,7.3,禁菸客房、免費無線網路、客房服務、機場接駁車、家庭房、洗衣、電梯、行李寄存、每日清潔服務,無,松山區,台北松山區8F,25.049890302538856,121.5706447927513,標準房,3800,2,#RD127178604,https://www.booking.com/hotel/tw/shinshin-hotel-songshan.zh-tw.html,2
新獅城商務旅館New Lion City Hotel,7.4,禁菸客房、免費無線網路、電梯、行李寄存,無,大同區,台北大同區華陰街179號3樓,25.050288,121.515555,標準房,4588,4,#RD1005217405,https://www.booking.com/hotel/tw/xin-shi-cheng-shang-wu-lu-dian.zh-tw.html,4
新獅城商務旅館New Lion City Hotel,7.4,禁菸客房、免費無線網路、電梯、行李寄存,無,大同區,台北大同區華陰街179號3樓,25.050288,121.515555,標準房,3088,2,#RD1005217401,https://www.booking.com/hotel/tw/xin-shi-cheng-shang-wu-lu-dian.zh-tw.html,4
新獅城商務旅館New Lion City Hotel,7.4,禁菸客房、免費無線網路、電梯、行李寄存,無,大同區,台北大同區華陰街179號3樓,25.050288,121.515555,標準房,3288,2,#RD1005217404,https://www.booking.com/hotel/tw/xin-shi-cheng-shang-wu-lu-dian.zh-tw.html,4
救國團劍潭海外青年活動中心 ,7.8,禁菸客房、免費無線網路、停車場、餐廳、家庭房、24 小時接待櫃檯、洗衣、電梯、行李寄存、早餐,「交通方便，鄰近士林夜市，腹地廣大非常優美。」 | 「地點及周邊環境很棒」 | 「離士林夜市很近，環境很好，這次訂的是六人房，一人一床感覺很舒服，床墊不軟不硬剛好適中，房內兩廁兩浴也很方便」,士林區,台北士林區中山北路四段16號,25.0775919567304,121.52444511652,標準房,5558,4,#RD262229305,https://www.booking.com/hotel/tw/chientan-youth-activity-centre.zh-tw.html,3
救國團劍潭海外青年活動中心 ,7.8,禁菸客房、免費無線網路、停車場、餐廳、家庭房、24 小時接待櫃檯、洗衣、電梯、行李寄存、早餐,「交通方便，鄰近士林夜市，腹地廣大非常優美。」 | 「地點及周邊環境很棒」 | 「離士林夜市很近，環境很好，這次訂的是六人房，一人一床感覺很舒服，床墊不軟不硬剛好適中，房內兩廁兩浴也很方便」,士林區,台北士林區中山北路四段16號,25.0775919567304,121.52444511652,標準房,3420,2,#RD262229306,https://www.booking.com/hotel/tw/chientan-youth-activity-centre.zh-tw.html,3
西門邑居會館,6.4,禁菸客房、免費無線網路、家庭房、洗衣、電梯、行李寄存、每日清潔服務,無,萬華區,台北萬華區西寧南路79號,25.0461538,121.5070438,標準房,5780,4,#RD1070682404,https://www.booking.com/hotel/tw/xi-men-yi-ju-hui-guan-tai-bei-shi.zh-tw.html,4
西門邑居會館,6.4,禁菸客房、免費無線網路、家庭房、洗衣、電梯、行李寄存、每日清潔服務,無,萬華區,台北萬華區西寧南路79號,25.0461538,121.5070438,標準房,5654,3,無,https://www.booking.com/hotel/tw/xi-men-yi-ju-hui-guan-tai-bei-shi.zh-tw.html,4
西門邑居會館,6.4,禁菸客房、免費無線網路、家庭房、洗衣、電梯、行李寄存、每日清潔服務,無,萬華區,台北萬華區西寧南路79號,25.0461538,121.5070438,標準房,7112,4,#RD1070682406,https://www.booking.com/hotel/tw/xi-men-yi-ju-hui-guan-tai-bei-shi.zh-tw.html,4
西門邑居會館,6.4,禁菸客房、免費無線網路、家庭房、洗衣、電梯、行李寄存、每日清潔服務,無,萬華區,台北萬華區西寧南路79號,25.0461538,121.5070438,標準房,3582,3,#RD1070682402,https://www.booking.com/hotel/tw/xi-men-yi-ju-hui-guan-tai-bei-shi.zh-tw.html,4
西門邑居會館,6.4,禁菸客房、免費無線網路、家庭房、洗衣、電梯、行李寄存、每日清潔服務,無,萬華區,台北萬華區西寧南路79號,25.0461538,121.5070438,標準房,3296,2,無,https://www.booking.com/hotel/tw/xi-men-yi-ju-hui-guan-tai-bei-shi.zh-tw.html,4
西門邑居會館,6.4,禁菸客房、免費無線網路、家庭房、洗衣、電梯、行李寄存、每日清潔服務,無,萬華區,台北萬華區西寧南路79號,25.0461538,121.5070438,標準房,4032,3,#RD1070682403,https://www.booking.com/hotel/tw/xi-men-yi-ju-hui-guan-tai-bei-shi.zh-tw.html,4
西門邑居會館,6.4,禁菸客房、免費無線網路、家庭房、洗衣、電梯、行李寄存、每日清潔服務,無,萬華區,台北萬華區西寧南路79號,25.0461538,121.5070438,標準房,3629,2,無,https://www.booking.com/hotel/tw/xi-men-yi-ju-hui-guan-tai-bei-shi.zh-tw.html,4
西門邑居會館,6.4,禁菸客房、免費無線網路、家庭房、洗衣、電梯、行李寄存、每日清潔服務,無,萬華區,台北萬華區西寧南路79號,25.0461538,121.5070438,標準房,1962,2,#RD1070682407,https://www.booking.com/hotel/tw/xi-men-yi-ju-hui-guan-tai-bei-shi.zh-tw.html,4
能量旅店,9.1,禁菸客房、免費無線網路、客房服務、機場接駁車、餐廳、家庭房、24 小時接待櫃檯、洗衣、電梯、早餐評價很好,「房間非常安靜~冷氣會冷也安靜!!!隔壁或上下樓層隔音也很OK~」 | 「櫃檯小姐很親切，服務態度非常好！」 | 「鬧中取靜的地方，隔音很好不吵，房間也很乾淨，連皮膚敏感的老公，都給很高的評價。」,萬華區,台北萬華區康定路25巷38號,25.04357,121.504547,標準房,7114,4,#RD167507303,https://www.booking.com/hotel/tw/neng-liang-lu-dian.zh-tw.html,3
能量旅店,9.1,禁菸客房、免費無線網路、客房服務、機場接駁車、餐廳、家庭房、24 小時接待櫃檯、洗衣、電梯、早餐評價很好,「房間非常安靜~冷氣會冷也安靜!!!隔壁或上下樓層隔音也很OK~」 | 「櫃檯小姐很親切，服務態度非常好！」 | 「鬧中取靜的地方，隔音很好不吵，房間也很乾淨，連皮膚敏感的老公，都給很高的評價。」,萬華區,台北萬華區康定路25巷38號,25.04357,121.504547,標準房,4006,2,#RD167507315,https://www.booking.com/hotel/tw/neng-liang-lu-dian.zh-tw.html,3
采舍精品旅館,7.4,禁菸客房、免費無線網路、客房服務、機場接駁車、家庭房、24 小時接待櫃檯、露台、電梯、行李寄存、每日清潔服務,無,中山區,台北中山區農安街34號3樓,25.06479336893596,121.52677059173584,標準房,4000,4,#RD26765407,https://www.booking.com/hotel/tw/nong-an-hui-guan.zh-tw.html,3
頭等艙飯店 台北西門,7.8,禁菸客房、免費無線網路、客房服務、24 小時接待櫃檯,「離西門近」 | 「很棒以後有機會會繼續進住」 | 「離捷運站很近 很方便」,中正區,台北中正區中華路一段59號,25.04136244226,121.508434142565,標準房,5184,4,#RD1216483506,https://www.booking.com/hotel/tw/tou-deng-cang-fan-dian-tai-bei-xi-men.zh-tw.html,4
福爾摩莎101青年旅館,8.1,禁菸客房、免費無線網路、家庭房、24 小時接待櫃檯、洗衣、電梯、行李寄存、早餐評價還不錯,「房間有窗戶，空間對於單人住宿真的很剛好，附近生活機能也很剛好！一出旅宿就是公車站，半夜入住需要補給隔壁就是全家，離上課地點台大也很近！對面還有一個觀光夜市，內部還有家樂福跟寶雅，非常方便！」 | 「離夜市近👍、乾淨，房間位置大。」 | 「1、地點：地點很好，在臨江街夜市旁邊。 2、安靜：住客品質蠻好的，不會有過度吵鬧的情形。 3、房間：很小巧，但蠻舒適的。 4、有24小時入住服務。」,信義區,台北信義區嘉興里基隆路二段115號12樓,25.02873423486801,121.55709061771633,標準房,6426,4,#RD116366304,https://www.booking.com/hotel/tw/formosa-101.zh-tw.html,4
福爾摩莎101青年旅館,8.1,禁菸客房、免費無線網路、家庭房、24 小時接待櫃檯、洗衣、電梯、行李寄存、早餐評價還不錯,「房間有窗戶，空間對於單人住宿真的很剛好，附近生活機能也很剛好！一出旅宿就是公車站，半夜入住需要補給隔壁就是全家，離上課地點台大也很近！對面還有一個觀光夜市，內部還有家樂福跟寶雅，非常方便！」 | 「離夜市近👍、乾淨，房間位置大。」 | 「1、地點：地點很好，在臨江街夜市旁邊。 2、安靜：住客品質蠻好的，不會有過度吵鬧的情形。 3、房間：很小巧，但蠻舒適的。 4、有24小時入住服務。」,信義區,台北信義區嘉興里基隆路二段115號12樓,25.02873423486801,121.55709061771633,標準房,1377,1,#RD116366306,https://www.booking.com/hotel/tw/formosa-101.zh-tw.html,4
福爾摩莎101青年旅館,8.1,禁菸客房、免費無線網路、家庭房、24 小時接待櫃檯、洗衣、電梯、行李寄存、早餐評價還不錯,「房間有窗戶，空間對於單人住宿真的很剛好，附近生活機能也很剛好！一出旅宿就是公車站，半夜入住需要補給隔壁就是全家，離上課地點台大也很近！對面還有一個觀光夜市，內部還有家樂福跟寶雅，非常方便！」 | 「離夜市近👍、乾淨，房間位置大。」 | 「1、地點：地點很好，在臨江街夜市旁邊。 2、安靜：住客品質蠻好的，不會有過度吵鬧的情形。 3、房間：很小巧，但蠻舒適的。 4、有24小時入住服務。」,信義區,台北信義區嘉興里基隆路二段115號12樓,25.02873423486801,121.55709061771633,標準房,1377,1,#RD116366318,https://www.booking.com/hotel/tw/formosa-101.zh-tw.html,4
函舍旅館,7.8,禁菸客房、免費無線網路、機場接駁車、家庭房、24 小時接待櫃檯、電梯、行李寄存、每日清潔服務,「整潔乾淨」 | 「地點佳 好逛西門町」 | 「空間很大，冷氣很涼很舒適，而且位置離捷運很近，附近機能好。」,萬華區,台北萬華區成都路68號4-10樓,25.04290293605174,121.50526195764542,標準房,4125,4,#RD25639303,https://www.booking.com/hotel/tw/hanshe.zh-tw.html,3
函舍旅館,7.8,禁菸客房、免費無線網路、機場接駁車、家庭房、24 小時接待櫃檯、電梯、行李寄存、每日清潔服務,「整潔乾淨」 | 「地點佳 好逛西門町」 | 「空間很大，冷氣很涼很舒適，而且位置離捷運很近，附近機能好。」,萬華區,台北萬華區成都路68號4-10樓,25.04290293605174,121.50526195764542,標準房,4675,4,#RD25639305,https://www.booking.com/hotel/tw/hanshe.zh-tw.html,3
函舍旅館,7.8,禁菸客房、免費無線網路、機場接駁車、家庭房、24 小時接待櫃檯、電梯、行李寄存、每日清潔服務,「整潔乾淨」 | 「地點佳 好逛西門町」 | 「空間很大，冷氣很涼很舒適，而且位置離捷運很近，附近機能好。」,萬華區,台北萬華區成都路68號4-10樓,25.04290293605174,121.50526195764542,標準房,3025,2,#RD25639302,https://www.booking.com/hotel/tw/hanshe.zh-tw.html,3
函舍旅館,7.8,禁菸客房、免費無線網路、機場接駁車、家庭房、24 小時接待櫃檯、電梯、行李寄存、每日清潔服務,「整潔乾淨」 | 「地點佳 好逛西門町」 | 「空間很大，冷氣很涼很舒適，而且位置離捷運很近，附近機能好。」,萬華區,台北萬華區成都路68號4-10樓,25.04290293605174,121.50526195764542,標準房,3300,2,#RD25639304,https://www.booking.com/hotel/tw/hanshe.zh-tw.html,3
小王子甜蜜旅店,6.1,禁菸客房、免費無線網路、電梯、行李寄存、每日清潔服務、暖氣,無,萬華區,台北萬華區漢中街42號9樓,25.044045361482087,121.5072437748313,標準房,4500,4,#RD201128602,https://www.booking.com/hotel/tw/honey-princexiao-wang-zi-tian-mi-lu-dian.zh-tw.html,3
小王子甜蜜旅店,6.1,禁菸客房、免費無線網路、電梯、行李寄存、每日清潔服務、暖氣,無,萬華區,台北萬華區漢中街42號9樓,25.044045361482087,121.5072437748313,標準房,4000,4,#RD201128612,https://www.booking.com/hotel/tw/honey-princexiao-wang-zi-tian-mi-lu-dian.zh-tw.html,3
小王子甜蜜旅店,6.1,禁菸客房、免費無線網路、電梯、行李寄存、每日清潔服務、暖氣,無,萬華區,台北萬華區漢中街42號9樓,25.044045361482087,121.5072437748313,標準房,4000,4,#RD201128631,https://www.booking.com/hotel/tw/honey-princexiao-wang-zi-tian-mi-lu-dian.zh-tw.html,3
小王子甜蜜旅店,6.1,禁菸客房、免費無線網路、電梯、行李寄存、每日清潔服務、暖氣,無,萬華區,台北萬華區漢中街42號9樓,25.044045361482087,121.5072437748313,標準房,3500,3,#RD201128630,https://www.booking.com/hotel/tw/honey-princexiao-wang-zi-tian-mi-lu-dian.zh-tw.html,3
小王子甜蜜旅店,6.1,禁菸客房、免費無線網路、電梯、行李寄存、每日清潔服務、暖氣,無,萬華區,台北萬華區漢中街42號9樓,25.044045361482087,121.5072437748313,標準房,3000,2,#RD201128610,https://www.booking.com/hotel/tw/honey-princexiao-wang-zi-tian-mi-lu-dian.zh-tw.html,3
小王子甜蜜旅店,6.1,禁菸客房、免費無線網路、電梯、行李寄存、每日清潔服務、暖氣,無,萬華區,台北萬華區漢中街42號9樓,25.044045361482087,121.5072437748313,標準房,3300,2,#RD201128601,https://www.booking.com/hotel/tw/honey-princexiao-wang-zi-tian-mi-lu-dian.zh-tw.html,3
趣西門旅店,7.3,禁菸客房、免費無線網路、電梯、行李寄存、每日清潔服務,無,萬華區,台北萬華區武昌街二段72號7樓,25.04470377889577,121.50615187235262,標準房,3960,4,#RD721324604,https://www.booking.com/hotel/tw/qu-xi-men-lu-dian.zh-tw.html,4
趣西門旅店,7.3,禁菸客房、免費無線網路、電梯、行李寄存、每日清潔服務,無,萬華區,台北萬華區武昌街二段72號7樓,25.04470377889577,121.50615187235262,標準房,4950,4,#RD721324608,https://www.booking.com/hotel/tw/qu-xi-men-lu-dian.zh-tw.html,4
趣西門旅店,7.3,禁菸客房、免費無線網路、電梯、行李寄存、每日清潔服務,無,萬華區,台北萬華區武昌街二段72號7樓,25.04470377889577,121.50615187235262,標準房,3150,3,#RD721324603,https://www.booking.com/hotel/tw/qu-xi-men-lu-dian.zh-tw.html,4
趣西門旅店,7.3,禁菸客房、免費無線網路、電梯、行李寄存、每日清潔服務,無,萬華區,台北萬華區武昌街二段72號7樓,25.04470377889577,121.50615187235262,標準房,2700,2,#RD721324601,https://www.booking.com/hotel/tw/qu-xi-men-lu-dian.zh-tw.html,4
美亞商旅,7.9,禁菸客房、免費無線網路、停車場（館內）、機場接駁車、家庭房、24 小時接待櫃檯、洗衣、電梯,「服務人員的態度不錯👍！」 | 「交通方便 後電梯B3直通捷運站 吃東西購物都非常方便」 | 「抓寶非常方便！！」,中正區,台北中正區忠孝西路一段50號5樓,25.046222,121.51583,標準房,6156,4,#RD549645605,https://www.booking.com/hotel/tw/mayer-innmei-ya-shang-lu.zh-tw.html,3
美亞商旅,7.9,禁菸客房、免費無線網路、停車場（館內）、機場接駁車、家庭房、24 小時接待櫃檯、洗衣、電梯,「服務人員的態度不錯👍！」 | 「交通方便 後電梯B3直通捷運站 吃東西購物都非常方便」 | 「抓寶非常方便！！」,中正區,台北中正區忠孝西路一段50號5樓,25.046222,121.51583,標準房,16200,4,無,https://www.booking.com/hotel/tw/mayer-innmei-ya-shang-lu.zh-tw.html,3
台北俞美精品飯店,7.7,禁菸客房、免費無線網路、機場接駁車、家庭房、24 小時接待櫃檯、洗衣、電梯、行李寄存、每日清潔服務、暖氣,「地點很優，靠近最繁華的街道離捷運站也不算遠。從旅館走到大稻埕碼頭只需20分鐘，很適合機動力強的旅遊人士。」 | 「員工很親切的幫助我」 | 「地點非常方便，若是自己開車來台北的朋友們」,萬華區,台北萬華區武昌街二段106號,25.04505473303145,121.505094319582,標準房,4620,4,#RD42550909,https://www.booking.com/hotel/tw/beauty-hotels-taipei-b6.zh-tw.html,3
台北俞美精品飯店,7.7,禁菸客房、免費無線網路、機場接駁車、家庭房、24 小時接待櫃檯、洗衣、電梯、行李寄存、每日清潔服務、暖氣,「地點很優，靠近最繁華的街道離捷運站也不算遠。從旅館走到大稻埕碼頭只需20分鐘，很適合機動力強的旅遊人士。」 | 「員工很親切的幫助我」 | 「地點非常方便，若是自己開車來台北的朋友們」,萬華區,台北萬華區武昌街二段106號,25.04505473303145,121.505094319582,標準房,4158,3,#RD42550907,https://www.booking.com/hotel/tw/beauty-hotels-taipei-b6.zh-tw.html,3
台北俞美精品飯店,7.7,禁菸客房、免費無線網路、機場接駁車、家庭房、24 小時接待櫃檯、洗衣、電梯、行李寄存、每日清潔服務、暖氣,「地點很優，靠近最繁華的街道離捷運站也不算遠。從旅館走到大稻埕碼頭只需20分鐘，很適合機動力強的旅遊人士。」 | 「員工很親切的幫助我」 | 「地點非常方便，若是自己開車來台北的朋友們」,萬華區,台北萬華區武昌街二段106號,25.04505473303145,121.505094319582,標準房,3696,2,#RD42550902,https://www.booking.com/hotel/tw/beauty-hotels-taipei-b6.zh-tw.html,3
台北俞美精品飯店,7.7,禁菸客房、免費無線網路、機場接駁車、家庭房、24 小時接待櫃檯、洗衣、電梯、行李寄存、每日清潔服務、暖氣,「地點很優，靠近最繁華的街道離捷運站也不算遠。從旅館走到大稻埕碼頭只需20分鐘，很適合機動力強的旅遊人士。」 | 「員工很親切的幫助我」 | 「地點非常方便，若是自己開車來台北的朋友們」,萬華區,台北萬華區武昌街二段106號,25.04505473303145,121.505094319582,標準房,3696,2,#RD42550905,https://www.booking.com/hotel/tw/beauty-hotels-taipei-b6.zh-tw.html,3
台北俞美精品飯店,7.7,禁菸客房、免費無線網路、機場接駁車、家庭房、24 小時接待櫃檯、洗衣、電梯、行李寄存、每日清潔服務、暖氣,「地點很優，靠近最繁華的街道離捷運站也不算遠。從旅館走到大稻埕碼頭只需20分鐘，很適合機動力強的旅遊人士。」 | 「員工很親切的幫助我」 | 「地點非常方便，若是自己開車來台北的朋友們」,萬華區,台北萬華區武昌街二段106號,25.04505473303145,121.505094319582,標準房,3511,2,#RD42550904,https://www.booking.com/hotel/tw/beauty-hotels-taipei-b6.zh-tw.html,3
雀客旅館台北內湖,7.9,禁菸客房、免費無線網路、機場接駁車、家庭房、電梯、行李寄存,「雙人房，兩張床。房間很大，很乾淨。 CP值很高。」 | 「樓下超市超商」 | 「房間蠻大的，行李箱完全攤開可以。還有大書桌。」,內湖區,台北內湖區民權東路六段123巷34弄1號,25.07048827399045,121.59281730651855,標準房,5683,4,#RD62689509,https://www.booking.com/hotel/tw/hotel-june.zh-tw.html,4
雀客旅館台北內湖,7.9,禁菸客房、免費無線網路、機場接駁車、家庭房、電梯、行李寄存,「雙人房，兩張床。房間很大，很乾淨。 CP值很高。」 | 「樓下超市超商」 | 「房間蠻大的，行李箱完全攤開可以。還有大書桌。」,內湖區,台北內湖區民權東路六段123巷34弄1號,25.07048827399045,121.59281730651855,標準房,5467,3,無,https://www.booking.com/hotel/tw/hotel-june.zh-tw.html,4
雀客旅館台北內湖,7.9,禁菸客房、免費無線網路、機場接駁車、家庭房、電梯、行李寄存,「雙人房，兩張床。房間很大，很乾淨。 CP值很高。」 | 「樓下超市超商」 | 「房間蠻大的，行李箱完全攤開可以。還有大書桌。」,內湖區,台北內湖區民權東路六段123巷34弄1號,25.07048827399045,121.59281730651855,標準房,3978,2,#RD62689501,https://www.booking.com/hotel/tw/hotel-june.zh-tw.html,4
雀客旅館台北內湖,7.9,禁菸客房、免費無線網路、機場接駁車、家庭房、電梯、行李寄存,「雙人房，兩張床。房間很大，很乾淨。 CP值很高。」 | 「樓下超市超商」 | 「房間蠻大的，行李箱完全攤開可以。還有大書桌。」,內湖區,台北內湖區民權東路六段123巷34弄1號,25.07048827399045,121.59281730651855,標準房,4206,2,#RD62689511,https://www.booking.com/hotel/tw/hotel-june.zh-tw.html,4
雀客旅館台北內湖,7.9,禁菸客房、免費無線網路、機場接駁車、家庭房、電梯、行李寄存,「雙人房，兩張床。房間很大，很乾淨。 CP值很高。」 | 「樓下超市超商」 | 「房間蠻大的，行李箱完全攤開可以。還有大書桌。」,內湖區,台北內湖區民權東路六段123巷34弄1號,25.07048827399045,121.59281730651855,標準房,4097,1,無,https://www.booking.com/hotel/tw/hotel-june.zh-tw.html,4
雀客旅館台北內湖,7.9,禁菸客房、免費無線網路、機場接駁車、家庭房、電梯、行李寄存,「雙人房，兩張床。房間很大，很乾淨。 CP值很高。」 | 「樓下超市超商」 | 「房間蠻大的，行李箱完全攤開可以。還有大書桌。」,內湖區,台北內湖區民權東路六段123巷34弄1號,25.07048827399045,121.59281730651855,標準房,5057,2,#RD62689506,https://www.booking.com/hotel/tw/hotel-june.zh-tw.html,4
東皇渡假旅店,7.2,禁菸客房、免費無線網路、家庭房、24 小時接待櫃檯、溫泉浴、電梯、行李寄存、早餐評價還不錯,無,北投區,台北北投區溫泉路108號,25.13605971058014,121.51070442789204,標準房,4532,4,#RD177375911,https://www.booking.com/hotel/tw/dong-huang-du-jia-lu-dian.zh-tw.html,2
東皇渡假旅店,7.2,禁菸客房、免費無線網路、家庭房、24 小時接待櫃檯、溫泉浴、電梯、行李寄存、早餐評價還不錯,無,北投區,台北北投區溫泉路108號,25.13605971058014,121.51070442789204,標準房,4662,4,無,https://www.booking.com/hotel/tw/dong-huang-du-jia-lu-dian.zh-tw.html,2
東皇渡假旅店,7.2,禁菸客房、免費無線網路、家庭房、24 小時接待櫃檯、溫泉浴、電梯、行李寄存、早餐評價還不錯,無,北投區,台北北投區溫泉路108號,25.13605971058014,121.51070442789204,標準房,3848,3,#RD177375901,https://www.booking.com/hotel/tw/dong-huang-du-jia-lu-dian.zh-tw.html,2
東皇渡假旅店,7.2,禁菸客房、免費無線網路、家庭房、24 小時接待櫃檯、溫泉浴、電梯、行李寄存、早餐評價還不錯,無,北投區,台北北投區溫泉路108號,25.13605971058014,121.51070442789204,標準房,3969,3,無,https://www.booking.com/hotel/tw/dong-huang-du-jia-lu-dian.zh-tw.html,2
東皇渡假旅店,7.2,禁菸客房、免費無線網路、家庭房、24 小時接待櫃檯、溫泉浴、電梯、行李寄存、早餐評價還不錯,無,北投區,台北北投區溫泉路108號,25.13605971058014,121.51070442789204,標準房,3848,3,#RD177375909,https://www.booking.com/hotel/tw/dong-huang-du-jia-lu-dian.zh-tw.html,2
東皇渡假旅店,7.2,禁菸客房、免費無線網路、家庭房、24 小時接待櫃檯、溫泉浴、電梯、行李寄存、早餐評價還不錯,無,北投區,台北北投區溫泉路108號,25.13605971058014,121.51070442789204,標準房,2822,2,#RD177375905,https://www.booking.com/hotel/tw/dong-huang-du-jia-lu-dian.zh-tw.html,2
東皇渡假旅店,7.2,禁菸客房、免費無線網路、家庭房、24 小時接待櫃檯、溫泉浴、電梯、行李寄存、早餐評價還不錯,無,北投區,台北北投區溫泉路108號,25.13605971058014,121.51070442789204,標準房,2916,2,無,https://www.booking.com/hotel/tw/dong-huang-du-jia-lu-dian.zh-tw.html,2
甄美精品旅店,7.2,禁菸客房、免費無線網路、家庭房、電梯、每日清潔服務,無,中山區,台北中山區林森北路259巷9號2F,25.054331675436934,121.52626046910882,標準房,4519,4,#RD106363412,https://www.booking.com/hotel/tw/beauty-hotels-taipei-bfun.zh-tw.html,3
甄美精品旅店,7.2,禁菸客房、免費無線網路、家庭房、電梯、每日清潔服務,無,中山區,台北中山區林森北路259巷9號2F,25.054331675436934,121.52626046910882,標準房,5286,4,#RD106363404,https://www.booking.com/hotel/tw/beauty-hotels-taipei-bfun.zh-tw.html,3
甄美精品旅店,7.2,禁菸客房、免費無線網路、家庭房、電梯、每日清潔服務,無,中山區,台北中山區林森北路259巷9號2F,25.054331675436934,121.52626046910882,標準房,4115,3,#RD106363411,https://www.booking.com/hotel/tw/beauty-hotels-taipei-bfun.zh-tw.html,3
甄美精品旅店,7.2,禁菸客房、免費無線網路、家庭房、電梯、每日清潔服務,無,中山區,台北中山區林森北路259巷9號2F,25.054331675436934,121.52626046910882,標準房,4639,3,#RD106363403,https://www.booking.com/hotel/tw/beauty-hotels-taipei-bfun.zh-tw.html,3
甄美精品旅店,7.2,禁菸客房、免費無線網路、家庭房、電梯、每日清潔服務,無,中山區,台北中山區林森北路259巷9號2F,25.054331675436934,121.52626046910882,標準房,3557,2,#RD106363409,https://www.booking.com/hotel/tw/beauty-hotels-taipei-bfun.zh-tw.html,3
甄美精品旅店,7.2,禁菸客房、免費無線網路、家庭房、電梯、每日清潔服務,無,中山區,台北中山區林森北路259巷9號2F,25.054331675436934,121.52626046910882,標準房,3654,2,#RD106363410,https://www.booking.com/hotel/tw/beauty-hotels-taipei-bfun.zh-tw.html,3
甄美精品旅店,7.2,禁菸客房、免費無線網路、家庭房、電梯、每日清潔服務,無,中山區,台北中山區林森北路259巷9號2F,25.054331675436934,121.52626046910882,標準房,3811,2,#RD106363406,https://www.booking.com/hotel/tw/beauty-hotels-taipei-bfun.zh-tw.html,3
甄美精品旅店,7.2,禁菸客房、免費無線網路、家庭房、電梯、每日清潔服務,無,中山區,台北中山區林森北路259巷9號2F,25.054331675436934,121.52626046910882,標準房,4046,2,#RD106363407,https://www.booking.com/hotel/tw/beauty-hotels-taipei-bfun.zh-tw.html,3
柜富賓王旅店-台北館 Giant Rich King Plaza Hotel,7.5,禁菸客房、免費無線網路、機場接駁車、家庭房、24 小時接待櫃檯、洗衣、電梯、行李寄存、每日清潔服務,無,大同區,台北大同區3F,25.054068541551057,121.51304304599762,標準房,3400,4,#RD43842104,https://www.booking.com/hotel/tw/kingplazahotel.zh-tw.html,3
柜富賓王旅店-台北館 Giant Rich King Plaza Hotel,7.5,禁菸客房、免費無線網路、機場接駁車、家庭房、24 小時接待櫃檯、洗衣、電梯、行李寄存、每日清潔服務,無,大同區,台北大同區3F,25.054068541551057,121.51304304599762,標準房,2975,3,#RD43842105,https://www.booking.com/hotel/tw/kingplazahotel.zh-tw.html,3
柜富賓王旅店-台北館 Giant Rich King Plaza Hotel,7.5,禁菸客房、免費無線網路、機場接駁車、家庭房、24 小時接待櫃檯、洗衣、電梯、行李寄存、每日清潔服務,無,大同區,台北大同區3F,25.054068541551057,121.51304304599762,標準房,2465,2,#RD43842101,https://www.booking.com/hotel/tw/kingplazahotel.zh-tw.html,3
欣欣旅店,7.7,禁菸客房、免費無線網路、機場接駁車、家庭房、電梯、行李寄存、每日清潔服務、暖氣,「住的很舒服也很乾淨很好的體會」 | 「乾淨 整潔」 | 「地點太棒了。 工作人員很友善，而且會說英語。 房間沒什麼特別之處，但價格便宜，就我們支付的價格來說非常划算。」,萬華區,台北萬華區4F,25.047055833885004,121.50586545467377,標準房,4500,4,#RD46897904,https://www.booking.com/hotel/tw/shinshinhotel.zh-tw.html,3
欣欣旅店,7.7,禁菸客房、免費無線網路、機場接駁車、家庭房、電梯、行李寄存、每日清潔服務、暖氣,「住的很舒服也很乾淨很好的體會」 | 「乾淨 整潔」 | 「地點太棒了。 工作人員很友善，而且會說英語。 房間沒什麼特別之處，但價格便宜，就我們支付的價格來說非常划算。」,萬華區,台北萬華區4F,25.047055833885004,121.50586545467377,標準房,3200,2,#RD46897901,https://www.booking.com/hotel/tw/shinshinhotel.zh-tw.html,3
芝山璞旅,8.2,禁菸客房、免費無線網路、免費停車、機場接駁車、24 小時接待櫃檯、電梯、行李寄存、每日清潔服務,「離捷運站很近，附近很多吃的，旁邊有個小公園，巷弄裡面滿安靜的。 房間整潔乾淨，空間很大，櫃檯服務人員親切有禮，整體住起來很舒服愉快。」 | 「睡到中午也很安靜」 | 「地點，房間乾淨」,士林區,台北士林區福國路106號,25.1023404533924,121.52163594725609,標準房,6138,4,#RD902726212,https://www.booking.com/hotel/tw/zhi-shan-pu-lu.zh-tw.html,4
芝山璞旅,8.2,禁菸客房、免費無線網路、免費停車、機場接駁車、24 小時接待櫃檯、電梯、行李寄存、每日清潔服務,「離捷運站很近，附近很多吃的，旁邊有個小公園，巷弄裡面滿安靜的。 房間整潔乾淨，空間很大，櫃檯服務人員親切有禮，整體住起來很舒服愉快。」 | 「睡到中午也很安靜」 | 「地點，房間乾淨」,士林區,台北士林區福國路106號,25.1023404533924,121.52163594725609,標準房,3795,2,#RD902726209,https://www.booking.com/hotel/tw/zhi-shan-pu-lu.zh-tw.html,4
芝山璞旅,8.2,禁菸客房、免費無線網路、免費停車、機場接駁車、24 小時接待櫃檯、電梯、行李寄存、每日清潔服務,「離捷運站很近，附近很多吃的，旁邊有個小公園，巷弄裡面滿安靜的。 房間整潔乾淨，空間很大，櫃檯服務人員親切有禮，整體住起來很舒服愉快。」 | 「睡到中午也很安靜」 | 「地點，房間乾淨」,士林區,台北士林區福國路106號,25.1023404533924,121.52163594725609,標準房,3960,2,#RD902726210,https://www.booking.com/hotel/tw/zhi-shan-pu-lu.zh-tw.html,4
芝山璞旅,8.2,禁菸客房、免費無線網路、免費停車、機場接駁車、24 小時接待櫃檯、電梯、行李寄存、每日清潔服務,「離捷運站很近，附近很多吃的，旁邊有個小公園，巷弄裡面滿安靜的。 房間整潔乾淨，空間很大，櫃檯服務人員親切有禮，整體住起來很舒服愉快。」 | 「睡到中午也很安靜」 | 「地點，房間乾淨」,士林區,台北士林區福國路106號,25.1023404533924,121.52163594725609,標準房,4400,2,#RD902726211,https://www.booking.com/hotel/tw/zhi-shan-pu-lu.zh-tw.html,4
台北亞都麗緻大飯店,8.8,禁菸客房、健身中心、免費無線網路、客房服務、免費停車、3 間餐廳、酒吧、早餐評價很好,「完美的住宿體驗」 | 「服務及環境」 | 「早餐蠻好吃的，飯店雖然不是很新，但維護得蠻好的，住起來很舒適」,中山區,台北中山區民權東路二段,25.062737890230387,121.52990877628326,標準房,10941,4,#RD24067822,https://www.booking.com/hotel/tw/the-landis-taipei.zh-tw.html,5
台北亞都麗緻大飯店,8.8,禁菸客房、健身中心、免費無線網路、客房服務、免費停車、3 間餐廳、酒吧、早餐評價很好,「完美的住宿體驗」 | 「服務及環境」 | 「早餐蠻好吃的，飯店雖然不是很新，但維護得蠻好的，住起來很舒適」,中山區,台北中山區民權東路二段,25.062737890230387,121.52990877628326,標準房,13658,4,無,https://www.booking.com/hotel/tw/the-landis-taipei.zh-tw.html,5
台北亞都麗緻大飯店,8.8,禁菸客房、健身中心、免費無線網路、客房服務、免費停車、3 間餐廳、酒吧、早餐評價很好,「完美的住宿體驗」 | 「服務及環境」 | 「早餐蠻好吃的，飯店雖然不是很新，但維護得蠻好的，住起來很舒適」,中山區,台北中山區民權東路二段,25.062737890230387,121.52990877628326,標準房,7139,2,#RD24067801,https://www.booking.com/hotel/tw/the-landis-taipei.zh-tw.html,5
台北亞都麗緻大飯店,8.8,禁菸客房、健身中心、免費無線網路、客房服務、免費停車、3 間餐廳、酒吧、早餐評價很好,「完美的住宿體驗」 | 「服務及環境」 | 「早餐蠻好吃的，飯店雖然不是很新，但維護得蠻好的，住起來很舒適」,中山區,台北中山區民權東路二段,25.062737890230387,121.52990877628326,標準房,8574,2,無,https://www.booking.com/hotel/tw/the-landis-taipei.zh-tw.html,5
台北亞都麗緻大飯店,8.8,禁菸客房、健身中心、免費無線網路、客房服務、免費停車、3 間餐廳、酒吧、早餐評價很好,「完美的住宿體驗」 | 「服務及環境」 | 「早餐蠻好吃的，飯店雖然不是很新，但維護得蠻好的，住起來很舒適」,中山區,台北中山區民權東路二段,25.062737890230387,121.52990877628326,標準房,7887,1,無,https://www.booking.com/hotel/tw/the-landis-taipei.zh-tw.html,5
台北亞都麗緻大飯店,8.8,禁菸客房、健身中心、免費無線網路、客房服務、免費停車、3 間餐廳、酒吧、早餐評價很好,「完美的住宿體驗」 | 「服務及環境」 | 「早餐蠻好吃的，飯店雖然不是很新，但維護得蠻好的，住起來很舒適」,中山區,台北中山區民權東路二段,25.062737890230387,121.52990877628326,標準房,8543,2,#RD24067802,https://www.booking.com/hotel/tw/the-landis-taipei.zh-tw.html,5
台北亞都麗緻大飯店,8.8,禁菸客房、健身中心、免費無線網路、客房服務、免費停車、3 間餐廳、酒吧、早餐評價很好,「完美的住宿體驗」 | 「服務及環境」 | 「早餐蠻好吃的，飯店雖然不是很新，但維護得蠻好的，住起來很舒適」,中山區,台北中山區民權東路二段,25.062737890230387,121.52990877628326,標準房,9978,2,無,https://www.booking.com/hotel/tw/the-landis-taipei.zh-tw.html,5
台北亞都麗緻大飯店,8.8,禁菸客房、健身中心、免費無線網路、客房服務、免費停車、3 間餐廳、酒吧、早餐評價很好,「完美的住宿體驗」 | 「服務及環境」 | 「早餐蠻好吃的，飯店雖然不是很新，但維護得蠻好的，住起來很舒適」,中山區,台北中山區民權東路二段,25.062737890230387,121.52990877628326,標準房,9291,1,無,https://www.booking.com/hotel/tw/the-landis-taipei.zh-tw.html,5
台北亞都麗緻大飯店,8.8,禁菸客房、健身中心、免費無線網路、客房服務、免費停車、3 間餐廳、酒吧、早餐評價很好,「完美的住宿體驗」 | 「服務及環境」 | 「早餐蠻好吃的，飯店雖然不是很新，但維護得蠻好的，住起來很舒適」,中山區,台北中山區民權東路二段,25.062737890230387,121.52990877628326,標準房,9151,2,#RD24067805,https://www.booking.com/hotel/tw/the-landis-taipei.zh-tw.html,5
台北亞都麗緻大飯店,8.8,禁菸客房、健身中心、免費無線網路、客房服務、免費停車、3 間餐廳、酒吧、早餐評價很好,「完美的住宿體驗」 | 「服務及環境」 | 「早餐蠻好吃的，飯店雖然不是很新，但維護得蠻好的，住起來很舒適」,中山區,台北中山區民權東路二段,25.062737890230387,121.52990877628326,標準房,10586,2,無,https://www.booking.com/hotel/tw/the-landis-taipei.zh-tw.html,5
台北亞都麗緻大飯店,8.8,禁菸客房、健身中心、免費無線網路、客房服務、免費停車、3 間餐廳、酒吧、早餐評價很好,「完美的住宿體驗」 | 「服務及環境」 | 「早餐蠻好吃的，飯店雖然不是很新，但維護得蠻好的，住起來很舒適」,中山區,台北中山區民權東路二段,25.062737890230387,121.52990877628326,標準房,9900,1,無,https://www.booking.com/hotel/tw/the-landis-taipei.zh-tw.html,5
台北亞都麗緻大飯店,8.8,禁菸客房、健身中心、免費無線網路、客房服務、免費停車、3 間餐廳、酒吧、早餐評價很好,「完美的住宿體驗」 | 「服務及環境」 | 「早餐蠻好吃的，飯店雖然不是很新，但維護得蠻好的，住起來很舒適」,中山區,台北中山區民權東路二段,25.062737890230387,121.52990877628326,標準房,9947,2,#RD24067803,https://www.booking.com/hotel/tw/the-landis-taipei.zh-tw.html,5
台北亞都麗緻大飯店,8.8,禁菸客房、健身中心、免費無線網路、客房服務、免費停車、3 間餐廳、酒吧、早餐評價很好,「完美的住宿體驗」 | 「服務及環境」 | 「早餐蠻好吃的，飯店雖然不是很新，但維護得蠻好的，住起來很舒適」,中山區,台北中山區民權東路二段,25.062737890230387,121.52990877628326,標準房,11382,2,無,https://www.booking.com/hotel/tw/the-landis-taipei.zh-tw.html,5
台北亞都麗緻大飯店,8.8,禁菸客房、健身中心、免費無線網路、客房服務、免費停車、3 間餐廳、酒吧、早餐評價很好,「完美的住宿體驗」 | 「服務及環境」 | 「早餐蠻好吃的，飯店雖然不是很新，但維護得蠻好的，住起來很舒適」,中山區,台北中山區民權東路二段,25.062737890230387,121.52990877628326,標準房,10695,1,無,https://www.booking.com/hotel/tw/the-landis-taipei.zh-tw.html,5
西門町古奈堡旅店,8.0,免費無線網路、家庭房、24 小時接待櫃檯、洗衣、電梯、行李寄存、每日清潔服務,「雖老舊但大致整潔的房間，位於西門徒步區巷子裡，CP很高 隔間牆敲起來都是實心水泥所以隔音還不錯，除非有人剛好在門外講話不然沒聽到什麼噪音👍🏼」 | 「1、離西門町鬧區近但又很安靜。 2、吹風機是一般家用式，而不是壁掛式的，不用吹到手指按得痠得要命。」 | 「闆哥-闆娘親切！吃喝方便！」,萬華區,台北萬華區成都路27巷10號5樓,25.043172267109387,121.50680311018732,標準房,4800,4,#RD62853704,https://www.booking.com/hotel/tw/good-9-stay-hotel-taipei.zh-tw.html,3
金弘旅店,7.8,禁菸客房、免費無線網路、客房服務、家庭房、24 小時接待櫃檯、電梯、行李寄存、每日清潔服務,「地點很棒，價錢便宜」 | 「生活機能好，樓下是小7，過馬路是全聯跟全家，附近還有星巴克跟路易莎，步行約10分鐘可以到捷運站跟新光三越。 喔，對了，要記得不能使用國旅卡，只有機場接送可以代叫計程車，自己在房間叫車(我是用uber)兩分鐘內車可以到，太快了太好叫車，不要太早叫車，收好行李後再叫！」 | 「櫃檯人員非常親切，CP值蠻高的」,大同區,台北大同區南京西路316號4樓,25.053912459678536,121.51299830136644,標準房,4516,4,#RD156699504,https://www.booking.com/hotel/tw/jin-hong-lu-dian.zh-tw.html,3
金弘旅店,7.8,禁菸客房、免費無線網路、客房服務、家庭房、24 小時接待櫃檯、電梯、行李寄存、每日清潔服務,「地點很棒，價錢便宜」 | 「生活機能好，樓下是小7，過馬路是全聯跟全家，附近還有星巴克跟路易莎，步行約10分鐘可以到捷運站跟新光三越。 喔，對了，要記得不能使用國旅卡，只有機場接送可以代叫計程車，自己在房間叫車(我是用uber)兩分鐘內車可以到，太快了太好叫車，不要太早叫車，收好行李後再叫！」 | 「櫃檯人員非常親切，CP值蠻高的」,大同區,台北大同區南京西路316號4樓,25.053912459678536,121.51299830136644,標準房,4443,3,無,https://www.booking.com/hotel/tw/jin-hong-lu-dian.zh-tw.html,3
金弘旅店,7.8,禁菸客房、免費無線網路、客房服務、家庭房、24 小時接待櫃檯、電梯、行李寄存、每日清潔服務,「地點很棒，價錢便宜」 | 「生活機能好，樓下是小7，過馬路是全聯跟全家，附近還有星巴克跟路易莎，步行約10分鐘可以到捷運站跟新光三越。 喔，對了，要記得不能使用國旅卡，只有機場接送可以代叫計程車，自己在房間叫車(我是用uber)兩分鐘內車可以到，太快了太好叫車，不要太早叫車，收好行李後再叫！」 | 「櫃檯人員非常親切，CP值蠻高的」,大同區,台北大同區南京西路316號4樓,25.053912459678536,121.51299830136644,標準房,4371,2,無,https://www.booking.com/hotel/tw/jin-hong-lu-dian.zh-tw.html,3
金弘旅店,7.8,禁菸客房、免費無線網路、客房服務、家庭房、24 小時接待櫃檯、電梯、行李寄存、每日清潔服務,「地點很棒，價錢便宜」 | 「生活機能好，樓下是小7，過馬路是全聯跟全家，附近還有星巴克跟路易莎，步行約10分鐘可以到捷運站跟新光三越。 喔，對了，要記得不能使用國旅卡，只有機場接送可以代叫計程車，自己在房間叫車(我是用uber)兩分鐘內車可以到，太快了太好叫車，不要太早叫車，收好行李後再叫！」 | 「櫃檯人員非常親切，CP值蠻高的」,大同區,台北大同區南京西路316號4樓,25.053912459678536,121.51299830136644,標準房,3893,3,#RD156699510,https://www.booking.com/hotel/tw/jin-hong-lu-dian.zh-tw.html,3
金弘旅店,7.8,禁菸客房、免費無線網路、客房服務、家庭房、24 小時接待櫃檯、電梯、行李寄存、每日清潔服務,「地點很棒，價錢便宜」 | 「生活機能好，樓下是小7，過馬路是全聯跟全家，附近還有星巴克跟路易莎，步行約10分鐘可以到捷運站跟新光三越。 喔，對了，要記得不能使用國旅卡，只有機場接送可以代叫計程車，自己在房間叫車(我是用uber)兩分鐘內車可以到，太快了太好叫車，不要太早叫車，收好行李後再叫！」 | 「櫃檯人員非常親切，CP值蠻高的」,大同區,台北大同區南京西路316號4樓,25.053912459678536,121.51299830136644,標準房,3516,2,#RD156699501,https://www.booking.com/hotel/tw/jin-hong-lu-dian.zh-tw.html,3
新凱商務飯店,8.3,禁菸客房、免費無線網路、24 小時接待櫃檯、電梯、行李寄存、每日清潔服務,「離捷運站不遠，樓下也有公車站牌，很方便，房間算大間又有大片窗戶可以看市景，大廳有咖啡機隨時想要喝咖啡都可以使用。白天櫃檯小姐看到有人進出都會打招呼很棒。」 | 「熱水很熱，水壓夠大 有免治馬桶 插座夠多」 | 「附近有超市非常方便」,中山區,台北中山區新生北路3段76之1號,25.0665071,121.52737430000002,標準房,5580,4,#RD131597907,https://www.booking.com/hotel/tw/tai-bei-xin-kai-shang-wu-fan-dian.zh-tw.html,3
新凱商務飯店,8.3,禁菸客房、免費無線網路、24 小時接待櫃檯、電梯、行李寄存、每日清潔服務,「離捷運站不遠，樓下也有公車站牌，很方便，房間算大間又有大片窗戶可以看市景，大廳有咖啡機隨時想要喝咖啡都可以使用。白天櫃檯小姐看到有人進出都會打招呼很棒。」 | 「熱水很熱，水壓夠大 有免治馬桶 插座夠多」 | 「附近有超市非常方便」,中山區,台北中山區新生北路3段76之1號,25.0665071,121.52737430000002,標準房,3380,2,#RD131597908,https://www.booking.com/hotel/tw/tai-bei-xin-kai-shang-wu-fan-dian.zh-tw.html,3
Oani,9.3,禁菸客房、免費無線網路、家庭房、24 小時接待櫃檯、洗衣、電梯、行李寄存、每日清潔服務,「設計風格很新穎漂亮～飯店主題性很好，晚上下午都有免費的點心可以吃超讚！然後共用淋浴間也維護的很好」 | 「共享空間提供冰棒，甜點，啤酒窩心！期待冬天來時，有另外的驚喜！」 | 「設備乾淨整潔，也沒有太多使用痕跡，整體空間明亮寬敞，樓下的休憩區非常舒適」,中正區,台北中正區寶慶路69號,25.0419599,121.5090261,標準房,12000,4,#RD1444820804,https://www.booking.com/hotel/tw/oasis.zh-tw.html,4
Oani,9.3,禁菸客房、免費無線網路、家庭房、24 小時接待櫃檯、洗衣、電梯、行李寄存、每日清潔服務,「設計風格很新穎漂亮～飯店主題性很好，晚上下午都有免費的點心可以吃超讚！然後共用淋浴間也維護的很好」 | 「共享空間提供冰棒，甜點，啤酒窩心！期待冬天來時，有另外的驚喜！」 | 「設備乾淨整潔，也沒有太多使用痕跡，整體空間明亮寬敞，樓下的休憩區非常舒適」,中正區,台北中正區寶慶路69號,25.0419599,121.5090261,標準房,2400,1,#RD1444820805,https://www.booking.com/hotel/tw/oasis.zh-tw.html,4
大地酒店,8.9,室外游泳池、禁菸客房、健身中心、免費無線網路、客房服務、免費停車、酒吧、早餐評價很好,「所有的一切都很令人滿意，床彈簧墊及枕頭睡得非常的舒服！ 服務也非常到位，早餐很好吃 一切都很好」 | 「床很大很舒適好睡👍」 | 「服務很貼心。早餐好好吃。又有畫展。主動告訴密道往山下。」,北投區,台北北投區奇岩路一號,25.134659,121.50719700000002,標準房,19588,4,#RD101581209,https://www.booking.com/hotel/tw/the-gaia-hotel.zh-tw.html,5
大地酒店,8.9,室外游泳池、禁菸客房、健身中心、免費無線網路、客房服務、免費停車、酒吧、早餐評價很好,「所有的一切都很令人滿意，床彈簧墊及枕頭睡得非常的舒服！ 服務也非常到位，早餐很好吃 一切都很好」 | 「床很大很舒適好睡👍」 | 「服務很貼心。早餐好好吃。又有畫展。主動告訴密道往山下。」,北投區,台北北投區奇岩路一號,25.134659,121.50719700000002,標準房,26388,4,無,https://www.booking.com/hotel/tw/the-gaia-hotel.zh-tw.html,5
大地酒店,8.9,室外游泳池、禁菸客房、健身中心、免費無線網路、客房服務、免費停車、酒吧、早餐評價很好,「所有的一切都很令人滿意，床彈簧墊及枕頭睡得非常的舒服！ 服務也非常到位，早餐很好吃 一切都很好」 | 「床很大很舒適好睡👍」 | 「服務很貼心。早餐好好吃。又有畫展。主動告訴密道往山下。」,北投區,台北北投區奇岩路一號,25.134659,121.50719700000002,標準房,15188,3,#RD101581208,https://www.booking.com/hotel/tw/the-gaia-hotel.zh-tw.html,5
大地酒店,8.9,室外游泳池、禁菸客房、健身中心、免費無線網路、客房服務、免費停車、酒吧、早餐評價很好,「所有的一切都很令人滿意，床彈簧墊及枕頭睡得非常的舒服！ 服務也非常到位，早餐很好吃 一切都很好」 | 「床很大很舒適好睡👍」 | 「服務很貼心。早餐好好吃。又有畫展。主動告訴密道往山下。」,北投區,台北北投區奇岩路一號,25.134659,121.50719700000002,標準房,18888,3,無,https://www.booking.com/hotel/tw/the-gaia-hotel.zh-tw.html,5
大地酒店,8.9,室外游泳池、禁菸客房、健身中心、免費無線網路、客房服務、免費停車、酒吧、早餐評價很好,「所有的一切都很令人滿意，床彈簧墊及枕頭睡得非常的舒服！ 服務也非常到位，早餐很好吃 一切都很好」 | 「床很大很舒適好睡👍」 | 「服務很貼心。早餐好好吃。又有畫展。主動告訴密道往山下。」,北投區,台北北投區奇岩路一號,25.134659,121.50719700000002,標準房,15188,3,#RD101581213,https://www.booking.com/hotel/tw/the-gaia-hotel.zh-tw.html,5
大地酒店,8.9,室外游泳池、禁菸客房、健身中心、免費無線網路、客房服務、免費停車、酒吧、早餐評價很好,「所有的一切都很令人滿意，床彈簧墊及枕頭睡得非常的舒服！ 服務也非常到位，早餐很好吃 一切都很好」 | 「床很大很舒適好睡👍」 | 「服務很貼心。早餐好好吃。又有畫展。主動告訴密道往山下。」,北投區,台北北投區奇岩路一號,25.134659,121.50719700000002,標準房,12088,2,#RD101581202,https://www.booking.com/hotel/tw/the-gaia-hotel.zh-tw.html,5
大地酒店,8.9,室外游泳池、禁菸客房、健身中心、免費無線網路、客房服務、免費停車、酒吧、早餐評價很好,「所有的一切都很令人滿意，床彈簧墊及枕頭睡得非常的舒服！ 服務也非常到位，早餐很好吃 一切都很好」 | 「床很大很舒適好睡👍」 | 「服務很貼心。早餐好好吃。又有畫展。主動告訴密道往山下。」,北投區,台北北投區奇岩路一號,25.134659,121.50719700000002,標準房,14588,2,無,https://www.booking.com/hotel/tw/the-gaia-hotel.zh-tw.html,5
大地酒店,8.9,室外游泳池、禁菸客房、健身中心、免費無線網路、客房服務、免費停車、酒吧、早餐評價很好,「所有的一切都很令人滿意，床彈簧墊及枕頭睡得非常的舒服！ 服務也非常到位，早餐很好吃 一切都很好」 | 「床很大很舒適好睡👍」 | 「服務很貼心。早餐好好吃。又有畫展。主動告訴密道往山下。」,北投區,台北北投區奇岩路一號,25.134659,121.50719700000002,標準房,15888,2,#RD101581204,https://www.booking.com/hotel/tw/the-gaia-hotel.zh-tw.html,5
大地酒店,8.9,室外游泳池、禁菸客房、健身中心、免費無線網路、客房服務、免費停車、酒吧、早餐評價很好,「所有的一切都很令人滿意，床彈簧墊及枕頭睡得非常的舒服！ 服務也非常到位，早餐很好吃 一切都很好」 | 「床很大很舒適好睡👍」 | 「服務很貼心。早餐好好吃。又有畫展。主動告訴密道往山下。」,北投區,台北北投區奇岩路一號,25.134659,121.50719700000002,標準房,20388,2,無,https://www.booking.com/hotel/tw/the-gaia-hotel.zh-tw.html,5
大地酒店,8.9,室外游泳池、禁菸客房、健身中心、免費無線網路、客房服務、免費停車、酒吧、早餐評價很好,「所有的一切都很令人滿意，床彈簧墊及枕頭睡得非常的舒服！ 服務也非常到位，早餐很好吃 一切都很好」 | 「床很大很舒適好睡👍」 | 「服務很貼心。早餐好好吃。又有畫展。主動告訴密道往山下。」,北投區,台北北投區奇岩路一號,25.134659,121.50719700000002,標準房,55888,2,#RD101581205,https://www.booking.com/hotel/tw/the-gaia-hotel.zh-tw.html,5
艾特文旅西門町,8.6,禁菸客房、健身中心、免費無線網路、機場接駁車、家庭房、24 小時接待櫃檯、洗衣、電梯、行李寄存,「通風不錯。」 | 「服務人員很親切，環境很乾淨也很香 辛苦您們了❤️」 | 「地點方便」,萬華區,台北萬華區武昌街二段124-2號4樓,25.045428157392504,121.5036667138338,標準房,7623,4,#RD130320116,https://www.booking.com/hotel/tw/art-39-otel.zh-tw.html,3
艾特文旅西門町,8.6,禁菸客房、健身中心、免費無線網路、機場接駁車、家庭房、24 小時接待櫃檯、洗衣、電梯、行李寄存,「通風不錯。」 | 「服務人員很親切，環境很乾淨也很香 辛苦您們了❤️」 | 「地點方便」,萬華區,台北萬華區武昌街二段124-2號4樓,25.045428157392504,121.5036667138338,標準房,26920,2,#RD130320115,https://www.booking.com/hotel/tw/art-39-otel.zh-tw.html,3
約克設計旅店,7.8,禁菸客房、免費無線網路、機場接駁車、家庭房、24 小時接待櫃檯、洗衣、電梯、行李寄存,「單人房就只有開關門的聲音明顯，隔壁講話聲音是聽不太到的，位置位於M6出口走沒多久就到了，附近很多商店和店家，方便」 | 「1.離北車很近，地點相當優良 2.附近有非常多吃得和早餐，超級優秀 3.廁所乾淨、乾濕分離、水壓很大很強 4.冷氣非常涼且穩定」 | 「之前就住過幾次覺得裡面環境不錯」,中正區,台北中正區南陽街13號4樓,25.044981,121.51617399999998,標準房,5670,4,#RD112190403,https://www.booking.com/hotel/tw/york-design-hotel.zh-tw.html,3
約克設計旅店,7.8,禁菸客房、免費無線網路、機場接駁車、家庭房、24 小時接待櫃檯、洗衣、電梯、行李寄存,「單人房就只有開關門的聲音明顯，隔壁講話聲音是聽不太到的，位置位於M6出口走沒多久就到了，附近很多商店和店家，方便」 | 「1.離北車很近，地點相當優良 2.附近有非常多吃得和早餐，超級優秀 3.廁所乾淨、乾濕分離、水壓很大很強 4.冷氣非常涼且穩定」 | 「之前就住過幾次覺得裡面環境不錯」,中正區,台北中正區南陽街13號4樓,25.044981,121.51617399999998,標準房,6300,4,無,https://www.booking.com/hotel/tw/york-design-hotel.zh-tw.html,3
約克設計旅店,7.8,禁菸客房、免費無線網路、機場接駁車、家庭房、24 小時接待櫃檯、洗衣、電梯、行李寄存,「單人房就只有開關門的聲音明顯，隔壁講話聲音是聽不太到的，位置位於M6出口走沒多久就到了，附近很多商店和店家，方便」 | 「1.離北車很近，地點相當優良 2.附近有非常多吃得和早餐，超級優秀 3.廁所乾淨、乾濕分離、水壓很大很強 4.冷氣非常涼且穩定」 | 「之前就住過幾次覺得裡面環境不錯」,中正區,台北中正區南陽街13號4樓,25.044981,121.51617399999998,標準房,6480,4,#RD112190404,https://www.booking.com/hotel/tw/york-design-hotel.zh-tw.html,3
約克設計旅店,7.8,禁菸客房、免費無線網路、機場接駁車、家庭房、24 小時接待櫃檯、洗衣、電梯、行李寄存,「單人房就只有開關門的聲音明顯，隔壁講話聲音是聽不太到的，位置位於M6出口走沒多久就到了，附近很多商店和店家，方便」 | 「1.離北車很近，地點相當優良 2.附近有非常多吃得和早餐，超級優秀 3.廁所乾淨、乾濕分離、水壓很大很強 4.冷氣非常涼且穩定」 | 「之前就住過幾次覺得裡面環境不錯」,中正區,台北中正區南陽街13號4樓,25.044981,121.51617399999998,標準房,7200,4,無,https://www.booking.com/hotel/tw/york-design-hotel.zh-tw.html,3
承攜行旅台北重慶館,7.2,禁菸客房、免費無線網路、機場接駁車、家庭房、24 小時接待櫃檯、電梯、行李寄存,無,大同區,台北大同區重慶北路一段62號,25.051951576049543,121.51383697986594,標準房,7594,4,#RD61833521,https://www.booking.com/hotel/tw/fortune-haiyatt.zh-tw.html,4
承攜行旅台北重慶館,7.2,禁菸客房、免費無線網路、機場接駁車、家庭房、24 小時接待櫃檯、電梯、行李寄存,無,大同區,台北大同區重慶北路一段62號,25.051951576049543,121.51383697986594,標準房,8071,4,#RD61833529,https://www.booking.com/hotel/tw/fortune-haiyatt.zh-tw.html,4
承攜行旅台北重慶館,7.2,禁菸客房、免費無線網路、機場接駁車、家庭房、24 小時接待櫃檯、電梯、行李寄存,無,大同區,台北大同區重慶北路一段62號,25.051951576049543,121.51383697986594,標準房,7909,3,無,https://www.booking.com/hotel/tw/fortune-haiyatt.zh-tw.html,4
承攜行旅台北重慶館,7.2,禁菸客房、免費無線網路、機場接駁車、家庭房、24 小時接待櫃檯、電梯、行李寄存,無,大同區,台北大同區重慶北路一段62號,25.051951576049543,121.51383697986594,標準房,7854,2,無,https://www.booking.com/hotel/tw/fortune-haiyatt.zh-tw.html,4
承攜行旅台北重慶館,7.2,禁菸客房、免費無線網路、機場接駁車、家庭房、24 小時接待櫃檯、電梯、行李寄存,無,大同區,台北大同區重慶北路一段62號,25.051951576049543,121.51383697986594,標準房,5742,3,#RD61833518,https://www.booking.com/hotel/tw/fortune-haiyatt.zh-tw.html,4
承攜行旅台北重慶館,7.2,禁菸客房、免費無線網路、機場接駁車、家庭房、24 小時接待櫃檯、電梯、行李寄存,無,大同區,台北大同區重慶北路一段62號,25.051951576049543,121.51383697986594,標準房,5969,3,#RD61833511,https://www.booking.com/hotel/tw/fortune-haiyatt.zh-tw.html,4
承攜行旅台北重慶館,7.2,禁菸客房、免費無線網路、機場接駁車、家庭房、24 小時接待櫃檯、電梯、行李寄存,無,大同區,台北大同區重慶北路一段62號,25.051951576049543,121.51383697986594,標準房,6083,3,#RD61833520,https://www.booking.com/hotel/tw/fortune-haiyatt.zh-tw.html,4
承攜行旅台北重慶館,7.2,禁菸客房、免費無線網路、機場接駁車、家庭房、24 小時接待櫃檯、電梯、行李寄存,無,大同區,台北大同區重慶北路一段62號,25.051951576049543,121.51383697986594,標準房,5208,2,#RD61833519,https://www.booking.com/hotel/tw/fortune-haiyatt.zh-tw.html,4
承攜行旅台北重慶館,7.2,禁菸客房、免費無線網路、機場接駁車、家庭房、24 小時接待櫃檯、電梯、行李寄存,無,大同區,台北大同區重慶北路一段62號,25.051951576049543,121.51383697986594,標準房,8412,2,#RD61833516,https://www.booking.com/hotel/tw/fortune-haiyatt.zh-tw.html,4
OwlStay 故事所 夾腳拖的家花園,8.7,禁菸客房、免費無線網路、餐廳、露台、電梯、行李寄存、花園、早餐評價非常好,「地點靠近各大交通運輸，附的早餐券的早餐好吃 床鋪很舒服」 | 「環境優質」 | 「早餐好吃！地點很好，走路到迪化街、大稻埕、寧夏夜市、臺北車站、中山捷運商圈都很方便！」,大同區,台北大同區長安西路122號,25.0505395,121.518145,標準房,5279,4,#RD184360606,https://www.booking.com/hotel/tw/flopflophostel-garden.zh-tw.html,2
OwlStay 故事所 夾腳拖的家花園,8.7,禁菸客房、免費無線網路、餐廳、露台、電梯、行李寄存、花園、早餐評價非常好,「地點靠近各大交通運輸，附的早餐券的早餐好吃 床鋪很舒服」 | 「環境優質」 | 「早餐好吃！地點很好，走路到迪化街、大稻埕、寧夏夜市、臺北車站、中山捷運商圈都很方便！」,大同區,台北大同區長安西路122號,25.0505395,121.518145,標準房,4751,3,無,https://www.booking.com/hotel/tw/flopflophostel-garden.zh-tw.html,2
OwlStay 故事所 夾腳拖的家花園,8.7,禁菸客房、免費無線網路、餐廳、露台、電梯、行李寄存、花園、早餐評價非常好,「地點靠近各大交通運輸，附的早餐券的早餐好吃 床鋪很舒服」 | 「環境優質」 | 「早餐好吃！地點很好，走路到迪化街、大稻埕、寧夏夜市、臺北車站、中山捷運商圈都很方便！」,大同區,台北大同區長安西路122號,25.0505395,121.518145,標準房,4223,2,無,https://www.booking.com/hotel/tw/flopflophostel-garden.zh-tw.html,2
OwlStay 故事所 夾腳拖的家花園,8.7,禁菸客房、免費無線網路、餐廳、露台、電梯、行李寄存、花園、早餐評價非常好,「地點靠近各大交通運輸，附的早餐券的早餐好吃 床鋪很舒服」 | 「環境優質」 | 「早餐好吃！地點很好，走路到迪化街、大稻埕、寧夏夜市、臺北車站、中山捷運商圈都很方便！」,大同區,台北大同區長安西路122號,25.0505395,121.518145,標準房,3959,1,無,https://www.booking.com/hotel/tw/flopflophostel-garden.zh-tw.html,2
南陽街壹號旅店,7.9,禁菸客房、免費無線網路、家庭房、24 小時接待櫃檯、洗衣、電梯、行李寄存、每日清潔服務,「有自己的單獨空間，床很舒適。」 | 「地點便利」 | 「很整潔的地方。」,中正區,台北中正區南陽街1號3F,25.0457437,121.51618209999992,標準房,4800,4,#RD190854921,https://www.booking.com/hotel/tw/nan-yang-jie-yi-hao-lu-dian.zh-tw.html,3
雀客旅館台北南京,8.1,禁菸客房、免費無線網路、機場接駁車、家庭房、24 小時接待櫃檯、電梯、行李寄存、每日清潔服務、早餐評價超棒,「房間安靜，可以一直泡澡，可以看Netflix」 | 「自助入住手續方便也有人員協助 房間舒適、床非常大 浴室也很不錯」 | 「安靜、舒適、友善、生活機能良好」,中山區,台北中山區南京東路三段16號,25.0518058,121.53765499999996,標準房,7912,4,#RD135462805,https://www.booking.com/hotel/tw/u-hotel-taipei.zh-tw.html,4
雀客旅館台北南京,8.1,禁菸客房、免費無線網路、機場接駁車、家庭房、24 小時接待櫃檯、電梯、行李寄存、每日清潔服務、早餐評價超棒,「房間安靜，可以一直泡澡，可以看Netflix」 | 「自助入住手續方便也有人員協助 房間舒適、床非常大 浴室也很不錯」 | 「安靜、舒適、友善、生活機能良好」,中山區,台北中山區南京東路三段16號,25.0518058,121.53765499999996,標準房,9448,4,無,https://www.booking.com/hotel/tw/u-hotel-taipei.zh-tw.html,4
雀客旅館台北南京,8.1,禁菸客房、免費無線網路、機場接駁車、家庭房、24 小時接待櫃檯、電梯、行李寄存、每日清潔服務、早餐評價超棒,「房間安靜，可以一直泡澡，可以看Netflix」 | 「自助入住手續方便也有人員協助 房間舒適、床非常大 浴室也很不錯」 | 「安靜、舒適、友善、生活機能良好」,中山區,台北中山區南京東路三段16號,25.0518058,121.53765499999996,標準房,7813,3,無,https://www.booking.com/hotel/tw/u-hotel-taipei.zh-tw.html,4
雀客旅館台北南京,8.1,禁菸客房、免費無線網路、機場接駁車、家庭房、24 小時接待櫃檯、電梯、行李寄存、每日清潔服務、早餐評價超棒,「房間安靜，可以一直泡澡，可以看Netflix」 | 「自助入住手續方便也有人員協助 房間舒適、床非常大 浴室也很不錯」 | 「安靜、舒適、友善、生活機能良好」,中山區,台北中山區南京東路三段16號,25.0518058,121.53765499999996,標準房,7714,2,無,https://www.booking.com/hotel/tw/u-hotel-taipei.zh-tw.html,4
柯達大飯店台北一店,8.3,禁菸客房、免費無線網路、機場接駁車、家庭房、24 小時接待櫃檯、洗衣、電梯、早餐評價很好,「交通便利，捷運站出來走幾分鐘就到了」 | 「乾淨，安靜」 | 「乾淨，服務態度非常好」,中山區,台北中山區中山北路二段11巷1號,25.05276440276996,121.52333527116387,標準房,7125,4,#RD168959006,https://www.booking.com/hotel/tw/ke-da-da-fan-dian-tai-bei-dian.zh-tw.html,3
豪爵大飯店-台北館,8.3,禁菸客房、免費無線網路、私人停車場、機場接駁車、家庭房、24 小時接待櫃檯、洗衣、早餐評價還不錯,「空間環境」 | 「清潔，早餐雖然簡單但很好吃～」 | 「乾淨整潔 適合旅遊」,中山區,台北中山區德惠街170巷24號,25.06521612269176,121.53174877166748,標準房,8200,4,#RD29117006,https://www.booking.com/hotel/tw/hao-jue-da-fan-dian.zh-tw.html,3
豪爵大飯店-台北館,8.3,禁菸客房、免費無線網路、私人停車場、機場接駁車、家庭房、24 小時接待櫃檯、洗衣、早餐評價還不錯,「空間環境」 | 「清潔，早餐雖然簡單但很好吃～」 | 「乾淨整潔 適合旅遊」,中山區,台北中山區德惠街170巷24號,25.06521612269176,121.53174877166748,標準房,8400,4,無,https://www.booking.com/hotel/tw/hao-jue-da-fan-dian.zh-tw.html,3
豪爵大飯店-台北館,8.3,禁菸客房、免費無線網路、私人停車場、機場接駁車、家庭房、24 小時接待櫃檯、洗衣、早餐評價還不錯,「空間環境」 | 「清潔，早餐雖然簡單但很好吃～」 | 「乾淨整潔 適合旅遊」,中山區,台北中山區德惠街170巷24號,25.06521612269176,121.53174877166748,標準房,3750,2,#RD29117011,https://www.booking.com/hotel/tw/hao-jue-da-fan-dian.zh-tw.html,3
豪爵大飯店-台北館,8.3,禁菸客房、免費無線網路、私人停車場、機場接駁車、家庭房、24 小時接待櫃檯、洗衣、早餐評價還不錯,「空間環境」 | 「清潔，早餐雖然簡單但很好吃～」 | 「乾淨整潔 適合旅遊」,中山區,台北中山區德惠街170巷24號,25.06521612269176,121.53174877166748,標準房,3950,2,無,https://www.booking.com/hotel/tw/hao-jue-da-fan-dian.zh-tw.html,3
城市商旅- 南東館,8.3,禁菸客房、免費無線網路、家庭房、24 小時接待櫃檯、電梯、行李寄存、每日清潔服務、早餐評價還不錯,「早餐選擇多樣豐富，好吃」 | 「淋浴設備與空調」 | 「房間大、寬敞又乾淨」,松山區,台北松山區南京東路5段411號,25.0514795,121.56994039999996,標準房,6917,4,#RD110956617,https://www.booking.com/hotel/tw/cheng-shi-shang-lu.zh-tw.html,4
城市商旅- 南東館,8.3,禁菸客房、免費無線網路、家庭房、24 小時接待櫃檯、電梯、行李寄存、每日清潔服務、早餐評價還不錯,「早餐選擇多樣豐富，好吃」 | 「淋浴設備與空調」 | 「房間大、寬敞又乾淨」,松山區,台北松山區南京東路5段411號,25.0514795,121.56994039999996,標準房,7598,4,無,https://www.booking.com/hotel/tw/cheng-shi-shang-lu.zh-tw.html,4
城市商旅- 南東館,8.3,禁菸客房、免費無線網路、家庭房、24 小時接待櫃檯、電梯、行李寄存、每日清潔服務、早餐評價還不錯,「早餐選擇多樣豐富，好吃」 | 「淋浴設備與空調」 | 「房間大、寬敞又乾淨」,松山區,台北松山區南京東路5段411號,25.0514795,121.56994039999996,標準房,4820,2,#RD110956616,https://www.booking.com/hotel/tw/cheng-shi-shang-lu.zh-tw.html,4
城市商旅- 南東館,8.3,禁菸客房、免費無線網路、家庭房、24 小時接待櫃檯、電梯、行李寄存、每日清潔服務、早餐評價還不錯,「早餐選擇多樣豐富，好吃」 | 「淋浴設備與空調」 | 「房間大、寬敞又乾淨」,松山區,台北松山區南京東路5段411號,25.0514795,121.56994039999996,標準房,5160,2,無,https://www.booking.com/hotel/tw/cheng-shi-shang-lu.zh-tw.html,4
城市商旅- 南東館,8.3,禁菸客房、免費無線網路、家庭房、24 小時接待櫃檯、電梯、行李寄存、每日清潔服務、早餐評價還不錯,「早餐選擇多樣豐富，好吃」 | 「淋浴設備與空調」 | 「房間大、寬敞又乾淨」,松山區,台北松山區南京東路5段411號,25.0514795,121.56994039999996,標準房,5783,2,#RD110956608,https://www.booking.com/hotel/tw/cheng-shi-shang-lu.zh-tw.html,4
城市商旅- 南東館,8.3,禁菸客房、免費無線網路、家庭房、24 小時接待櫃檯、電梯、行李寄存、每日清潔服務、早餐評價還不錯,「早餐選擇多樣豐富，好吃」 | 「淋浴設備與空調」 | 「房間大、寬敞又乾淨」,松山區,台北松山區南京東路5段411號,25.0514795,121.56994039999996,標準房,6124,2,無,https://www.booking.com/hotel/tw/cheng-shi-shang-lu.zh-tw.html,4
城市商旅- 南東館,8.3,禁菸客房、免費無線網路、家庭房、24 小時接待櫃檯、電梯、行李寄存、每日清潔服務、早餐評價還不錯,「早餐選擇多樣豐富，好吃」 | 「淋浴設備與空調」 | 「房間大、寬敞又乾淨」,松山區,台北松山區南京東路5段411號,25.0514795,121.56994039999996,標準房,5897,2,#RD110956604,https://www.booking.com/hotel/tw/cheng-shi-shang-lu.zh-tw.html,4
城市商旅- 南東館,8.3,禁菸客房、免費無線網路、家庭房、24 小時接待櫃檯、電梯、行李寄存、每日清潔服務、早餐評價還不錯,「早餐選擇多樣豐富，好吃」 | 「淋浴設備與空調」 | 「房間大、寬敞又乾淨」,松山區,台北松山區南京東路5段411號,25.0514795,121.56994039999996,標準房,6237,2,無,https://www.booking.com/hotel/tw/cheng-shi-shang-lu.zh-tw.html,4
城市商旅- 南東館,8.3,禁菸客房、免費無線網路、家庭房、24 小時接待櫃檯、電梯、行李寄存、每日清潔服務、早餐評價還不錯,「早餐選擇多樣豐富，好吃」 | 「淋浴設備與空調」 | 「房間大、寬敞又乾淨」,松山區,台北松山區南京東路5段411號,25.0514795,121.56994039999996,標準房,6691,2,#RD110956611,https://www.booking.com/hotel/tw/cheng-shi-shang-lu.zh-tw.html,4
城市商旅- 南東館,8.3,禁菸客房、免費無線網路、家庭房、24 小時接待櫃檯、電梯、行李寄存、每日清潔服務、早餐評價還不錯,「早餐選擇多樣豐富，好吃」 | 「淋浴設備與空調」 | 「房間大、寬敞又乾淨」,松山區,台北松山區南京東路5段411號,25.0514795,121.56994039999996,標準房,7031,2,無,https://www.booking.com/hotel/tw/cheng-shi-shang-lu.zh-tw.html,4
柯達大飯店台北二店,8.7,禁菸客房、免費無線網路、機場接駁車、24 小時接待櫃檯、洗衣、電梯、行李寄存、早餐評價還不錯,「很乾淨 房間又大」 | 「浴室及臥室格局非常好，早餐非常豐盛」 | 「早餐跟地點」,中山區,台北中山區中山北路二段139號,25.061875761310827,121.52308630949848,標準房,8351,4,#RD63299422,https://www.booking.com/hotel/tw/k-taipei-ii.zh-tw.html,4
柯達大飯店台北二店,8.7,禁菸客房、免費無線網路、機場接駁車、24 小時接待櫃檯、洗衣、電梯、行李寄存、早餐評價還不錯,「很乾淨 房間又大」 | 「浴室及臥室格局非常好，早餐非常豐盛」 | 「早餐跟地點」,中山區,台北中山區中山北路二段139號,25.061875761310827,121.52308630949848,標準房,7325,3,#RD63299418,https://www.booking.com/hotel/tw/k-taipei-ii.zh-tw.html,4
柯達大飯店台北二店,8.7,禁菸客房、免費無線網路、機場接駁車、24 小時接待櫃檯、洗衣、電梯、行李寄存、早餐評價還不錯,「很乾淨 房間又大」 | 「浴室及臥室格局非常好，早餐非常豐盛」 | 「早餐跟地點」,中山區,台北中山區中山北路二段139號,25.061875761310827,121.52308630949848,標準房,6618,2,#RD63299406,https://www.booking.com/hotel/tw/k-taipei-ii.zh-tw.html,4
敘美精品旅店,7.7,禁菸客房、免費無線網路、機場接駁車、家庭房、24 小時接待櫃檯、洗衣、電梯、早餐評價超棒,「電視螢幕超級大，床舖及浴室都很好。」 | 「房間乾淨，地點佳」 | 「美味可口」,中正區,台北中正區重慶南路一段111號,25.04270367118016,121.51329517364502,標準房,5916,4,#RD69751405,https://www.booking.com/hotel/tw/beauty-hotels-taipei-b7.zh-tw.html,3
敘美精品旅店,7.7,禁菸客房、免費無線網路、機場接駁車、家庭房、24 小時接待櫃檯、洗衣、電梯、早餐評價超棒,「電視螢幕超級大，床舖及浴室都很好。」 | 「房間乾淨，地點佳」 | 「美味可口」,中正區,台北中正區重慶南路一段111號,25.04270367118016,121.51329517364502,標準房,5916,4,無,https://www.booking.com/hotel/tw/beauty-hotels-taipei-b7.zh-tw.html,3
敘美精品旅店,7.7,禁菸客房、免費無線網路、機場接駁車、家庭房、24 小時接待櫃檯、洗衣、電梯、早餐評價超棒,「電視螢幕超級大，床舖及浴室都很好。」 | 「房間乾淨，地點佳」 | 「美味可口」,中正區,台北中正區重慶南路一段111號,25.04270367118016,121.51329517364502,標準房,6436,4,無,https://www.booking.com/hotel/tw/beauty-hotels-taipei-b7.zh-tw.html,3
敘美精品旅店,7.7,禁菸客房、免費無線網路、機場接駁車、家庭房、24 小時接待櫃檯、洗衣、電梯、早餐評價超棒,「電視螢幕超級大，床舖及浴室都很好。」 | 「房間乾淨，地點佳」 | 「美味可口」,中正區,台北中正區重慶南路一段111號,25.04270367118016,121.51329517364502,標準房,5339,3,#RD69751404,https://www.booking.com/hotel/tw/beauty-hotels-taipei-b7.zh-tw.html,3
敘美精品旅店,7.7,禁菸客房、免費無線網路、機場接駁車、家庭房、24 小時接待櫃檯、洗衣、電梯、早餐評價超棒,「電視螢幕超級大，床舖及浴室都很好。」 | 「房間乾淨，地點佳」 | 「美味可口」,中正區,台北中正區重慶南路一段111號,25.04270367118016,121.51329517364502,標準房,5339,3,無,https://www.booking.com/hotel/tw/beauty-hotels-taipei-b7.zh-tw.html,3
敘美精品旅店,7.7,禁菸客房、免費無線網路、機場接駁車、家庭房、24 小時接待櫃檯、洗衣、電梯、早餐評價超棒,「電視螢幕超級大，床舖及浴室都很好。」 | 「房間乾淨，地點佳」 | 「美味可口」,中正區,台北中正區重慶南路一段111號,25.04270367118016,121.51329517364502,標準房,5729,3,無,https://www.booking.com/hotel/tw/beauty-hotels-taipei-b7.zh-tw.html,3
敘美精品旅店,7.7,禁菸客房、免費無線網路、機場接駁車、家庭房、24 小時接待櫃檯、洗衣、電梯、早餐評價超棒,「電視螢幕超級大，床舖及浴室都很好。」 | 「房間乾淨，地點佳」 | 「美味可口」,中正區,台北中正區重慶南路一段111號,25.04270367118016,121.51329517364502,標準房,3968,2,#RD69751423,https://www.booking.com/hotel/tw/beauty-hotels-taipei-b7.zh-tw.html,3
大師商旅,7.8,禁菸客房、免費無線網路、電梯、行李寄存、每日清潔服務,「雙人床鋪舒服，地理位置優越，服務人員很友好」 | 「房間非常舒適整潔，服務人員很親切，地點很好👍下次還會住！」 | 「房間是商務式，有大衣櫃，簡易筆電辦公桌，戶外陽台，還有電磁爐（需要申請），適合短期出差，地點絕佳」,大同區,台北大同區市民大道一段209號,25.048817553200973,121.51857398444918,標準房,6190,4,#RD59398904,https://www.booking.com/hotel/tw/master-inn-taipei.zh-tw.html,3
大師商旅,7.8,禁菸客房、免費無線網路、電梯、行李寄存、每日清潔服務,「雙人床鋪舒服，地理位置優越，服務人員很友好」 | 「房間非常舒適整潔，服務人員很親切，地點很好👍下次還會住！」 | 「房間是商務式，有大衣櫃，簡易筆電辦公桌，戶外陽台，還有電磁爐（需要申請），適合短期出差，地點絕佳」,大同區,台北大同區市民大道一段209號,25.048817553200973,121.51857398444918,標準房,8490,4,#RD59398905,https://www.booking.com/hotel/tw/master-inn-taipei.zh-tw.html,3
德立莊酒店,7.1,禁菸客房、免費無線網路、2 間餐廳、家庭房、24 小時接待櫃檯、電梯、行李寄存、每日清潔服務、早餐評價還不錯,無,中正區,台北中正區秀山街4號,25.04233690178857,121.50916844669656,標準房,11025,4,#RD132412413,https://www.booking.com/hotel/tw/richardson.zh-tw.html,4
德立莊酒店,7.1,禁菸客房、免費無線網路、2 間餐廳、家庭房、24 小時接待櫃檯、電梯、行李寄存、每日清潔服務、早餐評價還不錯,無,中正區,台北中正區秀山街4號,25.04233690178857,121.50916844669656,標準房,11340,4,無,https://www.booking.com/hotel/tw/richardson.zh-tw.html,4
德立莊酒店,7.1,禁菸客房、免費無線網路、2 間餐廳、家庭房、24 小時接待櫃檯、電梯、行李寄存、每日清潔服務、早餐評價還不錯,無,中正區,台北中正區秀山街4號,25.04233690178857,121.50916844669656,標準房,9450,2,無,https://www.booking.com/hotel/tw/richardson.zh-tw.html,4
德立莊酒店,7.1,禁菸客房、免費無線網路、2 間餐廳、家庭房、24 小時接待櫃檯、電梯、行李寄存、每日清潔服務、早餐評價還不錯,無,中正區,台北中正區秀山街4號,25.04233690178857,121.50916844669656,標準房,9765,2,無,https://www.booking.com/hotel/tw/richardson.zh-tw.html,4
德立莊酒店,7.1,禁菸客房、免費無線網路、2 間餐廳、家庭房、24 小時接待櫃檯、電梯、行李寄存、每日清潔服務、早餐評價還不錯,無,中正區,台北中正區秀山街4號,25.04233690178857,121.50916844669656,標準房,11340,4,#RD132412415,https://www.booking.com/hotel/tw/richardson.zh-tw.html,4
德立莊酒店,7.1,禁菸客房、免費無線網路、2 間餐廳、家庭房、24 小時接待櫃檯、電梯、行李寄存、每日清潔服務、早餐評價還不錯,無,中正區,台北中正區秀山街4號,25.04233690178857,121.50916844669656,標準房,11655,4,無,https://www.booking.com/hotel/tw/richardson.zh-tw.html,4
德立莊酒店,7.1,禁菸客房、免費無線網路、2 間餐廳、家庭房、24 小時接待櫃檯、電梯、行李寄存、每日清潔服務、早餐評價還不錯,無,中正區,台北中正區秀山街4號,25.04233690178857,121.50916844669656,標準房,10080,2,無,https://www.booking.com/hotel/tw/richardson.zh-tw.html,4
德立莊酒店,7.1,禁菸客房、免費無線網路、2 間餐廳、家庭房、24 小時接待櫃檯、電梯、行李寄存、每日清潔服務、早餐評價還不錯,無,中正區,台北中正區秀山街4號,25.04233690178857,121.50916844669656,標準房,11781,4,#RD132412403,https://www.booking.com/hotel/tw/richardson.zh-tw.html,4
德立莊酒店,7.1,禁菸客房、免費無線網路、2 間餐廳、家庭房、24 小時接待櫃檯、電梯、行李寄存、每日清潔服務、早餐評價還不錯,無,中正區,台北中正區秀山街4號,25.04233690178857,121.50916844669656,標準房,12096,4,無,https://www.booking.com/hotel/tw/richardson.zh-tw.html,4
德立莊酒店,7.1,禁菸客房、免費無線網路、2 間餐廳、家庭房、24 小時接待櫃檯、電梯、行李寄存、每日清潔服務、早餐評價還不錯,無,中正區,台北中正區秀山街4號,25.04233690178857,121.50916844669656,標準房,10206,2,無,https://www.booking.com/hotel/tw/richardson.zh-tw.html,4
德立莊酒店,7.1,禁菸客房、免費無線網路、2 間餐廳、家庭房、24 小時接待櫃檯、電梯、行李寄存、每日清潔服務、早餐評價還不錯,無,中正區,台北中正區秀山街4號,25.04233690178857,121.50916844669656,標準房,10521,2,無,https://www.booking.com/hotel/tw/richardson.zh-tw.html,4
德立莊酒店,7.1,禁菸客房、免費無線網路、2 間餐廳、家庭房、24 小時接待櫃檯、電梯、行李寄存、每日清潔服務、早餐評價還不錯,無,中正區,台北中正區秀山街4號,25.04233690178857,121.50916844669656,標準房,6741,2,#RD132412411,https://www.booking.com/hotel/tw/richardson.zh-tw.html,4
德立莊酒店,7.1,禁菸客房、免費無線網路、2 間餐廳、家庭房、24 小時接待櫃檯、電梯、行李寄存、每日清潔服務、早餐評價還不錯,無,中正區,台北中正區秀山街4號,25.04233690178857,121.50916844669656,標準房,7056,2,無,https://www.booking.com/hotel/tw/richardson.zh-tw.html,4
德立莊酒店,7.1,禁菸客房、免費無線網路、2 間餐廳、家庭房、24 小時接待櫃檯、電梯、行李寄存、每日清潔服務、早餐評價還不錯,無,中正區,台北中正區秀山街4號,25.04233690178857,121.50916844669656,標準房,6993,2,#RD132412401,https://www.booking.com/hotel/tw/richardson.zh-tw.html,4
德立莊酒店,7.1,禁菸客房、免費無線網路、2 間餐廳、家庭房、24 小時接待櫃檯、電梯、行李寄存、每日清潔服務、早餐評價還不錯,無,中正區,台北中正區秀山街4號,25.04233690178857,121.50916844669656,標準房,7308,2,無,https://www.booking.com/hotel/tw/richardson.zh-tw.html,4
德立莊酒店,7.1,禁菸客房、免費無線網路、2 間餐廳、家庭房、24 小時接待櫃檯、電梯、行李寄存、每日清潔服務、早餐評價還不錯,無,中正區,台北中正區秀山街4號,25.04233690178857,121.50916844669656,標準房,8127,2,#RD132412405,https://www.booking.com/hotel/tw/richardson.zh-tw.html,4
德立莊酒店,7.1,禁菸客房、免費無線網路、2 間餐廳、家庭房、24 小時接待櫃檯、電梯、行李寄存、每日清潔服務、早餐評價還不錯,無,中正區,台北中正區秀山街4號,25.04233690178857,121.50916844669656,標準房,8442,2,無,https://www.booking.com/hotel/tw/richardson.zh-tw.html,4
德立莊酒店,7.1,禁菸客房、免費無線網路、2 間餐廳、家庭房、24 小時接待櫃檯、電梯、行李寄存、每日清潔服務、早餐評價還不錯,無,中正區,台北中正區秀山街4號,25.04233690178857,121.50916844669656,標準房,10332,2,#RD132412414,https://www.booking.com/hotel/tw/richardson.zh-tw.html,4
城市商旅站前館,8.2,禁菸客房、免費無線網路、家庭房、24 小時接待櫃檯、電梯、行李寄存、每日清潔服務,「房間夠大，雖然沒有衣櫃，但牆上有裝超多掛鉤的～用起來更方便了。位置雖然離旺區有點遠，但有多個地下街出口，出入還算方便」 | 「衛浴乾淨清爽」 | 「地點極佳，房間乾淨舒適且比想像中的還要寬敞，飯店人員提供貼心週到的服務。」,大同區,台北大同區延平北路一段51號,25.050924,121.512126,標準房,9148,4,#RD435300706,https://www.booking.com/hotel/tw/cheng-shi-shang-lu-zhan-qian-guan.zh-tw.html,4
城市商旅站前館,8.2,禁菸客房、免費無線網路、家庭房、24 小時接待櫃檯、電梯、行李寄存、每日清潔服務,「房間夠大，雖然沒有衣櫃，但牆上有裝超多掛鉤的～用起來更方便了。位置雖然離旺區有點遠，但有多個地下街出口，出入還算方便」 | 「衛浴乾淨清爽」 | 「地點極佳，房間乾淨舒適且比想像中的還要寬敞，飯店人員提供貼心週到的服務。」,大同區,台北大同區延平北路一段51號,25.050924,121.512126,標準房,14520,4,無,https://www.booking.com/hotel/tw/cheng-shi-shang-lu-zhan-qian-guan.zh-tw.html,4
城市商旅站前館,8.2,禁菸客房、免費無線網路、家庭房、24 小時接待櫃檯、電梯、行李寄存、每日清潔服務,「房間夠大，雖然沒有衣櫃，但牆上有裝超多掛鉤的～用起來更方便了。位置雖然離旺區有點遠，但有多個地下街出口，出入還算方便」 | 「衛浴乾淨清爽」 | 「地點極佳，房間乾淨舒適且比想像中的還要寬敞，飯店人員提供貼心週到的服務。」,大同區,台北大同區延平北路一段51號,25.050924,121.512126,標準房,5821,2,#RD435300703,https://www.booking.com/hotel/tw/cheng-shi-shang-lu-zhan-qian-guan.zh-tw.html,4
城市商旅站前館,8.2,禁菸客房、免費無線網路、家庭房、24 小時接待櫃檯、電梯、行李寄存、每日清潔服務,「房間夠大，雖然沒有衣櫃，但牆上有裝超多掛鉤的～用起來更方便了。位置雖然離旺區有點遠，但有多個地下街出口，出入還算方便」 | 「衛浴乾淨清爽」 | 「地點極佳，房間乾淨舒適且比想像中的還要寬敞，飯店人員提供貼心週到的服務。」,大同區,台北大同區延平北路一段51號,25.050924,121.512126,標準房,9240,2,無,https://www.booking.com/hotel/tw/cheng-shi-shang-lu-zhan-qian-guan.zh-tw.html,4
城市商旅站前館,8.2,禁菸客房、免費無線網路、家庭房、24 小時接待櫃檯、電梯、行李寄存、每日清潔服務,「房間夠大，雖然沒有衣櫃，但牆上有裝超多掛鉤的～用起來更方便了。位置雖然離旺區有點遠，但有多個地下街出口，出入還算方便」 | 「衛浴乾淨清爽」 | 「地點極佳，房間乾淨舒適且比想像中的還要寬敞，飯店人員提供貼心週到的服務。」,大同區,台北大同區延平北路一段51號,25.050924,121.512126,標準房,6376,2,#RD435300702,https://www.booking.com/hotel/tw/cheng-shi-shang-lu-zhan-qian-guan.zh-tw.html,4
城市商旅站前館,8.2,禁菸客房、免費無線網路、家庭房、24 小時接待櫃檯、電梯、行李寄存、每日清潔服務,「房間夠大，雖然沒有衣櫃，但牆上有裝超多掛鉤的～用起來更方便了。位置雖然離旺區有點遠，但有多個地下街出口，出入還算方便」 | 「衛浴乾淨清爽」 | 「地點極佳，房間乾淨舒適且比想像中的還要寬敞，飯店人員提供貼心週到的服務。」,大同區,台北大同區延平北路一段51號,25.050924,121.512126,標準房,10120,2,無,https://www.booking.com/hotel/tw/cheng-shi-shang-lu-zhan-qian-guan.zh-tw.html,4
ILLUME 茹曦酒店,8.4,室外游泳池、禁菸客房、健身中心、免費無線網路、客房服務、停車場（館內）、機場接駁車、早餐評價還不錯,「整體整潔乾淨」 | 「房間空間大」 | 「離小巨蛋近 現場人員很親切」,松山區,台北松山區敦化北路100號,25.05262521039063,121.54854476451874,標準房,11902,4,#RD32924642,https://www.booking.com/hotel/tw/sunworld-dynasty-taipei.zh-tw.html,4
ILLUME 茹曦酒店,8.4,室外游泳池、禁菸客房、健身中心、免費無線網路、客房服務、停車場（館內）、機場接駁車、早餐評價還不錯,「整體整潔乾淨」 | 「房間空間大」 | 「離小巨蛋近 現場人員很親切」,松山區,台北松山區敦化北路100號,25.05262521039063,121.54854476451874,標準房,6935,2,#RD32924616,https://www.booking.com/hotel/tw/sunworld-dynasty-taipei.zh-tw.html,4
ILLUME 茹曦酒店,8.4,室外游泳池、禁菸客房、健身中心、免費無線網路、客房服務、停車場（館內）、機場接駁車、早餐評價還不錯,「整體整潔乾淨」 | 「房間空間大」 | 「離小巨蛋近 現場人員很親切」,松山區,台北松山區敦化北路100號,25.05262521039063,121.54854476451874,標準房,9245,2,#RD32924645,https://www.booking.com/hotel/tw/sunworld-dynasty-taipei.zh-tw.html,4
ILLUME 茹曦酒店,8.4,室外游泳池、禁菸客房、健身中心、免費無線網路、客房服務、停車場（館內）、機場接駁車、早餐評價還不錯,「整體整潔乾淨」 | 「房間空間大」 | 「離小巨蛋近 現場人員很親切」,松山區,台北松山區敦化北路100號,25.05262521039063,121.54854476451874,標準房,10974,2,#RD32924639,https://www.booking.com/hotel/tw/sunworld-dynasty-taipei.zh-tw.html,4
北投日勝生加賀屋國際溫泉飯店,9.0,禁菸客房、免費無線網路、餐廳、24 小時接待櫃檯、溫泉浴、洗衣、電梯、酒吧、早餐評價非常好,「員工服務態度佳 早餐精緻用心」 | 「回味起去日本旅遊的感覺，有專人拿行李帶房」 | 「服務很好，房間空間大，早餐也很讚，很少一早就能吃到生魚片，超滿足！」,北投區,台北北投區北投區光明路236號,25.136032,121.506802,標準房,21413,4,#RD505734813,https://www.booking.com/hotel/tw/ri-sheng-sheng-jia-he-wu-guo-ji-wen-quan-fan-dian.zh-tw.html,4
北投日勝生加賀屋國際溫泉飯店,9.0,禁菸客房、免費無線網路、餐廳、24 小時接待櫃檯、溫泉浴、洗衣、電梯、酒吧、早餐評價非常好,「員工服務態度佳 早餐精緻用心」 | 「回味起去日本旅遊的感覺，有專人拿行李帶房」 | 「服務很好，房間空間大，早餐也很讚，很少一早就能吃到生魚片，超滿足！」,北投區,台北北投區北投區光明路236號,25.136032,121.506802,標準房,23521,4,無,https://www.booking.com/hotel/tw/ri-sheng-sheng-jia-he-wu-guo-ji-wen-quan-fan-dian.zh-tw.html,4
北投日勝生加賀屋國際溫泉飯店,9.0,禁菸客房、免費無線網路、餐廳、24 小時接待櫃檯、溫泉浴、洗衣、電梯、酒吧、早餐評價非常好,「員工服務態度佳 早餐精緻用心」 | 「回味起去日本旅遊的感覺，有專人拿行李帶房」 | 「服務很好，房間空間大，早餐也很讚，很少一早就能吃到生魚片，超滿足！」,北投區,台北北投區北投區光明路236號,25.136032,121.506802,標準房,18187,3,無,https://www.booking.com/hotel/tw/ri-sheng-sheng-jia-he-wu-guo-ji-wen-quan-fan-dian.zh-tw.html,4
北投日勝生加賀屋國際溫泉飯店,9.0,禁菸客房、免費無線網路、餐廳、24 小時接待櫃檯、溫泉浴、洗衣、電梯、酒吧、早餐評價非常好,「員工服務態度佳 早餐精緻用心」 | 「回味起去日本旅遊的感覺，有專人拿行李帶房」 | 「服務很好，房間空間大，早餐也很讚，很少一早就能吃到生魚片，超滿足！」,北投區,台北北投區北投區光明路236號,25.136032,121.506802,標準房,19565,3,無,https://www.booking.com/hotel/tw/ri-sheng-sheng-jia-he-wu-guo-ji-wen-quan-fan-dian.zh-tw.html,4
北投日勝生加賀屋國際溫泉飯店,9.0,禁菸客房、免費無線網路、餐廳、24 小時接待櫃檯、溫泉浴、洗衣、電梯、酒吧、早餐評價非常好,「員工服務態度佳 早餐精緻用心」 | 「回味起去日本旅遊的感覺，有專人拿行李帶房」 | 「服務很好，房間空間大，早餐也很讚，很少一早就能吃到生魚片，超滿足！」,北投區,台北北投區北投區光明路236號,25.136032,121.506802,標準房,14961,2,無,https://www.booking.com/hotel/tw/ri-sheng-sheng-jia-he-wu-guo-ji-wen-quan-fan-dian.zh-tw.html,4
北投日勝生加賀屋國際溫泉飯店,9.0,禁菸客房、免費無線網路、餐廳、24 小時接待櫃檯、溫泉浴、洗衣、電梯、酒吧、早餐評價非常好,「員工服務態度佳 早餐精緻用心」 | 「回味起去日本旅遊的感覺，有專人拿行李帶房」 | 「服務很好，房間空間大，早餐也很讚，很少一早就能吃到生魚片，超滿足！」,北投區,台北北投區北投區光明路236號,25.136032,121.506802,標準房,15609,2,無,https://www.booking.com/hotel/tw/ri-sheng-sheng-jia-he-wu-guo-ji-wen-quan-fan-dian.zh-tw.html,4
北投日勝生加賀屋國際溫泉飯店,9.0,禁菸客房、免費無線網路、餐廳、24 小時接待櫃檯、溫泉浴、洗衣、電梯、酒吧、早餐評價非常好,「員工服務態度佳 早餐精緻用心」 | 「回味起去日本旅遊的感覺，有專人拿行李帶房」 | 「服務很好，房間空間大，早餐也很讚，很少一早就能吃到生魚片，超滿足！」,北投區,台北北投區北投區光明路236號,25.136032,121.506802,標準房,25624,4,#RD505734817,https://www.booking.com/hotel/tw/ri-sheng-sheng-jia-he-wu-guo-ji-wen-quan-fan-dian.zh-tw.html,4
北投日勝生加賀屋國際溫泉飯店,9.0,禁菸客房、免費無線網路、餐廳、24 小時接待櫃檯、溫泉浴、洗衣、電梯、酒吧、早餐評價非常好,「員工服務態度佳 早餐精緻用心」 | 「回味起去日本旅遊的感覺，有專人拿行李帶房」 | 「服務很好，房間空間大，早餐也很讚，很少一早就能吃到生魚片，超滿足！」,北投區,台北北投區北投區光明路236號,25.136032,121.506802,標準房,33079,4,#RD505734805,https://www.booking.com/hotel/tw/ri-sheng-sheng-jia-he-wu-guo-ji-wen-quan-fan-dian.zh-tw.html,4
北投日勝生加賀屋國際溫泉飯店,9.0,禁菸客房、免費無線網路、餐廳、24 小時接待櫃檯、溫泉浴、洗衣、電梯、酒吧、早餐評價非常好,「員工服務態度佳 早餐精緻用心」 | 「回味起去日本旅遊的感覺，有專人拿行李帶房」 | 「服務很好，房間空間大，早餐也很讚，很少一早就能吃到生魚片，超滿足！」,北投區,台北北投區北投區光明路236號,25.136032,121.506802,標準房,29123,3,無,https://www.booking.com/hotel/tw/ri-sheng-sheng-jia-he-wu-guo-ji-wen-quan-fan-dian.zh-tw.html,4
北投日勝生加賀屋國際溫泉飯店,9.0,禁菸客房、免費無線網路、餐廳、24 小時接待櫃檯、溫泉浴、洗衣、電梯、酒吧、早餐評價非常好,「員工服務態度佳 早餐精緻用心」 | 「回味起去日本旅遊的感覺，有專人拿行李帶房」 | 「服務很好，房間空間大，早餐也很讚，很少一早就能吃到生魚片，超滿足！」,北投區,台北北投區北投區光明路236號,25.136032,121.506802,標準房,25167,2,無,https://www.booking.com/hotel/tw/ri-sheng-sheng-jia-he-wu-guo-ji-wen-quan-fan-dian.zh-tw.html,4
北投日勝生加賀屋國際溫泉飯店,9.0,禁菸客房、免費無線網路、餐廳、24 小時接待櫃檯、溫泉浴、洗衣、電梯、酒吧、早餐評價非常好,「員工服務態度佳 早餐精緻用心」 | 「回味起去日本旅遊的感覺，有專人拿行李帶房」 | 「服務很好，房間空間大，早餐也很讚，很少一早就能吃到生魚片，超滿足！」,北投區,台北北投區北投區光明路236號,25.136032,121.506802,標準房,18226,3,#RD505734802,https://www.booking.com/hotel/tw/ri-sheng-sheng-jia-he-wu-guo-ji-wen-quan-fan-dian.zh-tw.html,4
北投日勝生加賀屋國際溫泉飯店,9.0,禁菸客房、免費無線網路、餐廳、24 小時接待櫃檯、溫泉浴、洗衣、電梯、酒吧、早餐評價非常好,「員工服務態度佳 早餐精緻用心」 | 「回味起去日本旅遊的感覺，有專人拿行李帶房」 | 「服務很好，房間空間大，早餐也很讚，很少一早就能吃到生魚片，超滿足！」,北投區,台北北投區北投區光明路236號,25.136032,121.506802,標準房,19335,3,無,https://www.booking.com/hotel/tw/ri-sheng-sheng-jia-he-wu-guo-ji-wen-quan-fan-dian.zh-tw.html,4
北投日勝生加賀屋國際溫泉飯店,9.0,禁菸客房、免費無線網路、餐廳、24 小時接待櫃檯、溫泉浴、洗衣、電梯、酒吧、早餐評價非常好,「員工服務態度佳 早餐精緻用心」 | 「回味起去日本旅遊的感覺，有專人拿行李帶房」 | 「服務很好，房間空間大，早餐也很讚，很少一早就能吃到生魚片，超滿足！」,北投區,台北北投區北投區光明路236號,25.136032,121.506802,標準房,15000,2,無,https://www.booking.com/hotel/tw/ri-sheng-sheng-jia-he-wu-guo-ji-wen-quan-fan-dian.zh-tw.html,4
北投日勝生加賀屋國際溫泉飯店,9.0,禁菸客房、免費無線網路、餐廳、24 小時接待櫃檯、溫泉浴、洗衣、電梯、酒吧、早餐評價非常好,「員工服務態度佳 早餐精緻用心」 | 「回味起去日本旅遊的感覺，有專人拿行李帶房」 | 「服務很好，房間空間大，早餐也很讚，很少一早就能吃到生魚片，超滿足！」,北投區,台北北投區北投區光明路236號,25.136032,121.506802,標準房,15840,2,無,https://www.booking.com/hotel/tw/ri-sheng-sheng-jia-he-wu-guo-ji-wen-quan-fan-dian.zh-tw.html,4
北投日勝生加賀屋國際溫泉飯店,9.0,禁菸客房、免費無線網路、餐廳、24 小時接待櫃檯、溫泉浴、洗衣、電梯、酒吧、早餐評價非常好,「員工服務態度佳 早餐精緻用心」 | 「回味起去日本旅遊的感覺，有專人拿行李帶房」 | 「服務很好，房間空間大，早餐也很讚，很少一早就能吃到生魚片，超滿足！」,北投區,台北北投區北投區光明路236號,25.136032,121.506802,標準房,19335,3,#RD505734801,https://www.booking.com/hotel/tw/ri-sheng-sheng-jia-he-wu-guo-ji-wen-quan-fan-dian.zh-tw.html,4
北投日勝生加賀屋國際溫泉飯店,9.0,禁菸客房、免費無線網路、餐廳、24 小時接待櫃檯、溫泉浴、洗衣、電梯、酒吧、早餐評價非常好,「員工服務態度佳 早餐精緻用心」 | 「回味起去日本旅遊的感覺，有專人拿行李帶房」 | 「服務很好，房間空間大，早餐也很讚，很少一早就能吃到生魚片，超滿足！」,北投區,台北北投區北投區光明路236號,25.136032,121.506802,標準房,20995,3,無,https://www.booking.com/hotel/tw/ri-sheng-sheng-jia-he-wu-guo-ji-wen-quan-fan-dian.zh-tw.html,4
北投日勝生加賀屋國際溫泉飯店,9.0,禁菸客房、免費無線網路、餐廳、24 小時接待櫃檯、溫泉浴、洗衣、電梯、酒吧、早餐評價非常好,「員工服務態度佳 早餐精緻用心」 | 「回味起去日本旅遊的感覺，有專人拿行李帶房」 | 「服務很好，房間空間大，早餐也很讚，很少一早就能吃到生魚片，超滿足！」,北投區,台北北投區北投區光明路236號,25.136032,121.506802,標準房,17769,2,無,https://www.booking.com/hotel/tw/ri-sheng-sheng-jia-he-wu-guo-ji-wen-quan-fan-dian.zh-tw.html,4
北投日勝生加賀屋國際溫泉飯店,9.0,禁菸客房、免費無線網路、餐廳、24 小時接待櫃檯、溫泉浴、洗衣、電梯、酒吧、早餐評價非常好,「員工服務態度佳 早餐精緻用心」 | 「回味起去日本旅遊的感覺，有專人拿行李帶房」 | 「服務很好，房間空間大，早餐也很讚，很少一早就能吃到生魚片，超滿足！」,北投區,台北北投區北投區光明路236號,25.136032,121.506802,標準房,17215,3,#RD505734804,https://www.booking.com/hotel/tw/ri-sheng-sheng-jia-he-wu-guo-ji-wen-quan-fan-dian.zh-tw.html,4
北投日勝生加賀屋國際溫泉飯店,9.0,禁菸客房、免費無線網路、餐廳、24 小時接待櫃檯、溫泉浴、洗衣、電梯、酒吧、早餐評價非常好,「員工服務態度佳 早餐精緻用心」 | 「回味起去日本旅遊的感覺，有專人拿行李帶房」 | 「服務很好，房間空間大，早餐也很讚，很少一早就能吃到生魚片，超滿足！」,北投區,台北北投區北投區光明路236號,25.136032,121.506802,標準房,18132,3,無,https://www.booking.com/hotel/tw/ri-sheng-sheng-jia-he-wu-guo-ji-wen-quan-fan-dian.zh-tw.html,4
北投日勝生加賀屋國際溫泉飯店,9.0,禁菸客房、免費無線網路、餐廳、24 小時接待櫃檯、溫泉浴、洗衣、電梯、酒吧、早餐評價非常好,「員工服務態度佳 早餐精緻用心」 | 「回味起去日本旅遊的感覺，有專人拿行李帶房」 | 「服務很好，房間空間大，早餐也很讚，很少一早就能吃到生魚片，超滿足！」,北投區,台北北投區北投區光明路236號,25.136032,121.506802,標準房,13989,2,無,https://www.booking.com/hotel/tw/ri-sheng-sheng-jia-he-wu-guo-ji-wen-quan-fan-dian.zh-tw.html,4
北投日勝生加賀屋國際溫泉飯店,9.0,禁菸客房、免費無線網路、餐廳、24 小時接待櫃檯、溫泉浴、洗衣、電梯、酒吧、早餐評價非常好,「員工服務態度佳 早餐精緻用心」 | 「回味起去日本旅遊的感覺，有專人拿行李帶房」 | 「服務很好，房間空間大，早餐也很讚，很少一早就能吃到生魚片，超滿足！」,北投區,台北北投區北投區光明路236號,25.136032,121.506802,標準房,14637,2,無,https://www.booking.com/hotel/tw/ri-sheng-sheng-jia-he-wu-guo-ji-wen-quan-fan-dian.zh-tw.html,4
北投日勝生加賀屋國際溫泉飯店,9.0,禁菸客房、免費無線網路、餐廳、24 小時接待櫃檯、溫泉浴、洗衣、電梯、酒吧、早餐評價非常好,「員工服務態度佳 早餐精緻用心」 | 「回味起去日本旅遊的感覺，有專人拿行李帶房」 | 「服務很好，房間空間大，早餐也很讚，很少一早就能吃到生魚片，超滿足！」,北投區,台北北投區北投區光明路236號,25.136032,121.506802,標準房,29123,3,#RD505734814,https://www.booking.com/hotel/tw/ri-sheng-sheng-jia-he-wu-guo-ji-wen-quan-fan-dian.zh-tw.html,4
朵兒韓國汗蒸商務旅館,8.6,禁菸客房、免費無線網路、客房服務、免費停車、餐廳、家庭房、24 小時接待櫃檯、電梯、酒吧、每日清潔服務,「有提供入住調酒1杯及飲料1杯，更提供很多餅乾。廁所非常乾淨」 | 「價格實惠！半夜入住很方便！乾淨設備齊全！住過相當不錯的」 | 「很舒服的床 還有汗蒸幕 除去疲憊療癒感受佳」,中山區,台北中山區新生北路1段66號2樓,25.047127,121.530343,標準房,12800,4,#RD701765203,https://www.booking.com/hotel/tw/duo-er-dorhotel.zh-tw.html,4
北投享溫泉,8.5,禁菸客房、免費無線網路、客房服務、免費停車、餐廳、24 小時接待櫃檯、溫泉浴、早餐評價優異,「環境乾淨整潔，安靜清幽，櫃檯人員都超級友善！」 | 「房間大且乾淨舒服，早餐也豐富好吃」 | 「房間乾淨舒適，大眾池很大，露天風呂風景怡人，早餐豐盛好吃😋」,北投區,台北北投區光明路248號,25.136608,121.508446,標準房,10200,4,#RD442776310,https://www.booking.com/hotel/tw/xiang-wen-quan.zh-tw.html,4
北投享溫泉,8.5,禁菸客房、免費無線網路、客房服務、免費停車、餐廳、24 小時接待櫃檯、溫泉浴、早餐評價優異,「環境乾淨整潔，安靜清幽，櫃檯人員都超級友善！」 | 「房間大且乾淨舒服，早餐也豐富好吃」 | 「房間乾淨舒適，大眾池很大，露天風呂風景怡人，早餐豐盛好吃😋」,北投區,台北北投區光明路248號,25.136608,121.508446,標準房,5440,2,#RD442776306,https://www.booking.com/hotel/tw/xiang-wen-quan.zh-tw.html,4
曲水會館,8.1,禁菸客房、免費無線網路、免費停車、家庭房、24 小時接待櫃檯、溫泉浴、酒吧、早餐,「英式風格的早餐，配上咖啡，餐廳周遭是大正時期以來的日本名家藝術品，偶然間竟然發現牆壁上都是赫赫有名、教科書上出現的大人物書墨，讓我非常驚嘆，讚嘆這間旅館老闆的品味及堅持。」 | 「床很有支撐性，浴室空間滿大的，早餐是一套三層下午茶式，份量滿飽的，工作人員都很親切，謝謝你們」 | 「溫泉很棒 房間很優雅」,北投區,台北北投區溫泉路105號,25.1364794,121.5119978,標準房,9560,4,#RD805560603,https://www.booking.com/hotel/tw/qu-shui-hui-guan-tai-bei-shi-bei-tou-qu12.zh-tw.html,4
曲水會館,8.1,禁菸客房、免費無線網路、免費停車、家庭房、24 小時接待櫃檯、溫泉浴、酒吧、早餐,「英式風格的早餐，配上咖啡，餐廳周遭是大正時期以來的日本名家藝術品，偶然間竟然發現牆壁上都是赫赫有名、教科書上出現的大人物書墨，讓我非常驚嘆，讚嘆這間旅館老闆的品味及堅持。」 | 「床很有支撐性，浴室空間滿大的，早餐是一套三層下午茶式，份量滿飽的，工作人員都很親切，謝謝你們」 | 「溫泉很棒 房間很優雅」,北投區,台北北投區溫泉路105號,25.1364794,121.5119978,標準房,10560,4,無,https://www.booking.com/hotel/tw/qu-shui-hui-guan-tai-bei-shi-bei-tou-qu12.zh-tw.html,4
曲水會館,8.1,禁菸客房、免費無線網路、免費停車、家庭房、24 小時接待櫃檯、溫泉浴、酒吧、早餐,「英式風格的早餐，配上咖啡，餐廳周遭是大正時期以來的日本名家藝術品，偶然間竟然發現牆壁上都是赫赫有名、教科書上出現的大人物書墨，讓我非常驚嘆，讚嘆這間旅館老闆的品味及堅持。」 | 「床很有支撐性，浴室空間滿大的，早餐是一套三層下午茶式，份量滿飽的，工作人員都很親切，謝謝你們」 | 「溫泉很棒 房間很優雅」,北投區,台北北投區溫泉路105號,25.1364794,121.5119978,標準房,14840,4,#RD805560605,https://www.booking.com/hotel/tw/qu-shui-hui-guan-tai-bei-shi-bei-tou-qu12.zh-tw.html,4
曲水會館,8.1,禁菸客房、免費無線網路、免費停車、家庭房、24 小時接待櫃檯、溫泉浴、酒吧、早餐,「英式風格的早餐，配上咖啡，餐廳周遭是大正時期以來的日本名家藝術品，偶然間竟然發現牆壁上都是赫赫有名、教科書上出現的大人物書墨，讓我非常驚嘆，讚嘆這間旅館老闆的品味及堅持。」 | 「床很有支撐性，浴室空間滿大的，早餐是一套三層下午茶式，份量滿飽的，工作人員都很親切，謝謝你們」 | 「溫泉很棒 房間很優雅」,北投區,台北北投區溫泉路105號,25.1364794,121.5119978,標準房,15840,4,無,https://www.booking.com/hotel/tw/qu-shui-hui-guan-tai-bei-shi-bei-tou-qu12.zh-tw.html,4
曲水會館,8.1,禁菸客房、免費無線網路、免費停車、家庭房、24 小時接待櫃檯、溫泉浴、酒吧、早餐,「英式風格的早餐，配上咖啡，餐廳周遭是大正時期以來的日本名家藝術品，偶然間竟然發現牆壁上都是赫赫有名、教科書上出現的大人物書墨，讓我非常驚嘆，讚嘆這間旅館老闆的品味及堅持。」 | 「床很有支撐性，浴室空間滿大的，早餐是一套三層下午茶式，份量滿飽的，工作人員都很親切，謝謝你們」 | 「溫泉很棒 房間很優雅」,北投區,台北北投區溫泉路105號,25.1364794,121.5119978,標準房,4780,2,#RD805560601,https://www.booking.com/hotel/tw/qu-shui-hui-guan-tai-bei-shi-bei-tou-qu12.zh-tw.html,4
曲水會館,8.1,禁菸客房、免費無線網路、免費停車、家庭房、24 小時接待櫃檯、溫泉浴、酒吧、早餐,「英式風格的早餐，配上咖啡，餐廳周遭是大正時期以來的日本名家藝術品，偶然間竟然發現牆壁上都是赫赫有名、教科書上出現的大人物書墨，讓我非常驚嘆，讚嘆這間旅館老闆的品味及堅持。」 | 「床很有支撐性，浴室空間滿大的，早餐是一套三層下午茶式，份量滿飽的，工作人員都很親切，謝謝你們」 | 「溫泉很棒 房間很優雅」,北投區,台北北投區溫泉路105號,25.1364794,121.5119978,標準房,5280,2,無,https://www.booking.com/hotel/tw/qu-shui-hui-guan-tai-bei-shi-bei-tou-qu12.zh-tw.html,4
曲水會館,8.1,禁菸客房、免費無線網路、免費停車、家庭房、24 小時接待櫃檯、溫泉浴、酒吧、早餐,「英式風格的早餐，配上咖啡，餐廳周遭是大正時期以來的日本名家藝術品，偶然間竟然發現牆壁上都是赫赫有名、教科書上出現的大人物書墨，讓我非常驚嘆，讚嘆這間旅館老闆的品味及堅持。」 | 「床很有支撐性，浴室空間滿大的，早餐是一套三層下午茶式，份量滿飽的，工作人員都很親切，謝謝你們」 | 「溫泉很棒 房間很優雅」,北投區,台北北投區溫泉路105號,25.1364794,121.5119978,標準房,6040,2,#RD805560606,https://www.booking.com/hotel/tw/qu-shui-hui-guan-tai-bei-shi-bei-tou-qu12.zh-tw.html,4
曲水會館,8.1,禁菸客房、免費無線網路、免費停車、家庭房、24 小時接待櫃檯、溫泉浴、酒吧、早餐,「英式風格的早餐，配上咖啡，餐廳周遭是大正時期以來的日本名家藝術品，偶然間竟然發現牆壁上都是赫赫有名、教科書上出現的大人物書墨，讓我非常驚嘆，讚嘆這間旅館老闆的品味及堅持。」 | 「床很有支撐性，浴室空間滿大的，早餐是一套三層下午茶式，份量滿飽的，工作人員都很親切，謝謝你們」 | 「溫泉很棒 房間很優雅」,北投區,台北北投區溫泉路105號,25.1364794,121.5119978,標準房,7040,2,無,https://www.booking.com/hotel/tw/qu-shui-hui-guan-tai-bei-shi-bei-tou-qu12.zh-tw.html,4
索拉利亞西鐵飯店台北西門,9.1,禁菸客房、健身中心、免費無線網路、機場接駁車、餐廳、24 小時接待櫃檯、洗衣、早餐評價還不錯,「早餐好吃」 | 「離我愛的飲料店超近🤤」 | 「員工服務很貼心」,萬華區,台北萬華區台北市萬華區,25.044904,121.508648,標準房,18058,4,#RD934480913,https://www.booking.com/hotel/tw/solaria-nisitetsu-taipei-ximen.zh-tw.html,4
索拉利亞西鐵飯店台北西門,9.1,禁菸客房、健身中心、免費無線網路、機場接駁車、餐廳、24 小時接待櫃檯、洗衣、早餐評價還不錯,「早餐好吃」 | 「離我愛的飲料店超近🤤」 | 「員工服務很貼心」,萬華區,台北萬華區台北市萬華區,25.044904,121.508648,標準房,9180,2,#RD934480905,https://www.booking.com/hotel/tw/solaria-nisitetsu-taipei-ximen.zh-tw.html,4
索拉利亞西鐵飯店台北西門,9.1,禁菸客房、健身中心、免費無線網路、機場接駁車、餐廳、24 小時接待櫃檯、洗衣、早餐評價還不錯,「早餐好吃」 | 「離我愛的飲料店超近🤤」 | 「員工服務很貼心」,萬華區,台北萬華區台北市萬華區,25.044904,121.508648,標準房,9781,2,無,https://www.booking.com/hotel/tw/solaria-nisitetsu-taipei-ximen.zh-tw.html,4
索拉利亞西鐵飯店台北西門,9.1,禁菸客房、健身中心、免費無線網路、機場接駁車、餐廳、24 小時接待櫃檯、洗衣、早餐評價還不錯,「早餐好吃」 | 「離我愛的飲料店超近🤤」 | 「員工服務很貼心」,萬華區,台北萬華區台北市萬華區,25.044904,121.508648,標準房,10278,2,無,https://www.booking.com/hotel/tw/solaria-nisitetsu-taipei-ximen.zh-tw.html,4
索拉利亞西鐵飯店台北西門,9.1,禁菸客房、健身中心、免費無線網路、機場接駁車、餐廳、24 小時接待櫃檯、洗衣、早餐評價還不錯,「早餐好吃」 | 「離我愛的飲料店超近🤤」 | 「員工服務很貼心」,萬華區,台北萬華區台北市萬華區,25.044904,121.508648,標準房,10951,2,無,https://www.booking.com/hotel/tw/solaria-nisitetsu-taipei-ximen.zh-tw.html,4
索拉利亞西鐵飯店台北西門,9.1,禁菸客房、健身中心、免費無線網路、機場接駁車、餐廳、24 小時接待櫃檯、洗衣、早餐評價還不錯,「早餐好吃」 | 「離我愛的飲料店超近🤤」 | 「員工服務很貼心」,萬華區,台北萬華區台北市萬華區,25.044904,121.508648,標準房,9180,2,#RD934480908,https://www.booking.com/hotel/tw/solaria-nisitetsu-taipei-ximen.zh-tw.html,4
索拉利亞西鐵飯店台北西門,9.1,禁菸客房、健身中心、免費無線網路、機場接駁車、餐廳、24 小時接待櫃檯、洗衣、早餐評價還不錯,「早餐好吃」 | 「離我愛的飲料店超近🤤」 | 「員工服務很貼心」,萬華區,台北萬華區台北市萬華區,25.044904,121.508648,標準房,9471,2,#RD934480916,https://www.booking.com/hotel/tw/solaria-nisitetsu-taipei-ximen.zh-tw.html,4
索拉利亞西鐵飯店台北西門,9.1,禁菸客房、健身中心、免費無線網路、機場接駁車、餐廳、24 小時接待櫃檯、洗衣、早餐評價還不錯,「早餐好吃」 | 「離我愛的飲料店超近🤤」 | 「員工服務很貼心」,萬華區,台北萬華區台北市萬華區,25.044904,121.508648,標準房,9745,2,無,https://www.booking.com/hotel/tw/solaria-nisitetsu-taipei-ximen.zh-tw.html,4
索拉利亞西鐵飯店台北西門,9.1,禁菸客房、健身中心、免費無線網路、機場接駁車、餐廳、24 小時接待櫃檯、洗衣、早餐評價還不錯,「早餐好吃」 | 「離我愛的飲料店超近🤤」 | 「員工服務很貼心」,萬華區,台北萬華區台北市萬華區,25.044904,121.508648,標準房,10091,2,無,https://www.booking.com/hotel/tw/solaria-nisitetsu-taipei-ximen.zh-tw.html,4
索拉利亞西鐵飯店台北西門,9.1,禁菸客房、健身中心、免費無線網路、機場接駁車、餐廳、24 小時接待櫃檯、洗衣、早餐評價還不錯,「早餐好吃」 | 「離我愛的飲料店超近🤤」 | 「員工服務很貼心」,萬華區,台北萬華區台北市萬華區,25.044904,121.508648,標準房,10384,2,無,https://www.booking.com/hotel/tw/solaria-nisitetsu-taipei-ximen.zh-tw.html,4
永安棧,8.7,禁菸客房、健身中心、免費無線網路、客房服務、機場接駁車、餐廳、家庭房、酒吧、早餐評價超棒,「安靜舒適，早餐食材新鮮」 | 「早餐居然有炸雞」 | 「已經不是第一次入住， 每次服務都很好，房間非常乾淨， 而且交通方便， 員工也十分熱情友善」,萬華區,台北萬華區中華路一段150號,25.04288349559072,121.5081587433815,標準房,22400,4,#RD46293803,https://www.booking.com/hotel/tw/westgate-hotel.zh-tw.html,4
永安棧,8.7,禁菸客房、健身中心、免費無線網路、客房服務、機場接駁車、餐廳、家庭房、酒吧、早餐評價超棒,「安靜舒適，早餐食材新鮮」 | 「早餐居然有炸雞」 | 「已經不是第一次入住， 每次服務都很好，房間非常乾淨， 而且交通方便， 員工也十分熱情友善」,萬華區,台北萬華區中華路一段150號,25.04288349559072,121.5081587433815,標準房,24150,4,#RD46293814,https://www.booking.com/hotel/tw/westgate-hotel.zh-tw.html,4
永安棧,8.7,禁菸客房、健身中心、免費無線網路、客房服務、機場接駁車、餐廳、家庭房、酒吧、早餐評價超棒,「安靜舒適，早餐食材新鮮」 | 「早餐居然有炸雞」 | 「已經不是第一次入住， 每次服務都很好，房間非常乾淨， 而且交通方便， 員工也十分熱情友善」,萬華區,台北萬華區中華路一段150號,25.04288349559072,121.5081587433815,標準房,23000,3,#RD46293820,https://www.booking.com/hotel/tw/westgate-hotel.zh-tw.html,4
永安棧,8.7,禁菸客房、健身中心、免費無線網路、客房服務、機場接駁車、餐廳、家庭房、酒吧、早餐評價超棒,「安靜舒適，早餐食材新鮮」 | 「早餐居然有炸雞」 | 「已經不是第一次入住， 每次服務都很好，房間非常乾淨， 而且交通方便， 員工也十分熱情友善」,萬華區,台北萬華區中華路一段150號,25.04288349559072,121.5081587433815,標準房,24225,3,#RD46293821,https://www.booking.com/hotel/tw/westgate-hotel.zh-tw.html,4
永安棧,8.7,禁菸客房、健身中心、免費無線網路、客房服務、機場接駁車、餐廳、家庭房、酒吧、早餐評價超棒,「安靜舒適，早餐食材新鮮」 | 「早餐居然有炸雞」 | 「已經不是第一次入住， 每次服務都很好，房間非常乾淨， 而且交通方便， 員工也十分熱情友善」,萬華區,台北萬華區中華路一段150號,25.04288349559072,121.5081587433815,標準房,24225,3,#RD46293822,https://www.booking.com/hotel/tw/westgate-hotel.zh-tw.html,4
永安棧,8.7,禁菸客房、健身中心、免費無線網路、客房服務、機場接駁車、餐廳、家庭房、酒吧、早餐評價超棒,「安靜舒適，早餐食材新鮮」 | 「早餐居然有炸雞」 | 「已經不是第一次入住， 每次服務都很好，房間非常乾淨， 而且交通方便， 員工也十分熱情友善」,萬華區,台北萬華區中華路一段150號,25.04288349559072,121.5081587433815,標準房,21350,2,#RD46293802,https://www.booking.com/hotel/tw/westgate-hotel.zh-tw.html,4
苓旅中山館-Lininn ZhongShan,8.1,禁菸客房、免費無線網路、私人停車場、機場接駁車、家庭房、24 小時接待櫃檯、電梯、行李寄存、每日清潔服務,「人員回覆訊息快速 床很舒適」 | 「床很大很舒服」 | 「很棒的地點；飯店人員回應速度很快，也很盡力達成住客要求」,中山區,台北中山區台北市中山區建國北路二段91號,25.058719,121.53742,標準房,3921,2,#RD988760501,https://www.booking.com/hotel/tw/ling-lu-zhong-shan-guan-lininn-zhongshan.zh-tw.html,4
苓旅中山館-Lininn ZhongShan,8.1,禁菸客房、免費無線網路、私人停車場、機場接駁車、家庭房、24 小時接待櫃檯、電梯、行李寄存、每日清潔服務,「人員回覆訊息快速 床很舒適」 | 「床很大很舒服」 | 「很棒的地點；飯店人員回應速度很快，也很盡力達成住客要求」,中山區,台北中山區台北市中山區建國北路二段91號,25.058719,121.53742,標準房,4029,2,#RD988760502,https://www.booking.com/hotel/tw/ling-lu-zhong-shan-guan-lininn-zhongshan.zh-tw.html,4
苓旅中山館-Lininn ZhongShan,8.1,禁菸客房、免費無線網路、私人停車場、機場接駁車、家庭房、24 小時接待櫃檯、電梯、行李寄存、每日清潔服務,「人員回覆訊息快速 床很舒適」 | 「床很大很舒服」 | 「很棒的地點；飯店人員回應速度很快，也很盡力達成住客要求」,中山區,台北中山區台北市中山區建國北路二段91號,25.058719,121.53742,標準房,4029,2,#RD988760503,https://www.booking.com/hotel/tw/ling-lu-zhong-shan-guan-lininn-zhongshan.zh-tw.html,4
苓旅中山館-Lininn ZhongShan,8.1,禁菸客房、免費無線網路、私人停車場、機場接駁車、家庭房、24 小時接待櫃檯、電梯、行李寄存、每日清潔服務,「人員回覆訊息快速 床很舒適」 | 「床很大很舒服」 | 「很棒的地點；飯店人員回應速度很快，也很盡力達成住客要求」,中山區,台北中山區台北市中山區建國北路二段91號,25.058719,121.53742,標準房,3813,1,#RD988760506,https://www.booking.com/hotel/tw/ling-lu-zhong-shan-guan-lininn-zhongshan.zh-tw.html,4
Aloft by Marriott Taipei Beitou,8.6,禁菸客房、健身中心、免費無線網路、私人停車場、餐廳、24 小時接待櫃檯、露台、酒吧、早餐評價很好,「Great view」 | 「寵物友善」 | 「服務很好」,北投區,台北北投區No,25.1242863,121.49911670000006,標準房,4000,2,#RD200557613,https://www.booking.com/hotel/tw/tai-bei-bei-tou-ya-le-xuan-jiu-dian.zh-tw.html,4
Aloft by Marriott Taipei Beitou,8.6,禁菸客房、健身中心、免費無線網路、私人停車場、餐廳、24 小時接待櫃檯、露台、酒吧、早餐評價很好,「Great view」 | 「寵物友善」 | 「服務很好」,北投區,台北北投區No,25.1242863,121.49911670000006,標準房,4900,2,無,https://www.booking.com/hotel/tw/tai-bei-bei-tou-ya-le-xuan-jiu-dian.zh-tw.html,4
Aloft by Marriott Taipei Beitou,8.6,禁菸客房、健身中心、免費無線網路、私人停車場、餐廳、24 小時接待櫃檯、露台、酒吧、早餐評價很好,「Great view」 | 「寵物友善」 | 「服務很好」,北投區,台北北投區No,25.1242863,121.49911670000006,標準房,4450,1,無,https://www.booking.com/hotel/tw/tai-bei-bei-tou-ya-le-xuan-jiu-dian.zh-tw.html,4
Aloft by Marriott Taipei Beitou,8.6,禁菸客房、健身中心、免費無線網路、私人停車場、餐廳、24 小時接待櫃檯、露台、酒吧、早餐評價很好,「Great view」 | 「寵物友善」 | 「服務很好」,北投區,台北北投區No,25.1242863,121.49911670000006,標準房,5000,2,#RD200557615,https://www.booking.com/hotel/tw/tai-bei-bei-tou-ya-le-xuan-jiu-dian.zh-tw.html,4
Aloft by Marriott Taipei Beitou,8.6,禁菸客房、健身中心、免費無線網路、私人停車場、餐廳、24 小時接待櫃檯、露台、酒吧、早餐評價很好,「Great view」 | 「寵物友善」 | 「服務很好」,北投區,台北北投區No,25.1242863,121.49911670000006,標準房,5900,2,無,https://www.booking.com/hotel/tw/tai-bei-bei-tou-ya-le-xuan-jiu-dian.zh-tw.html,4
Aloft by Marriott Taipei Beitou,8.6,禁菸客房、健身中心、免費無線網路、私人停車場、餐廳、24 小時接待櫃檯、露台、酒吧、早餐評價很好,「Great view」 | 「寵物友善」 | 「服務很好」,北投區,台北北投區No,25.1242863,121.49911670000006,標準房,5450,1,無,https://www.booking.com/hotel/tw/tai-bei-bei-tou-ya-le-xuan-jiu-dian.zh-tw.html,4
吉泰旅店 ,8.4,禁菸客房、免費無線網路、免費停車、機場接駁車、家庭房、24 小時接待櫃檯、洗衣、電梯,「服務人員親切，房務整齊乾淨 下次有需求會再入住」 | 「位於士林夜市後段，想逛夜市非常方便，到捷運站也還在步行範圍。櫃檯24小時值班，房間不大但是乾淨整潔，床頭也有插座。衛浴乾濕分離還有免治馬桶，水壓也穩定，整體CP值蠻高。」 | 「地點很好」,士林區,台北士林區大東路93號,25.091099636268225,121.52560829881132,標準房,3999,2,#RD272827805,https://www.booking.com/hotel/tw/greatt-ji-tai-lu-dian.zh-tw.html,3
吉泰旅店 ,8.4,禁菸客房、免費無線網路、免費停車、機場接駁車、家庭房、24 小時接待櫃檯、洗衣、電梯,「服務人員親切，房務整齊乾淨 下次有需求會再入住」 | 「位於士林夜市後段，想逛夜市非常方便，到捷運站也還在步行範圍。櫃檯24小時值班，房間不大但是乾淨整潔，床頭也有插座。衛浴乾濕分離還有免治馬桶，水壓也穩定，整體CP值蠻高。」 | 「地點很好」,士林區,台北士林區大東路93號,25.091099636268225,121.52560829881132,標準房,3999,2,#RD272827806,https://www.booking.com/hotel/tw/greatt-ji-tai-lu-dian.zh-tw.html,3
吉泰旅店 ,8.4,禁菸客房、免費無線網路、免費停車、機場接駁車、家庭房、24 小時接待櫃檯、洗衣、電梯,「服務人員親切，房務整齊乾淨 下次有需求會再入住」 | 「位於士林夜市後段，想逛夜市非常方便，到捷運站也還在步行範圍。櫃檯24小時值班，房間不大但是乾淨整潔，床頭也有插座。衛浴乾濕分離還有免治馬桶，水壓也穩定，整體CP值蠻高。」 | 「地點很好」,士林區,台北士林區大東路93號,25.091099636268225,121.52560829881132,標準房,4058,2,#RD272827804,https://www.booking.com/hotel/tw/greatt-ji-tai-lu-dian.zh-tw.html,3
友徠精品旅館,7.4,免費無線網路、客房服務、免費停車、餐廳、24 小時接待櫃檯、熱水按摩池、早餐,無,南港區,台北南港區重陽路57巷15號,25.056191,121.596505,標準房,3280,2,#RD356269301,https://www.booking.com/hotel/tw/you-lai-jing-pin-lu-guan.zh-tw.html,4
友徠精品旅館,7.4,免費無線網路、客房服務、免費停車、餐廳、24 小時接待櫃檯、熱水按摩池、早餐,無,南港區,台北南港區重陽路57巷15號,25.056191,121.596505,標準房,3780,2,#RD356269302,https://www.booking.com/hotel/tw/you-lai-jing-pin-lu-guan.zh-tw.html,4
台北北門世民酒店,8.7,禁菸客房、免費無線網路、餐廳、24 小時接待櫃檯、酒吧、行李寄存、早餐評價還不錯,「位置優越，二樓客廳的服務和設備都很不錯，有微波爐和餐具可使用。」 | 「服務人員很棒的幫忙慶祝生日，整體給人感受到貼心的感覺」 | 「靠近西門町」,中正區,台北中正區中華路一段3號,25.0472478,121.5105382,標準房,4800,2,#RD235780006,https://www.booking.com/hotel/tw/citizenm-taipei-north-gate.zh-tw.html,4
台北北門世民酒店,8.7,禁菸客房、免費無線網路、餐廳、24 小時接待櫃檯、酒吧、行李寄存、早餐評價還不錯,「位置優越，二樓客廳的服務和設備都很不錯，有微波爐和餐具可使用。」 | 「服務人員很棒的幫忙慶祝生日，整體給人感受到貼心的感覺」 | 「靠近西門町」,中正區,台北中正區中華路一段3號,25.0472478,121.5105382,標準房,5600,2,無,https://www.booking.com/hotel/tw/citizenm-taipei-north-gate.zh-tw.html,4
台北北門世民酒店,8.7,禁菸客房、免費無線網路、餐廳、24 小時接待櫃檯、酒吧、行李寄存、早餐評價還不錯,「位置優越，二樓客廳的服務和設備都很不錯，有微波爐和餐具可使用。」 | 「服務人員很棒的幫忙慶祝生日，整體給人感受到貼心的感覺」 | 「靠近西門町」,中正區,台北中正區中華路一段3號,25.0472478,121.5105382,標準房,5200,1,無,https://www.booking.com/hotel/tw/citizenm-taipei-north-gate.zh-tw.html,4
台北北門世民酒店,8.7,禁菸客房、免費無線網路、餐廳、24 小時接待櫃檯、酒吧、行李寄存、早餐評價還不錯,「位置優越，二樓客廳的服務和設備都很不錯，有微波爐和餐具可使用。」 | 「服務人員很棒的幫忙慶祝生日，整體給人感受到貼心的感覺」 | 「靠近西門町」,中正區,台北中正區中華路一段3號,25.0472478,121.5105382,標準房,5300,2,#RD235780004,https://www.booking.com/hotel/tw/citizenm-taipei-north-gate.zh-tw.html,4
台北北門世民酒店,8.7,禁菸客房、免費無線網路、餐廳、24 小時接待櫃檯、酒吧、行李寄存、早餐評價還不錯,「位置優越，二樓客廳的服務和設備都很不錯，有微波爐和餐具可使用。」 | 「服務人員很棒的幫忙慶祝生日，整體給人感受到貼心的感覺」 | 「靠近西門町」,中正區,台北中正區中華路一段3號,25.0472478,121.5105382,標準房,4900,1,無,https://www.booking.com/hotel/tw/citizenm-taipei-north-gate.zh-tw.html,4
台北北門世民酒店,8.7,禁菸客房、免費無線網路、餐廳、24 小時接待櫃檯、酒吧、行李寄存、早餐評價還不錯,「位置優越，二樓客廳的服務和設備都很不錯，有微波爐和餐具可使用。」 | 「服務人員很棒的幫忙慶祝生日，整體給人感受到貼心的感覺」 | 「靠近西門町」,中正區,台北中正區中華路一段3號,25.0472478,121.5105382,標準房,5500,2,#RD235780007,https://www.booking.com/hotel/tw/citizenm-taipei-north-gate.zh-tw.html,4
台北北門世民酒店,8.7,禁菸客房、免費無線網路、餐廳、24 小時接待櫃檯、酒吧、行李寄存、早餐評價還不錯,「位置優越，二樓客廳的服務和設備都很不錯，有微波爐和餐具可使用。」 | 「服務人員很棒的幫忙慶祝生日，整體給人感受到貼心的感覺」 | 「靠近西門町」,中正區,台北中正區中華路一段3號,25.0472478,121.5105382,標準房,6300,2,無,https://www.booking.com/hotel/tw/citizenm-taipei-north-gate.zh-tw.html,4
台北北門世民酒店,8.7,禁菸客房、免費無線網路、餐廳、24 小時接待櫃檯、酒吧、行李寄存、早餐評價還不錯,「位置優越，二樓客廳的服務和設備都很不錯，有微波爐和餐具可使用。」 | 「服務人員很棒的幫忙慶祝生日，整體給人感受到貼心的感覺」 | 「靠近西門町」,中正區,台北中正區中華路一段3號,25.0472478,121.5105382,標準房,5900,1,無,https://www.booking.com/hotel/tw/citizenm-taipei-north-gate.zh-tw.html,4
台北宿之酒店.臻品之選,7.5,禁菸客房、健身中心、免費無線網路、客房服務、免費停車、機場接駁車、餐廳、24 小時接待櫃檯、洗衣、早餐,無,萬華區,台北萬華區環河南路一段51號,25.045481,121.502629,標準房,5000,2,#RD353462625,https://www.booking.com/hotel/tw/suz.zh-tw.html,4
台北宿之酒店.臻品之選,7.5,禁菸客房、健身中心、免費無線網路、客房服務、免費停車、機場接駁車、餐廳、24 小時接待櫃檯、洗衣、早餐,無,萬華區,台北萬華區環河南路一段51號,25.045481,121.502629,標準房,5900,2,無,https://www.booking.com/hotel/tw/suz.zh-tw.html,4
台北宿之酒店.臻品之選,7.5,禁菸客房、健身中心、免費無線網路、客房服務、免費停車、機場接駁車、餐廳、24 小時接待櫃檯、洗衣、早餐,無,萬華區,台北萬華區環河南路一段51號,25.045481,121.502629,標準房,5450,1,無,https://www.booking.com/hotel/tw/suz.zh-tw.html,4
台北宿之酒店.臻品之選,7.5,禁菸客房、健身中心、免費無線網路、客房服務、免費停車、機場接駁車、餐廳、24 小時接待櫃檯、洗衣、早餐,無,萬華區,台北萬華區環河南路一段51號,25.045481,121.502629,標準房,5600,2,#RD353462624,https://www.booking.com/hotel/tw/suz.zh-tw.html,4
台北宿之酒店.臻品之選,7.5,禁菸客房、健身中心、免費無線網路、客房服務、免費停車、機場接駁車、餐廳、24 小時接待櫃檯、洗衣、早餐,無,萬華區,台北萬華區環河南路一段51號,25.045481,121.502629,標準房,6500,2,無,https://www.booking.com/hotel/tw/suz.zh-tw.html,4
台北宿之酒店.臻品之選,7.5,禁菸客房、健身中心、免費無線網路、客房服務、免費停車、機場接駁車、餐廳、24 小時接待櫃檯、洗衣、早餐,無,萬華區,台北萬華區環河南路一段51號,25.045481,121.502629,標準房,6050,1,無,https://www.booking.com/hotel/tw/suz.zh-tw.html,4
台北宿之酒店.臻品之選,7.5,禁菸客房、健身中心、免費無線網路、客房服務、免費停車、機場接駁車、餐廳、24 小時接待櫃檯、洗衣、早餐,無,萬華區,台北萬華區環河南路一段51號,25.045481,121.502629,標準房,6600,2,#RD353462629,https://www.booking.com/hotel/tw/suz.zh-tw.html,4
台北宿之酒店.臻品之選,7.5,禁菸客房、健身中心、免費無線網路、客房服務、免費停車、機場接駁車、餐廳、24 小時接待櫃檯、洗衣、早餐,無,萬華區,台北萬華區環河南路一段51號,25.045481,121.502629,標準房,7500,2,無,https://www.booking.com/hotel/tw/suz.zh-tw.html,4
台北宿之酒店.臻品之選,7.5,禁菸客房、健身中心、免費無線網路、客房服務、免費停車、機場接駁車、餐廳、24 小時接待櫃檯、洗衣、早餐,無,萬華區,台北萬華區環河南路一段51號,25.045481,121.502629,標準房,7050,1,無,https://www.booking.com/hotel/tw/suz.zh-tw.html,4
路境行旅-府前館,8.2,禁菸客房、免費無線網路、客房服務、機場接駁車、家庭房、24 小時接待櫃檯、洗衣、電梯、行李寄存、早餐評價很好,「早餐中西式都有  有零食泡麵可以自由拿取  B1很舒適」 | 「櫃檯有提供餅乾及泡麵讓住宿的人可以拿取很貼心！早餐也很好吃😋！地點離捷運站很近，交通很方便喔！」 | 「由台北機場捷運到重慶南路一段的酒店，走路不多於15分鐘。去西門捷運站，都是大概10分鐘路程。」,中正區,台北中正區7F-11,25.04303901919261,121.51310473680496,標準房,4799,2,#RD75243935,https://www.booking.com/hotel/tw/chaiin-hotel-tzung-tung-fu.zh-tw.html,3
路境行旅-府前館,8.2,禁菸客房、免費無線網路、客房服務、機場接駁車、家庭房、24 小時接待櫃檯、洗衣、電梯、行李寄存、早餐評價很好,「早餐中西式都有  有零食泡麵可以自由拿取  B1很舒適」 | 「櫃檯有提供餅乾及泡麵讓住宿的人可以拿取很貼心！早餐也很好吃😋！地點離捷運站很近，交通很方便喔！」 | 「由台北機場捷運到重慶南路一段的酒店，走路不多於15分鐘。去西門捷運站，都是大概10分鐘路程。」,中正區,台北中正區7F-11,25.04303901919261,121.51310473680496,標準房,5099,2,無,https://www.booking.com/hotel/tw/chaiin-hotel-tzung-tung-fu.zh-tw.html,3
路境行旅-府前館,8.2,禁菸客房、免費無線網路、客房服務、機場接駁車、家庭房、24 小時接待櫃檯、洗衣、電梯、行李寄存、早餐評價很好,「早餐中西式都有  有零食泡麵可以自由拿取  B1很舒適」 | 「櫃檯有提供餅乾及泡麵讓住宿的人可以拿取很貼心！早餐也很好吃😋！地點離捷運站很近，交通很方便喔！」 | 「由台北機場捷運到重慶南路一段的酒店，走路不多於15分鐘。去西門捷運站，都是大概10分鐘路程。」,中正區,台北中正區7F-11,25.04303901919261,121.51310473680496,標準房,5200,2,#RD75243937,https://www.booking.com/hotel/tw/chaiin-hotel-tzung-tung-fu.zh-tw.html,3
路境行旅-府前館,8.2,禁菸客房、免費無線網路、客房服務、機場接駁車、家庭房、24 小時接待櫃檯、洗衣、電梯、行李寄存、早餐評價很好,「早餐中西式都有  有零食泡麵可以自由拿取  B1很舒適」 | 「櫃檯有提供餅乾及泡麵讓住宿的人可以拿取很貼心！早餐也很好吃😋！地點離捷運站很近，交通很方便喔！」 | 「由台北機場捷運到重慶南路一段的酒店，走路不多於15分鐘。去西門捷運站，都是大概10分鐘路程。」,中正區,台北中正區7F-11,25.04303901919261,121.51310473680496,標準房,5500,2,無,https://www.booking.com/hotel/tw/chaiin-hotel-tzung-tung-fu.zh-tw.html,3
承攜行旅-台北復北館,7.6,禁菸客房、免費無線網路、機場接駁車、電梯、行李寄存,「距離捷運站不遠，對面路口有YouBike可以租用」 | 「位置在中山國中捷運站走路路程大概3分鐘的位置，十分方便 自助辦理入住與退房也挺方便 以價格和住宿品質來說，性價比其實不錯(我是1300訂購標準雙人房，並被升級成豪華雙人房) 房間內設施基本齊全  最後謝謝住宿方幫我升級房型。儘管google map上的評價跟這裡有出入，但我覺得這家住宿其實比我想像中的好 至少是豪華雙人床的房型啦」 | 「離捷運站很近，乾淨又便宜，謝謝升等房間！」,松山區,台北松山區復興北路307號,25.058396003303237,121.54435649514198,標準房,3248,2,#RD29599715,https://www.booking.com/hotel/tw/regal-executive-suites.zh-tw.html,3
承攜行旅-台北復北館,7.6,禁菸客房、免費無線網路、機場接駁車、電梯、行李寄存,「距離捷運站不遠，對面路口有YouBike可以租用」 | 「位置在中山國中捷運站走路路程大概3分鐘的位置，十分方便 自助辦理入住與退房也挺方便 以價格和住宿品質來說，性價比其實不錯(我是1300訂購標準雙人房，並被升級成豪華雙人房) 房間內設施基本齊全  最後謝謝住宿方幫我升級房型。儘管google map上的評價跟這裡有出入，但我覺得這家住宿其實比我想像中的好 至少是豪華雙人床的房型啦」 | 「離捷運站很近，乾淨又便宜，謝謝升等房間！」,松山區,台北松山區復興北路307號,25.058396003303237,121.54435649514198,標準房,3489,2,#RD29599702,https://www.booking.com/hotel/tw/regal-executive-suites.zh-tw.html,3
谷墨商旅,8.0,禁菸客房、免費無線網路、客房服務、機場接駁車、24 小時接待櫃檯、電梯、行李寄存、每日清潔服務,「離市區近很方便買東西」 | 「寧靜、有窗戶可看外景、有除濕機、乾淨典雅」 | 「除了隔音稍微差了一點，其他都很棒！」,大安區,台北大安區和平東路一段147號1樓,25.0266159136286,121.53071075677872,標準房,4880,2,#RD142799704,https://www.booking.com/hotel/tw/goodmore-shi-da.zh-tw.html,3
谷墨商旅,8.0,禁菸客房、免費無線網路、客房服務、機場接駁車、24 小時接待櫃檯、電梯、行李寄存、每日清潔服務,「離市區近很方便買東西」 | 「寧靜、有窗戶可看外景、有除濕機、乾淨典雅」 | 「除了隔音稍微差了一點，其他都很棒！」,大安區,台北大安區和平東路一段147號1樓,25.0266159136286,121.53071075677872,標準房,5080,2,#RD142799705,https://www.booking.com/hotel/tw/goodmore-shi-da.zh-tw.html,3
谷墨商旅,8.0,禁菸客房、免費無線網路、客房服務、機場接駁車、24 小時接待櫃檯、電梯、行李寄存、每日清潔服務,「離市區近很方便買東西」 | 「寧靜、有窗戶可看外景、有除濕機、乾淨典雅」 | 「除了隔音稍微差了一點，其他都很棒！」,大安區,台北大安區和平東路一段147號1樓,25.0266159136286,121.53071075677872,標準房,5580,2,#RD142799718,https://www.booking.com/hotel/tw/goodmore-shi-da.zh-tw.html,3
卡夫人背包客棧 台北車站青年館,7.2,禁菸客房、免費無線網路、家庭房、洗衣、電梯、行李寄存、每日清潔服務,無,中正區,台北中正區館前路34號7樓,25.04461965763252,121.51488304722125,標準房,2199,2,#RD199498702,https://www.booking.com/hotel/tw/qia-fu-ren-bei-bao-ke-zhan.zh-tw.html,3
卡夫人背包客棧 台北車站青年館,7.2,禁菸客房、免費無線網路、家庭房、洗衣、電梯、行李寄存、每日清潔服務,無,中正區,台北中正區館前路34號7樓,25.04461965763252,121.51488304722125,標準房,2199,2,#RD199498706,https://www.booking.com/hotel/tw/qia-fu-ren-bei-bao-ke-zhan.zh-tw.html,3
卡夫人背包客棧 台北車站青年館,7.2,禁菸客房、免費無線網路、家庭房、洗衣、電梯、行李寄存、每日清潔服務,無,中正區,台北中正區館前路34號7樓,25.04461965763252,121.51488304722125,標準房,1099,1,#RD199498701,https://www.booking.com/hotel/tw/qia-fu-ren-bei-bao-ke-zhan.zh-tw.html,3
卡夫人背包客棧 台北車站青年館,7.2,禁菸客房、免費無線網路、家庭房、洗衣、電梯、行李寄存、每日清潔服務,無,中正區,台北中正區館前路34號7樓,25.04461965763252,121.51488304722125,標準房,1099,1,#RD199498705,https://www.booking.com/hotel/tw/qia-fu-ren-bei-bao-ke-zhan.zh-tw.html,3
華泰瑞舍,9.0,室內游泳池、禁菸客房、免費無線網路、免費停車、機場接駁車、家庭房、24 小時接待櫃檯、露台、洗衣,「飯店氣氛、房間、寢具相當有品味」 | 「空間很大 有廚房客廳非常方便 服務人員非常熱情」 | 「安靜舒適，什麼都有。」,中山區,台北中山區林森北路359號,25.05732366411905,121.52567936078265,標準房,7240,2,#RD32578801,https://www.booking.com/hotel/tw/gloria-residence.zh-tw.html,4
華泰瑞舍,9.0,室內游泳池、禁菸客房、免費無線網路、免費停車、機場接駁車、家庭房、24 小時接待櫃檯、露台、洗衣,「飯店氣氛、房間、寢具相當有品味」 | 「空間很大 有廚房客廳非常方便 服務人員非常熱情」 | 「安靜舒適，什麼都有。」,中山區,台北中山區林森北路359號,25.05732366411905,121.52567936078265,標準房,8040,2,無,https://www.booking.com/hotel/tw/gloria-residence.zh-tw.html,4
華泰瑞舍,9.0,室內游泳池、禁菸客房、免費無線網路、免費停車、機場接駁車、家庭房、24 小時接待櫃檯、露台、洗衣,「飯店氣氛、房間、寢具相當有品味」 | 「空間很大 有廚房客廳非常方便 服務人員非常熱情」 | 「安靜舒適，什麼都有。」,中山區,台北中山區林森北路359號,25.05732366411905,121.52567936078265,標準房,9000,2,#RD32578803,https://www.booking.com/hotel/tw/gloria-residence.zh-tw.html,4
丹迪旅店- 天母店,9.0,禁菸客房、免費無線網路、免費停車、餐廳、家庭房、24 小時接待櫃檯、洗衣、電梯、行李寄存、早餐評價非常好,「很新的旅店，衛浴乾濕分離，早餐好吃」 | 「住客素質好」 | 「櫃台人員態度友善非常專業 房間乾淨整潔 CP值很高 早餐非常豐富好吃」,士林區,台北士林區中山北路六段728巷2號,25.115246250224512,121.52796417474748,標準房,8148,2,#RD27247110,https://www.booking.com/hotel/tw/dandy-tian-mu-branch.zh-tw.html,3
丹迪旅店- 天母店,9.0,禁菸客房、免費無線網路、免費停車、餐廳、家庭房、24 小時接待櫃檯、洗衣、電梯、行李寄存、早餐評價非常好,「很新的旅店，衛浴乾濕分離，早餐好吃」 | 「住客素質好」 | 「櫃台人員態度友善非常專業 房間乾淨整潔 CP值很高 早餐非常豐富好吃」,士林區,台北士林區中山北路六段728巷2號,25.115246250224512,121.52796417474748,標準房,8334,2,#RD27247103,https://www.booking.com/hotel/tw/dandy-tian-mu-branch.zh-tw.html,3
丹迪旅店- 天母店,9.0,禁菸客房、免費無線網路、免費停車、餐廳、家庭房、24 小時接待櫃檯、洗衣、電梯、行李寄存、早餐評價非常好,「很新的旅店，衛浴乾濕分離，早餐好吃」 | 「住客素質好」 | 「櫃台人員態度友善非常專業 房間乾淨整潔 CP值很高 早餐非常豐富好吃」,士林區,台北士林區中山北路六段728巷2號,25.115246250224512,121.52796417474748,標準房,8519,2,#RD27247105,https://www.booking.com/hotel/tw/dandy-tian-mu-branch.zh-tw.html,3
丹迪旅店- 天母店,9.0,禁菸客房、免費無線網路、免費停車、餐廳、家庭房、24 小時接待櫃檯、洗衣、電梯、行李寄存、早餐評價非常好,「很新的旅店，衛浴乾濕分離，早餐好吃」 | 「住客素質好」 | 「櫃台人員態度友善非常專業 房間乾淨整潔 CP值很高 早餐非常豐富好吃」,士林區,台北士林區中山北路六段728巷2號,25.115246250224512,121.52796417474748,標準房,8704,2,#RD27247113,https://www.booking.com/hotel/tw/dandy-tian-mu-branch.zh-tw.html,3
沐蘭精品旅館-台北大直館 Mulan Boutique Hotel,8.3,禁菸客房、免費無線網路、客房服務、免費停車、家庭房、24 小時接待櫃檯、電梯、行李寄存、早餐評價很好,"「*辦理住宿快速~我是從Booking訂的!! 都很方便!! 訂房網站我個人喜歡從Shopback裡用Booking訂房!然後顯示的金額和訂房成功訊息都是正確的最後結果!! 不用還要多加什麼金額或還要自己打電話再確認!省了很多時間和不變的地方!! *房間很寬敞乾淨,床非常好睡~軟Q彈!! *浴缸很大泡澡洗澡水量充沛很爽!!! *電視有第四台和藍光電影,還可以自己登入串流平台Netflex或Youtube帳號就可以看了,有提供這服務我覺得也非常好很方便~可以自由選擇不無聊!!!...」 | 「很喜歡這次的早餐，和平常飯店提供的早餐樣式非常不一樣，家人都很喜歡，非常開心台北住宿又多了一家的選項，」 | 「一進門有很香的檀木味道 讓人放鬆 浴室 寢室 都很大 非常舒適 開車也有停車位   早餐是一人一份  錯過早餐時間 還可以打包 太方便  插頭也夠多」",中山區,台北中山區No,25.08072792904253,121.56215713177517,標準房,4304,2,#RD58035722,https://www.booking.com/hotel/tw/mulan-taipei.zh-tw.html,4
沐蘭精品旅館-台北大直館 Mulan Boutique Hotel,8.3,禁菸客房、免費無線網路、客房服務、免費停車、家庭房、24 小時接待櫃檯、電梯、行李寄存、早餐評價很好,"「*辦理住宿快速~我是從Booking訂的!! 都很方便!! 訂房網站我個人喜歡從Shopback裡用Booking訂房!然後顯示的金額和訂房成功訊息都是正確的最後結果!! 不用還要多加什麼金額或還要自己打電話再確認!省了很多時間和不變的地方!! *房間很寬敞乾淨,床非常好睡~軟Q彈!! *浴缸很大泡澡洗澡水量充沛很爽!!! *電視有第四台和藍光電影,還可以自己登入串流平台Netflex或Youtube帳號就可以看了,有提供這服務我覺得也非常好很方便~可以自由選擇不無聊!!!...」 | 「很喜歡這次的早餐，和平常飯店提供的早餐樣式非常不一樣，家人都很喜歡，非常開心台北住宿又多了一家的選項，」 | 「一進門有很香的檀木味道 讓人放鬆 浴室 寢室 都很大 非常舒適 開車也有停車位   早餐是一人一份  錯過早餐時間 還可以打包 太方便  插頭也夠多」",中山區,台北中山區No,25.08072792904253,121.56215713177517,標準房,4464,2,無,https://www.booking.com/hotel/tw/mulan-taipei.zh-tw.html,4
沐蘭精品旅館-台北大直館 Mulan Boutique Hotel,8.3,禁菸客房、免費無線網路、客房服務、免費停車、家庭房、24 小時接待櫃檯、電梯、行李寄存、早餐評價很好,"「*辦理住宿快速~我是從Booking訂的!! 都很方便!! 訂房網站我個人喜歡從Shopback裡用Booking訂房!然後顯示的金額和訂房成功訊息都是正確的最後結果!! 不用還要多加什麼金額或還要自己打電話再確認!省了很多時間和不變的地方!! *房間很寬敞乾淨,床非常好睡~軟Q彈!! *浴缸很大泡澡洗澡水量充沛很爽!!! *電視有第四台和藍光電影,還可以自己登入串流平台Netflex或Youtube帳號就可以看了,有提供這服務我覺得也非常好很方便~可以自由選擇不無聊!!!...」 | 「很喜歡這次的早餐，和平常飯店提供的早餐樣式非常不一樣，家人都很喜歡，非常開心台北住宿又多了一家的選項，」 | 「一進門有很香的檀木味道 讓人放鬆 浴室 寢室 都很大 非常舒適 開車也有停車位   早餐是一人一份  錯過早餐時間 還可以打包 太方便  插頭也夠多」",中山區,台北中山區No,25.08072792904253,121.56215713177517,標準房,4464,2,#RD58035721,https://www.booking.com/hotel/tw/mulan-taipei.zh-tw.html,4
沐蘭精品旅館-台北大直館 Mulan Boutique Hotel,8.3,禁菸客房、免費無線網路、客房服務、免費停車、家庭房、24 小時接待櫃檯、電梯、行李寄存、早餐評價很好,"「*辦理住宿快速~我是從Booking訂的!! 都很方便!! 訂房網站我個人喜歡從Shopback裡用Booking訂房!然後顯示的金額和訂房成功訊息都是正確的最後結果!! 不用還要多加什麼金額或還要自己打電話再確認!省了很多時間和不變的地方!! *房間很寬敞乾淨,床非常好睡~軟Q彈!! *浴缸很大泡澡洗澡水量充沛很爽!!! *電視有第四台和藍光電影,還可以自己登入串流平台Netflex或Youtube帳號就可以看了,有提供這服務我覺得也非常好很方便~可以自由選擇不無聊!!!...」 | 「很喜歡這次的早餐，和平常飯店提供的早餐樣式非常不一樣，家人都很喜歡，非常開心台北住宿又多了一家的選項，」 | 「一進門有很香的檀木味道 讓人放鬆 浴室 寢室 都很大 非常舒適 開車也有停車位   早餐是一人一份  錯過早餐時間 還可以打包 太方便  插頭也夠多」",中山區,台北中山區No,25.08072792904253,121.56215713177517,標準房,4624,2,無,https://www.booking.com/hotel/tw/mulan-taipei.zh-tw.html,4
沐蘭精品旅館-台北大直館 Mulan Boutique Hotel,8.3,禁菸客房、免費無線網路、客房服務、免費停車、家庭房、24 小時接待櫃檯、電梯、行李寄存、早餐評價很好,"「*辦理住宿快速~我是從Booking訂的!! 都很方便!! 訂房網站我個人喜歡從Shopback裡用Booking訂房!然後顯示的金額和訂房成功訊息都是正確的最後結果!! 不用還要多加什麼金額或還要自己打電話再確認!省了很多時間和不變的地方!! *房間很寬敞乾淨,床非常好睡~軟Q彈!! *浴缸很大泡澡洗澡水量充沛很爽!!! *電視有第四台和藍光電影,還可以自己登入串流平台Netflex或Youtube帳號就可以看了,有提供這服務我覺得也非常好很方便~可以自由選擇不無聊!!!...」 | 「很喜歡這次的早餐，和平常飯店提供的早餐樣式非常不一樣，家人都很喜歡，非常開心台北住宿又多了一家的選項，」 | 「一進門有很香的檀木味道 讓人放鬆 浴室 寢室 都很大 非常舒適 開車也有停車位   早餐是一人一份  錯過早餐時間 還可以打包 太方便  插頭也夠多」",中山區,台北中山區No,25.08072792904253,121.56215713177517,標準房,4624,2,#RD58035702,https://www.booking.com/hotel/tw/mulan-taipei.zh-tw.html,4
沐蘭精品旅館-台北大直館 Mulan Boutique Hotel,8.3,禁菸客房、免費無線網路、客房服務、免費停車、家庭房、24 小時接待櫃檯、電梯、行李寄存、早餐評價很好,"「*辦理住宿快速~我是從Booking訂的!! 都很方便!! 訂房網站我個人喜歡從Shopback裡用Booking訂房!然後顯示的金額和訂房成功訊息都是正確的最後結果!! 不用還要多加什麼金額或還要自己打電話再確認!省了很多時間和不變的地方!! *房間很寬敞乾淨,床非常好睡~軟Q彈!! *浴缸很大泡澡洗澡水量充沛很爽!!! *電視有第四台和藍光電影,還可以自己登入串流平台Netflex或Youtube帳號就可以看了,有提供這服務我覺得也非常好很方便~可以自由選擇不無聊!!!...」 | 「很喜歡這次的早餐，和平常飯店提供的早餐樣式非常不一樣，家人都很喜歡，非常開心台北住宿又多了一家的選項，」 | 「一進門有很香的檀木味道 讓人放鬆 浴室 寢室 都很大 非常舒適 開車也有停車位   早餐是一人一份  錯過早餐時間 還可以打包 太方便  插頭也夠多」",中山區,台北中山區No,25.08072792904253,121.56215713177517,標準房,4784,2,無,https://www.booking.com/hotel/tw/mulan-taipei.zh-tw.html,4
沐蘭精品旅館-台北大直館 Mulan Boutique Hotel,8.3,禁菸客房、免費無線網路、客房服務、免費停車、家庭房、24 小時接待櫃檯、電梯、行李寄存、早餐評價很好,"「*辦理住宿快速~我是從Booking訂的!! 都很方便!! 訂房網站我個人喜歡從Shopback裡用Booking訂房!然後顯示的金額和訂房成功訊息都是正確的最後結果!! 不用還要多加什麼金額或還要自己打電話再確認!省了很多時間和不變的地方!! *房間很寬敞乾淨,床非常好睡~軟Q彈!! *浴缸很大泡澡洗澡水量充沛很爽!!! *電視有第四台和藍光電影,還可以自己登入串流平台Netflex或Youtube帳號就可以看了,有提供這服務我覺得也非常好很方便~可以自由選擇不無聊!!!...」 | 「很喜歡這次的早餐，和平常飯店提供的早餐樣式非常不一樣，家人都很喜歡，非常開心台北住宿又多了一家的選項，」 | 「一進門有很香的檀木味道 讓人放鬆 浴室 寢室 都很大 非常舒適 開車也有停車位   早餐是一人一份  錯過早餐時間 還可以打包 太方便  插頭也夠多」",中山區,台北中山區No,25.08072792904253,121.56215713177517,標準房,5980,2,#RD58035726,https://www.booking.com/hotel/tw/mulan-taipei.zh-tw.html,4
沐蘭精品旅館-台北大直館 Mulan Boutique Hotel,8.3,禁菸客房、免費無線網路、客房服務、免費停車、家庭房、24 小時接待櫃檯、電梯、行李寄存、早餐評價很好,"「*辦理住宿快速~我是從Booking訂的!! 都很方便!! 訂房網站我個人喜歡從Shopback裡用Booking訂房!然後顯示的金額和訂房成功訊息都是正確的最後結果!! 不用還要多加什麼金額或還要自己打電話再確認!省了很多時間和不變的地方!! *房間很寬敞乾淨,床非常好睡~軟Q彈!! *浴缸很大泡澡洗澡水量充沛很爽!!! *電視有第四台和藍光電影,還可以自己登入串流平台Netflex或Youtube帳號就可以看了,有提供這服務我覺得也非常好很方便~可以自由選擇不無聊!!!...」 | 「很喜歡這次的早餐，和平常飯店提供的早餐樣式非常不一樣，家人都很喜歡，非常開心台北住宿又多了一家的選項，」 | 「一進門有很香的檀木味道 讓人放鬆 浴室 寢室 都很大 非常舒適 開車也有停車位   早餐是一人一份  錯過早餐時間 還可以打包 太方便  插頭也夠多」",中山區,台北中山區No,25.08072792904253,121.56215713177517,標準房,6280,2,無,https://www.booking.com/hotel/tw/mulan-taipei.zh-tw.html,4
沐蘭精品旅館-台北大直館 Mulan Boutique Hotel,8.3,禁菸客房、免費無線網路、客房服務、免費停車、家庭房、24 小時接待櫃檯、電梯、行李寄存、早餐評價很好,"「*辦理住宿快速~我是從Booking訂的!! 都很方便!! 訂房網站我個人喜歡從Shopback裡用Booking訂房!然後顯示的金額和訂房成功訊息都是正確的最後結果!! 不用還要多加什麼金額或還要自己打電話再確認!省了很多時間和不變的地方!! *房間很寬敞乾淨,床非常好睡~軟Q彈!! *浴缸很大泡澡洗澡水量充沛很爽!!! *電視有第四台和藍光電影,還可以自己登入串流平台Netflex或Youtube帳號就可以看了,有提供這服務我覺得也非常好很方便~可以自由選擇不無聊!!!...」 | 「很喜歡這次的早餐，和平常飯店提供的早餐樣式非常不一樣，家人都很喜歡，非常開心台北住宿又多了一家的選項，」 | 「一進門有很香的檀木味道 讓人放鬆 浴室 寢室 都很大 非常舒適 開車也有停車位   早餐是一人一份  錯過早餐時間 還可以打包 太方便  插頭也夠多」",中山區,台北中山區No,25.08072792904253,121.56215713177517,標準房,6180,2,#RD58035725,https://www.booking.com/hotel/tw/mulan-taipei.zh-tw.html,4
沐蘭精品旅館-台北大直館 Mulan Boutique Hotel,8.3,禁菸客房、免費無線網路、客房服務、免費停車、家庭房、24 小時接待櫃檯、電梯、行李寄存、早餐評價很好,"「*辦理住宿快速~我是從Booking訂的!! 都很方便!! 訂房網站我個人喜歡從Shopback裡用Booking訂房!然後顯示的金額和訂房成功訊息都是正確的最後結果!! 不用還要多加什麼金額或還要自己打電話再確認!省了很多時間和不變的地方!! *房間很寬敞乾淨,床非常好睡~軟Q彈!! *浴缸很大泡澡洗澡水量充沛很爽!!! *電視有第四台和藍光電影,還可以自己登入串流平台Netflex或Youtube帳號就可以看了,有提供這服務我覺得也非常好很方便~可以自由選擇不無聊!!!...」 | 「很喜歡這次的早餐，和平常飯店提供的早餐樣式非常不一樣，家人都很喜歡，非常開心台北住宿又多了一家的選項，」 | 「一進門有很香的檀木味道 讓人放鬆 浴室 寢室 都很大 非常舒適 開車也有停車位   早餐是一人一份  錯過早餐時間 還可以打包 太方便  插頭也夠多」",中山區,台北中山區No,25.08072792904253,121.56215713177517,標準房,6480,2,無,https://www.booking.com/hotel/tw/mulan-taipei.zh-tw.html,4
有誠商旅,8.8,禁菸客房、健身中心、免費無線網路、免費停車、24 小時接待櫃檯、電梯、行李寄存、每日清潔服務、早餐評價超棒,「我已經住三次了，每次去臺北如果要去故宮或者士林的話，住在這裡最好，CP 值很高。  感覺飯店沒什麼生意，所以一整天都看不到什麼員工或其他房客，感覺非常好。」 | 「服務人員的態度都很友善，連停車場停車的解說都很詳細。。房間及浴室空間都不小，雖然旅店有些老舊但維持的很乾淨舒服。早餐依照各人需求點餐，既不浪費份量也很足夠！」 | 「都很滿意」,士林區,台北士林區至善路二段55號,25.097724,121.54503899999996,標準房,5080,2,#RD148644904,https://www.booking.com/hotel/tw/yusense-you-cheng-shang-lu.zh-tw.html,4
大湖璞旅,8.8,禁菸客房、健身中心、免費無線網路、客房服務、餐廳、家庭房、24 小時接待櫃檯、早餐評價很好,「交通方便 乾淨整潔」 | 「升等 有充電器」 | 「櫃檯人員態度親切」,內湖區,台北內湖區成功路5段462號,25.073391,121.606402,標準房,4284,2,#RD812813604,https://www.booking.com/hotel/tw/da-hu-pu-lu.zh-tw.html,4
大湖璞旅,8.8,禁菸客房、健身中心、免費無線網路、客房服務、餐廳、家庭房、24 小時接待櫃檯、早餐評價很好,「交通方便 乾淨整潔」 | 「升等 有充電器」 | 「櫃檯人員態度親切」,內湖區,台北內湖區成功路5段462號,25.073391,121.606402,標準房,7224,2,#RD812813609,https://www.booking.com/hotel/tw/da-hu-pu-lu.zh-tw.html,4
台北國泰萬怡酒店,9.0,禁菸客房、健身中心、免費無線網路、客房服務、免費停車、3 間餐廳、24 小時接待櫃檯、酒吧、早餐評價還不錯,「櫃檯人員態度親切，房間乾淨沒有異味，餐點也很好吃。」 | 「服務非常好👍房間非常乾淨」 | 「房間物超所值！」,中山區,台北中山區民生東路3段6號,25.057722,121.538128,標準房,8500,2,#RD441113108,https://www.booking.com/hotel/tw/courtyard-by-marriott-taipei-downtown.zh-tw.html,4
台北國泰萬怡酒店,9.0,禁菸客房、健身中心、免費無線網路、客房服務、免費停車、3 間餐廳、24 小時接待櫃檯、酒吧、早餐評價還不錯,「櫃檯人員態度親切，房間乾淨沒有異味，餐點也很好吃。」 | 「服務非常好👍房間非常乾淨」 | 「房間物超所值！」,中山區,台北中山區民生東路3段6號,25.057722,121.538128,標準房,9700,2,無,https://www.booking.com/hotel/tw/courtyard-by-marriott-taipei-downtown.zh-tw.html,4
台北國泰萬怡酒店,9.0,禁菸客房、健身中心、免費無線網路、客房服務、免費停車、3 間餐廳、24 小時接待櫃檯、酒吧、早餐評價還不錯,「櫃檯人員態度親切，房間乾淨沒有異味，餐點也很好吃。」 | 「服務非常好👍房間非常乾淨」 | 「房間物超所值！」,中山區,台北中山區民生東路3段6號,25.057722,121.538128,標準房,8800,2,#RD441113104,https://www.booking.com/hotel/tw/courtyard-by-marriott-taipei-downtown.zh-tw.html,4
台北國泰萬怡酒店,9.0,禁菸客房、健身中心、免費無線網路、客房服務、免費停車、3 間餐廳、24 小時接待櫃檯、酒吧、早餐評價還不錯,「櫃檯人員態度親切，房間乾淨沒有異味，餐點也很好吃。」 | 「服務非常好👍房間非常乾淨」 | 「房間物超所值！」,中山區,台北中山區民生東路3段6號,25.057722,121.538128,標準房,10000,2,無,https://www.booking.com/hotel/tw/courtyard-by-marriott-taipei-downtown.zh-tw.html,4
台北國泰萬怡酒店,9.0,禁菸客房、健身中心、免費無線網路、客房服務、免費停車、3 間餐廳、24 小時接待櫃檯、酒吧、早餐評價還不錯,「櫃檯人員態度親切，房間乾淨沒有異味，餐點也很好吃。」 | 「服務非常好👍房間非常乾淨」 | 「房間物超所值！」,中山區,台北中山區民生東路3段6號,25.057722,121.538128,標準房,9400,1,無,https://www.booking.com/hotel/tw/courtyard-by-marriott-taipei-downtown.zh-tw.html,4
柔美精品商旅,8.4,禁菸客房、免費無線網路、免費停車、機場接駁車、24 小時接待櫃檯、電梯、行李寄存,「地點，性價比」 | 「升等後，空間大房間舒適，採光好，以商務的角度是首選，難怪很多日本客喜歡來這間，會繼續來住。」 | 「晚上在小巨蛋看演唱會搖滾區腿很累，在大大的浴缸泡熱水澡能充分紓解疲勞！🥰」,中山區,台北中山區建國北路二段64巷9號,25.05439656898996,121.53595715761185,標準房,6569,3,#RD17317205,https://www.booking.com/hotel/tw/roumei-boutique.zh-tw.html,4
柔美精品商旅,8.4,禁菸客房、免費無線網路、免費停車、機場接駁車、24 小時接待櫃檯、電梯、行李寄存,「地點，性價比」 | 「升等後，空間大房間舒適，採光好，以商務的角度是首選，難怪很多日本客喜歡來這間，會繼續來住。」 | 「晚上在小巨蛋看演唱會搖滾區腿很累，在大大的浴缸泡熱水澡能充分紓解疲勞！🥰」,中山區,台北中山區建國北路二段64巷9號,25.05439656898996,121.53595715761185,標準房,5749,2,#RD17317213,https://www.booking.com/hotel/tw/roumei-boutique.zh-tw.html,4
美福大飯店,9.4,室外游泳池、禁菸客房、健身中心、免費無線網路、客房服務、免費停車、機場接駁車、早餐評價超棒,「這次入住美福飯店，整體體驗非常滿意，值得推薦！  服務人員親切又專業，從入住到退房都讓人感到賓至如歸。房間乾淨整潔，完全沒有煙味，住起來非常舒適。  房內的...」 | 「環境很好很舒服」 | 「設施都很讚」,中山區,台北中山區樂群二路55號,25.0801066321067,121.55376316979527,標準房,9660,2,#RD172712714,https://www.booking.com/hotel/tw/tai-bei-mei-fu-da-fan-dian-grand-mayfull-taipei.zh-tw.html,5
美福大飯店,9.4,室外游泳池、禁菸客房、健身中心、免費無線網路、客房服務、免費停車、機場接駁車、早餐評價超棒,「這次入住美福飯店，整體體驗非常滿意，值得推薦！  服務人員親切又專業，從入住到退房都讓人感到賓至如歸。房間乾淨整潔，完全沒有煙味，住起來非常舒適。  房內的...」 | 「環境很好很舒服」 | 「設施都很讚」,中山區,台北中山區樂群二路55號,25.0801066321067,121.55376316979527,標準房,10654,1,無,https://www.booking.com/hotel/tw/tai-bei-mei-fu-da-fan-dian-grand-mayfull-taipei.zh-tw.html,5
美福大飯店,9.4,室外游泳池、禁菸客房、健身中心、免費無線網路、客房服務、免費停車、機場接駁車、早餐評價超棒,「這次入住美福飯店，整體體驗非常滿意，值得推薦！  服務人員親切又專業，從入住到退房都讓人感到賓至如歸。房間乾淨整潔，完全沒有煙味，住起來非常舒適。  房內的...」 | 「環境很好很舒服」 | 「設施都很讚」,中山區,台北中山區樂群二路55號,25.0801066321067,121.55376316979527,標準房,9660,2,#RD172712715,https://www.booking.com/hotel/tw/tai-bei-mei-fu-da-fan-dian-grand-mayfull-taipei.zh-tw.html,5
美福大飯店,9.4,室外游泳池、禁菸客房、健身中心、免費無線網路、客房服務、免費停車、機場接駁車、早餐評價超棒,「這次入住美福飯店，整體體驗非常滿意，值得推薦！  服務人員親切又專業，從入住到退房都讓人感到賓至如歸。房間乾淨整潔，完全沒有煙味，住起來非常舒適。  房內的...」 | 「環境很好很舒服」 | 「設施都很讚」,中山區,台北中山區樂群二路55號,25.0801066321067,121.55376316979527,標準房,11250,2,無,https://www.booking.com/hotel/tw/tai-bei-mei-fu-da-fan-dian-grand-mayfull-taipei.zh-tw.html,5
美福大飯店,9.4,室外游泳池、禁菸客房、健身中心、免費無線網路、客房服務、免費停車、機場接駁車、早餐評價超棒,「這次入住美福飯店，整體體驗非常滿意，值得推薦！  服務人員親切又專業，從入住到退房都讓人感到賓至如歸。房間乾淨整潔，完全沒有煙味，住起來非常舒適。  房內的...」 | 「環境很好很舒服」 | 「設施都很讚」,中山區,台北中山區樂群二路55號,25.0801066321067,121.55376316979527,標準房,10967,2,#RD172712724,https://www.booking.com/hotel/tw/tai-bei-mei-fu-da-fan-dian-grand-mayfull-taipei.zh-tw.html,5
美福大飯店,9.4,室外游泳池、禁菸客房、健身中心、免費無線網路、客房服務、免費停車、機場接駁車、早餐評價超棒,「這次入住美福飯店，整體體驗非常滿意，值得推薦！  服務人員親切又專業，從入住到退房都讓人感到賓至如歸。房間乾淨整潔，完全沒有煙味，住起來非常舒適。  房內的...」 | 「環境很好很舒服」 | 「設施都很讚」,中山區,台北中山區樂群二路55號,25.0801066321067,121.55376316979527,標準房,11635,1,無,https://www.booking.com/hotel/tw/tai-bei-mei-fu-da-fan-dian-grand-mayfull-taipei.zh-tw.html,5
美福大飯店,9.4,室外游泳池、禁菸客房、健身中心、免費無線網路、客房服務、免費停車、機場接駁車、早餐評價超棒,「這次入住美福飯店，整體體驗非常滿意，值得推薦！  服務人員親切又專業，從入住到退房都讓人感到賓至如歸。房間乾淨整潔，完全沒有煙味，住起來非常舒適。  房內的...」 | 「環境很好很舒服」 | 「設施都很讚」,中山區,台北中山區樂群二路55號,25.0801066321067,121.55376316979527,標準房,12203,2,#RD172712712,https://www.booking.com/hotel/tw/tai-bei-mei-fu-da-fan-dian-grand-mayfull-taipei.zh-tw.html,5
美福大飯店,9.4,室外游泳池、禁菸客房、健身中心、免費無線網路、客房服務、免費停車、機場接駁車、早餐評價超棒,「這次入住美福飯店，整體體驗非常滿意，值得推薦！  服務人員親切又專業，從入住到退房都讓人感到賓至如歸。房間乾淨整潔，完全沒有煙味，住起來非常舒適。  房內的...」 | 「環境很好很舒服」 | 「設施都很讚」,中山區,台北中山區樂群二路55號,25.0801066321067,121.55376316979527,標準房,12871,1,無,https://www.booking.com/hotel/tw/tai-bei-mei-fu-da-fan-dian-grand-mayfull-taipei.zh-tw.html,5
美福大飯店,9.4,室外游泳池、禁菸客房、健身中心、免費無線網路、客房服務、免費停車、機場接駁車、早餐評價超棒,「這次入住美福飯店，整體體驗非常滿意，值得推薦！  服務人員親切又專業，從入住到退房都讓人感到賓至如歸。房間乾淨整潔，完全沒有煙味，住起來非常舒適。  房內的...」 | 「環境很好很舒服」 | 「設施都很讚」,中山區,台北中山區樂群二路55號,25.0801066321067,121.55376316979527,標準房,35884,2,#RD172712710,https://www.booking.com/hotel/tw/tai-bei-mei-fu-da-fan-dian-grand-mayfull-taipei.zh-tw.html,5
美福大飯店,9.4,室外游泳池、禁菸客房、健身中心、免費無線網路、客房服務、免費停車、機場接駁車、早餐評價超棒,「這次入住美福飯店，整體體驗非常滿意，值得推薦！  服務人員親切又專業，從入住到退房都讓人感到賓至如歸。房間乾淨整潔，完全沒有煙味，住起來非常舒適。  房內的...」 | 「環境很好很舒服」 | 「設施都很讚」,中山區,台北中山區樂群二路55號,25.0801066321067,121.55376316979527,標準房,20679,1,#RD172712713,https://www.booking.com/hotel/tw/tai-bei-mei-fu-da-fan-dian-grand-mayfull-taipei.zh-tw.html,5
台北六福萬怡酒店,8.8,禁菸客房、健身中心、免費無線網路、客房服務、免費停車、機場接駁車、酒吧、早餐評價很好,「升等為行政套房視野很棒」 | 「地點很棒，離高鐵、捷運站只要走幾分鐘，逛商場也很方便。房間空間大，環境整潔。」 | 「地點很好，就在南港高鐵站」,南港區,台北南港區No,25.052216,121.606514,標準房,10200,2,#RD160824705,https://www.booking.com/hotel/tw/courtyard-by-marriott-taipei.zh-tw.html,5
台北六福萬怡酒店,8.8,禁菸客房、健身中心、免費無線網路、客房服務、免費停車、機場接駁車、酒吧、早餐評價很好,「升等為行政套房視野很棒」 | 「地點很棒，離高鐵、捷運站只要走幾分鐘，逛商場也很方便。房間空間大，環境整潔。」 | 「地點很好，就在南港高鐵站」,南港區,台北南港區No,25.052216,121.606514,標準房,11400,2,無,https://www.booking.com/hotel/tw/courtyard-by-marriott-taipei.zh-tw.html,5
台北六福萬怡酒店,8.8,禁菸客房、健身中心、免費無線網路、客房服務、免費停車、機場接駁車、酒吧、早餐評價很好,「升等為行政套房視野很棒」 | 「地點很棒，離高鐵、捷運站只要走幾分鐘，逛商場也很方便。房間空間大，環境整潔。」 | 「地點很好，就在南港高鐵站」,南港區,台北南港區No,25.052216,121.606514,標準房,10800,1,無,https://www.booking.com/hotel/tw/courtyard-by-marriott-taipei.zh-tw.html,5
見潭璞旅,8.6,禁菸客房、免費無線網路、私人停車場、家庭房、24 小時接待櫃檯、洗衣、電梯、熱水按摩池、行李寄存,「所在位置方便」 | 「地點便利」 | 「地點極佳」,士林區,台北士林區承德路四段250號,25.089179,121.520456,標準房,4378,2,#RD950367609,https://www.booking.com/hotel/tw/jian-tan-pu-lu.zh-tw.html,4
見潭璞旅,8.6,禁菸客房、免費無線網路、私人停車場、家庭房、24 小時接待櫃檯、洗衣、電梯、熱水按摩池、行李寄存,「所在位置方便」 | 「地點便利」 | 「地點極佳」,士林區,台北士林區承德路四段250號,25.089179,121.520456,標準房,4708,2,#RD950367610,https://www.booking.com/hotel/tw/jian-tan-pu-lu.zh-tw.html,4
見潭璞旅,8.6,禁菸客房、免費無線網路、私人停車場、家庭房、24 小時接待櫃檯、洗衣、電梯、熱水按摩池、行李寄存,「所在位置方便」 | 「地點便利」 | 「地點極佳」,士林區,台北士林區承德路四段250號,25.089179,121.520456,標準房,4708,2,#RD950367611,https://www.booking.com/hotel/tw/jian-tan-pu-lu.zh-tw.html,4
台北士林萬麗酒店,8.1,室內游泳池、禁菸客房、健身中心、免費無線網路、客房服務、停車場（館內）、4 間餐廳、酒吧、早餐評價很好,「整體住宿的體驗都很不錯，很舒適，房間也非常整潔。 櫃檯接待的經理也很親切～」 | 「房間風景很棒，飯店自助早餐種類多元，精緻好吃。」 | 「床很舒適，浴室很整潔」,士林區,台北士林區中山北路五段470巷8號,25.093153,121.529224,標準房,10390,2,#RD393390901,https://www.booking.com/hotel/tw/renaissance-taipei-shihlin.zh-tw.html,5
台北士林萬麗酒店,8.1,室內游泳池、禁菸客房、健身中心、免費無線網路、客房服務、停車場（館內）、4 間餐廳、酒吧、早餐評價很好,「整體住宿的體驗都很不錯，很舒適，房間也非常整潔。 櫃檯接待的經理也很親切～」 | 「房間風景很棒，飯店自助早餐種類多元，精緻好吃。」 | 「床很舒適，浴室很整潔」,士林區,台北士林區中山北路五段470巷8號,25.093153,121.529224,標準房,11390,2,無,https://www.booking.com/hotel/tw/renaissance-taipei-shihlin.zh-tw.html,5
台北士林萬麗酒店,8.1,室內游泳池、禁菸客房、健身中心、免費無線網路、客房服務、停車場（館內）、4 間餐廳、酒吧、早餐評價很好,「整體住宿的體驗都很不錯，很舒適，房間也非常整潔。 櫃檯接待的經理也很親切～」 | 「房間風景很棒，飯店自助早餐種類多元，精緻好吃。」 | 「床很舒適，浴室很整潔」,士林區,台北士林區中山北路五段470巷8號,25.093153,121.529224,標準房,10890,1,無,https://www.booking.com/hotel/tw/renaissance-taipei-shihlin.zh-tw.html,5
台北士林萬麗酒店,8.1,室內游泳池、禁菸客房、健身中心、免費無線網路、客房服務、停車場（館內）、4 間餐廳、酒吧、早餐評價很好,「整體住宿的體驗都很不錯，很舒適，房間也非常整潔。 櫃檯接待的經理也很親切～」 | 「房間風景很棒，飯店自助早餐種類多元，精緻好吃。」 | 「床很舒適，浴室很整潔」,士林區,台北士林區中山北路五段470巷8號,25.093153,121.529224,標準房,11083,2,#RD393390902,https://www.booking.com/hotel/tw/renaissance-taipei-shihlin.zh-tw.html,5
台北士林萬麗酒店,8.1,室內游泳池、禁菸客房、健身中心、免費無線網路、客房服務、停車場（館內）、4 間餐廳、酒吧、早餐評價很好,「整體住宿的體驗都很不錯，很舒適，房間也非常整潔。 櫃檯接待的經理也很親切～」 | 「房間風景很棒，飯店自助早餐種類多元，精緻好吃。」 | 「床很舒適，浴室很整潔」,士林區,台北士林區中山北路五段470巷8號,25.093153,121.529224,標準房,12083,2,無,https://www.booking.com/hotel/tw/renaissance-taipei-shihlin.zh-tw.html,5
台北士林萬麗酒店,8.1,室內游泳池、禁菸客房、健身中心、免費無線網路、客房服務、停車場（館內）、4 間餐廳、酒吧、早餐評價很好,「整體住宿的體驗都很不錯，很舒適，房間也非常整潔。 櫃檯接待的經理也很親切～」 | 「房間風景很棒，飯店自助早餐種類多元，精緻好吃。」 | 「床很舒適，浴室很整潔」,士林區,台北士林區中山北路五段470巷8號,25.093153,121.529224,標準房,11583,1,無,https://www.booking.com/hotel/tw/renaissance-taipei-shihlin.zh-tw.html,5
台北士林萬麗酒店,8.1,室內游泳池、禁菸客房、健身中心、免費無線網路、客房服務、停車場（館內）、4 間餐廳、酒吧、早餐評價很好,「整體住宿的體驗都很不錯，很舒適，房間也非常整潔。 櫃檯接待的經理也很親切～」 | 「房間風景很棒，飯店自助早餐種類多元，精緻好吃。」 | 「床很舒適，浴室很整潔」,士林區,台北士林區中山北路五段470巷8號,25.093153,121.529224,標準房,11083,2,#RD393390903,https://www.booking.com/hotel/tw/renaissance-taipei-shihlin.zh-tw.html,5
台北歐華酒店,8.8,禁菸客房、健身中心、免費無線網路、客房服務、私人停車場、機場接駁車、酒吧、早餐評價還不錯,「一、位置好，停車尚稱方便。 二、房間乾淨，安靜。 三、早餐很ok，選擇性很多，量亦足夠。」 | 「飯店的服務人員」 | 「精緻的南法式莊潢，感受非常舒適放鬆！就像回到家的感覺，舒適、放鬆、完全的休息！」,中山區,台北中山區林森北路646號,25.06812433743836,121.52564808726312,標準房,5423,2,#RD30906511,https://www.booking.com/hotel/tw/the-riviera-taipei.zh-tw.html,4
台北歐華酒店,8.8,禁菸客房、健身中心、免費無線網路、客房服務、私人停車場、機場接駁車、酒吧、早餐評價還不錯,「一、位置好，停車尚稱方便。 二、房間乾淨，安靜。 三、早餐很ok，選擇性很多，量亦足夠。」 | 「飯店的服務人員」 | 「精緻的南法式莊潢，感受非常舒適放鬆！就像回到家的感覺，舒適、放鬆、完全的休息！」,中山區,台北中山區林森北路646號,25.06812433743836,121.52564808726312,標準房,6803,2,#RD30906509,https://www.booking.com/hotel/tw/the-riviera-taipei.zh-tw.html,4
臺北車站智選假日酒店,8.2,禁菸客房、免費無線網路、餐廳、家庭房、24 小時接待櫃檯、電梯、行李寄存、早餐評價超棒,"「Friendly staff and good location.」 | 「overall」 | 「Location: Situated in an area with lots to do & see. Also fairly close to the international airport. Room: clean, and comfortable Staff: Cali on the desk was fabulous.」",大同區,台北大同區重慶北路一段73號,25.05249,121.51427,標準房,6699,2,#RD32156219,https://www.booking.com/hotel/tw/new-continental.zh-tw.html,3
臺北車站智選假日酒店,8.2,禁菸客房、免費無線網路、餐廳、家庭房、24 小時接待櫃檯、電梯、行李寄存、早餐評價超棒,"「Friendly staff and good location.」 | 「overall」 | 「Location: Situated in an area with lots to do & see. Also fairly close to the international airport. Room: clean, and comfortable Staff: Cali on the desk was fabulous.」",大同區,台北大同區重慶北路一段73號,25.05249,121.51427,標準房,6699,2,#RD32156220,https://www.booking.com/hotel/tw/new-continental.zh-tw.html,3
臺北車站智選假日酒店,8.2,禁菸客房、免費無線網路、餐廳、家庭房、24 小時接待櫃檯、電梯、行李寄存、早餐評價超棒,"「Friendly staff and good location.」 | 「overall」 | 「Location: Situated in an area with lots to do & see. Also fairly close to the international airport. Room: clean, and comfortable Staff: Cali on the desk was fabulous.」",大同區,台北大同區重慶北路一段73號,25.05249,121.51427,標準房,6699,2,#RD32156221,https://www.booking.com/hotel/tw/new-continental.zh-tw.html,3
臺北車站智選假日酒店,8.2,禁菸客房、免費無線網路、餐廳、家庭房、24 小時接待櫃檯、電梯、行李寄存、早餐評價超棒,"「Friendly staff and good location.」 | 「overall」 | 「Location: Situated in an area with lots to do & see. Also fairly close to the international airport. Room: clean, and comfortable Staff: Cali on the desk was fabulous.」",大同區,台北大同區重慶北路一段73號,25.05249,121.51427,標準房,8432,2,#RD32156222,https://www.booking.com/hotel/tw/new-continental.zh-tw.html,3
臺北車站智選假日酒店,8.2,禁菸客房、免費無線網路、餐廳、家庭房、24 小時接待櫃檯、電梯、行李寄存、早餐評價超棒,"「Friendly staff and good location.」 | 「overall」 | 「Location: Situated in an area with lots to do & see. Also fairly close to the international airport. Room: clean, and comfortable Staff: Cali on the desk was fabulous.」",大同區,台北大同區重慶北路一段73號,25.05249,121.51427,標準房,8432,2,#RD32156223,https://www.booking.com/hotel/tw/new-continental.zh-tw.html,3
北投老爺酒店,8.8,禁菸客房、健身中心、免費無線網路、客房服務、SPA & 養生會館、餐廳、24 小時接待櫃檯、早餐評價超棒,"「幫家人慶生有在訂房時備註，飯店送的生日小蛋糕很好吃，房間內設備都很棒服務很好」 | 「房裡有溫泉泡非常讚！ 整個房間很乾淨整潔 電視有Netflix,Disney+,Youtube 大眾溫泉也非常棒 入住時還有密室逃脫玩！ 沒想到飯堂裡竟然還自己做一個密室逃脫！」 | 「服務人員耐心介紹環境且態度優良 有事情時也樂意幫忙且提出解決辦法 住宿那麼多次第一次遇到那麼好的服務人員。」",北投區,台北北投區中和街2號1樓及6-12樓,25.137483947691692,121.50371761670226,標準房,8736,2,#RD138136701,https://www.booking.com/hotel/tw/royal-hotel-beitou.zh-tw.html,5
台北星辰大飯店,8.8,禁菸客房、免費無線網路、免費停車、機場接駁車、餐廳、24 小時接待櫃檯、洗衣、早餐評價很好,"「早餐的生菜沙拉多樣化,咖啡很好喝」 | 「很不錯 很舒服」 | 「房間非常舒適空間很夠，早餐簡單但應有盡有又好吃，整體非常滿意！」",中正區,台北中正區金山南路一段80號,25.0363974997646,121.52763694524764,標準房,3570,2,#RD28710201,https://www.booking.com/hotel/tw/xing-chen-fan-dian.zh-tw.html,3
台北星辰大飯店,8.8,禁菸客房、免費無線網路、免費停車、機場接駁車、餐廳、24 小時接待櫃檯、洗衣、早餐評價很好,"「早餐的生菜沙拉多樣化,咖啡很好喝」 | 「很不錯 很舒服」 | 「房間非常舒適空間很夠，早餐簡單但應有盡有又好吃，整體非常滿意！」",中正區,台北中正區金山南路一段80號,25.0363974997646,121.52763694524764,標準房,4800,2,#RD28710206,https://www.booking.com/hotel/tw/xing-chen-fan-dian.zh-tw.html,3
台北W 酒店,9.0,室外游泳池、禁菸客房、健身中心、免費無線網路、客房服務、免費停車、機場接駁車、酒吧、早餐評價還不錯,「地點。人員友善。設施齊全。房間舒適度。」 | 「此次入住的是奇幻套房 (Fantastic Suite)，對於W提供的接待服務非常滿意，包含從上午於WOOBAR用餐，一直到Check-In，之後晚上在最頂樓的YEN Bar紫艷酒吧觀賞101、享用餐點 &...」 | 「房間非常美，夜景超棒，打掃乾淨，無可挑剔。」,信義區,台北信義區忠孝東路5段10號,25.04054332758169,121.56597912311554,標準房,17780,3,#RD33385911,https://www.booking.com/hotel/tw/w-taipei.zh-tw.html,5
台北W 酒店,9.0,室外游泳池、禁菸客房、健身中心、免費無線網路、客房服務、免費停車、機場接駁車、酒吧、早餐評價還不錯,「地點。人員友善。設施齊全。房間舒適度。」 | 「此次入住的是奇幻套房 (Fantastic Suite)，對於W提供的接待服務非常滿意，包含從上午於WOOBAR用餐，一直到Check-In，之後晚上在最頂樓的YEN Bar紫艷酒吧觀賞101、享用餐點 &...」 | 「房間非常美，夜景超棒，打掃乾淨，無可挑剔。」,信義區,台北信義區忠孝東路5段10號,25.04054332758169,121.56597912311554,標準房,15500,2,無,https://www.booking.com/hotel/tw/w-taipei.zh-tw.html,5
台北W 酒店,9.0,室外游泳池、禁菸客房、健身中心、免費無線網路、客房服務、免費停車、機場接駁車、酒吧、早餐評價還不錯,「地點。人員友善。設施齊全。房間舒適度。」 | 「此次入住的是奇幻套房 (Fantastic Suite)，對於W提供的接待服務非常滿意，包含從上午於WOOBAR用餐，一直到Check-In，之後晚上在最頂樓的YEN Bar紫艷酒吧觀賞101、享用餐點 &...」 | 「房間非常美，夜景超棒，打掃乾淨，無可挑剔。」,信義區,台北信義區忠孝東路5段10號,25.04054332758169,121.56597912311554,標準房,16900,2,無,https://www.booking.com/hotel/tw/w-taipei.zh-tw.html,5
金普頓大安酒店 - 洲際酒店集團酒店,9.2,禁菸客房、健身中心、免費無線網路、客房服務、免費停車、餐廳、24 小時接待櫃檯、酒吧、早餐評價超棒,「整體很棒」 | 「非常有善毛孩～」 | 「從每一位員工、到酒店內每一個環節，都讓人感受真誠與用心。」,大安區,台北大安區大安區仁愛路四段27巷25號,25.040529,121.54537,標準房,20264,2,#RD415514702,https://www.booking.com/hotel/tw/kimpton-da-an.zh-tw.html,5
金普頓大安酒店 - 洲際酒店集團酒店,9.2,禁菸客房、健身中心、免費無線網路、客房服務、免費停車、餐廳、24 小時接待櫃檯、酒吧、早餐評價超棒,「整體很棒」 | 「非常有善毛孩～」 | 「從每一位員工、到酒店內每一個環節，都讓人感受真誠與用心。」,大安區,台北大安區大安區仁愛路四段27巷25號,25.040529,121.54537,標準房,22089,2,無,https://www.booking.com/hotel/tw/kimpton-da-an.zh-tw.html,5
金普頓大安酒店 - 洲際酒店集團酒店,9.2,禁菸客房、健身中心、免費無線網路、客房服務、免費停車、餐廳、24 小時接待櫃檯、酒吧、早餐評價超棒,「整體很棒」 | 「非常有善毛孩～」 | 「從每一位員工、到酒店內每一個環節，都讓人感受真誠與用心。」,大安區,台北大安區大安區仁愛路四段27巷25號,25.040529,121.54537,標準房,20264,2,#RD415514709,https://www.booking.com/hotel/tw/kimpton-da-an.zh-tw.html,5
金普頓大安酒店 - 洲際酒店集團酒店,9.2,禁菸客房、健身中心、免費無線網路、客房服務、免費停車、餐廳、24 小時接待櫃檯、酒吧、早餐評價超棒,「整體很棒」 | 「非常有善毛孩～」 | 「從每一位員工、到酒店內每一個環節，都讓人感受真誠與用心。」,大安區,台北大安區大安區仁愛路四段27巷25號,25.040529,121.54537,標準房,23441,2,#RD415514730,https://www.booking.com/hotel/tw/kimpton-da-an.zh-tw.html,5
金普頓大安酒店 - 洲際酒店集團酒店,9.2,禁菸客房、健身中心、免費無線網路、客房服務、免費停車、餐廳、24 小時接待櫃檯、酒吧、早餐評價超棒,「整體很棒」 | 「非常有善毛孩～」 | 「從每一位員工、到酒店內每一個環節，都讓人感受真誠與用心。」,大安區,台北大安區大安區仁愛路四段27巷25號,25.040529,121.54537,標準房,25266,2,無,https://www.booking.com/hotel/tw/kimpton-da-an.zh-tw.html,5
旅居文旅-中山館,8.7,禁菸客房、免費無線網路、家庭房、24 小時接待櫃檯、洗衣、電梯、行李寄存、每日清潔服務,「性價比高。」 | 「驚艷的選書 乾淨的三樓空間，可隨時取用好吃的餅乾飲料吧 地點良好」 | 「地點很便利，24小時的自助吧～ 房間也很棒，空間大，寢具很舒服😊」,中山區,台北中山區錦西街6號,25.06026641080828,121.52194744361644,標準房,3808,2,#RD214118114,https://www.booking.com/hotel/tw/bai-li.zh-tw.html,3
旅居文旅-中山館,8.7,禁菸客房、免費無線網路、家庭房、24 小時接待櫃檯、洗衣、電梯、行李寄存、每日清潔服務,「性價比高。」 | 「驚艷的選書 乾淨的三樓空間，可隨時取用好吃的餅乾飲料吧 地點良好」 | 「地點很便利，24小時的自助吧～ 房間也很棒，空間大，寢具很舒服😊」,中山區,台北中山區錦西街6號,25.06026641080828,121.52194744361644,標準房,4998,2,#RD214118109,https://www.booking.com/hotel/tw/bai-li.zh-tw.html,3
旅居文旅-中山館,8.7,禁菸客房、免費無線網路、家庭房、24 小時接待櫃檯、洗衣、電梯、行李寄存、每日清潔服務,「性價比高。」 | 「驚艷的選書 乾淨的三樓空間，可隨時取用好吃的餅乾飲料吧 地點良好」 | 「地點很便利，24小時的自助吧～ 房間也很棒，空間大，寢具很舒服😊」,中山區,台北中山區錦西街6號,25.06026641080828,121.52194744361644,標準房,5168,2,#RD214118111,https://www.booking.com/hotel/tw/bai-li.zh-tw.html,3
禾順行旅 ,7.8,禁菸客房、免費無線網路、客房服務、機場接駁車、餐廳、家庭房、24 小時接待櫃檯、洗衣、早餐,「自助式早餐有中西式豐富多元，很棒~」 | 「雖然在夜市中央，但是隔音良好 走進旅店有一種鬧中取靜的感覺 兩人房的空間算寬敞 洗手台在外的設置也不錯 插頭數量也還算夠用 早餐種類滿豐富的基本該有的項目都有了」 | 「交通方便，很多特色小吃。 員工服務態度好。房間乾淨整潔」,萬華區,台北萬華區廣州街247號,25.0368791,121.49713870000004,標準房,4230,2,#RD127894809,https://www.booking.com/hotel/tw/banka-ban-ke-lu-dian.zh-tw.html,3
禾順行旅 ,7.8,禁菸客房、免費無線網路、客房服務、機場接駁車、餐廳、家庭房、24 小時接待櫃檯、洗衣、早餐,「自助式早餐有中西式豐富多元，很棒~」 | 「雖然在夜市中央，但是隔音良好 走進旅店有一種鬧中取靜的感覺 兩人房的空間算寬敞 洗手台在外的設置也不錯 插頭數量也還算夠用 早餐種類滿豐富的基本該有的項目都有了」 | 「交通方便，很多特色小吃。 員工服務態度好。房間乾淨整潔」,萬華區,台北萬華區廣州街247號,25.0368791,121.49713870000004,標準房,4500,2,無,https://www.booking.com/hotel/tw/banka-ban-ke-lu-dian.zh-tw.html,3
禾順行旅 ,7.8,禁菸客房、免費無線網路、客房服務、機場接駁車、餐廳、家庭房、24 小時接待櫃檯、洗衣、早餐,「自助式早餐有中西式豐富多元，很棒~」 | 「雖然在夜市中央，但是隔音良好 走進旅店有一種鬧中取靜的感覺 兩人房的空間算寬敞 洗手台在外的設置也不錯 插頭數量也還算夠用 早餐種類滿豐富的基本該有的項目都有了」 | 「交通方便，很多特色小吃。 員工服務態度好。房間乾淨整潔」,萬華區,台北萬華區廣州街247號,25.0368791,121.49713870000004,標準房,4500,2,#RD127894802,https://www.booking.com/hotel/tw/banka-ban-ke-lu-dian.zh-tw.html,3
禾順行旅 ,7.8,禁菸客房、免費無線網路、客房服務、機場接駁車、餐廳、家庭房、24 小時接待櫃檯、洗衣、早餐,「自助式早餐有中西式豐富多元，很棒~」 | 「雖然在夜市中央，但是隔音良好 走進旅店有一種鬧中取靜的感覺 兩人房的空間算寬敞 洗手台在外的設置也不錯 插頭數量也還算夠用 早餐種類滿豐富的基本該有的項目都有了」 | 「交通方便，很多特色小吃。 員工服務態度好。房間乾淨整潔」,萬華區,台北萬華區廣州街247號,25.0368791,121.49713870000004,標準房,4770,2,無,https://www.booking.com/hotel/tw/banka-ban-ke-lu-dian.zh-tw.html,3
台北唯客樂飯店,8.6,禁菸客房、免費無線網路、免費停車、24 小時接待櫃檯、電梯、行李寄存、每日清潔服務、早餐評價很好,「價格合理  水很熱水壓又夠強 早餐好吃」 | 「房間空間大且舒適 冰箱容量有比較大」 | 「房間乾淨，服務人員態度親切」,中山區,台北中山區長春路187號,25.054799920044715,121.53774619102478,標準房,4499,2,#RD57192602,https://www.booking.com/hotel/tw/waikoloa-hotel.zh-tw.html,3
台北唯客樂飯店,8.6,禁菸客房、免費無線網路、免費停車、24 小時接待櫃檯、電梯、行李寄存、每日清潔服務、早餐評價很好,「價格合理  水很熱水壓又夠強 早餐好吃」 | 「房間空間大且舒適 冰箱容量有比較大」 | 「房間乾淨，服務人員態度親切」,中山區,台北中山區長春路187號,25.054799920044715,121.53774619102478,標準房,4699,2,#RD57192605,https://www.booking.com/hotel/tw/waikoloa-hotel.zh-tw.html,3
苓旅松山館 Lininn Tapei Arena,7.8,禁菸客房、免費無線網路、家庭房、24 小時接待櫃檯、電梯、每日清潔服務,「地點真的好方便」 | 「冷氣舒適，房間乾淨整齊。」 | 「整體空間大 有分不同區域」,松山區,台北松山區14F,25.0480302500422,121.54932528734209,標準房,4680,3,#RD84765011,https://www.booking.com/hotel/tw/mei-stay-taipei.zh-tw.html,4
苓旅松山館 Lininn Tapei Arena,7.8,禁菸客房、免費無線網路、家庭房、24 小時接待櫃檯、電梯、每日清潔服務,「地點真的好方便」 | 「冷氣舒適，房間乾淨整齊。」 | 「整體空間大 有分不同區域」,松山區,台北松山區14F,25.0480302500422,121.54932528734209,標準房,4580,2,#RD84765002,https://www.booking.com/hotel/tw/mei-stay-taipei.zh-tw.html,4
苓旅松山館 Lininn Tapei Arena,7.8,禁菸客房、免費無線網路、家庭房、24 小時接待櫃檯、電梯、每日清潔服務,「地點真的好方便」 | 「冷氣舒適，房間乾淨整齊。」 | 「整體空間大 有分不同區域」,松山區,台北松山區14F,25.0480302500422,121.54932528734209,標準房,5980,2,#RD84765004,https://www.booking.com/hotel/tw/mei-stay-taipei.zh-tw.html,4
苓旅松山館 Lininn Tapei Arena,7.8,禁菸客房、免費無線網路、家庭房、24 小時接待櫃檯、電梯、每日清潔服務,「地點真的好方便」 | 「冷氣舒適，房間乾淨整齊。」 | 「整體空間大 有分不同區域」,松山區,台北松山區14F,25.0480302500422,121.54932528734209,標準房,6480,2,#RD84765022,https://www.booking.com/hotel/tw/mei-stay-taipei.zh-tw.html,4
苓旅松山館 Lininn Tapei Arena,7.8,禁菸客房、免費無線網路、家庭房、24 小時接待櫃檯、電梯、每日清潔服務,「地點真的好方便」 | 「冷氣舒適，房間乾淨整齊。」 | 「整體空間大 有分不同區域」,松山區,台北松山區14F,25.0480302500422,121.54932528734209,標準房,4480,1,#RD84765027,https://www.booking.com/hotel/tw/mei-stay-taipei.zh-tw.html,4
苓旅松山館 Lininn Tapei Arena,7.8,禁菸客房、免費無線網路、家庭房、24 小時接待櫃檯、電梯、每日清潔服務,「地點真的好方便」 | 「冷氣舒適，房間乾淨整齊。」 | 「整體空間大 有分不同區域」,松山區,台北松山區14F,25.0480302500422,121.54932528734209,標準房,5780,1,#RD84765028,https://www.booking.com/hotel/tw/mei-stay-taipei.zh-tw.html,4
北行旅,8.0,禁菸客房、免費無線網路、家庭房、電梯、行李寄存、每日清潔服務、暖氣,「我覺得以價格來說3人房CP值很高雖然我一個人住」 | 「地理位置佳」 | 「地理位置及價格合理 也蠻乾淨的」,中正區,台北中正區重慶南路一段86號3樓,25.043099,121.512984,標準房,4607,2,#RD839785203,https://www.booking.com/hotel/tw/n-tai-bei-shi1.zh-tw.html,3
北行旅,8.0,禁菸客房、免費無線網路、家庭房、電梯、行李寄存、每日清潔服務、暖氣,「我覺得以價格來說3人房CP值很高雖然我一個人住」 | 「地理位置佳」 | 「地理位置及價格合理 也蠻乾淨的」,中正區,台北中正區重慶南路一段86號3樓,25.043099,121.512984,標準房,4884,2,#RD839785201,https://www.booking.com/hotel/tw/n-tai-bei-shi1.zh-tw.html,3
台北遠東香格里拉,9.0,2 個游泳池、禁菸客房、健身中心、免費無線網路、客房服務、免費停車、酒吧、早餐評價超棒,「早餐好吃」 | 「服務品質優良」 | 「櫃檯服務態度佳，特別是豪華閣所有服務人員，專業、親切、很棒的住宿體驗。 床好睡，位置佳，能看到101的房型很讚。」,大安區,台北大安區敦化南路二段201號,25.02647950847079,121.5497061610222,標準房,12590,3,#RD38202902,https://www.booking.com/hotel/tw/shangri-la-s-far-eastern-plaza-taipei.zh-tw.html,5
台北遠東香格里拉,9.0,2 個游泳池、禁菸客房、健身中心、免費無線網路、客房服務、免費停車、酒吧、早餐評價超棒,「早餐好吃」 | 「服務品質優良」 | 「櫃檯服務態度佳，特別是豪華閣所有服務人員，專業、親切、很棒的住宿體驗。 床好睡，位置佳，能看到101的房型很讚。」,大安區,台北大安區敦化南路二段201號,25.02647950847079,121.5497061610222,標準房,14842,3,無,https://www.booking.com/hotel/tw/shangri-la-s-far-eastern-plaza-taipei.zh-tw.html,5
台北遠東香格里拉,9.0,2 個游泳池、禁菸客房、健身中心、免費無線網路、客房服務、免費停車、酒吧、早餐評價超棒,「早餐好吃」 | 「服務品質優良」 | 「櫃檯服務態度佳，特別是豪華閣所有服務人員，專業、親切、很棒的住宿體驗。 床好睡，位置佳，能看到101的房型很讚。」,大安區,台北大安區敦化南路二段201號,25.02647950847079,121.5497061610222,標準房,10510,2,無,https://www.booking.com/hotel/tw/shangri-la-s-far-eastern-plaza-taipei.zh-tw.html,5
台北遠東香格里拉,9.0,2 個游泳池、禁菸客房、健身中心、免費無線網路、客房服務、免費停車、酒吧、早餐評價超棒,「早餐好吃」 | 「服務品質優良」 | 「櫃檯服務態度佳，特別是豪華閣所有服務人員，專業、親切、很棒的住宿體驗。 床好睡，位置佳，能看到101的房型很讚。」,大安區,台北大安區敦化南路二段201號,25.02647950847079,121.5497061610222,標準房,12012,2,無,https://www.booking.com/hotel/tw/shangri-la-s-far-eastern-plaza-taipei.zh-tw.html,5
台北遠東香格里拉,9.0,2 個游泳池、禁菸客房、健身中心、免費無線網路、客房服務、免費停車、酒吧、早餐評價超棒,「早餐好吃」 | 「服務品質優良」 | 「櫃檯服務態度佳，特別是豪華閣所有服務人員，專業、親切、很棒的住宿體驗。 床好睡，位置佳，能看到101的房型很讚。」,大安區,台北大安區敦化南路二段201號,25.02647950847079,121.5497061610222,標準房,11261,1,無,https://www.booking.com/hotel/tw/shangri-la-s-far-eastern-plaza-taipei.zh-tw.html,5
台北遠東香格里拉,9.0,2 個游泳池、禁菸客房、健身中心、免費無線網路、客房服務、免費停車、酒吧、早餐評價超棒,「早餐好吃」 | 「服務品質優良」 | 「櫃檯服務態度佳，特別是豪華閣所有服務人員，專業、親切、很棒的住宿體驗。 床好睡，位置佳，能看到101的房型很讚。」,大安區,台北大安區敦化南路二段201號,25.02647950847079,121.5497061610222,標準房,12590,3,#RD38202966,https://www.booking.com/hotel/tw/shangri-la-s-far-eastern-plaza-taipei.zh-tw.html,5
台北遠東香格里拉,9.0,2 個游泳池、禁菸客房、健身中心、免費無線網路、客房服務、免費停車、酒吧、早餐評價超棒,「早餐好吃」 | 「服務品質優良」 | 「櫃檯服務態度佳，特別是豪華閣所有服務人員，專業、親切、很棒的住宿體驗。 床好睡，位置佳，能看到101的房型很讚。」,大安區,台北大安區敦化南路二段201號,25.02647950847079,121.5497061610222,標準房,13167,3,#RD38202976,https://www.booking.com/hotel/tw/shangri-la-s-far-eastern-plaza-taipei.zh-tw.html,5
台北遠東香格里拉,9.0,2 個游泳池、禁菸客房、健身中心、免費無線網路、客房服務、免費停車、酒吧、早餐評價超棒,「早餐好吃」 | 「服務品質優良」 | 「櫃檯服務態度佳，特別是豪華閣所有服務人員，專業、親切、很棒的住宿體驗。 床好睡，位置佳，能看到101的房型很讚。」,大安區,台北大安區敦化南路二段201號,25.02647950847079,121.5497061610222,標準房,15419,3,無,https://www.booking.com/hotel/tw/shangri-la-s-far-eastern-plaza-taipei.zh-tw.html,5
台北遠東香格里拉,9.0,2 個游泳池、禁菸客房、健身中心、免費無線網路、客房服務、免費停車、酒吧、早餐評價超棒,「早餐好吃」 | 「服務品質優良」 | 「櫃檯服務態度佳，特別是豪華閣所有服務人員，專業、親切、很棒的住宿體驗。 床好睡，位置佳，能看到101的房型很讚。」,大安區,台北大安區敦化南路二段201號,25.02647950847079,121.5497061610222,標準房,11088,2,無,https://www.booking.com/hotel/tw/shangri-la-s-far-eastern-plaza-taipei.zh-tw.html,5
台北遠東香格里拉,9.0,2 個游泳池、禁菸客房、健身中心、免費無線網路、客房服務、免費停車、酒吧、早餐評價超棒,「早餐好吃」 | 「服務品質優良」 | 「櫃檯服務態度佳，特別是豪華閣所有服務人員，專業、親切、很棒的住宿體驗。 床好睡，位置佳，能看到101的房型很讚。」,大安區,台北大安區敦化南路二段201號,25.02647950847079,121.5497061610222,標準房,12590,2,無,https://www.booking.com/hotel/tw/shangri-la-s-far-eastern-plaza-taipei.zh-tw.html,5
台北遠東香格里拉,9.0,2 個游泳池、禁菸客房、健身中心、免費無線網路、客房服務、免費停車、酒吧、早餐評價超棒,「早餐好吃」 | 「服務品質優良」 | 「櫃檯服務態度佳，特別是豪華閣所有服務人員，專業、親切、很棒的住宿體驗。 床好睡，位置佳，能看到101的房型很讚。」,大安區,台北大安區敦化南路二段201號,25.02647950847079,121.5497061610222,標準房,11839,1,無,https://www.booking.com/hotel/tw/shangri-la-s-far-eastern-plaza-taipei.zh-tw.html,5
台北遠東香格里拉,9.0,2 個游泳池、禁菸客房、健身中心、免費無線網路、客房服務、免費停車、酒吧、早餐評價超棒,「早餐好吃」 | 「服務品質優良」 | 「櫃檯服務態度佳，特別是豪華閣所有服務人員，專業、親切、很棒的住宿體驗。 床好睡，位置佳，能看到101的房型很讚。」,大安區,台北大安區敦化南路二段201號,25.02647950847079,121.5497061610222,標準房,13167,3,#RD38202977,https://www.booking.com/hotel/tw/shangri-la-s-far-eastern-plaza-taipei.zh-tw.html,5
台北遠東香格里拉,9.0,2 個游泳池、禁菸客房、健身中心、免費無線網路、客房服務、免費停車、酒吧、早餐評價超棒,「早餐好吃」 | 「服務品質優良」 | 「櫃檯服務態度佳，特別是豪華閣所有服務人員，專業、親切、很棒的住宿體驗。 床好睡，位置佳，能看到101的房型很讚。」,大安區,台北大安區敦化南路二段201號,25.02647950847079,121.5497061610222,標準房,19288,3,#RD38202905,https://www.booking.com/hotel/tw/shangri-la-s-far-eastern-plaza-taipei.zh-tw.html,5
台北遠東香格里拉,9.0,2 個游泳池、禁菸客房、健身中心、免費無線網路、客房服務、免費停車、酒吧、早餐評價超棒,「早餐好吃」 | 「服務品質優良」 | 「櫃檯服務態度佳，特別是豪華閣所有服務人員，專業、親切、很棒的住宿體驗。 床好睡，位置佳，能看到101的房型很讚。」,大安區,台北大安區敦化南路二段201號,25.02647950847079,121.5497061610222,標準房,21541,3,無,https://www.booking.com/hotel/tw/shangri-la-s-far-eastern-plaza-taipei.zh-tw.html,5
台北遠東香格里拉,9.0,2 個游泳池、禁菸客房、健身中心、免費無線網路、客房服務、免費停車、酒吧、早餐評價超棒,「早餐好吃」 | 「服務品質優良」 | 「櫃檯服務態度佳，特別是豪華閣所有服務人員，專業、親切、很棒的住宿體驗。 床好睡，位置佳，能看到101的房型很讚。」,大安區,台北大安區敦化南路二段201號,25.02647950847079,121.5497061610222,標準房,17210,2,無,https://www.booking.com/hotel/tw/shangri-la-s-far-eastern-plaza-taipei.zh-tw.html,5
台北遠東香格里拉,9.0,2 個游泳池、禁菸客房、健身中心、免費無線網路、客房服務、免費停車、酒吧、早餐評價超棒,「早餐好吃」 | 「服務品質優良」 | 「櫃檯服務態度佳，特別是豪華閣所有服務人員，專業、親切、很棒的住宿體驗。 床好睡，位置佳，能看到101的房型很讚。」,大安區,台北大安區敦化南路二段201號,25.02647950847079,121.5497061610222,標準房,18711,2,無,https://www.booking.com/hotel/tw/shangri-la-s-far-eastern-plaza-taipei.zh-tw.html,5
台北遠東香格里拉,9.0,2 個游泳池、禁菸客房、健身中心、免費無線網路、客房服務、免費停車、酒吧、早餐評價超棒,「早餐好吃」 | 「服務品質優良」 | 「櫃檯服務態度佳，特別是豪華閣所有服務人員，專業、親切、很棒的住宿體驗。 床好睡，位置佳，能看到101的房型很讚。」,大安區,台北大安區敦化南路二段201號,25.02647950847079,121.5497061610222,標準房,17960,1,無,https://www.booking.com/hotel/tw/shangri-la-s-far-eastern-plaza-taipei.zh-tw.html,5
台北遠東香格里拉,9.0,2 個游泳池、禁菸客房、健身中心、免費無線網路、客房服務、免費停車、酒吧、早餐評價超棒,「早餐好吃」 | 「服務品質優良」 | 「櫃檯服務態度佳，特別是豪華閣所有服務人員，專業、親切、很棒的住宿體驗。 床好睡，位置佳，能看到101的房型很讚。」,大安區,台北大安區敦化南路二段201號,25.02647950847079,121.5497061610222,標準房,19288,3,#RD38202973,https://www.booking.com/hotel/tw/shangri-la-s-far-eastern-plaza-taipei.zh-tw.html,5
台北遠東香格里拉,9.0,2 個游泳池、禁菸客房、健身中心、免費無線網路、客房服務、免費停車、酒吧、早餐評價超棒,「早餐好吃」 | 「服務品質優良」 | 「櫃檯服務態度佳，特別是豪華閣所有服務人員，專業、親切、很棒的住宿體驗。 床好睡，位置佳，能看到101的房型很讚。」,大安區,台北大安區敦化南路二段201號,25.02647950847079,121.5497061610222,標準房,19866,3,#RD38202961,https://www.booking.com/hotel/tw/shangri-la-s-far-eastern-plaza-taipei.zh-tw.html,5
台北遠東香格里拉,9.0,2 個游泳池、禁菸客房、健身中心、免費無線網路、客房服務、免費停車、酒吧、早餐評價超棒,「早餐好吃」 | 「服務品質優良」 | 「櫃檯服務態度佳，特別是豪華閣所有服務人員，專業、親切、很棒的住宿體驗。 床好睡，位置佳，能看到101的房型很讚。」,大安區,台北大安區敦化南路二段201號,25.02647950847079,121.5497061610222,標準房,17787,2,無,https://www.booking.com/hotel/tw/shangri-la-s-far-eastern-plaza-taipei.zh-tw.html,5
台北遠東香格里拉,9.0,2 個游泳池、禁菸客房、健身中心、免費無線網路、客房服務、免費停車、酒吧、早餐評價超棒,「早餐好吃」 | 「服務品質優良」 | 「櫃檯服務態度佳，特別是豪華閣所有服務人員，專業、親切、很棒的住宿體驗。 床好睡，位置佳，能看到101的房型很讚。」,大安區,台北大安區敦化南路二段201號,25.02647950847079,121.5497061610222,標準房,19866,3,#RD38202969,https://www.booking.com/hotel/tw/shangri-la-s-far-eastern-plaza-taipei.zh-tw.html,5
台北遠東香格里拉,9.0,2 個游泳池、禁菸客房、健身中心、免費無線網路、客房服務、免費停車、酒吧、早餐評價超棒,「早餐好吃」 | 「服務品質優良」 | 「櫃檯服務態度佳，特別是豪華閣所有服務人員，專業、親切、很棒的住宿體驗。 床好睡，位置佳，能看到101的房型很讚。」,大安區,台北大安區敦化南路二段201號,25.02647950847079,121.5497061610222,標準房,19866,3,#RD38202978,https://www.booking.com/hotel/tw/shangri-la-s-far-eastern-plaza-taipei.zh-tw.html,5
台北遠東香格里拉,9.0,2 個游泳池、禁菸客房、健身中心、免費無線網路、客房服務、免費停車、酒吧、早餐評價超棒,「早餐好吃」 | 「服務品質優良」 | 「櫃檯服務態度佳，特別是豪華閣所有服務人員，專業、親切、很棒的住宿體驗。 床好睡，位置佳，能看到101的房型很讚。」,大安區,台北大安區敦化南路二段201號,25.02647950847079,121.5497061610222,標準房,22118,3,無,https://www.booking.com/hotel/tw/shangri-la-s-far-eastern-plaza-taipei.zh-tw.html,5
台北遠東香格里拉,9.0,2 個游泳池、禁菸客房、健身中心、免費無線網路、客房服務、免費停車、酒吧、早餐評價超棒,「早餐好吃」 | 「服務品質優良」 | 「櫃檯服務態度佳，特別是豪華閣所有服務人員，專業、親切、很棒的住宿體驗。 床好睡，位置佳，能看到101的房型很讚。」,大安區,台北大安區敦化南路二段201號,25.02647950847079,121.5497061610222,標準房,19288,2,無,https://www.booking.com/hotel/tw/shangri-la-s-far-eastern-plaza-taipei.zh-tw.html,5
台北遠東香格里拉,9.0,2 個游泳池、禁菸客房、健身中心、免費無線網路、客房服務、免費停車、酒吧、早餐評價超棒,「早餐好吃」 | 「服務品質優良」 | 「櫃檯服務態度佳，特別是豪華閣所有服務人員，專業、親切、很棒的住宿體驗。 床好睡，位置佳，能看到101的房型很讚。」,大安區,台北大安區敦化南路二段201號,25.02647950847079,121.5497061610222,標準房,18538,1,無,https://www.booking.com/hotel/tw/shangri-la-s-far-eastern-plaza-taipei.zh-tw.html,5
台北遠東香格里拉,9.0,2 個游泳池、禁菸客房、健身中心、免費無線網路、客房服務、免費停車、酒吧、早餐評價超棒,「早餐好吃」 | 「服務品質優良」 | 「櫃檯服務態度佳，特別是豪華閣所有服務人員，專業、親切、很棒的住宿體驗。 床好睡，位置佳，能看到101的房型很讚。」,大安區,台北大安區敦化南路二段201號,25.02647950847079,121.5497061610222,標準房,20212,3,#RD38202936,https://www.booking.com/hotel/tw/shangri-la-s-far-eastern-plaza-taipei.zh-tw.html,5
台北遠東香格里拉,9.0,2 個游泳池、禁菸客房、健身中心、免費無線網路、客房服務、免費停車、酒吧、早餐評價超棒,「早餐好吃」 | 「服務品質優良」 | 「櫃檯服務態度佳，特別是豪華閣所有服務人員，專業、親切、很棒的住宿體驗。 床好睡，位置佳，能看到101的房型很讚。」,大安區,台北大安區敦化南路二段201號,25.02647950847079,121.5497061610222,標準房,22292,3,#RD38202932,https://www.booking.com/hotel/tw/shangri-la-s-far-eastern-plaza-taipei.zh-tw.html,5
台北遠東香格里拉,9.0,2 個游泳池、禁菸客房、健身中心、免費無線網路、客房服務、免費停車、酒吧、早餐評價超棒,「早餐好吃」 | 「服務品質優良」 | 「櫃檯服務態度佳，特別是豪華閣所有服務人員，專業、親切、很棒的住宿體驗。 床好睡，位置佳，能看到101的房型很讚。」,大安區,台北大安區敦化南路二段201號,25.02647950847079,121.5497061610222,標準房,20212,2,無,https://www.booking.com/hotel/tw/shangri-la-s-far-eastern-plaza-taipei.zh-tw.html,5
台北遠東香格里拉,9.0,2 個游泳池、禁菸客房、健身中心、免費無線網路、客房服務、免費停車、酒吧、早餐評價超棒,「早餐好吃」 | 「服務品質優良」 | 「櫃檯服務態度佳，特別是豪華閣所有服務人員，專業、親切、很棒的住宿體驗。 床好睡，位置佳，能看到101的房型很讚。」,大安區,台北大安區敦化南路二段201號,25.02647950847079,121.5497061610222,標準房,9933,2,#RD38202901,https://www.booking.com/hotel/tw/shangri-la-s-far-eastern-plaza-taipei.zh-tw.html,5
台北遠東香格里拉,9.0,2 個游泳池、禁菸客房、健身中心、免費無線網路、客房服務、免費停車、酒吧、早餐評價超棒,「早餐好吃」 | 「服務品質優良」 | 「櫃檯服務態度佳，特別是豪華閣所有服務人員，專業、親切、很棒的住宿體驗。 床好睡，位置佳，能看到101的房型很讚。」,大安區,台北大安區敦化南路二段201號,25.02647950847079,121.5497061610222,標準房,11434,2,無,https://www.booking.com/hotel/tw/shangri-la-s-far-eastern-plaza-taipei.zh-tw.html,5
台北遠東香格里拉,9.0,2 個游泳池、禁菸客房、健身中心、免費無線網路、客房服務、免費停車、酒吧、早餐評價超棒,「早餐好吃」 | 「服務品質優良」 | 「櫃檯服務態度佳，特別是豪華閣所有服務人員，專業、親切、很棒的住宿體驗。 床好睡，位置佳，能看到101的房型很讚。」,大安區,台北大安區敦化南路二段201號,25.02647950847079,121.5497061610222,標準房,10684,1,無,https://www.booking.com/hotel/tw/shangri-la-s-far-eastern-plaza-taipei.zh-tw.html,5
台北遠東香格里拉,9.0,2 個游泳池、禁菸客房、健身中心、免費無線網路、客房服務、免費停車、酒吧、早餐評價超棒,「早餐好吃」 | 「服務品質優良」 | 「櫃檯服務態度佳，特別是豪華閣所有服務人員，專業、親切、很棒的住宿體驗。 床好睡，位置佳，能看到101的房型很讚。」,大安區,台北大安區敦化南路二段201號,25.02647950847079,121.5497061610222,標準房,9933,2,#RD38202967,https://www.booking.com/hotel/tw/shangri-la-s-far-eastern-plaza-taipei.zh-tw.html,5
台北遠東香格里拉,9.0,2 個游泳池、禁菸客房、健身中心、免費無線網路、客房服務、免費停車、酒吧、早餐評價超棒,「早餐好吃」 | 「服務品質優良」 | 「櫃檯服務態度佳，特別是豪華閣所有服務人員，專業、親切、很棒的住宿體驗。 床好睡，位置佳，能看到101的房型很讚。」,大安區,台北大安區敦化南路二段201號,25.02647950847079,121.5497061610222,標準房,17210,2,#RD38202960,https://www.booking.com/hotel/tw/shangri-la-s-far-eastern-plaza-taipei.zh-tw.html,5
薇閣精品旅館 - 大直旗艦館,8.3,禁菸客房、免費無線網路、免費停車、餐廳、24 小時接待櫃檯、電梯、熱水按摩池、早餐評價還不錯,「環境舒適 隱密」 | 「這間住過很多次了，位置地點佳、房間舒適、環境整潔，就不多提了。 這次是第一次體驗改裝過後的餐廳，其實原本的餐廳，就很有特色了，餐點不錯之外，位置有半隱密。 而改裝過後，感覺更高級了，也更有隱蔽性；餐點是一個主餐+沙拉吧buffet，大約6樣熱菜、數樣小菜、數樣沙拉水果、飲料等，有想要打造成精緻餐點的感覺。 整體來說，這間是住過的汽車旅館、三星級飯店中，覺得總體最好的，值得推薦！」 | 「房間乾淨舒適 早餐多樣選擇多」,中山區,台北中山區敬業三路11號,25.08356198694424,121.55600801110268,標準房,4300,2,#RD46900706,https://www.booking.com/hotel/tw/wego-funtel-dazhi-branch.zh-tw.html,4
薇閣精品旅館 - 大直旗艦館,8.3,禁菸客房、免費無線網路、免費停車、餐廳、24 小時接待櫃檯、電梯、熱水按摩池、早餐評價還不錯,「環境舒適 隱密」 | 「這間住過很多次了，位置地點佳、房間舒適、環境整潔，就不多提了。 這次是第一次體驗改裝過後的餐廳，其實原本的餐廳，就很有特色了，餐點不錯之外，位置有半隱密。 而改裝過後，感覺更高級了，也更有隱蔽性；餐點是一個主餐+沙拉吧buffet，大約6樣熱菜、數樣小菜、數樣沙拉水果、飲料等，有想要打造成精緻餐點的感覺。 整體來說，這間是住過的汽車旅館、三星級飯店中，覺得總體最好的，值得推薦！」 | 「房間乾淨舒適 早餐多樣選擇多」,中山區,台北中山區敬業三路11號,25.08356198694424,121.55600801110268,標準房,4700,2,#RD46900702,https://www.booking.com/hotel/tw/wego-funtel-dazhi-branch.zh-tw.html,4
薇閣精品旅館 - 大直旗艦館,8.3,禁菸客房、免費無線網路、免費停車、餐廳、24 小時接待櫃檯、電梯、熱水按摩池、早餐評價還不錯,「環境舒適 隱密」 | 「這間住過很多次了，位置地點佳、房間舒適、環境整潔，就不多提了。 這次是第一次體驗改裝過後的餐廳，其實原本的餐廳，就很有特色了，餐點不錯之外，位置有半隱密。 而改裝過後，感覺更高級了，也更有隱蔽性；餐點是一個主餐+沙拉吧buffet，大約6樣熱菜、數樣小菜、數樣沙拉水果、飲料等，有想要打造成精緻餐點的感覺。 整體來說，這間是住過的汽車旅館、三星級飯店中，覺得總體最好的，值得推薦！」 | 「房間乾淨舒適 早餐多樣選擇多」,中山區,台北中山區敬業三路11號,25.08356198694424,121.55600801110268,標準房,4800,2,#RD46900707,https://www.booking.com/hotel/tw/wego-funtel-dazhi-branch.zh-tw.html,4
薇閣精品旅館 - 大直旗艦館,8.3,禁菸客房、免費無線網路、免費停車、餐廳、24 小時接待櫃檯、電梯、熱水按摩池、早餐評價還不錯,「環境舒適 隱密」 | 「這間住過很多次了，位置地點佳、房間舒適、環境整潔，就不多提了。 這次是第一次體驗改裝過後的餐廳，其實原本的餐廳，就很有特色了，餐點不錯之外，位置有半隱密。 而改裝過後，感覺更高級了，也更有隱蔽性；餐點是一個主餐+沙拉吧buffet，大約6樣熱菜、數樣小菜、數樣沙拉水果、飲料等，有想要打造成精緻餐點的感覺。 整體來說，這間是住過的汽車旅館、三星級飯店中，覺得總體最好的，值得推薦！」 | 「房間乾淨舒適 早餐多樣選擇多」,中山區,台北中山區敬業三路11號,25.08356198694424,121.55600801110268,標準房,5100,2,#RD46900701,https://www.booking.com/hotel/tw/wego-funtel-dazhi-branch.zh-tw.html,4
薇閣精品旅館 - 大直旗艦館,8.3,禁菸客房、免費無線網路、免費停車、餐廳、24 小時接待櫃檯、電梯、熱水按摩池、早餐評價還不錯,「環境舒適 隱密」 | 「這間住過很多次了，位置地點佳、房間舒適、環境整潔，就不多提了。 這次是第一次體驗改裝過後的餐廳，其實原本的餐廳，就很有特色了，餐點不錯之外，位置有半隱密。 而改裝過後，感覺更高級了，也更有隱蔽性；餐點是一個主餐+沙拉吧buffet，大約6樣熱菜、數樣小菜、數樣沙拉水果、飲料等，有想要打造成精緻餐點的感覺。 整體來說，這間是住過的汽車旅館、三星級飯店中，覺得總體最好的，值得推薦！」 | 「房間乾淨舒適 早餐多樣選擇多」,中山區,台北中山區敬業三路11號,25.08356198694424,121.55600801110268,標準房,6400,2,#RD46900705,https://www.booking.com/hotel/tw/wego-funtel-dazhi-branch.zh-tw.html,4
沃田旅店,8.4,禁菸客房、健身中心、免費無線網路、免費停車、餐廳、家庭房、24 小時接待櫃檯、電梯、早餐評價還不錯,「早餐蔬菜很新鮮」 | 「很喜歡早餐，有擔仔麵、清粥、鹹粥、季節蔬菜、肉臊香...」 | 「位置優良，房間乾淨很新，隔音很好，停車場與家樂福共用，限高1.95m」,士林區,台北士林區中山北路7段,25.1223839,121.53166310000006,標準房,3850,2,#RD130645402,https://www.booking.com/hotel/tw/mellow-fields-hotel.zh-tw.html,4
鼎正國際商務旅館,7.2,禁菸客房、免費無線網路、24 小時接待櫃檯、洗衣、電梯、行李寄存、每日清潔服務,無,大安區,台北大安區12F,25.04165145008674,121.5514039993286,標準房,3586,2,#RD30789401,https://www.booking.com/hotel/tw/vendome-hotel.zh-tw.html,3
鼎正國際商務旅館,7.2,禁菸客房、免費無線網路、24 小時接待櫃檯、洗衣、電梯、行李寄存、每日清潔服務,無,大安區,台北大安區12F,25.04165145008674,121.5514039993286,標準房,4365,2,無,https://www.booking.com/hotel/tw/vendome-hotel.zh-tw.html,3
鼎正國際商務旅館,7.2,禁菸客房、免費無線網路、24 小時接待櫃檯、洗衣、電梯、行李寄存、每日清潔服務,無,大安區,台北大安區12F,25.04165145008674,121.5514039993286,標準房,3869,2,#RD30789403,https://www.booking.com/hotel/tw/vendome-hotel.zh-tw.html,3
鼎正國際商務旅館,7.2,禁菸客房、免費無線網路、24 小時接待櫃檯、洗衣、電梯、行李寄存、每日清潔服務,無,大安區,台北大安區12F,25.04165145008674,121.5514039993286,標準房,4710,2,無,https://www.booking.com/hotel/tw/vendome-hotel.zh-tw.html,3
鼎正國際商務旅館,7.2,禁菸客房、免費無線網路、24 小時接待櫃檯、洗衣、電梯、行李寄存、每日清潔服務,無,大安區,台北大安區12F,25.04165145008674,121.5514039993286,標準房,3985,2,#RD30789402,https://www.booking.com/hotel/tw/vendome-hotel.zh-tw.html,3
鼎正國際商務旅館,7.2,禁菸客房、免費無線網路、24 小時接待櫃檯、洗衣、電梯、行李寄存、每日清潔服務,無,大安區,台北大安區12F,25.04165145008674,121.5514039993286,標準房,4851,2,無,https://www.booking.com/hotel/tw/vendome-hotel.zh-tw.html,3
鼎正國際商務旅館,7.2,禁菸客房、免費無線網路、24 小時接待櫃檯、洗衣、電梯、行李寄存、每日清潔服務,無,大安區,台北大安區12F,25.04165145008674,121.5514039993286,標準房,4784,2,#RD30789420,https://www.booking.com/hotel/tw/vendome-hotel.zh-tw.html,3
大新商旅,7.3,禁菸客房、免費無線網路、家庭房、電梯、行李寄存、每日清潔服務,無,中山區,台北中山區大新商旅,25.054569,121.538343,標準房,3190,2,#RD374123903,https://www.booking.com/hotel/tw/da-xin-shang-lu.zh-tw.html,3
沃客汽車旅館,7.7,禁菸客房、免費無線網路、客房服務、免費停車、24 小時接待櫃檯、電梯、熱水按摩池、行李寄存、早餐評價還不錯,「房間有電風扇！！本人比較怕熱！員工有幫忙解決！！」 | 「地點好，交通方便，環境單純」 | 「CP值高」,北投區,台北北投區承德路7段236號,25.11563200030118,121.5062318834324,標準房,4998,3,#RD164176733,https://www.booking.com/hotel/tw/yi-lian-tan-suo-cheng-de-lu-guan-gu-fen-you-xian-gong-si.zh-tw.html,3
沃客汽車旅館,7.7,禁菸客房、免費無線網路、客房服務、免費停車、24 小時接待櫃檯、電梯、熱水按摩池、行李寄存、早餐評價還不錯,「房間有電風扇！！本人比較怕熱！員工有幫忙解決！！」 | 「地點好，交通方便，環境單純」 | 「CP值高」,北投區,台北北投區承德路7段236號,25.11563200030118,121.5062318834324,標準房,3489,2,#RD164176728,https://www.booking.com/hotel/tw/yi-lian-tan-suo-cheng-de-lu-guan-gu-fen-you-xian-gong-si.zh-tw.html,3
沃客汽車旅館,7.7,禁菸客房、免費無線網路、客房服務、免費停車、24 小時接待櫃檯、電梯、熱水按摩池、行李寄存、早餐評價還不錯,「房間有電風扇！！本人比較怕熱！員工有幫忙解決！！」 | 「地點好，交通方便，環境單純」 | 「CP值高」,北投區,台北北投區承德路7段236號,25.11563200030118,121.5062318834324,標準房,3746,2,無,https://www.booking.com/hotel/tw/yi-lian-tan-suo-cheng-de-lu-guan-gu-fen-you-xian-gong-si.zh-tw.html,3
沃客汽車旅館,7.7,禁菸客房、免費無線網路、客房服務、免費停車、24 小時接待櫃檯、電梯、熱水按摩池、行李寄存、早餐評價還不錯,「房間有電風扇！！本人比較怕熱！員工有幫忙解決！！」 | 「地點好，交通方便，環境單純」 | 「CP值高」,北投區,台北北投區承德路7段236號,25.11563200030118,121.5062318834324,標準房,3629,2,#RD164176729,https://www.booking.com/hotel/tw/yi-lian-tan-suo-cheng-de-lu-guan-gu-fen-you-xian-gong-si.zh-tw.html,3
沃客汽車旅館,7.7,禁菸客房、免費無線網路、客房服務、免費停車、24 小時接待櫃檯、電梯、熱水按摩池、行李寄存、早餐評價還不錯,「房間有電風扇！！本人比較怕熱！員工有幫忙解決！！」 | 「地點好，交通方便，環境單純」 | 「CP值高」,北投區,台北北投區承德路7段236號,25.11563200030118,121.5062318834324,標準房,3921,2,無,https://www.booking.com/hotel/tw/yi-lian-tan-suo-cheng-de-lu-guan-gu-fen-you-xian-gong-si.zh-tw.html,3
沃客汽車旅館,7.7,禁菸客房、免費無線網路、客房服務、免費停車、24 小時接待櫃檯、電梯、熱水按摩池、行李寄存、早餐評價還不錯,「房間有電風扇！！本人比較怕熱！員工有幫忙解決！！」 | 「地點好，交通方便，環境單純」 | 「CP值高」,北投區,台北北投區承德路7段236號,25.11563200030118,121.5062318834324,標準房,4788,2,#RD164176732,https://www.booking.com/hotel/tw/yi-lian-tan-suo-cheng-de-lu-guan-gu-fen-you-xian-gong-si.zh-tw.html,3
玉璽精品飯店,8.3,禁菸客房、健身中心、免費無線網路、私人停車場、餐廳、家庭房、24 小時接待櫃檯、早餐評價很好,「對於台北這個精華地點 這個費用算很實惠 房間部分小歸小但我覺得還可以 我們住四人房 床算蠻大的 我覺得早餐部分也算蠻豐盛的  但能有夠兒童餐椅跟牛奶會更好」 | 「附早餐，而且早餐還不錯吃。」 | 「這次住宿房價有直接含早餐，早餐菜色每天都會有點小變化，個人覺得算好吃，每天都為了不會錯過早餐而早起。 房務人員都很親切，也會每天清潔整理房間，也會補備品。」,士林區,台北士林區中山北路七段14巷2之3號,25.118743,121.531297,標準房,4300,3,#RD991413104,https://www.booking.com/hotel/tw/yu-xi-jing-pin-fan-dian-tai-bei1.zh-tw.html,3
玉璽精品飯店,8.3,禁菸客房、健身中心、免費無線網路、私人停車場、餐廳、家庭房、24 小時接待櫃檯、早餐評價很好,「對於台北這個精華地點 這個費用算很實惠 房間部分小歸小但我覺得還可以 我們住四人房 床算蠻大的 我覺得早餐部分也算蠻豐盛的  但能有夠兒童餐椅跟牛奶會更好」 | 「附早餐，而且早餐還不錯吃。」 | 「這次住宿房價有直接含早餐，早餐菜色每天都會有點小變化，個人覺得算好吃，每天都為了不會錯過早餐而早起。 房務人員都很親切，也會每天清潔整理房間，也會補備品。」,士林區,台北士林區中山北路七段14巷2之3號,25.118743,121.531297,標準房,2900,2,#RD991413102,https://www.booking.com/hotel/tw/yu-xi-jing-pin-fan-dian-tai-bei1.zh-tw.html,3
玉璽精品飯店,8.3,禁菸客房、健身中心、免費無線網路、私人停車場、餐廳、家庭房、24 小時接待櫃檯、早餐評價很好,「對於台北這個精華地點 這個費用算很實惠 房間部分小歸小但我覺得還可以 我們住四人房 床算蠻大的 我覺得早餐部分也算蠻豐盛的  但能有夠兒童餐椅跟牛奶會更好」 | 「附早餐，而且早餐還不錯吃。」 | 「這次住宿房價有直接含早餐，早餐菜色每天都會有點小變化，個人覺得算好吃，每天都為了不會錯過早餐而早起。 房務人員都很親切，也會每天清潔整理房間，也會補備品。」,士林區,台北士林區中山北路七段14巷2之3號,25.118743,121.531297,標準房,2020,1,#RD991413101,https://www.booking.com/hotel/tw/yu-xi-jing-pin-fan-dian-tai-bei1.zh-tw.html,3
日初青旅 Sundaily Hostel 北車,8.7,禁菸客房、免費無線網路、電梯、行李寄存、暖氣,「謝謝老闆因為看我退房了趴在桌子上休息，說可以讓我再去房間睡一下，因為颱風天，他暫緩整理床鋪，可是因為來生理期好像不小心沾到床鋪，雖然有用水沾衛生紙處理過，但還是麻煩您清潔了十分抱歉」 | 「位置方便、衛浴乾淨、員工很親切。」 | 「床位浴室公共空間整潔乾淨無異味」,中正區,台北中正區9th,25.04475,121.5133542,標準房,1800,2,#RD1183459503,https://www.booking.com/hotel/tw/ri-chu-qing-lu-sundaily-hostel.zh-tw.html,4
日初青旅 Sundaily Hostel 北車,8.7,禁菸客房、免費無線網路、電梯、行李寄存、暖氣,「謝謝老闆因為看我退房了趴在桌子上休息，說可以讓我再去房間睡一下，因為颱風天，他暫緩整理床鋪，可是因為來生理期好像不小心沾到床鋪，雖然有用水沾衛生紙處理過，但還是麻煩您清潔了十分抱歉」 | 「位置方便、衛浴乾淨、員工很親切。」 | 「床位浴室公共空間整潔乾淨無異味」,中正區,台北中正區9th,25.04475,121.5133542,標準房,1100,1,#RD1183459502,https://www.booking.com/hotel/tw/ri-chu-qing-lu-sundaily-hostel.zh-tw.html,4
東姿商務旅館,5.7,禁菸客房、免費無線網路、停車場、家庭房、24 小時接待櫃檯、洗衣、電梯、行李寄存,無,中山區,台北中山區一江街33號,25.053520612278525,121.53161466121674,標準房,2600,2,#RD38417902,https://www.booking.com/hotel/tw/eastern-beauty.zh-tw.html,3
東姿商務旅館,5.7,禁菸客房、免費無線網路、停車場、家庭房、24 小時接待櫃檯、洗衣、電梯、行李寄存,無,中山區,台北中山區一江街33號,25.053520612278525,121.53161466121674,標準房,2800,2,#RD38417903,https://www.booking.com/hotel/tw/eastern-beauty.zh-tw.html,3
東姿商務旅館,5.7,禁菸客房、免費無線網路、停車場、家庭房、24 小時接待櫃檯、洗衣、電梯、行李寄存,無,中山區,台北中山區一江街33號,25.053520612278525,121.53161466121674,標準房,3100,2,#RD38417905,https://www.booking.com/hotel/tw/eastern-beauty.zh-tw.html,3
宜家居酒店式公寓,8.1,禁菸客房、免費無線網路、家庭房、電梯、行李寄存、每日清潔服務、花園,「床很好睡」 | 「設備齊全，飯店位置佳」 | 「乾淨 地點好」,北投區,台北北投區中和街40號3樓及3樓之1,25.138389,121.502763,標準房,2880,2,#RD385921401,https://www.booking.com/hotel/tw/yi-jia-ju-shang-lu.zh-tw.html,4
迪樂商旅,7.7,禁菸客房、免費無線網路、家庭房、24 小時接待櫃檯、電梯、行李寄存、每日清潔服務、早餐,「是24小時櫃檯，而且員工非常親切，會主動詢問外出是否保管鑰匙，或是是否需要房間清潔等等; 有泡腳池，洗澡水量超大，洗浴很舒服; 大廳有附飲料區，芭樂檸檬夏天喝很消暑; 外面附近搭公車很方便; 另外床的硬度和被子的暖度我都很喜歡」 | 「床夠大，2大1小很足夠！」 | 「位置，可無限續喝的咖啡和飲料」,大同區,台北大同區延平北路一段121號,25.0528652,121.5119681,標準房,3599,3,#RD145657610,https://www.booking.com/hotel/tw/the-dealer-hotel.zh-tw.html,3
迪樂商旅,7.7,禁菸客房、免費無線網路、家庭房、24 小時接待櫃檯、電梯、行李寄存、每日清潔服務、早餐,「是24小時櫃檯，而且員工非常親切，會主動詢問外出是否保管鑰匙，或是是否需要房間清潔等等; 有泡腳池，洗澡水量超大，洗浴很舒服; 大廳有附飲料區，芭樂檸檬夏天喝很消暑; 外面附近搭公車很方便; 另外床的硬度和被子的暖度我都很喜歡」 | 「床夠大，2大1小很足夠！」 | 「位置，可無限續喝的咖啡和飲料」,大同區,台北大同區延平北路一段121號,25.0528652,121.5119681,標準房,3749,3,無,https://www.booking.com/hotel/tw/the-dealer-hotel.zh-tw.html,3
迪樂商旅,7.7,禁菸客房、免費無線網路、家庭房、24 小時接待櫃檯、電梯、行李寄存、每日清潔服務、早餐,「是24小時櫃檯，而且員工非常親切，會主動詢問外出是否保管鑰匙，或是是否需要房間清潔等等; 有泡腳池，洗澡水量超大，洗浴很舒服; 大廳有附飲料區，芭樂檸檬夏天喝很消暑; 外面附近搭公車很方便; 另外床的硬度和被子的暖度我都很喜歡」 | 「床夠大，2大1小很足夠！」 | 「位置，可無限續喝的咖啡和飲料」,大同區,台北大同區延平北路一段121號,25.0528652,121.5119681,標準房,2909,2,#RD145657602,https://www.booking.com/hotel/tw/the-dealer-hotel.zh-tw.html,3
迪樂商旅,7.7,禁菸客房、免費無線網路、家庭房、24 小時接待櫃檯、電梯、行李寄存、每日清潔服務、早餐,「是24小時櫃檯，而且員工非常親切，會主動詢問外出是否保管鑰匙，或是是否需要房間清潔等等; 有泡腳池，洗澡水量超大，洗浴很舒服; 大廳有附飲料區，芭樂檸檬夏天喝很消暑; 外面附近搭公車很方便; 另外床的硬度和被子的暖度我都很喜歡」 | 「床夠大，2大1小很足夠！」 | 「位置，可無限續喝的咖啡和飲料」,大同區,台北大同區延平北路一段121號,25.0528652,121.5119681,標準房,3059,2,無,https://www.booking.com/hotel/tw/the-dealer-hotel.zh-tw.html,3
璽愛旅店,7.4,禁菸客房、免費無線網路、家庭房、24 小時接待櫃檯、電梯、行李寄存、每日清潔服務,無,中正區,台北中正區忠孝西路一段72號3樓,25.0468467,121.51400910000008,標準房,3280,2,#RD146571101,https://www.booking.com/hotel/tw/saylovehotel.zh-tw.html,2
立德北投倆人旅店,8.1,禁菸客房、免費無線網路、客房服務、免費停車、機場接駁車、餐廳、家庭房、24 小時接待櫃檯、酒吧、早餐評價很好,「泡湯就在房間，還跟浴室分開 更棒的是一面泡湯 一面欣賞山景 很棒。 房間不小 空間很舒適 隔音也很好 很安靜。還有接駁車免費服務。 服務人員很和善。很棒的住宿 下次還會再來。」 | 「服務人員親切，服務人員熱心幫助🤣」 | 「整體維護的不錯，整潔舒適，接待親切。」,北投區,台北北投區幽雅路11號,25.137038760096672,121.5135258436203,標準房,5162,2,#RD49811006,https://www.booking.com/hotel/tw/hotel-double-one.zh-tw.html,4
立德北投倆人旅店,8.1,禁菸客房、免費無線網路、客房服務、免費停車、機場接駁車、餐廳、家庭房、24 小時接待櫃檯、酒吧、早餐評價很好,「泡湯就在房間，還跟浴室分開 更棒的是一面泡湯 一面欣賞山景 很棒。 房間不小 空間很舒適 隔音也很好 很安靜。還有接駁車免費服務。 服務人員很和善。很棒的住宿 下次還會再來。」 | 「服務人員親切，服務人員熱心幫助🤣」 | 「整體維護的不錯，整潔舒適，接待親切。」,北投區,台北北投區幽雅路11號,25.137038760096672,121.5135258436203,標準房,5654,2,#RD49811008,https://www.booking.com/hotel/tw/hotel-double-one.zh-tw.html,4
儷夏商旅 - 西門捷運館,8.0,禁菸客房、免費無線網路、機場接駁車、家庭房、24 小時接待櫃檯、電梯、行李寄存,「有冷熱水壺可以用 不用再另外買水 想喝茶的 櫃檯旁也有茶包可以自取」 | 「最喜歡方便搭交通工具」 | 「員工態度佳，房間清潔。」,萬華區,台北萬華區中華路一段90號6樓,25.044616114576687,121.50870323181152,標準房,5244,2,#RD55686601,https://www.booking.com/hotel/tw/muzik-hotel-taipei.zh-tw.html,3
儷夏商旅 - 西門捷運館,8.0,禁菸客房、免費無線網路、機場接駁車、家庭房、24 小時接待櫃檯、電梯、行李寄存,「有冷熱水壺可以用 不用再另外買水 想喝茶的 櫃檯旁也有茶包可以自取」 | 「最喜歡方便搭交通工具」 | 「員工態度佳，房間清潔。」,萬華區,台北萬華區中華路一段90號6樓,25.044616114576687,121.50870323181152,標準房,5410,2,#RD55686619,https://www.booking.com/hotel/tw/muzik-hotel-taipei.zh-tw.html,3
儷夏商旅 - 西門捷運館,8.0,禁菸客房、免費無線網路、機場接駁車、家庭房、24 小時接待櫃檯、電梯、行李寄存,「有冷熱水壺可以用 不用再另外買水 想喝茶的 櫃檯旁也有茶包可以自取」 | 「最喜歡方便搭交通工具」 | 「員工態度佳，房間清潔。」,萬華區,台北萬華區中華路一段90號6樓,25.044616114576687,121.50870323181152,標準房,6127,2,#RD55686603,https://www.booking.com/hotel/tw/muzik-hotel-taipei.zh-tw.html,3
苓旅-站前,8.0,禁菸客房、免費無線網路、機場接駁車、家庭房、24 小時接待櫃檯、電梯、行李寄存、每日清潔服務,「住宿地的周邊有非常多好吃的， 劉山東牛肉麵，福州世祖胡椒餅都在周邊， 樓下有全家，7-11，還有一堆早餐店，葷素都有的選 台北車站步行200公尺就到，簡直太方便了！ 轉車休息都很順暢 生活機能很讚 價錢也很不錯！」 | 「地點不錯，CP值高」 | 「地點比預想的還要方便超級多，有兩個電梯出口，從捷運Z8出口出來就到旅館樓下了。另外一個電梯出來又有好幾間餐廳、開封街上也有很多飲料店。 房間有點舊，但是有整理過，所以沒有什麼味道，也沒有菸味 服務人員很親切，窗簾無法緊閉，跟他們提出之後，很快就試著幫我解決 浴室很快就有熱水」,中正區,台北中正區忠孝西路一段72號4樓,25.046861279874843,121.51399300674598,標準房,4576,2,#RD138031405,https://www.booking.com/hotel/tw/hope-hotel.zh-tw.html,2
苓旅-站前,8.0,禁菸客房、免費無線網路、機場接駁車、家庭房、24 小時接待櫃檯、電梯、行李寄存、每日清潔服務,「住宿地的周邊有非常多好吃的， 劉山東牛肉麵，福州世祖胡椒餅都在周邊， 樓下有全家，7-11，還有一堆早餐店，葷素都有的選 台北車站步行200公尺就到，簡直太方便了！ 轉車休息都很順暢 生活機能很讚 價錢也很不錯！」 | 「地點不錯，CP值高」 | 「地點比預想的還要方便超級多，有兩個電梯出口，從捷運Z8出口出來就到旅館樓下了。另外一個電梯出來又有好幾間餐廳、開封街上也有很多飲料店。 房間有點舊，但是有整理過，所以沒有什麼味道，也沒有菸味 服務人員很親切，窗簾無法緊閉，跟他們提出之後，很快就試著幫我解決 浴室很快就有熱水」,中正區,台北中正區忠孝西路一段72號4樓,25.046861279874843,121.51399300674598,標準房,4684,2,#RD138031406,https://www.booking.com/hotel/tw/hope-hotel.zh-tw.html,2
苓旅-站前,8.0,禁菸客房、免費無線網路、機場接駁車、家庭房、24 小時接待櫃檯、電梯、行李寄存、每日清潔服務,「住宿地的周邊有非常多好吃的， 劉山東牛肉麵，福州世祖胡椒餅都在周邊， 樓下有全家，7-11，還有一堆早餐店，葷素都有的選 台北車站步行200公尺就到，簡直太方便了！ 轉車休息都很順暢 生活機能很讚 價錢也很不錯！」 | 「地點不錯，CP值高」 | 「地點比預想的還要方便超級多，有兩個電梯出口，從捷運Z8出口出來就到旅館樓下了。另外一個電梯出來又有好幾間餐廳、開封街上也有很多飲料店。 房間有點舊，但是有整理過，所以沒有什麼味道，也沒有菸味 服務人員很親切，窗簾無法緊閉，跟他們提出之後，很快就試著幫我解決 浴室很快就有熱水」,中正區,台北中正區忠孝西路一段72號4樓,25.046861279874843,121.51399300674598,標準房,4468,1,#RD138031404,https://www.booking.com/hotel/tw/hope-hotel.zh-tw.html,2
台北慕軒飯店，臻品之選,9.0,禁菸客房、健身中心、免費無線網路、客房服務、機場接駁車、餐廳、24 小時接待櫃檯、酒吧、早餐評價還不錯,「服務人員親切誠懇」 | 「一樓的酒吧餐廳的料理套餐很好吃，鯖魚真是超嫩，煎的剛剛好，吃過最好吃的鯖魚就是這裡」 | 「晚上600有酒吧小點心」,大安區,台北大安區敦化南路1段331號,25.03407421963185,121.54919385910034,標準房,10000,2,#RD84253919,https://www.booking.com/hotel/tw/madison-taipei.zh-tw.html,5
台北慕軒飯店，臻品之選,9.0,禁菸客房、健身中心、免費無線網路、客房服務、機場接駁車、餐廳、24 小時接待櫃檯、酒吧、早餐評價還不錯,「服務人員親切誠懇」 | 「一樓的酒吧餐廳的料理套餐很好吃，鯖魚真是超嫩，煎的剛剛好，吃過最好吃的鯖魚就是這裡」 | 「晚上600有酒吧小點心」,大安區,台北大安區敦化南路1段331號,25.03407421963185,121.54919385910034,標準房,11000,2,無,https://www.booking.com/hotel/tw/madison-taipei.zh-tw.html,5
台北慕軒飯店，臻品之選,9.0,禁菸客房、健身中心、免費無線網路、客房服務、機場接駁車、餐廳、24 小時接待櫃檯、酒吧、早餐評價還不錯,「服務人員親切誠懇」 | 「一樓的酒吧餐廳的料理套餐很好吃，鯖魚真是超嫩，煎的剛剛好，吃過最好吃的鯖魚就是這裡」 | 「晚上600有酒吧小點心」,大安區,台北大安區敦化南路1段331號,25.03407421963185,121.54919385910034,標準房,10500,1,無,https://www.booking.com/hotel/tw/madison-taipei.zh-tw.html,5
賦樂旅居,8.7,室外游泳池、禁菸客房、免費無線網路、客房服務、免費停車、機場接駁車、餐廳、酒吧、早餐,"「服務員的親切、舒適的房間」 | 「The staff went over and above to make our stay comfortable. Spud (the concierge) was an absolute pleasure and made our stay so memorable! The hotel is wonderful and we will absolutely come back again」 | 「The hotel room was large and the hotel was in an amazing location, a short walk from the train station and some of the best bars and restaurants in the city.」",大安區,台北大安區大安路一段56號,25.04320334041341,121.5464573074097,標準房,10903,2,#RD142443501,https://www.booking.com/hotel/tw/hotel-proverbs-taipei.zh-tw.html,5
賦樂旅居,8.7,室外游泳池、禁菸客房、免費無線網路、客房服務、免費停車、機場接駁車、餐廳、酒吧、早餐,"「服務員的親切、舒適的房間」 | 「The staff went over and above to make our stay comfortable. Spud (the concierge) was an absolute pleasure and made our stay so memorable! The hotel is wonderful and we will absolutely come back again」 | 「The hotel room was large and the hotel was in an amazing location, a short walk from the train station and some of the best bars and restaurants in the city.」",大安區,台北大安區大安路一段56號,25.04320334041341,121.5464573074097,標準房,11550,2,無,https://www.booking.com/hotel/tw/hotel-proverbs-taipei.zh-tw.html,5
賦樂旅居,8.7,室外游泳池、禁菸客房、免費無線網路、客房服務、免費停車、機場接駁車、餐廳、酒吧、早餐,"「服務員的親切、舒適的房間」 | 「The staff went over and above to make our stay comfortable. Spud (the concierge) was an absolute pleasure and made our stay so memorable! The hotel is wonderful and we will absolutely come back again」 | 「The hotel room was large and the hotel was in an amazing location, a short walk from the train station and some of the best bars and restaurants in the city.」",大安區,台北大安區大安路一段56號,25.04320334041341,121.5464573074097,標準房,11181,1,無,https://www.booking.com/hotel/tw/hotel-proverbs-taipei.zh-tw.html,5
賦樂旅居,8.7,室外游泳池、禁菸客房、免費無線網路、客房服務、免費停車、機場接駁車、餐廳、酒吧、早餐,"「服務員的親切、舒適的房間」 | 「The staff went over and above to make our stay comfortable. Spud (the concierge) was an absolute pleasure and made our stay so memorable! The hotel is wonderful and we will absolutely come back again」 | 「The hotel room was large and the hotel was in an amazing location, a short walk from the train station and some of the best bars and restaurants in the city.」",大安區,台北大安區大安路一段56號,25.04320334041341,121.5464573074097,標準房,12566,2,#RD142443503,https://www.booking.com/hotel/tw/hotel-proverbs-taipei.zh-tw.html,5
賦樂旅居,8.7,室外游泳池、禁菸客房、免費無線網路、客房服務、免費停車、機場接駁車、餐廳、酒吧、早餐,"「服務員的親切、舒適的房間」 | 「The staff went over and above to make our stay comfortable. Spud (the concierge) was an absolute pleasure and made our stay so memorable! The hotel is wonderful and we will absolutely come back again」 | 「The hotel room was large and the hotel was in an amazing location, a short walk from the train station and some of the best bars and restaurants in the city.」",大安區,台北大安區大安路一段56號,25.04320334041341,121.5464573074097,標準房,13214,2,無,https://www.booking.com/hotel/tw/hotel-proverbs-taipei.zh-tw.html,5
賦樂旅居,8.7,室外游泳池、禁菸客房、免費無線網路、客房服務、免費停車、機場接駁車、餐廳、酒吧、早餐,"「服務員的親切、舒適的房間」 | 「The staff went over and above to make our stay comfortable. Spud (the concierge) was an absolute pleasure and made our stay so memorable! The hotel is wonderful and we will absolutely come back again」 | 「The hotel room was large and the hotel was in an amazing location, a short walk from the train station and some of the best bars and restaurants in the city.」",大安區,台北大安區大安路一段56號,25.04320334041341,121.5464573074097,標準房,12844,1,無,https://www.booking.com/hotel/tw/hotel-proverbs-taipei.zh-tw.html,5
賦樂旅居,8.7,室外游泳池、禁菸客房、免費無線網路、客房服務、免費停車、機場接駁車、餐廳、酒吧、早餐,"「服務員的親切、舒適的房間」 | 「The staff went over and above to make our stay comfortable. Spud (the concierge) was an absolute pleasure and made our stay so memorable! The hotel is wonderful and we will absolutely come back again」 | 「The hotel room was large and the hotel was in an amazing location, a short walk from the train station and some of the best bars and restaurants in the city.」",大安區,台北大安區大安路一段56號,25.04320334041341,121.5464573074097,標準房,13213,2,#RD142443504,https://www.booking.com/hotel/tw/hotel-proverbs-taipei.zh-tw.html,5
賦樂旅居,8.7,室外游泳池、禁菸客房、免費無線網路、客房服務、免費停車、機場接駁車、餐廳、酒吧、早餐,"「服務員的親切、舒適的房間」 | 「The staff went over and above to make our stay comfortable. Spud (the concierge) was an absolute pleasure and made our stay so memorable! The hotel is wonderful and we will absolutely come back again」 | 「The hotel room was large and the hotel was in an amazing location, a short walk from the train station and some of the best bars and restaurants in the city.」",大安區,台北大安區大安路一段56號,25.04320334041341,121.5464573074097,標準房,13860,2,無,https://www.booking.com/hotel/tw/hotel-proverbs-taipei.zh-tw.html,5
賦樂旅居,8.7,室外游泳池、禁菸客房、免費無線網路、客房服務、免費停車、機場接駁車、餐廳、酒吧、早餐,"「服務員的親切、舒適的房間」 | 「The staff went over and above to make our stay comfortable. Spud (the concierge) was an absolute pleasure and made our stay so memorable! The hotel is wonderful and we will absolutely come back again」 | 「The hotel room was large and the hotel was in an amazing location, a short walk from the train station and some of the best bars and restaurants in the city.」",大安區,台北大安區大安路一段56號,25.04320334041341,121.5464573074097,標準房,13490,1,無,https://www.booking.com/hotel/tw/hotel-proverbs-taipei.zh-tw.html,5
台北寒舍艾美酒店,8.4,室內游泳池、禁菸客房、健身中心、免費無線網路、客房服務、免費停車、3 間餐廳、早餐,「房間很舒服」 | 「我喜歡房間的安靜」 | 「地理位置方便，房間舒適，樓層有房卡控管，唯獨這次沒有機會預訂早餐，可以再找時間去住一次。」,信義區,台北信義區松仁路38號,25.038198254618106,121.56822949647903,標準房,47800,2,#RD33385826,https://www.booking.com/hotel/tw/le-meridien-taipei.zh-tw.html,5
台北寒舍艾美酒店,8.4,室內游泳池、禁菸客房、健身中心、免費無線網路、客房服務、免費停車、3 間餐廳、早餐,「房間很舒服」 | 「我喜歡房間的安靜」 | 「地理位置方便，房間舒適，樓層有房卡控管，唯獨這次沒有機會預訂早餐，可以再找時間去住一次。」,信義區,台北信義區松仁路38號,25.038198254618106,121.56822949647903,標準房,49200,2,無,https://www.booking.com/hotel/tw/le-meridien-taipei.zh-tw.html,5
台北寒舍艾美酒店,8.4,室內游泳池、禁菸客房、健身中心、免費無線網路、客房服務、免費停車、3 間餐廳、早餐,「房間很舒服」 | 「我喜歡房間的安靜」 | 「地理位置方便，房間舒適，樓層有房卡控管，唯獨這次沒有機會預訂早餐，可以再找時間去住一次。」,信義區,台北信義區松仁路38號,25.038198254618106,121.56822949647903,標準房,48500,1,無,https://www.booking.com/hotel/tw/le-meridien-taipei.zh-tw.html,5
米窩飯店-松山館,7.2,禁菸客房、免費無線網路、機場接駁車、電梯、行李寄存,無,信義區,台北信義區松山路153號2-7樓,25.0465159,121.577973,標準房,4479,2,#RD905776101,https://www.booking.com/hotel/tw/pu-le-mi-wo-puremeworld-tai-bei-shi.zh-tw.html,4
米窩飯店-松山館,7.2,禁菸客房、免費無線網路、機場接駁車、電梯、行李寄存,無,信義區,台北信義區松山路153號2-7樓,25.0465159,121.577973,標準房,4714,2,無,https://www.booking.com/hotel/tw/pu-le-mi-wo-puremeworld-tai-bei-shi.zh-tw.html,4
米窩飯店-松山館,7.2,禁菸客房、免費無線網路、機場接駁車、電梯、行李寄存,無,信義區,台北信義區松山路153號2-7樓,25.0465159,121.577973,標準房,4479,2,#RD905776102,https://www.booking.com/hotel/tw/pu-le-mi-wo-puremeworld-tai-bei-shi.zh-tw.html,4
臺北嘉佩樂酒店,8.8,室外游泳池、禁菸客房、健身中心、免費無線網路、客房服務、免費停車、SPA & 養生會館、酒吧、早餐,"「Love the style of the hotel, the staff, the thought out small to big details that someone who stays in a hotel, away from home, may want but usually don’t get. At Capella, they just get it.」 | 「Everything, especially the comfy bed」 | 「Bellissimo hotel」",松山區,台北松山區松山區敦化北路,25.053678,121.5493812,標準房,34419,2,#RD1331864203,https://www.booking.com/hotel/tw/capella-taipei.zh-tw.html,5
臺北嘉佩樂酒店,8.8,室外游泳池、禁菸客房、健身中心、免費無線網路、客房服務、免費停車、SPA & 養生會館、酒吧、早餐,"「Love the style of the hotel, the staff, the thought out small to big details that someone who stays in a hotel, away from home, may want but usually don’t get. At Capella, they just get it.」 | 「Everything, especially the comfy bed」 | 「Bellissimo hotel」",松山區,台北松山區松山區敦化北路,25.053678,121.5493812,標準房,106260,2,#RD1331864220,https://www.booking.com/hotel/tw/capella-taipei.zh-tw.html,5
臺北嘉佩樂酒店,8.8,室外游泳池、禁菸客房、健身中心、免費無線網路、客房服務、免費停車、SPA & 養生會館、酒吧、早餐,"「Love the style of the hotel, the staff, the thought out small to big details that someone who stays in a hotel, away from home, may want but usually don’t get. At Capella, they just get it.」 | 「Everything, especially the comfy bed」 | 「Bellissimo hotel」",松山區,台北松山區松山區敦化北路,25.053678,121.5493812,標準房,234465,2,#RD1331864228,https://www.booking.com/hotel/tw/capella-taipei.zh-tw.html,5
臺北嘉佩樂酒店,8.8,室外游泳池、禁菸客房、健身中心、免費無線網路、客房服務、免費停車、SPA & 養生會館、酒吧、早餐,"「Love the style of the hotel, the staff, the thought out small to big details that someone who stays in a hotel, away from home, may want but usually don’t get. At Capella, they just get it.」 | 「Everything, especially the comfy bed」 | 「Bellissimo hotel」",松山區,台北松山區松山區敦化北路,25.053678,121.5493812,標準房,30954,1,#RD1331864202,https://www.booking.com/hotel/tw/capella-taipei.zh-tw.html,5
新驛旅店台北車站二館,8.8,禁菸客房、免費無線網路、客房服務、機場接駁車、24 小時接待櫃檯、電梯、行李寄存、每日清潔服務,「離車站很近 工作人員會細心解釋與服務 房間整潔舒適 偶爾能聽到一些關門聲基本上算是安靜」 | 「沒看到打掃房間板子，結果房務人員幫忙送備品到房間幫了大忙；感謝櫃檯帥哥幫忙叫計程車。」 | 「超乎期待，前臺的兩位女工作人員友善且非常專業。對各景點位置以及交通方式瞭如指掌。酒店地理位置優越，非常靠近火車站以及地鐵站。樓下休息區有小吃，飲品，晚上有泡麵，而且還有洗衣機跟乾衣機。房間舒適乾淨。隔音非常不錯。性價比可謂爆燈，絕對會回來的。」,大同區,台北大同區長安西路81號,25.051177002448203,121.51670694351196,標準房,6943,2,#RD34142601,https://www.booking.com/hotel/tw/cityinn-2.zh-tw.html,3
新驛旅店台北車站二館,8.8,禁菸客房、免費無線網路、客房服務、機場接駁車、24 小時接待櫃檯、電梯、行李寄存、每日清潔服務,「離車站很近 工作人員會細心解釋與服務 房間整潔舒適 偶爾能聽到一些關門聲基本上算是安靜」 | 「沒看到打掃房間板子，結果房務人員幫忙送備品到房間幫了大忙；感謝櫃檯帥哥幫忙叫計程車。」 | 「超乎期待，前臺的兩位女工作人員友善且非常專業。對各景點位置以及交通方式瞭如指掌。酒店地理位置優越，非常靠近火車站以及地鐵站。樓下休息區有小吃，飲品，晚上有泡麵，而且還有洗衣機跟乾衣機。房間舒適乾淨。隔音非常不錯。性價比可謂爆燈，絕對會回來的。」,大同區,台北大同區長安西路81號,25.051177002448203,121.51670694351196,標準房,7781,2,#RD34142603,https://www.booking.com/hotel/tw/cityinn-2.zh-tw.html,3
世聯商旅,8.2,禁菸客房、免費無線網路、客房服務、餐廳、家庭房、24 小時接待櫃檯、露台、洗衣、早餐評價非常好,「空間大小合適，格局配置適當，具備各房衛浴，設備功能正常（燈光、空調、熱水、衛浴等），室內環境整潔，床鋪乾淨、物品齊全，隔音尚佳，早餐多樣味美，人員服務到位。」 | 「廚師很用心，每天的早餐都不一樣，都很美味，水果也都很好吃。服務人員都很nice。」 | 「牆壁有掛畫，很疏壓！」,中山區,台北中山區松江路90巷5號,25.050578032249057,121.53194323182106,標準房,4180,2,#RD42620408,https://www.booking.com/hotel/tw/link-world.zh-tw.html,3
世聯商旅,8.2,禁菸客房、免費無線網路、客房服務、餐廳、家庭房、24 小時接待櫃檯、露台、洗衣、早餐評價非常好,「空間大小合適，格局配置適當，具備各房衛浴，設備功能正常（燈光、空調、熱水、衛浴等），室內環境整潔，床鋪乾淨、物品齊全，隔音尚佳，早餐多樣味美，人員服務到位。」 | 「廚師很用心，每天的早餐都不一樣，都很美味，水果也都很好吃。服務人員都很nice。」 | 「牆壁有掛畫，很疏壓！」,中山區,台北中山區松江路90巷5號,25.050578032249057,121.53194323182106,標準房,4380,2,無,https://www.booking.com/hotel/tw/link-world.zh-tw.html,3
世聯商旅,8.2,禁菸客房、免費無線網路、客房服務、餐廳、家庭房、24 小時接待櫃檯、露台、洗衣、早餐評價非常好,「空間大小合適，格局配置適當，具備各房衛浴，設備功能正常（燈光、空調、熱水、衛浴等），室內環境整潔，床鋪乾淨、物品齊全，隔音尚佳，早餐多樣味美，人員服務到位。」 | 「廚師很用心，每天的早餐都不一樣，都很美味，水果也都很好吃。服務人員都很nice。」 | 「牆壁有掛畫，很疏壓！」,中山區,台北中山區松江路90巷5號,25.050578032249057,121.53194323182106,標準房,4380,2,#RD42620403,https://www.booking.com/hotel/tw/link-world.zh-tw.html,3
世聯商旅,8.2,禁菸客房、免費無線網路、客房服務、餐廳、家庭房、24 小時接待櫃檯、露台、洗衣、早餐評價非常好,「空間大小合適，格局配置適當，具備各房衛浴，設備功能正常（燈光、空調、熱水、衛浴等），室內環境整潔，床鋪乾淨、物品齊全，隔音尚佳，早餐多樣味美，人員服務到位。」 | 「廚師很用心，每天的早餐都不一樣，都很美味，水果也都很好吃。服務人員都很nice。」 | 「牆壁有掛畫，很疏壓！」,中山區,台北中山區松江路90巷5號,25.050578032249057,121.53194323182106,標準房,4580,2,無,https://www.booking.com/hotel/tw/link-world.zh-tw.html,3
世聯商旅,8.2,禁菸客房、免費無線網路、客房服務、餐廳、家庭房、24 小時接待櫃檯、露台、洗衣、早餐評價非常好,「空間大小合適，格局配置適當，具備各房衛浴，設備功能正常（燈光、空調、熱水、衛浴等），室內環境整潔，床鋪乾淨、物品齊全，隔音尚佳，早餐多樣味美，人員服務到位。」 | 「廚師很用心，每天的早餐都不一樣，都很美味，水果也都很好吃。服務人員都很nice。」 | 「牆壁有掛畫，很疏壓！」,中山區,台北中山區松江路90巷5號,25.050578032249057,121.53194323182106,標準房,4580,2,#RD42620404,https://www.booking.com/hotel/tw/link-world.zh-tw.html,3
世聯商旅,8.2,禁菸客房、免費無線網路、客房服務、餐廳、家庭房、24 小時接待櫃檯、露台、洗衣、早餐評價非常好,「空間大小合適，格局配置適當，具備各房衛浴，設備功能正常（燈光、空調、熱水、衛浴等），室內環境整潔，床鋪乾淨、物品齊全，隔音尚佳，早餐多樣味美，人員服務到位。」 | 「廚師很用心，每天的早餐都不一樣，都很美味，水果也都很好吃。服務人員都很nice。」 | 「牆壁有掛畫，很疏壓！」,中山區,台北中山區松江路90巷5號,25.050578032249057,121.53194323182106,標準房,4780,2,無,https://www.booking.com/hotel/tw/link-world.zh-tw.html,3
世聯商旅,8.2,禁菸客房、免費無線網路、客房服務、餐廳、家庭房、24 小時接待櫃檯、露台、洗衣、早餐評價非常好,「空間大小合適，格局配置適當，具備各房衛浴，設備功能正常（燈光、空調、熱水、衛浴等），室內環境整潔，床鋪乾淨、物品齊全，隔音尚佳，早餐多樣味美，人員服務到位。」 | 「廚師很用心，每天的早餐都不一樣，都很美味，水果也都很好吃。服務人員都很nice。」 | 「牆壁有掛畫，很疏壓！」,中山區,台北中山區松江路90巷5號,25.050578032249057,121.53194323182106,標準房,4780,2,#RD42620401,https://www.booking.com/hotel/tw/link-world.zh-tw.html,3
世聯商旅,8.2,禁菸客房、免費無線網路、客房服務、餐廳、家庭房、24 小時接待櫃檯、露台、洗衣、早餐評價非常好,「空間大小合適，格局配置適當，具備各房衛浴，設備功能正常（燈光、空調、熱水、衛浴等），室內環境整潔，床鋪乾淨、物品齊全，隔音尚佳，早餐多樣味美，人員服務到位。」 | 「廚師很用心，每天的早餐都不一樣，都很美味，水果也都很好吃。服務人員都很nice。」 | 「牆壁有掛畫，很疏壓！」,中山區,台北中山區松江路90巷5號,25.050578032249057,121.53194323182106,標準房,4980,2,無,https://www.booking.com/hotel/tw/link-world.zh-tw.html,3
沃客商旅 承德館,7.1,禁菸客房、免費無線網路、客房服務、免費停車、餐廳、24 小時接待櫃檯、電梯、熱水按摩池、行李寄存、早餐,無,北投區,台北北投區承德路七段236號2樓,25.115573654262,121.506157858197,標準房,5188,3,#RD1106810502,https://www.booking.com/hotel/tw/wo-ke-shang-lu-cheng-de-guan-bei-tou-qu.zh-tw.html,4
沃客商旅 承德館,7.1,禁菸客房、免費無線網路、客房服務、免費停車、餐廳、24 小時接待櫃檯、電梯、熱水按摩池、行李寄存、早餐,無,北投區,台北北投區承德路七段236號2樓,25.115573654262,121.506157858197,標準房,3568,2,#RD1106810501,https://www.booking.com/hotel/tw/wo-ke-shang-lu-cheng-de-guan-bei-tou-qu.zh-tw.html,4
沃客商旅 承德館,7.1,禁菸客房、免費無線網路、客房服務、免費停車、餐廳、24 小時接待櫃檯、電梯、熱水按摩池、行李寄存、早餐,無,北投區,台北北投區承德路七段236號2樓,25.115573654262,121.506157858197,標準房,3857,2,無,https://www.booking.com/hotel/tw/wo-ke-shang-lu-cheng-de-guan-bei-tou-qu.zh-tw.html,4
沃客商旅 承德館,7.1,禁菸客房、免費無線網路、客房服務、免費停車、餐廳、24 小時接待櫃檯、電梯、熱水按摩池、行李寄存、早餐,無,北投區,台北北投區承德路七段236號2樓,25.115573654262,121.506157858197,標準房,5158,2,#RD1106810503,https://www.booking.com/hotel/tw/wo-ke-shang-lu-cheng-de-guan-bei-tou-qu.zh-tw.html,4
沃客商旅 承德館,7.1,禁菸客房、免費無線網路、客房服務、免費停車、餐廳、24 小時接待櫃檯、電梯、熱水按摩池、行李寄存、早餐,無,北投區,台北北投區承德路七段236號2樓,25.115573654262,121.506157858197,標準房,5379,2,無,https://www.booking.com/hotel/tw/wo-ke-shang-lu-cheng-de-guan-bei-tou-qu.zh-tw.html,4
山樂溫泉飯店,7.8,禁菸客房、免費無線網路、私人停車場、餐廳、家庭房、24 小時接待櫃檯、溫泉浴、電梯、行李寄存、早餐評價很好,「高貴不貴，物超所值」 | 「房間內的溫泉泡出水很快、泡起來滿意」 | 「溫泉很舒服，早餐很美味」,北投區,台北北投區泉源路17號,25.137909,121.50394099999994,標準房,3200,2,#RD53854106,https://www.booking.com/hotel/tw/shan-shui-yue-resort.zh-tw.html,3
山樂溫泉飯店,7.8,禁菸客房、免費無線網路、私人停車場、餐廳、家庭房、24 小時接待櫃檯、溫泉浴、電梯、行李寄存、早餐評價很好,「高貴不貴，物超所值」 | 「房間內的溫泉泡出水很快、泡起來滿意」 | 「溫泉很舒服，早餐很美味」,北投區,台北北投區泉源路17號,25.137909,121.50394099999994,標準房,3500,2,#RD53854102,https://www.booking.com/hotel/tw/shan-shui-yue-resort.zh-tw.html,3
山樂溫泉飯店,7.8,禁菸客房、免費無線網路、私人停車場、餐廳、家庭房、24 小時接待櫃檯、溫泉浴、電梯、行李寄存、早餐評價很好,「高貴不貴，物超所值」 | 「房間內的溫泉泡出水很快、泡起來滿意」 | 「溫泉很舒服，早餐很美味」,北投區,台北北投區泉源路17號,25.137909,121.50394099999994,標準房,3850,2,#RD53854103,https://www.booking.com/hotel/tw/shan-shui-yue-resort.zh-tw.html,3
雀客藏居台北陽明山,7.5,室外游泳池、禁菸客房、健身中心、免費無線網路、客房服務、免費停車、機場接駁車、2 間餐廳、早餐評價很好,無,士林區,台北士林區No,25.14349999943611,121.54889211058617,標準房,4422,2,#RD28636201,https://www.booking.com/hotel/tw/yang-ming-shan-zhong-guo-li-zhi-da-fan-dian.zh-tw.html,4
雀客藏居台北陽明山,7.5,室外游泳池、禁菸客房、健身中心、免費無線網路、客房服務、免費停車、機場接駁車、2 間餐廳、早餐評價很好,無,士林區,台北士林區No,25.14349999943611,121.54889211058617,標準房,4716,2,#RD28636204,https://www.booking.com/hotel/tw/yang-ming-shan-zhong-guo-li-zhi-da-fan-dian.zh-tw.html,4
雀客藏居台北陽明山,7.5,室外游泳池、禁菸客房、健身中心、免費無線網路、客房服務、免費停車、機場接駁車、2 間餐廳、早餐評價很好,無,士林區,台北士林區No,25.14349999943611,121.54889211058617,標準房,5207,2,#RD28636202,https://www.booking.com/hotel/tw/yang-ming-shan-zhong-guo-li-zhi-da-fan-dian.zh-tw.html,4
思泊客台北101,7.7,禁菸客房、免費無線網路、免費停車、機場接駁車、24 小時接待櫃檯、洗衣、電梯、行李寄存、每日清潔服務、暖氣,「離捷運站非常的近，交通方便」 | 「早餐雖然只有餐盒，但是以這個價位已經很OK了。」 | 「非常靠近101，也有小酒吧，位置很方便」,信義區,台北信義區信義路五段16號B,25.03275216610687,121.5628919005394,標準房,5320,2,#RD103247903,https://www.booking.com/hotel/tw/sparkle-hotel-taipei.zh-tw.html,4
思泊客台北101,7.7,禁菸客房、免費無線網路、免費停車、機場接駁車、24 小時接待櫃檯、洗衣、電梯、行李寄存、每日清潔服務、暖氣,「離捷運站非常的近，交通方便」 | 「早餐雖然只有餐盒，但是以這個價位已經很OK了。」 | 「非常靠近101，也有小酒吧，位置很方便」,信義區,台北信義區信義路五段16號B,25.03275216610687,121.5628919005394,標準房,5320,2,#RD103247905,https://www.booking.com/hotel/tw/sparkle-hotel-taipei.zh-tw.html,4
思泊客台北101,7.7,禁菸客房、免費無線網路、免費停車、機場接駁車、24 小時接待櫃檯、洗衣、電梯、行李寄存、每日清潔服務、暖氣,「離捷運站非常的近，交通方便」 | 「早餐雖然只有餐盒，但是以這個價位已經很OK了。」 | 「非常靠近101，也有小酒吧，位置很方便」,信義區,台北信義區信義路五段16號B,25.03275216610687,121.5628919005394,標準房,6300,2,#RD103247906,https://www.booking.com/hotel/tw/sparkle-hotel-taipei.zh-tw.html,4
柯達大飯店台北長安,8.6,禁菸客房、免費無線網路、機場接駁車、家庭房、24 小時接待櫃檯、洗衣、電梯、早餐評價很好,"「酒店位置方便出入，離地鐵近，門口就是巴士站，附近很多美食餐廳，這次入住正碰上颱風，在酒店內感覺很安全放心，前檯員工非常專業熱情，幫忙處理機位重訂等問題，特別多謝Kelly很耐心的幫忙。早餐也很好，這次住宿多天，每天早餐也有變更菜式。」 | 「有免費的商務空間, 咖啡飲品可自取」 | 「1、地點很棒、鄰松江南京站，走路5分鐘內。 2、房間空間適中，咖啡機小零食一應俱全。 3、早餐種類不多，但都䗽好吃的。」",中山區,台北中山區松江路61-1號,25.04855760627376,121.5331327862807,標準房,6110,2,#RD238205119,https://www.booking.com/hotel/tw/ke-da-da-fan-dian-tai-bei-chang-an.zh-tw.html,4
柯達大飯店台北長安,8.6,禁菸客房、免費無線網路、機場接駁車、家庭房、24 小時接待櫃檯、洗衣、電梯、早餐評價很好,"「酒店位置方便出入，離地鐵近，門口就是巴士站，附近很多美食餐廳，這次入住正碰上颱風，在酒店內感覺很安全放心，前檯員工非常專業熱情，幫忙處理機位重訂等問題，特別多謝Kelly很耐心的幫忙。早餐也很好，這次住宿多天，每天早餐也有變更菜式。」 | 「有免費的商務空間, 咖啡飲品可自取」 | 「1、地點很棒、鄰松江南京站，走路5分鐘內。 2、房間空間適中，咖啡機小零食一應俱全。 3、早餐種類不多，但都䗽好吃的。」",中山區,台北中山區松江路61-1號,25.04855760627376,121.5331327862807,標準房,6239,2,#RD238205112,https://www.booking.com/hotel/tw/ke-da-da-fan-dian-tai-bei-chang-an.zh-tw.html,4
柯達大飯店台北長安,8.6,禁菸客房、免費無線網路、機場接駁車、家庭房、24 小時接待櫃檯、洗衣、電梯、早餐評價很好,"「酒店位置方便出入，離地鐵近，門口就是巴士站，附近很多美食餐廳，這次入住正碰上颱風，在酒店內感覺很安全放心，前檯員工非常專業熱情，幫忙處理機位重訂等問題，特別多謝Kelly很耐心的幫忙。早餐也很好，這次住宿多天，每天早餐也有變更菜式。」 | 「有免費的商務空間, 咖啡飲品可自取」 | 「1、地點很棒、鄰松江南京站，走路5分鐘內。 2、房間空間適中，咖啡機小零食一應俱全。 3、早餐種類不多，但都䗽好吃的。」",中山區,台北中山區松江路61-1號,25.04855760627376,121.5331327862807,標準房,6882,2,#RD238205116,https://www.booking.com/hotel/tw/ke-da-da-fan-dian-tai-bei-chang-an.zh-tw.html,4
國聯大飯店,8.6,禁菸客房、健身中心、免費無線網路、免費停車、機場接駁車、2 間餐廳、24 小時接待櫃檯、酒吧、早餐評價很好,「非常方便，服務又親切。」 | 「房間非常的舒適，服務也非常的棒 讓人很放鬆」 | 「早餐好好吃～ 服務超級好～」,大安區,台北大安區光復南路200號,25.04217,121.557347,標準房,7220,2,#RD409357004,https://www.booking.com/hotel/tw/guo-lian-guan-guang-da-fan-dian.zh-tw.html,5
國聯大飯店,8.6,禁菸客房、健身中心、免費無線網路、免費停車、機場接駁車、2 間餐廳、24 小時接待櫃檯、酒吧、早餐評價很好,「非常方便，服務又親切。」 | 「房間非常的舒適，服務也非常的棒 讓人很放鬆」 | 「早餐好好吃～ 服務超級好～」,大安區,台北大安區光復南路200號,25.04217,121.557347,標準房,7980,2,無,https://www.booking.com/hotel/tw/guo-lian-guan-guang-da-fan-dian.zh-tw.html,5
國聯大飯店,8.6,禁菸客房、健身中心、免費無線網路、免費停車、機場接駁車、2 間餐廳、24 小時接待櫃檯、酒吧、早餐評價很好,「非常方便，服務又親切。」 | 「房間非常的舒適，服務也非常的棒 讓人很放鬆」 | 「早餐好好吃～ 服務超級好～」,大安區,台北大安區光復南路200號,25.04217,121.557347,標準房,7980,2,#RD409357006,https://www.booking.com/hotel/tw/guo-lian-guan-guang-da-fan-dian.zh-tw.html,5
國聯大飯店,8.6,禁菸客房、健身中心、免費無線網路、免費停車、機場接駁車、2 間餐廳、24 小時接待櫃檯、酒吧、早餐評價很好,「非常方便，服務又親切。」 | 「房間非常的舒適，服務也非常的棒 讓人很放鬆」 | 「早餐好好吃～ 服務超級好～」,大安區,台北大安區光復南路200號,25.04217,121.557347,標準房,8740,2,無,https://www.booking.com/hotel/tw/guo-lian-guan-guang-da-fan-dian.zh-tw.html,5
國聯大飯店,8.6,禁菸客房、健身中心、免費無線網路、免費停車、機場接駁車、2 間餐廳、24 小時接待櫃檯、酒吧、早餐評價很好,「非常方便，服務又親切。」 | 「房間非常的舒適，服務也非常的棒 讓人很放鬆」 | 「早餐好好吃～ 服務超級好～」,大安區,台北大安區光復南路200號,25.04217,121.557347,標準房,7980,2,#RD409357009,https://www.booking.com/hotel/tw/guo-lian-guan-guang-da-fan-dian.zh-tw.html,5
國聯大飯店,8.6,禁菸客房、健身中心、免費無線網路、免費停車、機場接駁車、2 間餐廳、24 小時接待櫃檯、酒吧、早餐評價很好,「非常方便，服務又親切。」 | 「房間非常的舒適，服務也非常的棒 讓人很放鬆」 | 「早餐好好吃～ 服務超級好～」,大安區,台北大安區光復南路200號,25.04217,121.557347,標準房,9500,2,#RD409357012,https://www.booking.com/hotel/tw/guo-lian-guan-guang-da-fan-dian.zh-tw.html,5
國聯大飯店,8.6,禁菸客房、健身中心、免費無線網路、免費停車、機場接駁車、2 間餐廳、24 小時接待櫃檯、酒吧、早餐評價很好,「非常方便，服務又親切。」 | 「房間非常的舒適，服務也非常的棒 讓人很放鬆」 | 「早餐好好吃～ 服務超級好～」,大安區,台北大安區光復南路200號,25.04217,121.557347,標準房,10260,2,無,https://www.booking.com/hotel/tw/guo-lian-guan-guang-da-fan-dian.zh-tw.html,5
國聯大飯店,8.6,禁菸客房、健身中心、免費無線網路、免費停車、機場接駁車、2 間餐廳、24 小時接待櫃檯、酒吧、早餐評價很好,「非常方便，服務又親切。」 | 「房間非常的舒適，服務也非常的棒 讓人很放鬆」 | 「早餐好好吃～ 服務超級好～」,大安區,台北大安區光復南路200號,25.04217,121.557347,標準房,12160,2,#RD409357008,https://www.booking.com/hotel/tw/guo-lian-guan-guang-da-fan-dian.zh-tw.html,5
國聯大飯店,8.6,禁菸客房、健身中心、免費無線網路、免費停車、機場接駁車、2 間餐廳、24 小時接待櫃檯、酒吧、早餐評價很好,「非常方便，服務又親切。」 | 「房間非常的舒適，服務也非常的棒 讓人很放鬆」 | 「早餐好好吃～ 服務超級好～」,大安區,台北大安區光復南路200號,25.04217,121.557347,標準房,12920,2,無,https://www.booking.com/hotel/tw/guo-lian-guan-guang-da-fan-dian.zh-tw.html,5
梧邸酒店 台北杭州,8.1,禁菸客房、免費無線網路、私人停車場、機場接駁車、24 小時接待櫃檯、洗衣、電梯、行李寄存、早餐評價還不錯,「選擇行政套房，空間非常舒適」 | 「乾淨 位置 環境都不錯」 | 「令人驚豔」,中正區,台北中正區杭州南路一段12號,25.0401194,121.52565,標準房,6444,2,#RD1186561102,https://www.booking.com/hotel/tw/que-ke-lu-guan-tai-bei-hang-zhou-zhong-zheng-qu1.zh-tw.html,4
梧邸酒店 台北杭州,8.1,禁菸客房、免費無線網路、私人停車場、機場接駁車、24 小時接待櫃檯、洗衣、電梯、行李寄存、早餐評價還不錯,「選擇行政套房，空間非常舒適」 | 「乾淨 位置 環境都不錯」 | 「令人驚豔」,中正區,台北中正區杭州南路一段12號,25.0401194,121.52565,標準房,7126,2,無,https://www.booking.com/hotel/tw/que-ke-lu-guan-tai-bei-hang-zhou-zhong-zheng-qu1.zh-tw.html,4
梧邸酒店 台北杭州,8.1,禁菸客房、免費無線網路、私人停車場、機場接駁車、24 小時接待櫃檯、洗衣、電梯、行李寄存、早餐評價還不錯,「選擇行政套房，空間非常舒適」 | 「乾淨 位置 環境都不錯」 | 「令人驚豔」,中正區,台北中正區杭州南路一段12號,25.0401194,121.52565,標準房,7088,2,#RD1186561104,https://www.booking.com/hotel/tw/que-ke-lu-guan-tai-bei-hang-zhou-zhong-zheng-qu1.zh-tw.html,4
梧邸酒店 台北杭州,8.1,禁菸客房、免費無線網路、私人停車場、機場接駁車、24 小時接待櫃檯、洗衣、電梯、行李寄存、早餐評價還不錯,「選擇行政套房，空間非常舒適」 | 「乾淨 位置 環境都不錯」 | 「令人驚豔」,中正區,台北中正區杭州南路一段12號,25.0401194,121.52565,標準房,7769,2,無,https://www.booking.com/hotel/tw/que-ke-lu-guan-tai-bei-hang-zhou-zhong-zheng-qu1.zh-tw.html,4
梧邸酒店 台北杭州,8.1,禁菸客房、免費無線網路、私人停車場、機場接駁車、24 小時接待櫃檯、洗衣、電梯、行李寄存、早餐評價還不錯,「選擇行政套房，空間非常舒適」 | 「乾淨 位置 環境都不錯」 | 「令人驚豔」,中正區,台北中正區杭州南路一段12號,25.0401194,121.52565,標準房,7644,2,#RD1186561101,https://www.booking.com/hotel/tw/que-ke-lu-guan-tai-bei-hang-zhou-zhong-zheng-qu1.zh-tw.html,4
梧邸酒店 台北杭州,8.1,禁菸客房、免費無線網路、私人停車場、機場接駁車、24 小時接待櫃檯、洗衣、電梯、行李寄存、早餐評價還不錯,「選擇行政套房，空間非常舒適」 | 「乾淨 位置 環境都不錯」 | 「令人驚豔」,中正區,台北中正區杭州南路一段12號,25.0401194,121.52565,標準房,8325,2,無,https://www.booking.com/hotel/tw/que-ke-lu-guan-tai-bei-hang-zhou-zhong-zheng-qu1.zh-tw.html,4
天使青旅台北西門,7.6,禁菸客房、免費無線網路、洗衣、電梯、每日清潔服務、暖氣,"「乾淨整潔 接待親切」 | 「位置與絕佳的性價比」 | 「位於市中心,交通及吃食方便」",中正區,台北中正區衡陽路51號2F-2,25.04239327973026,121.51222245767212,標準房,2222,2,#RD151922806,https://www.booking.com/hotel/tw/tian-shi-shang-lu-tai-bei-xi-men-taipei.zh-tw.html,4
天使青旅台北西門,7.6,禁菸客房、免費無線網路、洗衣、電梯、每日清潔服務、暖氣,"「乾淨整潔 接待親切」 | 「位置與絕佳的性價比」 | 「位於市中心,交通及吃食方便」",中正區,台北中正區衡陽路51號2F-2,25.04239327973026,121.51222245767212,標準房,2224,2,#RD151922805,https://www.booking.com/hotel/tw/tian-shi-shang-lu-tai-bei-xi-men-taipei.zh-tw.html,4
天使青旅台北西門,7.6,禁菸客房、免費無線網路、洗衣、電梯、每日清潔服務、暖氣,"「乾淨整潔 接待親切」 | 「位置與絕佳的性價比」 | 「位於市中心,交通及吃食方便」",中正區,台北中正區衡陽路51號2F-2,25.04239327973026,121.51222245767212,標準房,1000,1,#RD151922801,https://www.booking.com/hotel/tw/tian-shi-shang-lu-tai-bei-xi-men-taipei.zh-tw.html,4
天使青旅台北西門,7.6,禁菸客房、免費無線網路、洗衣、電梯、每日清潔服務、暖氣,"「乾淨整潔 接待親切」 | 「位置與絕佳的性價比」 | 「位於市中心,交通及吃食方便」",中正區,台北中正區衡陽路51號2F-2,25.04239327973026,121.51222245767212,標準房,1000,1,#RD151922802,https://www.booking.com/hotel/tw/tian-shi-shang-lu-tai-bei-xi-men-taipei.zh-tw.html,4
丹迪旅店大安森林公園店,8.8,禁菸客房、免費無線網路、24 小時接待櫃檯、洗衣、電梯、行李寄存、每日清潔服務、早餐評價非常好,「地點離捷運站近、早餐豐富、服務認真」 | 「喜歡設施完善提供多天商旅客戶有早餐宵夜跟免費洗脫烘衣服等貼心的服務，我非常滿意👍」 | 「早餐簡單豐富又營養。」,大安區,台北大安區信義路三段33號,25.033763149495933,121.53455972671507,標準房,8220,3,#RD25565007,https://www.booking.com/hotel/tw/dandy-daan-branch.zh-tw.html,3
丹迪旅店大安森林公園店,8.8,禁菸客房、免費無線網路、24 小時接待櫃檯、洗衣、電梯、行李寄存、每日清潔服務、早餐評價非常好,「地點離捷運站近、早餐豐富、服務認真」 | 「喜歡設施完善提供多天商旅客戶有早餐宵夜跟免費洗脫烘衣服等貼心的服務，我非常滿意👍」 | 「早餐簡單豐富又營養。」,大安區,台北大安區信義路三段33號,25.033763149495933,121.53455972671507,標準房,8400,3,無,https://www.booking.com/hotel/tw/dandy-daan-branch.zh-tw.html,3
丹迪旅店大安森林公園店,8.8,禁菸客房、免費無線網路、24 小時接待櫃檯、洗衣、電梯、行李寄存、每日清潔服務、早餐評價非常好,「地點離捷運站近、早餐豐富、服務認真」 | 「喜歡設施完善提供多天商旅客戶有早餐宵夜跟免費洗脫烘衣服等貼心的服務，我非常滿意👍」 | 「早餐簡單豐富又營養。」,大安區,台北大安區信義路三段33號,25.033763149495933,121.53455972671507,標準房,5700,2,#RD25565006,https://www.booking.com/hotel/tw/dandy-daan-branch.zh-tw.html,3
丹迪旅店大安森林公園店,8.8,禁菸客房、免費無線網路、24 小時接待櫃檯、洗衣、電梯、行李寄存、每日清潔服務、早餐評價非常好,「地點離捷運站近、早餐豐富、服務認真」 | 「喜歡設施完善提供多天商旅客戶有早餐宵夜跟免費洗脫烘衣服等貼心的服務，我非常滿意👍」 | 「早餐簡單豐富又營養。」,大安區,台北大安區信義路三段33號,25.033763149495933,121.53455972671507,標準房,6000,2,無,https://www.booking.com/hotel/tw/dandy-daan-branch.zh-tw.html,3
丹迪旅店大安森林公園店,8.8,禁菸客房、免費無線網路、24 小時接待櫃檯、洗衣、電梯、行李寄存、每日清潔服務、早餐評價非常好,「地點離捷運站近、早餐豐富、服務認真」 | 「喜歡設施完善提供多天商旅客戶有早餐宵夜跟免費洗脫烘衣服等貼心的服務，我非常滿意👍」 | 「早餐簡單豐富又營養。」,大安區,台北大安區信義路三段33號,25.033763149495933,121.53455972671507,標準房,6300,2,#RD25565001,https://www.booking.com/hotel/tw/dandy-daan-branch.zh-tw.html,3
丹迪旅店大安森林公園店,8.8,禁菸客房、免費無線網路、24 小時接待櫃檯、洗衣、電梯、行李寄存、每日清潔服務、早餐評價非常好,「地點離捷運站近、早餐豐富、服務認真」 | 「喜歡設施完善提供多天商旅客戶有早餐宵夜跟免費洗脫烘衣服等貼心的服務，我非常滿意👍」 | 「早餐簡單豐富又營養。」,大安區,台北大安區信義路三段33號,25.033763149495933,121.53455972671507,標準房,6300,2,#RD25565002,https://www.booking.com/hotel/tw/dandy-daan-branch.zh-tw.html,3
丹迪旅店大安森林公園店,8.8,禁菸客房、免費無線網路、24 小時接待櫃檯、洗衣、電梯、行李寄存、每日清潔服務、早餐評價非常好,「地點離捷運站近、早餐豐富、服務認真」 | 「喜歡設施完善提供多天商旅客戶有早餐宵夜跟免費洗脫烘衣服等貼心的服務，我非常滿意👍」 | 「早餐簡單豐富又營養。」,大安區,台北大安區信義路三段33號,25.033763149495933,121.53455972671507,標準房,6300,2,#RD25565009,https://www.booking.com/hotel/tw/dandy-daan-branch.zh-tw.html,3
丹迪旅店大安森林公園店,8.8,禁菸客房、免費無線網路、24 小時接待櫃檯、洗衣、電梯、行李寄存、每日清潔服務、早餐評價非常好,「地點離捷運站近、早餐豐富、服務認真」 | 「喜歡設施完善提供多天商旅客戶有早餐宵夜跟免費洗脫烘衣服等貼心的服務，我非常滿意👍」 | 「早餐簡單豐富又營養。」,大安區,台北大安區信義路三段33號,25.033763149495933,121.53455972671507,標準房,6600,2,#RD25565003,https://www.booking.com/hotel/tw/dandy-daan-branch.zh-tw.html,3
丹迪旅店大安森林公園店,8.8,禁菸客房、免費無線網路、24 小時接待櫃檯、洗衣、電梯、行李寄存、每日清潔服務、早餐評價非常好,「地點離捷運站近、早餐豐富、服務認真」 | 「喜歡設施完善提供多天商旅客戶有早餐宵夜跟免費洗脫烘衣服等貼心的服務，我非常滿意👍」 | 「早餐簡單豐富又營養。」,大安區,台北大安區信義路三段33號,25.033763149495933,121.53455972671507,標準房,7800,2,#RD25565014,https://www.booking.com/hotel/tw/dandy-daan-branch.zh-tw.html,3
丹迪旅店大安森林公園店,8.8,禁菸客房、免費無線網路、24 小時接待櫃檯、洗衣、電梯、行李寄存、每日清潔服務、早餐評價非常好,「地點離捷運站近、早餐豐富、服務認真」 | 「喜歡設施完善提供多天商旅客戶有早餐宵夜跟免費洗脫烘衣服等貼心的服務，我非常滿意👍」 | 「早餐簡單豐富又營養。」,大安區,台北大安區信義路三段33號,25.033763149495933,121.53455972671507,標準房,7800,2,#RD25565015,https://www.booking.com/hotel/tw/dandy-daan-branch.zh-tw.html,3
丹迪旅店大安森林公園店,8.8,禁菸客房、免費無線網路、24 小時接待櫃檯、洗衣、電梯、行李寄存、每日清潔服務、早餐評價非常好,「地點離捷運站近、早餐豐富、服務認真」 | 「喜歡設施完善提供多天商旅客戶有早餐宵夜跟免費洗脫烘衣服等貼心的服務，我非常滿意👍」 | 「早餐簡單豐富又營養。」,大安區,台北大安區信義路三段33號,25.033763149495933,121.53455972671507,標準房,8400,2,#RD25565004,https://www.booking.com/hotel/tw/dandy-daan-branch.zh-tw.html,3
丹迪旅店大安森林公園店,8.8,禁菸客房、免費無線網路、24 小時接待櫃檯、洗衣、電梯、行李寄存、每日清潔服務、早餐評價非常好,「地點離捷運站近、早餐豐富、服務認真」 | 「喜歡設施完善提供多天商旅客戶有早餐宵夜跟免費洗脫烘衣服等貼心的服務，我非常滿意👍」 | 「早餐簡單豐富又營養。」,大安區,台北大安區信義路三段33號,25.033763149495933,121.53455972671507,標準房,8400,2,#RD25565010,https://www.booking.com/hotel/tw/dandy-daan-branch.zh-tw.html,3
丹迪旅店大安森林公園店,8.8,禁菸客房、免費無線網路、24 小時接待櫃檯、洗衣、電梯、行李寄存、每日清潔服務、早餐評價非常好,「地點離捷運站近、早餐豐富、服務認真」 | 「喜歡設施完善提供多天商旅客戶有早餐宵夜跟免費洗脫烘衣服等貼心的服務，我非常滿意👍」 | 「早餐簡單豐富又營養。」,大安區,台北大安區信義路三段33號,25.033763149495933,121.53455972671507,標準房,9000,2,#RD25565005,https://www.booking.com/hotel/tw/dandy-daan-branch.zh-tw.html,3
丹迪旅店大安森林公園店,8.8,禁菸客房、免費無線網路、24 小時接待櫃檯、洗衣、電梯、行李寄存、每日清潔服務、早餐評價非常好,「地點離捷運站近、早餐豐富、服務認真」 | 「喜歡設施完善提供多天商旅客戶有早餐宵夜跟免費洗脫烘衣服等貼心的服務，我非常滿意👍」 | 「早餐簡單豐富又營養。」,大安區,台北大安區信義路三段33號,25.033763149495933,121.53455972671507,標準房,9600,2,#RD25565016,https://www.booking.com/hotel/tw/dandy-daan-branch.zh-tw.html,3
太平洋商旅,8.5,禁菸客房、健身中心、免費無線網路、停車場（館內）、餐廳、家庭房、24 小時接待櫃檯、露台、洗衣、早餐評價很好,「環境安靜，房間乾淨整潔，備品很好」 | 「Cp值超高」 | 「早餐多樣品質優」,信義區,台北信義區光復南路495號11樓,25.032387626783635,121.55759051442146,標準房,7452,3,#RD30039003,https://www.booking.com/hotel/tw/pacific-business-center.zh-tw.html,4
太平洋商旅,8.5,禁菸客房、健身中心、免費無線網路、停車場（館內）、餐廳、家庭房、24 小時接待櫃檯、露台、洗衣、早餐評價很好,「環境安靜，房間乾淨整潔，備品很好」 | 「Cp值超高」 | 「早餐多樣品質優」,信義區,台北信義區光復南路495號11樓,25.032387626783635,121.55759051442146,標準房,8141,3,無,https://www.booking.com/hotel/tw/pacific-business-center.zh-tw.html,4
太平洋商旅,8.5,禁菸客房、健身中心、免費無線網路、停車場（館內）、餐廳、家庭房、24 小時接待櫃檯、露台、洗衣、早餐評價很好,「環境安靜，房間乾淨整潔，備品很好」 | 「Cp值超高」 | 「早餐多樣品質優」,信義區,台北信義區光復南路495號11樓,25.032387626783635,121.55759051442146,標準房,6480,2,無,https://www.booking.com/hotel/tw/pacific-business-center.zh-tw.html,4
太平洋商旅,8.5,禁菸客房、健身中心、免費無線網路、停車場（館內）、餐廳、家庭房、24 小時接待櫃檯、露台、洗衣、早餐評價很好,「環境安靜，房間乾淨整潔，備品很好」 | 「Cp值超高」 | 「早餐多樣品質優」,信義區,台北信義區光復南路495號11樓,25.032387626783635,121.55759051442146,標準房,6683,2,無,https://www.booking.com/hotel/tw/pacific-business-center.zh-tw.html,4
太平洋商旅,8.5,禁菸客房、健身中心、免費無線網路、停車場（館內）、餐廳、家庭房、24 小時接待櫃檯、露台、洗衣、早餐評價很好,「環境安靜，房間乾淨整潔，備品很好」 | 「Cp值超高」 | 「早餐多樣品質優」,信義區,台北信義區光復南路495號11樓,25.032387626783635,121.55759051442146,標準房,8415,3,#RD30039011,https://www.booking.com/hotel/tw/pacific-business-center.zh-tw.html,4
太平洋商旅,8.5,禁菸客房、健身中心、免費無線網路、停車場（館內）、餐廳、家庭房、24 小時接待櫃檯、露台、洗衣、早餐評價很好,「環境安靜，房間乾淨整潔，備品很好」 | 「Cp值超高」 | 「早餐多樣品質優」,信義區,台北信義區光復南路495號11樓,25.032387626783635,121.55759051442146,標準房,9138,3,無,https://www.booking.com/hotel/tw/pacific-business-center.zh-tw.html,4
太平洋商旅,8.5,禁菸客房、健身中心、免費無線網路、停車場（館內）、餐廳、家庭房、24 小時接待櫃檯、露台、洗衣、早餐評價很好,「環境安靜，房間乾淨整潔，備品很好」 | 「Cp值超高」 | 「早餐多樣品質優」,信義區,台北信義區光復南路495號11樓,25.032387626783635,121.55759051442146,標準房,7395,2,無,https://www.booking.com/hotel/tw/pacific-business-center.zh-tw.html,4
太平洋商旅,8.5,禁菸客房、健身中心、免費無線網路、停車場（館內）、餐廳、家庭房、24 小時接待櫃檯、露台、洗衣、早餐評價很好,「環境安靜，房間乾淨整潔，備品很好」 | 「Cp值超高」 | 「早餐多樣品質優」,信義區,台北信義區光復南路495號11樓,25.032387626783635,121.55759051442146,標準房,7608,2,無,https://www.booking.com/hotel/tw/pacific-business-center.zh-tw.html,4
太平洋商旅,8.5,禁菸客房、健身中心、免費無線網路、停車場（館內）、餐廳、家庭房、24 小時接待櫃檯、露台、洗衣、早餐評價很好,「環境安靜，房間乾淨整潔，備品很好」 | 「Cp值超高」 | 「早餐多樣品質優」,信義區,台北信義區光復南路495號11樓,25.032387626783635,121.55759051442146,標準房,7736,2,#RD30039010,https://www.booking.com/hotel/tw/pacific-business-center.zh-tw.html,4
太平洋商旅,8.5,禁菸客房、健身中心、免費無線網路、停車場（館內）、餐廳、家庭房、24 小時接待櫃檯、露台、洗衣、早餐評價很好,「環境安靜，房間乾淨整潔，備品很好」 | 「Cp值超高」 | 「早餐多樣品質優」,信義區,台北信義區光復南路495號11樓,25.032387626783635,121.55759051442146,標準房,8100,2,無,https://www.booking.com/hotel/tw/pacific-business-center.zh-tw.html,4
Hotel PaPa Whale,7.7,禁菸客房、免費無線網路、餐廳、家庭房、24 小時接待櫃檯、洗衣、電梯、酒吧、早餐,「環境很乾淨真的」 | 「這次住單人房，感覺乾淨整潔；床的柔軟度也恰到好處，如果還有機會到台北住宿；我會再次考慮這裡。」 | 「全體房務敬敬業業，注重旅客所有感受」,萬華區,台北萬華區昆明街46號,25.046458891942983,121.50556499636468,標準房,4100,2,#RD177645403,https://www.booking.com/hotel/tw/papa-whale.zh-tw.html,4
Hotel PaPa Whale,7.7,禁菸客房、免費無線網路、餐廳、家庭房、24 小時接待櫃檯、洗衣、電梯、酒吧、早餐,「環境很乾淨真的」 | 「這次住單人房，感覺乾淨整潔；床的柔軟度也恰到好處，如果還有機會到台北住宿；我會再次考慮這裡。」 | 「全體房務敬敬業業，注重旅客所有感受」,萬華區,台北萬華區昆明街46號,25.046458891942983,121.50556499636468,標準房,4300,2,無,https://www.booking.com/hotel/tw/papa-whale.zh-tw.html,4
美侖商旅,9.1,禁菸客房、健身中心、免費無線網路、免費停車、機場接駁車、餐廳、酒吧、早餐評價非常好,「房間乾淨」 | 「房間乾淨舒適明亮」 | 「進入大廳，準備住房報到時，馬上受到櫃檯一位翁小姐熱情接待，備感親切。夜間出門，也是一位櫃檯劉小姐幫忙備傘，讓我們感動萬分！住過千百間飯店，櫃檯工作人員難得有如此噓寒問暖的服務！  退房前，剛好有機會和翁小姐分享連住多日的心得，提供幾個建議給飯店參考： 1. 浴室牆壁需有安全扶手的安裝，以確保住房客安全。 2. 浴室掛勾需增加，以利浴巾吊掛。 3. 增加浴室小椅和小勺子，安全又省水。  期待下次再入住溫馨的旅店！祝福旅店生意興隆！」,中山區,台北中山區吉林路49號,25.052821,121.530306,標準房,7645,2,#RD433599404,https://www.booking.com/hotel/tw/mei-lun-shang-lu.zh-tw.html,4
美侖商旅,9.1,禁菸客房、健身中心、免費無線網路、免費停車、機場接駁車、餐廳、酒吧、早餐評價非常好,「房間乾淨」 | 「房間乾淨舒適明亮」 | 「進入大廳，準備住房報到時，馬上受到櫃檯一位翁小姐熱情接待，備感親切。夜間出門，也是一位櫃檯劉小姐幫忙備傘，讓我們感動萬分！住過千百間飯店，櫃檯工作人員難得有如此噓寒問暖的服務！  退房前，剛好有機會和翁小姐分享連住多日的心得，提供幾個建議給飯店參考： 1. 浴室牆壁需有安全扶手的安裝，以確保住房客安全。 2. 浴室掛勾需增加，以利浴巾吊掛。 3. 增加浴室小椅和小勺子，安全又省水。  期待下次再入住溫馨的旅店！祝福旅店生意興隆！」,中山區,台北中山區吉林路49號,25.052821,121.530306,標準房,8195,2,無,https://www.booking.com/hotel/tw/mei-lun-shang-lu.zh-tw.html,4
美侖商旅,9.1,禁菸客房、健身中心、免費無線網路、免費停車、機場接駁車、餐廳、酒吧、早餐評價非常好,「房間乾淨」 | 「房間乾淨舒適明亮」 | 「進入大廳，準備住房報到時，馬上受到櫃檯一位翁小姐熱情接待，備感親切。夜間出門，也是一位櫃檯劉小姐幫忙備傘，讓我們感動萬分！住過千百間飯店，櫃檯工作人員難得有如此噓寒問暖的服務！  退房前，剛好有機會和翁小姐分享連住多日的心得，提供幾個建議給飯店參考： 1. 浴室牆壁需有安全扶手的安裝，以確保住房客安全。 2. 浴室掛勾需增加，以利浴巾吊掛。 3. 增加浴室小椅和小勺子，安全又省水。  期待下次再入住溫馨的旅店！祝福旅店生意興隆！」,中山區,台北中山區吉林路49號,25.052821,121.530306,標準房,8635,2,無,https://www.booking.com/hotel/tw/mei-lun-shang-lu.zh-tw.html,4
美侖商旅,9.1,禁菸客房、健身中心、免費無線網路、免費停車、機場接駁車、餐廳、酒吧、早餐評價非常好,「房間乾淨」 | 「房間乾淨舒適明亮」 | 「進入大廳，準備住房報到時，馬上受到櫃檯一位翁小姐熱情接待，備感親切。夜間出門，也是一位櫃檯劉小姐幫忙備傘，讓我們感動萬分！住過千百間飯店，櫃檯工作人員難得有如此噓寒問暖的服務！  退房前，剛好有機會和翁小姐分享連住多日的心得，提供幾個建議給飯店參考： 1. 浴室牆壁需有安全扶手的安裝，以確保住房客安全。 2. 浴室掛勾需增加，以利浴巾吊掛。 3. 增加浴室小椅和小勺子，安全又省水。  期待下次再入住溫馨的旅店！祝福旅店生意興隆！」,中山區,台北中山區吉林路49號,25.052821,121.530306,標準房,8195,2,#RD433599409,https://www.booking.com/hotel/tw/mei-lun-shang-lu.zh-tw.html,4
美侖商旅,9.1,禁菸客房、健身中心、免費無線網路、免費停車、機場接駁車、餐廳、酒吧、早餐評價非常好,「房間乾淨」 | 「房間乾淨舒適明亮」 | 「進入大廳，準備住房報到時，馬上受到櫃檯一位翁小姐熱情接待，備感親切。夜間出門，也是一位櫃檯劉小姐幫忙備傘，讓我們感動萬分！住過千百間飯店，櫃檯工作人員難得有如此噓寒問暖的服務！  退房前，剛好有機會和翁小姐分享連住多日的心得，提供幾個建議給飯店參考： 1. 浴室牆壁需有安全扶手的安裝，以確保住房客安全。 2. 浴室掛勾需增加，以利浴巾吊掛。 3. 增加浴室小椅和小勺子，安全又省水。  期待下次再入住溫馨的旅店！祝福旅店生意興隆！」,中山區,台北中山區吉林路49號,25.052821,121.530306,標準房,8690,2,無,https://www.booking.com/hotel/tw/mei-lun-shang-lu.zh-tw.html,4
美侖商旅,9.1,禁菸客房、健身中心、免費無線網路、免費停車、機場接駁車、餐廳、酒吧、早餐評價非常好,「房間乾淨」 | 「房間乾淨舒適明亮」 | 「進入大廳，準備住房報到時，馬上受到櫃檯一位翁小姐熱情接待，備感親切。夜間出門，也是一位櫃檯劉小姐幫忙備傘，讓我們感動萬分！住過千百間飯店，櫃檯工作人員難得有如此噓寒問暖的服務！  退房前，剛好有機會和翁小姐分享連住多日的心得，提供幾個建議給飯店參考： 1. 浴室牆壁需有安全扶手的安裝，以確保住房客安全。 2. 浴室掛勾需增加，以利浴巾吊掛。 3. 增加浴室小椅和小勺子，安全又省水。  期待下次再入住溫馨的旅店！祝福旅店生意興隆！」,中山區,台北中山區吉林路49號,25.052821,121.530306,標準房,9130,2,無,https://www.booking.com/hotel/tw/mei-lun-shang-lu.zh-tw.html,4
承攜行旅-台北八德館,7.5,禁菸客房、免費無線網路、機場接駁車、家庭房、24 小時接待櫃檯、電梯、行李寄存,「房間很大很漂亮 浴室乾濕分離 鏡子很多還有全身鏡很讚 隔音很好 棉被和枕頭超級舒服 路口就看的到101大樓 離松山文創園區和大巨蛋也很近  看完演唱會散步回來很舒服不用人擠人 旁邊就有公車站很方便」 | 「地理位置超級方便，在小巨蛋聽演唱會，從台視搭公車到飯店只要十分鐘，價格便宜到讓人偷笑。房間整潔度跟設備算是十分對得起它的價格。」 | 「交通便利，環境乾淨且空間舒適」,松山區,台北松山區八德路四段213號,25.048969424370583,121.56412839889526,標準房,5416,2,#RD35837109,https://www.booking.com/hotel/tw/taipei-richforest.zh-tw.html,4
承攜行旅-台北八德館,7.5,禁菸客房、免費無線網路、機場接駁車、家庭房、24 小時接待櫃檯、電梯、行李寄存,「房間很大很漂亮 浴室乾濕分離 鏡子很多還有全身鏡很讚 隔音很好 棉被和枕頭超級舒服 路口就看的到101大樓 離松山文創園區和大巨蛋也很近  看完演唱會散步回來很舒服不用人擠人 旁邊就有公車站很方便」 | 「地理位置超級方便，在小巨蛋聽演唱會，從台視搭公車到飯店只要十分鐘，價格便宜到讓人偷笑。房間整潔度跟設備算是十分對得起它的價格。」 | 「交通便利，環境乾淨且空間舒適」,松山區,台北松山區八德路四段213號,25.048969424370583,121.56412839889526,標準房,5416,2,#RD35837110,https://www.booking.com/hotel/tw/taipei-richforest.zh-tw.html,4
承攜行旅-台北八德館,7.5,禁菸客房、免費無線網路、機場接駁車、家庭房、24 小時接待櫃檯、電梯、行李寄存,「房間很大很漂亮 浴室乾濕分離 鏡子很多還有全身鏡很讚 隔音很好 棉被和枕頭超級舒服 路口就看的到101大樓 離松山文創園區和大巨蛋也很近  看完演唱會散步回來很舒服不用人擠人 旁邊就有公車站很方便」 | 「地理位置超級方便，在小巨蛋聽演唱會，從台視搭公車到飯店只要十分鐘，價格便宜到讓人偷笑。房間整潔度跟設備算是十分對得起它的價格。」 | 「交通便利，環境乾淨且空間舒適」,松山區,台北松山區八德路四段213號,25.048969424370583,121.56412839889526,標準房,5590,2,#RD35837101,https://www.booking.com/hotel/tw/taipei-richforest.zh-tw.html,4
承攜行旅-台北八德館,7.5,禁菸客房、免費無線網路、機場接駁車、家庭房、24 小時接待櫃檯、電梯、行李寄存,「房間很大很漂亮 浴室乾濕分離 鏡子很多還有全身鏡很讚 隔音很好 棉被和枕頭超級舒服 路口就看的到101大樓 離松山文創園區和大巨蛋也很近  看完演唱會散步回來很舒服不用人擠人 旁邊就有公車站很方便」 | 「地理位置超級方便，在小巨蛋聽演唱會，從台視搭公車到飯店只要十分鐘，價格便宜到讓人偷笑。房間整潔度跟設備算是十分對得起它的價格。」 | 「交通便利，環境乾淨且空間舒適」,松山區,台北松山區八德路四段213號,25.048969424370583,121.56412839889526,標準房,5820,2,#RD35837111,https://www.booking.com/hotel/tw/taipei-richforest.zh-tw.html,4
承攜行旅-台北八德館,7.5,禁菸客房、免費無線網路、機場接駁車、家庭房、24 小時接待櫃檯、電梯、行李寄存,「房間很大很漂亮 浴室乾濕分離 鏡子很多還有全身鏡很讚 隔音很好 棉被和枕頭超級舒服 路口就看的到101大樓 離松山文創園區和大巨蛋也很近  看完演唱會散步回來很舒服不用人擠人 旁邊就有公車站很方便」 | 「地理位置超級方便，在小巨蛋聽演唱會，從台視搭公車到飯店只要十分鐘，價格便宜到讓人偷笑。房間整潔度跟設備算是十分對得起它的價格。」 | 「交通便利，環境乾淨且空間舒適」,松山區,台北松山區八德路四段213號,25.048969424370583,121.56412839889526,標準房,6051,2,#RD35837105,https://www.booking.com/hotel/tw/taipei-richforest.zh-tw.html,4
相鐵飯店台北西門,9.2,禁菸客房、免費無線網路、餐廳、家庭房、24 小時接待櫃檯、洗衣、電梯、行李寄存、早餐,「就在車站出口旁，房間很大，摟下餐廳也不錯。」 | 「房間很大，位置很乾淨，衣櫃很大，整體很舒服且有許多貼心的設計。櫃檯人員非常友善～」 | 「很乾淨明亮又大」,中正區,台北中正區中華路一段57號,25.041814130925,121.508663943048,標準房,9450,2,#RD1108493005,https://www.booking.com/hotel/tw/xiang-tie-fan-dian-tai-bei-xi-men-zhong-zheng-qu.zh-tw.html,4
相鐵飯店台北西門,9.2,禁菸客房、免費無線網路、餐廳、家庭房、24 小時接待櫃檯、洗衣、電梯、行李寄存、早餐,「就在車站出口旁，房間很大，摟下餐廳也不錯。」 | 「房間很大，位置很乾淨，衣櫃很大，整體很舒服且有許多貼心的設計。櫃檯人員非常友善～」 | 「很乾淨明亮又大」,中正區,台北中正區中華路一段57號,25.041814130925,121.508663943048,標準房,10050,2,無,https://www.booking.com/hotel/tw/xiang-tie-fan-dian-tai-bei-xi-men-zhong-zheng-qu.zh-tw.html,4
相鐵飯店台北西門,9.2,禁菸客房、免費無線網路、餐廳、家庭房、24 小時接待櫃檯、洗衣、電梯、行李寄存、早餐,「就在車站出口旁，房間很大，摟下餐廳也不錯。」 | 「房間很大，位置很乾淨，衣櫃很大，整體很舒服且有許多貼心的設計。櫃檯人員非常友善～」 | 「很乾淨明亮又大」,中正區,台北中正區中華路一段57號,25.041814130925,121.508663943048,標準房,10614,2,無,https://www.booking.com/hotel/tw/xiang-tie-fan-dian-tai-bei-xi-men-zhong-zheng-qu.zh-tw.html,4
相鐵飯店台北西門,9.2,禁菸客房、免費無線網路、餐廳、家庭房、24 小時接待櫃檯、洗衣、電梯、行李寄存、早餐,「就在車站出口旁，房間很大，摟下餐廳也不錯。」 | 「房間很大，位置很乾淨，衣櫃很大，整體很舒服且有許多貼心的設計。櫃檯人員非常友善～」 | 「很乾淨明亮又大」,中正區,台北中正區中華路一段57號,25.041814130925,121.508663943048,標準房,11289,2,無,https://www.booking.com/hotel/tw/xiang-tie-fan-dian-tai-bei-xi-men-zhong-zheng-qu.zh-tw.html,4
相鐵飯店台北西門,9.2,禁菸客房、免費無線網路、餐廳、家庭房、24 小時接待櫃檯、洗衣、電梯、行李寄存、早餐,「就在車站出口旁，房間很大，摟下餐廳也不錯。」 | 「房間很大，位置很乾淨，衣櫃很大，整體很舒服且有許多貼心的設計。櫃檯人員非常友善～」 | 「很乾淨明亮又大」,中正區,台北中正區中華路一段57號,25.041814130925,121.508663943048,標準房,9450,2,#RD1108493009,https://www.booking.com/hotel/tw/xiang-tie-fan-dian-tai-bei-xi-men-zhong-zheng-qu.zh-tw.html,4
相鐵飯店台北西門,9.2,禁菸客房、免費無線網路、餐廳、家庭房、24 小時接待櫃檯、洗衣、電梯、行李寄存、早餐,「就在車站出口旁，房間很大，摟下餐廳也不錯。」 | 「房間很大，位置很乾淨，衣櫃很大，整體很舒服且有許多貼心的設計。櫃檯人員非常友善～」 | 「很乾淨明亮又大」,中正區,台北中正區中華路一段57號,25.041814130925,121.508663943048,標準房,9923,2,#RD1108493007,https://www.booking.com/hotel/tw/xiang-tie-fan-dian-tai-bei-xi-men-zhong-zheng-qu.zh-tw.html,4
相鐵飯店台北西門,9.2,禁菸客房、免費無線網路、餐廳、家庭房、24 小時接待櫃檯、洗衣、電梯、行李寄存、早餐,「就在車站出口旁，房間很大，摟下餐廳也不錯。」 | 「房間很大，位置很乾淨，衣櫃很大，整體很舒服且有許多貼心的設計。櫃檯人員非常友善～」 | 「很乾淨明亮又大」,中正區,台北中正區中華路一段57號,25.041814130925,121.508663943048,標準房,10552,2,無,https://www.booking.com/hotel/tw/xiang-tie-fan-dian-tai-bei-xi-men-zhong-zheng-qu.zh-tw.html,4
相鐵飯店台北西門,9.2,禁菸客房、免費無線網路、餐廳、家庭房、24 小時接待櫃檯、洗衣、電梯、行李寄存、早餐,「就在車站出口旁，房間很大，摟下餐廳也不錯。」 | 「房間很大，位置很乾淨，衣櫃很大，整體很舒服且有許多貼心的設計。櫃檯人員非常友善～」 | 「很乾淨明亮又大」,中正區,台北中正區中華路一段57號,25.041814130925,121.508663943048,標準房,11106,2,無,https://www.booking.com/hotel/tw/xiang-tie-fan-dian-tai-bei-xi-men-zhong-zheng-qu.zh-tw.html,4
相鐵飯店台北西門,9.2,禁菸客房、免費無線網路、餐廳、家庭房、24 小時接待櫃檯、洗衣、電梯、行李寄存、早餐,「就在車站出口旁，房間很大，摟下餐廳也不錯。」 | 「房間很大，位置很乾淨，衣櫃很大，整體很舒服且有許多貼心的設計。櫃檯人員非常友善～」 | 「很乾淨明亮又大」,中正區,台北中正區中華路一段57號,25.041814130925,121.508663943048,標準房,11811,2,無,https://www.booking.com/hotel/tw/xiang-tie-fan-dian-tai-bei-xi-men-zhong-zheng-qu.zh-tw.html,4
探索汽車旅館南港館 臺北市旅館349-2號,7.1,免費無線網路、免費停車、餐廳、24 小時接待櫃檯、電梯、熱水按摩池、行李寄存、每日清潔服務、早餐,無,南港區,台北南港區No,25.05571109977009,121.59715175628617,標準房,3312,2,#RD170061805,https://www.booking.com/hotel/tw/tan-suo-qi-che-lu-guan-nan-gang-guan.zh-tw.html,3
探索汽車旅館南港館 臺北市旅館349-2號,7.1,免費無線網路、免費停車、餐廳、24 小時接待櫃檯、電梯、熱水按摩池、行李寄存、每日清潔服務、早餐,無,南港區,台北南港區No,25.05571109977009,121.59715175628617,標準房,3582,2,#RD170061811,https://www.booking.com/hotel/tw/tan-suo-qi-che-lu-guan-nan-gang-guan.zh-tw.html,3
RF富裕自由商旅 - 忠孝館,7.8,禁菸客房、免費無線網路、客房服務、機場接駁車、家庭房、24 小時接待櫃檯、洗衣、電梯、行李寄存,「離大巨蛋、捷運站近。」 | 「地點交通方便 Lobby 附交誼廳，方便友人來訪」 | 「乾淨舒適，櫃檯旁很溫馨。」,大安區,台北大安區忠孝東路四段235號7樓,25.04179774097968,121.55378383380594,標準房,5324,2,#RD50529701,https://www.booking.com/hotel/tw/rf-hotel.zh-tw.html,3
RF富裕自由商旅 - 忠孝館,7.8,禁菸客房、免費無線網路、客房服務、機場接駁車、家庭房、24 小時接待櫃檯、洗衣、電梯、行李寄存,「離大巨蛋、捷運站近。」 | 「地點交通方便 Lobby 附交誼廳，方便友人來訪」 | 「乾淨舒適，櫃檯旁很溫馨。」,大安區,台北大安區忠孝東路四段235號7樓,25.04179774097968,121.55378383380594,標準房,5969,2,#RD50529721,https://www.booking.com/hotel/tw/rf-hotel.zh-tw.html,3
印石時尚旅館,7.8,禁菸客房、免費無線網路、客房服務、免費停車、家庭房、24 小時接待櫃檯、電梯、熱水按摩池、每日清潔服務,「冷氣有精油香氛味，很讚」 | 「可以借停車場停放車子」 | 「房間空間大，有3張床，電視可轉向，有泡麵，飲料可吃」,文山區,台北文山區秀明路2段15號,24.992027,121.575172,標準房,3024,2,#RD698684902,https://www.booking.com/hotel/tw/yin-shi-shi-shang-lu-guan.zh-tw.html,4
印石時尚旅館,7.8,禁菸客房、免費無線網路、客房服務、免費停車、家庭房、24 小時接待櫃檯、電梯、熱水按摩池、每日清潔服務,「冷氣有精油香氛味，很讚」 | 「可以借停車場停放車子」 | 「房間空間大，有3張床，電視可轉向，有泡麵，飲料可吃」,文山區,台北文山區秀明路2段15號,24.992027,121.575172,標準房,3218,2,#RD698684903,https://www.booking.com/hotel/tw/yin-shi-shi-shang-lu-guan.zh-tw.html,4
印石時尚旅館,7.8,禁菸客房、免費無線網路、客房服務、免費停車、家庭房、24 小時接待櫃檯、電梯、熱水按摩池、每日清潔服務,「冷氣有精油香氛味，很讚」 | 「可以借停車場停放車子」 | 「房間空間大，有3張床，電視可轉向，有泡麵，飲料可吃」,文山區,台北文山區秀明路2段15號,24.992027,121.575172,標準房,3713,2,#RD698684904,https://www.booking.com/hotel/tw/yin-shi-shi-shang-lu-guan.zh-tw.html,4
印石時尚旅館,7.8,禁菸客房、免費無線網路、客房服務、免費停車、家庭房、24 小時接待櫃檯、電梯、熱水按摩池、每日清潔服務,「冷氣有精油香氛味，很讚」 | 「可以借停車場停放車子」 | 「房間空間大，有3張床，電視可轉向，有泡麵，飲料可吃」,文山區,台北文山區秀明路2段15號,24.992027,121.575172,標準房,3713,2,#RD698684905,https://www.booking.com/hotel/tw/yin-shi-shi-shang-lu-guan.zh-tw.html,4
印石時尚旅館,7.8,禁菸客房、免費無線網路、客房服務、免費停車、家庭房、24 小時接待櫃檯、電梯、熱水按摩池、每日清潔服務,「冷氣有精油香氛味，很讚」 | 「可以借停車場停放車子」 | 「房間空間大，有3張床，電視可轉向，有泡麵，飲料可吃」,文山區,台北文山區秀明路2段15號,24.992027,121.575172,標準房,4590,2,#RD698684906,https://www.booking.com/hotel/tw/yin-shi-shi-shang-lu-guan.zh-tw.html,4
敘美行旅,7.3,禁菸客房、免費無線網路、家庭房、洗衣、電梯、行李寄存、每日清潔服務、早餐評價很好,無,中正區,台北中正區重慶南路一段94號,25.042922,121.51303000000009,標準房,4538,2,#RD147140822,https://www.booking.com/hotel/tw/b7-journey-xu-mei-xing-lu.zh-tw.html,3
敘美行旅,7.3,禁菸客房、免費無線網路、家庭房、洗衣、電梯、行李寄存、每日清潔服務、早餐評價很好,無,中正區,台北中正區重慶南路一段94號,25.042922,121.51303000000009,標準房,4538,2,無,https://www.booking.com/hotel/tw/b7-journey-xu-mei-xing-lu.zh-tw.html,3
敘美行旅,7.3,禁菸客房、免費無線網路、家庭房、洗衣、電梯、行李寄存、每日清潔服務、早餐評價很好,無,中正區,台北中正區重慶南路一段94號,25.042922,121.51303000000009,標準房,4763,2,無,https://www.booking.com/hotel/tw/b7-journey-xu-mei-xing-lu.zh-tw.html,3
敘美行旅,7.3,禁菸客房、免費無線網路、家庭房、洗衣、電梯、行李寄存、每日清潔服務、早餐評價很好,無,中正區,台北中正區重慶南路一段94號,25.042922,121.51303000000009,標準房,5156,2,#RD147140806,https://www.booking.com/hotel/tw/b7-journey-xu-mei-xing-lu.zh-tw.html,3
敘美行旅,7.3,禁菸客房、免費無線網路、家庭房、洗衣、電梯、行李寄存、每日清潔服務、早餐評價很好,無,中正區,台北中正區重慶南路一段94號,25.042922,121.51303000000009,標準房,5156,2,無,https://www.booking.com/hotel/tw/b7-journey-xu-mei-xing-lu.zh-tw.html,3
敘美行旅,7.3,禁菸客房、免費無線網路、家庭房、洗衣、電梯、行李寄存、每日清潔服務、早餐評價很好,無,中正區,台北中正區重慶南路一段94號,25.042922,121.51303000000009,標準房,5456,2,無,https://www.booking.com/hotel/tw/b7-journey-xu-mei-xing-lu.zh-tw.html,3
喜瑞飯店,9.1,禁菸客房、免費無線網路、免費停車、機場接駁車、餐廳、家庭房、24 小時接待櫃檯、酒吧、早餐評價超棒,「床舖舒適，浴室很大，員工非常友善，早餐好吃，可免費停車，員工主動注意到我當月生日，有給小禮物😍😍」 | 「早餐很好，房間乾淨」 | 「櫃檯服務人員很親切。早餐很好吃，很勤快地整理桌面。9點50分了，還補菜，讓人感動。」,中山區,台北中山區長安東路一段64號,25.047979220959284,121.52939915657043,標準房,7800,2,#RD26329610,https://www.booking.com/hotel/tw/ambience-taipei.zh-tw.html,3
喜瑞飯店,9.1,禁菸客房、免費無線網路、免費停車、機場接駁車、餐廳、家庭房、24 小時接待櫃檯、酒吧、早餐評價超棒,「床舖舒適，浴室很大，員工非常友善，早餐好吃，可免費停車，員工主動注意到我當月生日，有給小禮物😍😍」 | 「早餐很好，房間乾淨」 | 「櫃檯服務人員很親切。早餐很好吃，很勤快地整理桌面。9點50分了，還補菜，讓人感動。」,中山區,台北中山區長安東路一段64號,25.047979220959284,121.52939915657043,標準房,8450,2,#RD26329603,https://www.booking.com/hotel/tw/ambience-taipei.zh-tw.html,3
喜瑞飯店,9.1,禁菸客房、免費無線網路、免費停車、機場接駁車、餐廳、家庭房、24 小時接待櫃檯、酒吧、早餐評價超棒,「床舖舒適，浴室很大，員工非常友善，早餐好吃，可免費停車，員工主動注意到我當月生日，有給小禮物😍😍」 | 「早餐很好，房間乾淨」 | 「櫃檯服務人員很親切。早餐很好吃，很勤快地整理桌面。9點50分了，還補菜，讓人感動。」,中山區,台北中山區長安東路一段64號,25.047979220959284,121.52939915657043,標準房,8450,2,#RD26329609,https://www.booking.com/hotel/tw/ambience-taipei.zh-tw.html,3
喜瑞飯店,9.1,禁菸客房、免費無線網路、免費停車、機場接駁車、餐廳、家庭房、24 小時接待櫃檯、酒吧、早餐評價超棒,「床舖舒適，浴室很大，員工非常友善，早餐好吃，可免費停車，員工主動注意到我當月生日，有給小禮物😍😍」 | 「早餐很好，房間乾淨」 | 「櫃檯服務人員很親切。早餐很好吃，很勤快地整理桌面。9點50分了，還補菜，讓人感動。」,中山區,台北中山區長安東路一段64號,25.047979220959284,121.52939915657043,標準房,9068,2,#RD26329608,https://www.booking.com/hotel/tw/ambience-taipei.zh-tw.html,3
雀客旅館台北信義,7.8,禁菸客房、免費無線網路、機場接駁車、24 小時接待櫃檯、電梯、行李寄存、每日清潔服務、早餐,「設備齊全、很乾淨、地點方便」 | 「房間規格，沒有不好的味道」 | 「周遭環境很便利，鄰近捷運站，附近有一條美食街很多可以吃，也有很多餐廳想吃高級的也可以，房間很大床很舒適，工作人員服務也很好」,信義區,台北信義區信義路四段468號3樓,25.03274973584832,121.5590898692608,標準房,6249,2,#RD29815804,https://www.booking.com/hotel/tw/at-boutique.zh-tw.html,3
雀客旅館台北信義,7.8,禁菸客房、免費無線網路、機場接駁車、24 小時接待櫃檯、電梯、行李寄存、每日清潔服務、早餐,「設備齊全、很乾淨、地點方便」 | 「房間規格，沒有不好的味道」 | 「周遭環境很便利，鄰近捷運站，附近有一條美食街很多可以吃，也有很多餐廳想吃高級的也可以，房間很大床很舒適，工作人員服務也很好」,信義區,台北信義區信義路四段468號3樓,25.03274973584832,121.5590898692608,標準房,6590,2,無,https://www.booking.com/hotel/tw/at-boutique.zh-tw.html,3
雀客旅館台北信義,7.8,禁菸客房、免費無線網路、機場接駁車、24 小時接待櫃檯、電梯、行李寄存、每日清潔服務、早餐,「設備齊全、很乾淨、地點方便」 | 「房間規格，沒有不好的味道」 | 「周遭環境很便利，鄰近捷運站，附近有一條美食街很多可以吃，也有很多餐廳想吃高級的也可以，房間很大床很舒適，工作人員服務也很好」,信義區,台北信義區信義路四段468號3樓,25.03274973584832,121.5590898692608,標準房,6141,1,無,https://www.booking.com/hotel/tw/at-boutique.zh-tw.html,3
雀客旅館台北信義,7.8,禁菸客房、免費無線網路、機場接駁車、24 小時接待櫃檯、電梯、行李寄存、每日清潔服務、早餐,「設備齊全、很乾淨、地點方便」 | 「房間規格，沒有不好的味道」 | 「周遭環境很便利，鄰近捷運站，附近有一條美食街很多可以吃，也有很多餐廳想吃高級的也可以，房間很大床很舒適，工作人員服務也很好」,信義區,台北信義區信義路四段468號3樓,25.03274973584832,121.5590898692608,標準房,6482,1,無,https://www.booking.com/hotel/tw/at-boutique.zh-tw.html,3
雀客旅館台北信義,7.8,禁菸客房、免費無線網路、機場接駁車、24 小時接待櫃檯、電梯、行李寄存、每日清潔服務、早餐,「設備齊全、很乾淨、地點方便」 | 「房間規格，沒有不好的味道」 | 「周遭環境很便利，鄰近捷運站，附近有一條美食街很多可以吃，也有很多餐廳想吃高級的也可以，房間很大床很舒適，工作人員服務也很好」,信義區,台北信義區信義路四段468號3樓,25.03274973584832,121.5590898692608,標準房,6590,2,#RD29815801,https://www.booking.com/hotel/tw/at-boutique.zh-tw.html,3
雀客旅館台北信義,7.8,禁菸客房、免費無線網路、機場接駁車、24 小時接待櫃檯、電梯、行李寄存、每日清潔服務、早餐,「設備齊全、很乾淨、地點方便」 | 「房間規格，沒有不好的味道」 | 「周遭環境很便利，鄰近捷運站，附近有一條美食街很多可以吃，也有很多餐廳想吃高級的也可以，房間很大床很舒適，工作人員服務也很好」,信義區,台北信義區信義路四段468號3樓,25.03274973584832,121.5590898692608,標準房,6931,2,無,https://www.booking.com/hotel/tw/at-boutique.zh-tw.html,3
雀客旅館台北信義,7.8,禁菸客房、免費無線網路、機場接駁車、24 小時接待櫃檯、電梯、行李寄存、每日清潔服務、早餐,「設備齊全、很乾淨、地點方便」 | 「房間規格，沒有不好的味道」 | 「周遭環境很便利，鄰近捷運站，附近有一條美食街很多可以吃，也有很多餐廳想吃高級的也可以，房間很大床很舒適，工作人員服務也很好」,信義區,台北信義區信義路四段468號3樓,25.03274973584832,121.5590898692608,標準房,6823,1,無,https://www.booking.com/hotel/tw/at-boutique.zh-tw.html,3
雀客旅館台北信義,7.8,禁菸客房、免費無線網路、機場接駁車、24 小時接待櫃檯、電梯、行李寄存、每日清潔服務、早餐,「設備齊全、很乾淨、地點方便」 | 「房間規格，沒有不好的味道」 | 「周遭環境很便利，鄰近捷運站，附近有一條美食街很多可以吃，也有很多餐廳想吃高級的也可以，房間很大床很舒適，工作人員服務也很好」,信義區,台北信義區信義路四段468號3樓,25.03274973584832,121.5590898692608,標準房,8507,2,#RD29815815,https://www.booking.com/hotel/tw/at-boutique.zh-tw.html,3
雀客旅館台北信義,7.8,禁菸客房、免費無線網路、機場接駁車、24 小時接待櫃檯、電梯、行李寄存、每日清潔服務、早餐,「設備齊全、很乾淨、地點方便」 | 「房間規格，沒有不好的味道」 | 「周遭環境很便利，鄰近捷運站，附近有一條美食街很多可以吃，也有很多餐廳想吃高級的也可以，房間很大床很舒適，工作人員服務也很好」,信義區,台北信義區信義路四段468號3樓,25.03274973584832,121.5590898692608,標準房,8848,2,無,https://www.booking.com/hotel/tw/at-boutique.zh-tw.html,3
宏洲旅社HZ Hotel,8.0,禁菸客房、免費無線網路、客房服務、電梯、行李寄存、暖氣,「有浴缸！ 地點方便、設備完善（如飲水機、洗衣機等） 提供小點心」 | 「地點佳，性價比高，服務親切」 | 「房間跟衛浴空間大，性價比高」,萬華區,台北萬華區No,25.0459453,121.507833,標準房,3896,2,#RD1127748902,https://www.booking.com/hotel/tw/hong-zhou-lu-she-hz-wan-hua-qu.zh-tw.html,4
麗之湯溫泉會館,8.0,禁菸客房、免費無線網路、客房服務、機場接駁車、家庭房、24 小時接待櫃檯、溫泉浴、洗衣、早餐評價還不錯,「房間環境超讚！而且還有接駁車接送服務超級好」 | 「溫泉很舒服 接駁車很方便 在比較山上的位置 服務人員很友善」 | 「整潔、乾淨、無異味。」,北投區,台北北投區溫泉路銀光巷4-2號,25.136418748788675,121.51347282698362,標準房,2736,2,#RD177915406,https://www.booking.com/hotel/tw/li-zhi-tang-wen-quan-hui-guan.zh-tw.html,3
麗之湯溫泉會館,8.0,禁菸客房、免費無線網路、客房服務、機場接駁車、家庭房、24 小時接待櫃檯、溫泉浴、洗衣、早餐評價還不錯,「房間環境超讚！而且還有接駁車接送服務超級好」 | 「溫泉很舒服 接駁車很方便 在比較山上的位置 服務人員很友善」 | 「整潔、乾淨、無異味。」,北投區,台北北投區溫泉路銀光巷4-2號,25.136418748788675,121.51347282698362,標準房,4464,2,#RD177915402,https://www.booking.com/hotel/tw/li-zhi-tang-wen-quan-hui-guan.zh-tw.html,3
洛碁大飯店忠孝館,8.0,禁菸客房、免費無線網路、餐廳、家庭房、24 小時接待櫃檯、洗衣、電梯、行李寄存、早餐,「地點方便，房間舒適乾淨」 | 「離捷運站近、附近有百貨便利商店很方便」 | 「房間空間很大，出去就是捷運站」,大安區,台北大安區忠孝東路四段180號,25.04096518884683,121.55162615952452,標準房,6472,2,#RD177920602,https://www.booking.com/hotel/tw/luo-qi-da-fan-dian-zhong-xiao-guan.zh-tw.html,4
洛碁大飯店忠孝館,8.0,禁菸客房、免費無線網路、餐廳、家庭房、24 小時接待櫃檯、洗衣、電梯、行李寄存、早餐,「地點方便，房間舒適乾淨」 | 「離捷運站近、附近有百貨便利商店很方便」 | 「房間空間很大，出去就是捷運站」,大安區,台北大安區忠孝東路四段180號,25.04096518884683,121.55162615952452,標準房,6692,2,無,https://www.booking.com/hotel/tw/luo-qi-da-fan-dian-zhong-xiao-guan.zh-tw.html,4
洛碁大飯店忠孝館,8.0,禁菸客房、免費無線網路、餐廳、家庭房、24 小時接待櫃檯、洗衣、電梯、行李寄存、早餐,「地點方便，房間舒適乾淨」 | 「離捷運站近、附近有百貨便利商店很方便」 | 「房間空間很大，出去就是捷運站」,大安區,台北大安區忠孝東路四段180號,25.04096518884683,121.55162615952452,標準房,7022,2,#RD177920609,https://www.booking.com/hotel/tw/luo-qi-da-fan-dian-zhong-xiao-guan.zh-tw.html,4
洛碁大飯店忠孝館,8.0,禁菸客房、免費無線網路、餐廳、家庭房、24 小時接待櫃檯、洗衣、電梯、行李寄存、早餐,「地點方便，房間舒適乾淨」 | 「離捷運站近、附近有百貨便利商店很方便」 | 「房間空間很大，出去就是捷運站」,大安區,台北大安區忠孝東路四段180號,25.04096518884683,121.55162615952452,標準房,7242,2,無,https://www.booking.com/hotel/tw/luo-qi-da-fan-dian-zhong-xiao-guan.zh-tw.html,4
城市商旅 北門館,8.1,禁菸客房、免費無線網路、機場接駁車、24 小時接待櫃檯、洗衣、電梯、行李寄存,「地點好，離桃園機場捷運和台北車站近，無論是要搭捷運到市區逛或是往返桃園機場都很方便。還有鄰近寧夏夜市，大約走路5分鐘便可到達，非常方便。飯店提供台灣特產代訂與直送旅館，十分方便。工作人員親切，24小時都有人在櫃檯，將近半夜12點到達都有人在櫃達服務check-in真的很專業。房間整潔打掃乾淨漂亮，空調(AC)也足夠冷。」 | 「地點好，服務人員親切。」 | 「地點太好了」,大同區,台北大同區長安西路265號,25.05214467937325,121.51081616684678,標準房,6265,2,#RD208847003,https://www.booking.com/hotel/tw/citysuite-beimen.zh-tw.html,4
城市商旅 北門館,8.1,禁菸客房、免費無線網路、機場接駁車、24 小時接待櫃檯、洗衣、電梯、行李寄存,「地點好，離桃園機場捷運和台北車站近，無論是要搭捷運到市區逛或是往返桃園機場都很方便。還有鄰近寧夏夜市，大約走路5分鐘便可到達，非常方便。飯店提供台灣特產代訂與直送旅館，十分方便。工作人員親切，24小時都有人在櫃檯，將近半夜12點到達都有人在櫃達服務check-in真的很專業。房間整潔打掃乾淨漂亮，空調(AC)也足夠冷。」 | 「地點好，服務人員親切。」 | 「地點太好了」,大同區,台北大同區長安西路265號,25.05214467937325,121.51081616684678,標準房,9944,2,無,https://www.booking.com/hotel/tw/citysuite-beimen.zh-tw.html,4
國王大飯店,8.0,禁菸客房、免費無線網路、餐廳、家庭房、24 小時接待櫃檯、電梯、行李寄存、暖氣、花園,「#續介紹國王大飯店。這家日客非常多，比台灣客還多，我居然有置身日本的感覺❤️ 早餐也有鯖魚方豆腐味噌湯地瓜粥小雞腿。西瓜很沙很甜超好吃。早餐的幾位服務阿姨，十分親切熱心，會主動向我介紹各早餐區，甚至問我有沒有吃飽，要多吃一點。我今天還租借了會議室進行線上演講，整個過程相當舒適自在。大力推薦老牌的國王大飯店。  #三介紹老牌國王大飯店...」 | 「床，軟硬度剛好適合我，枕頭也是」 | 「飯店櫃檯人員親切有禮，服務極佳」,中山區,台北中山區南京東路一段118號,25.05194484637407,121.52671694755554,標準房,5200,3,#RD58252911,https://www.booking.com/hotel/tw/emperor-hotel.zh-tw.html,3
國王大飯店,8.0,禁菸客房、免費無線網路、餐廳、家庭房、24 小時接待櫃檯、電梯、行李寄存、暖氣、花園,「#續介紹國王大飯店。這家日客非常多，比台灣客還多，我居然有置身日本的感覺❤️ 早餐也有鯖魚方豆腐味噌湯地瓜粥小雞腿。西瓜很沙很甜超好吃。早餐的幾位服務阿姨，十分親切熱心，會主動向我介紹各早餐區，甚至問我有沒有吃飽，要多吃一點。我今天還租借了會議室進行線上演講，整個過程相當舒適自在。大力推薦老牌的國王大飯店。  #三介紹老牌國王大飯店...」 | 「床，軟硬度剛好適合我，枕頭也是」 | 「飯店櫃檯人員親切有禮，服務極佳」,中山區,台北中山區南京東路一段118號,25.05194484637407,121.52671694755554,標準房,4228,2,#RD58252909,https://www.booking.com/hotel/tw/emperor-hotel.zh-tw.html,3
香樹花園酒店,8.7,室外游泳池、禁菸客房、免費無線網路、免費停車、機場接駁車、餐廳、家庭房、24 小時接待櫃檯、早餐評價還不錯,「有很乾淨的游泳池」 | 「空間寬敞、乾淨，早餐美味、量得宜」 | 「服務人員都非常親切！旅途小插曲，回家後發現小孩的玩偶遺忘在房間內，當晚致電給飯店（已經很晚了）櫃檯男生服務員態度非常親切、耐心，也順利幫我們寄回我們遺留的物品，真心推薦！」,中山區,台北中山區堤頂大道二段566號,25.083989,121.56066,標準房,9800,2,#RD415433807,https://www.booking.com/hotel/tw/xiang-shu-hua-yuan-jiu-dian.zh-tw.html,4
香樹花園酒店,8.7,室外游泳池、禁菸客房、免費無線網路、免費停車、機場接駁車、餐廳、家庭房、24 小時接待櫃檯、早餐評價還不錯,「有很乾淨的游泳池」 | 「空間寬敞、乾淨，早餐美味、量得宜」 | 「服務人員都非常親切！旅途小插曲，回家後發現小孩的玩偶遺忘在房間內，當晚致電給飯店（已經很晚了）櫃檯男生服務員態度非常親切、耐心，也順利幫我們寄回我們遺留的物品，真心推薦！」,中山區,台北中山區堤頂大道二段566號,25.083989,121.56066,標準房,10409,2,無,https://www.booking.com/hotel/tw/xiang-shu-hua-yuan-jiu-dian.zh-tw.html,4
香樹花園酒店,8.7,室外游泳池、禁菸客房、免費無線網路、免費停車、機場接駁車、餐廳、家庭房、24 小時接待櫃檯、早餐評價還不錯,「有很乾淨的游泳池」 | 「空間寬敞、乾淨，早餐美味、量得宜」 | 「服務人員都非常親切！旅途小插曲，回家後發現小孩的玩偶遺忘在房間內，當晚致電給飯店（已經很晚了）櫃檯男生服務員態度非常親切、耐心，也順利幫我們寄回我們遺留的物品，真心推薦！」,中山區,台北中山區堤頂大道二段566號,25.083989,121.56066,標準房,9800,2,#RD415433808,https://www.booking.com/hotel/tw/xiang-shu-hua-yuan-jiu-dian.zh-tw.html,4
香樹花園酒店,8.7,室外游泳池、禁菸客房、免費無線網路、免費停車、機場接駁車、餐廳、家庭房、24 小時接待櫃檯、早餐評價還不錯,「有很乾淨的游泳池」 | 「空間寬敞、乾淨，早餐美味、量得宜」 | 「服務人員都非常親切！旅途小插曲，回家後發現小孩的玩偶遺忘在房間內，當晚致電給飯店（已經很晚了）櫃檯男生服務員態度非常親切、耐心，也順利幫我們寄回我們遺留的物品，真心推薦！」,中山區,台北中山區堤頂大道二段566號,25.083989,121.56066,標準房,10500,2,#RD415433804,https://www.booking.com/hotel/tw/xiang-shu-hua-yuan-jiu-dian.zh-tw.html,4
香樹花園酒店,8.7,室外游泳池、禁菸客房、免費無線網路、免費停車、機場接駁車、餐廳、家庭房、24 小時接待櫃檯、早餐評價還不錯,「有很乾淨的游泳池」 | 「空間寬敞、乾淨，早餐美味、量得宜」 | 「服務人員都非常親切！旅途小插曲，回家後發現小孩的玩偶遺忘在房間內，當晚致電給飯店（已經很晚了）櫃檯男生服務員態度非常親切、耐心，也順利幫我們寄回我們遺留的物品，真心推薦！」,中山區,台北中山區堤頂大道二段566號,25.083989,121.56066,標準房,11109,2,無,https://www.booking.com/hotel/tw/xiang-shu-hua-yuan-jiu-dian.zh-tw.html,4
香樹花園酒店,8.7,室外游泳池、禁菸客房、免費無線網路、免費停車、機場接駁車、餐廳、家庭房、24 小時接待櫃檯、早餐評價還不錯,「有很乾淨的游泳池」 | 「空間寬敞、乾淨，早餐美味、量得宜」 | 「服務人員都非常親切！旅途小插曲，回家後發現小孩的玩偶遺忘在房間內，當晚致電給飯店（已經很晚了）櫃檯男生服務員態度非常親切、耐心，也順利幫我們寄回我們遺留的物品，真心推薦！」,中山區,台北中山區堤頂大道二段566號,25.083989,121.56066,標準房,10500,2,#RD415433805,https://www.booking.com/hotel/tw/xiang-shu-hua-yuan-jiu-dian.zh-tw.html,4
香樹花園酒店,8.7,室外游泳池、禁菸客房、免費無線網路、免費停車、機場接駁車、餐廳、家庭房、24 小時接待櫃檯、早餐評價還不錯,「有很乾淨的游泳池」 | 「空間寬敞、乾淨，早餐美味、量得宜」 | 「服務人員都非常親切！旅途小插曲，回家後發現小孩的玩偶遺忘在房間內，當晚致電給飯店（已經很晚了）櫃檯男生服務員態度非常親切、耐心，也順利幫我們寄回我們遺留的物品，真心推薦！」,中山區,台北中山區堤頂大道二段566號,25.083989,121.56066,標準房,11900,2,#RD415433811,https://www.booking.com/hotel/tw/xiang-shu-hua-yuan-jiu-dian.zh-tw.html,4
香樹花園酒店,8.7,室外游泳池、禁菸客房、免費無線網路、免費停車、機場接駁車、餐廳、家庭房、24 小時接待櫃檯、早餐評價還不錯,「有很乾淨的游泳池」 | 「空間寬敞、乾淨，早餐美味、量得宜」 | 「服務人員都非常親切！旅途小插曲，回家後發現小孩的玩偶遺忘在房間內，當晚致電給飯店（已經很晚了）櫃檯男生服務員態度非常親切、耐心，也順利幫我們寄回我們遺留的物品，真心推薦！」,中山區,台北中山區堤頂大道二段566號,25.083989,121.56066,標準房,12509,2,無,https://www.booking.com/hotel/tw/xiang-shu-hua-yuan-jiu-dian.zh-tw.html,4
新驛旅店台北車站三館,8.8,禁菸客房、免費無線網路、客房服務、機場接駁車、家庭房、24 小時接待櫃檯、電梯、行李寄存、每日清潔服務,「喜歡櫃台人員的貼心」 | 「靠近台北車站，肯德基就在樓下」 | 「很乾凈 舒服 雖小間但很舒服」,大同區,台北大同區長安西路77號,25.051038498443223,121.51671096682549,標準房,6584,2,#RD34142701,https://www.booking.com/hotel/tw/cityinn-3.zh-tw.html,3
新驛旅店台北車站三館,8.8,禁菸客房、免費無線網路、客房服務、機場接駁車、家庭房、24 小時接待櫃檯、電梯、行李寄存、每日清潔服務,「喜歡櫃台人員的貼心」 | 「靠近台北車站，肯德基就在樓下」 | 「很乾凈 舒服 雖小間但很舒服」,大同區,台北大同區長安西路77號,25.051038498443223,121.51671096682549,標準房,7781,2,#RD34142703,https://www.booking.com/hotel/tw/cityinn-3.zh-tw.html,3
台北天成大飯店,8.3,禁菸客房、健身中心、客房服務、免費停車、機場接駁車、3 間餐廳、酒吧、早餐評價還不錯,「菜色豊富」 | 「服務很棒，房間很乾淨，隔音很好，早餐非常棒」 | 「早餐不錯 居住交通方便」,中正區,台北中正區忠孝西路一段43號,25.046188329544403,121.518208980724,標準房,8194,2,#RD29412216,https://www.booking.com/hotel/tw/cosmos-taipei.zh-tw.html,5
漾館溫泉飯店,8.7,免費停車、餐廳、24 小時接待櫃檯、溫泉浴、電梯、行李寄存、早餐評價還不錯,「地點方便、早餐豐盛」 | 「雖然整體不大，但浴缸真的滿意，餐點也是麻雀雖小五臟俱全，餐點也水準之上，有種溫暖氛圍，因為來跨年的，員工也是非常的貼心，還準備小禮物🤣 只能說很用心的飯店」 | 「地點佳，房間小巧精美～ 可以獨立泡溫泉真的超級讚！！ 假日的早餐是自助餐，餐點多樣齊全，超級喜歡💕」,北投區,台北北投區溫泉路63號,25.13512047590462,121.5046638250351,標準房,6000,2,#RD24812403,https://www.booking.com/hotel/tw/aqua-bella.zh-tw.html,4
台北商旅-大安館,8.3,禁菸客房、免費無線網路、機場接駁車、2 間餐廳、24 小時接待櫃檯、洗衣、電梯、酒吧、早餐評價非常好,「酒，食物，咖啡」 | 「房間舒適整潔，早餐好吃」 | 「早餐不錯，隨時補充食物」,大安區,台北大安區大安路一段135號,25.03861866996092,121.54626488685608,標準房,11700,2,#RD7301308,https://www.booking.com/hotel/tw/lessuitesda.zh-tw.html,4
台北商旅-大安館,8.3,禁菸客房、免費無線網路、機場接駁車、2 間餐廳、24 小時接待櫃檯、洗衣、電梯、酒吧、早餐評價非常好,「酒，食物，咖啡」 | 「房間舒適整潔，早餐好吃」 | 「早餐不錯，隨時補充食物」,大安區,台北大安區大安路一段135號,25.03861866996092,121.54626488685608,標準房,12600,2,#RD7301304,https://www.booking.com/hotel/tw/lessuitesda.zh-tw.html,4
台北商旅-大安館,8.3,禁菸客房、免費無線網路、機場接駁車、2 間餐廳、24 小時接待櫃檯、洗衣、電梯、酒吧、早餐評價非常好,「酒，食物，咖啡」 | 「房間舒適整潔，早餐好吃」 | 「早餐不錯，隨時補充食物」,大安區,台北大安區大安路一段135號,25.03861866996092,121.54626488685608,標準房,13050,2,#RD7301309,https://www.booking.com/hotel/tw/lessuitesda.zh-tw.html,4
北投亞太飯店 ,8.8,室內游泳池、禁菸客房、免費無線網路、免費停車、SPA & 養生會館、餐廳、酒吧、早餐評價很好,「乾淨舒適」 | 「服務態度佳 乾淨 謝謝升級房間」 | 「房間大有小孩放風空間」,北投區,台北北投區幽雅路31號,25.137099,121.515089,標準房,11100,2,#RD286259906,https://www.booking.com/hotel/tw/bei-tou-ya-tai-fan-dian.zh-tw.html,5
北投亞太飯店 ,8.8,室內游泳池、禁菸客房、免費無線網路、免費停車、SPA & 養生會館、餐廳、酒吧、早餐評價很好,「乾淨舒適」 | 「服務態度佳 乾淨 謝謝升級房間」 | 「房間大有小孩放風空間」,北投區,台北北投區幽雅路31號,25.137099,121.515089,標準房,23700,2,#RD286259910,https://www.booking.com/hotel/tw/bei-tou-ya-tai-fan-dian.zh-tw.html,5
北門窩泊旅,7.7,禁菸客房、免費無線網路、機場接駁車、洗衣、電梯、行李寄存,「地点好，附近很方便。整洁不错，工作人员友善」 | 「安靜舒適，員工服務超讚對於環境不熟的顧客講解的很詳細，還有專屬的櫃子，房間內的衛浴及廁所」 | 「離中山站跟台北車站都很近，設備齊全，住得很不錯」,大同區,台北大同區太原路92巷2-1號,25.05223378307381,121.5155190846558,標準房,5728,2,#RD188600105,https://www.booking.com/hotel/tw/tai-bei-bei-men-wo-bo-lu.zh-tw.html,4
北門窩泊旅,7.7,禁菸客房、免費無線網路、機場接駁車、洗衣、電梯、行李寄存,「地点好，附近很方便。整洁不错，工作人员友善」 | 「安靜舒適，員工服務超讚對於環境不熟的顧客講解的很詳細，還有專屬的櫃子，房間內的衛浴及廁所」 | 「離中山站跟台北車站都很近，設備齊全，住得很不錯」,大同區,台北大同區太原路92巷2-1號,25.05223378307381,121.5155190846558,標準房,5728,2,#RD188600112,https://www.booking.com/hotel/tw/tai-bei-bei-men-wo-bo-lu.zh-tw.html,4
北門窩泊旅,7.7,禁菸客房、免費無線網路、機場接駁車、洗衣、電梯、行李寄存,「地点好，附近很方便。整洁不错，工作人员友善」 | 「安靜舒適，員工服務超讚對於環境不熟的顧客講解的很詳細，還有專屬的櫃子，房間內的衛浴及廁所」 | 「離中山站跟台北車站都很近，設備齊全，住得很不錯」,大同區,台北大同區太原路92巷2-1號,25.05223378307381,121.5155190846558,標準房,1866,1,#RD188600102,https://www.booking.com/hotel/tw/tai-bei-bei-men-wo-bo-lu.zh-tw.html,4
北門窩泊旅,7.7,禁菸客房、免費無線網路、機場接駁車、洗衣、電梯、行李寄存,「地点好，附近很方便。整洁不错，工作人员友善」 | 「安靜舒適，員工服務超讚對於環境不熟的顧客講解的很詳細，還有專屬的櫃子，房間內的衛浴及廁所」 | 「離中山站跟台北車站都很近，設備齊全，住得很不錯」,大同區,台北大同區太原路92巷2-1號,25.05223378307381,121.5155190846558,標準房,2072,1,#RD188600101,https://www.booking.com/hotel/tw/tai-bei-bei-men-wo-bo-lu.zh-tw.html,4
台北國際飯店,8.1,禁菸客房、健身中心、免費無線網路、機場接駁車、家庭房、24 小時接待櫃檯、洗衣、電梯、早餐,「前台人員親切，給人回到家的感覺，非常喜歡，有什麼問題都能即時給予協助」 | 「暖氣很棒!」 | 「雖然飯店有年紀，但尚清潔，人員服務佳」,中山區,台北中山區南京東路一段66號,25.05195821070363,121.52493596076964,標準房,4416,2,#RD26523703,https://www.booking.com/hotel/tw/taipei-international.zh-tw.html,3
家美瑞品 台北 - Jiamei Hotel,8.5,禁菸客房、免費無線網路、客房服務、免費停車、餐廳、家庭房、24 小時接待櫃檯、洗衣、早餐,「位置及提供冰塊」 | 「住宿地點環境都很不錯，離捷運站算很近了，多走幾步路也可以到台北車站，房間空間很不錯，床鋪大又舒適．」 | 「整體都很不錯」,中正區,台北中正區12號1樓北平東路,25.04607890197,121.524279626835,標準房,5600,2,#RD1096412305,https://www.booking.com/hotel/tw/jia-mei-rui-pin.zh-tw.html,3
家美瑞品 台北 - Jiamei Hotel,8.5,禁菸客房、免費無線網路、客房服務、免費停車、餐廳、家庭房、24 小時接待櫃檯、洗衣、早餐,「位置及提供冰塊」 | 「住宿地點環境都很不錯，離捷運站算很近了，多走幾步路也可以到台北車站，房間空間很不錯，床鋪大又舒適．」 | 「整體都很不錯」,中正區,台北中正區12號1樓北平東路,25.04607890197,121.524279626835,標準房,7040,2,#RD1096412306,https://www.booking.com/hotel/tw/jia-mei-rui-pin.zh-tw.html,3
家美瑞品 台北 - Jiamei Hotel,8.5,禁菸客房、免費無線網路、客房服務、免費停車、餐廳、家庭房、24 小時接待櫃檯、洗衣、早餐,「位置及提供冰塊」 | 「住宿地點環境都很不錯，離捷運站算很近了，多走幾步路也可以到台北車站，房間空間很不錯，床鋪大又舒適．」 | 「整體都很不錯」,中正區,台北中正區12號1樓北平東路,25.04607890197,121.524279626835,標準房,7360,2,#RD1096412307,https://www.booking.com/hotel/tw/jia-mei-rui-pin.zh-tw.html,3
華麗大飯店Ferrary Hotel,8.0,禁菸客房、免費無線網路、客房服務、免費停車、家庭房、24 小時接待櫃檯、電梯、行李寄存、早餐,「位置方便，房內空間充足，性價比佳」 | 「早餐多樣，但應該可以更貼心一點！」 | 「位置方便，早餐豐富」,萬華區,台北萬華區No,25.04153480608403,121.5023222565651,標準房,4164,2,#RD29083504,https://www.booking.com/hotel/tw/hua-li-da-fan-dian.zh-tw.html,3
華麗大飯店Ferrary Hotel,8.0,禁菸客房、免費無線網路、客房服務、免費停車、家庭房、24 小時接待櫃檯、電梯、行李寄存、早餐,「位置方便，房內空間充足，性價比佳」 | 「早餐多樣，但應該可以更貼心一點！」 | 「位置方便，早餐豐富」,萬華區,台北萬華區No,25.04153480608403,121.5023222565651,標準房,4780,2,無,https://www.booking.com/hotel/tw/hua-li-da-fan-dian.zh-tw.html,3
Fashion Home Business Hotel 時尚居商旅,8.4,禁菸客房、免費無線網路、機場接駁車、電梯、行李寄存、暖氣,"「位置很棒」 | 「沒有早餐」 | 「服務很好,快速,整潔」",中山區,台北中山區No,25.05808968940046,121.53762801130968,標準房,4880,2,#RD1131436101,https://www.booking.com/hotel/tw/shi-shang-ju-shang-lu-zhong-shan-qu1.zh-tw.html,4
Fashion Home Business Hotel 時尚居商旅,8.4,禁菸客房、免費無線網路、機場接駁車、電梯、行李寄存、暖氣,"「位置很棒」 | 「沒有早餐」 | 「服務很好,快速,整潔」",中山區,台北中山區No,25.05808968940046,121.53762801130968,標準房,6380,2,無,https://www.booking.com/hotel/tw/shi-shang-ju-shang-lu-zhong-shan-qu1.zh-tw.html,4
Fashion Home Business Hotel 時尚居商旅,8.4,禁菸客房、免費無線網路、機場接駁車、電梯、行李寄存、暖氣,"「位置很棒」 | 「沒有早餐」 | 「服務很好,快速,整潔」",中山區,台北中山區No,25.05808968940046,121.53762801130968,標準房,4636,1,無,https://www.booking.com/hotel/tw/shi-shang-ju-shang-lu-zhong-shan-qu1.zh-tw.html,4
Fashion Home Business Hotel 時尚居商旅,8.4,禁菸客房、免費無線網路、機場接駁車、電梯、行李寄存、暖氣,"「位置很棒」 | 「沒有早餐」 | 「服務很好,快速,整潔」",中山區,台北中山區No,25.05808968940046,121.53762801130968,標準房,6061,1,無,https://www.booking.com/hotel/tw/shi-shang-ju-shang-lu-zhong-shan-qu1.zh-tw.html,4
三德飯店,8.0,禁菸客房、免費無線網路、機場接駁車、餐廳、家庭房、24 小時接待櫃檯、電梯、行李寄存、早餐,「老飯店來說 整體算維持的很好」 | 「很棒的服務態度！ 讓我有開心的台北行程」 | 「櫃檯服務很好」,大同區,台北大同區承德路三段49號,25.06485653913011,121.51848524808884,標準房,5867,3,#RD33712415,https://www.booking.com/hotel/tw/santos.zh-tw.html,4
三德飯店,8.0,禁菸客房、免費無線網路、機場接駁車、餐廳、家庭房、24 小時接待櫃檯、電梯、行李寄存、早餐,「老飯店來說 整體算維持的很好」 | 「很棒的服務態度！ 讓我有開心的台北行程」 | 「櫃檯服務很好」,大同區,台北大同區承德路三段49號,25.06485653913011,121.51848524808884,標準房,7348,3,無,https://www.booking.com/hotel/tw/santos.zh-tw.html,4
三德飯店,8.0,禁菸客房、免費無線網路、機場接駁車、餐廳、家庭房、24 小時接待櫃檯、電梯、行李寄存、早餐,「老飯店來說 整體算維持的很好」 | 「很棒的服務態度！ 讓我有開心的台北行程」 | 「櫃檯服務很好」,大同區,台北大同區承德路三段49號,25.06485653913011,121.51848524808884,標準房,4400,2,#RD33712402,https://www.booking.com/hotel/tw/santos.zh-tw.html,4
三德飯店,8.0,禁菸客房、免費無線網路、機場接駁車、餐廳、家庭房、24 小時接待櫃檯、電梯、行李寄存、早餐,「老飯店來說 整體算維持的很好」 | 「很棒的服務態度！ 讓我有開心的台北行程」 | 「櫃檯服務很好」,大同區,台北大同區承德路三段49號,25.06485653913011,121.51848524808884,標準房,5500,2,無,https://www.booking.com/hotel/tw/santos.zh-tw.html,4
三德飯店,8.0,禁菸客房、免費無線網路、機場接駁車、餐廳、家庭房、24 小時接待櫃檯、電梯、行李寄存、早餐,「老飯店來說 整體算維持的很好」 | 「很棒的服務態度！ 讓我有開心的台北行程」 | 「櫃檯服務很好」,大同區,台北大同區承德路三段49號,25.06485653913011,121.51848524808884,標準房,4928,2,#RD33712403,https://www.booking.com/hotel/tw/santos.zh-tw.html,4
三德飯店,8.0,禁菸客房、免費無線網路、機場接駁車、餐廳、家庭房、24 小時接待櫃檯、電梯、行李寄存、早餐,「老飯店來說 整體算維持的很好」 | 「很棒的服務態度！ 讓我有開心的台北行程」 | 「櫃檯服務很好」,大同區,台北大同區承德路三段49號,25.06485653913011,121.51848524808884,標準房,5990,2,無,https://www.booking.com/hotel/tw/santos.zh-tw.html,4
三德飯店,8.0,禁菸客房、免費無線網路、機場接駁車、餐廳、家庭房、24 小時接待櫃檯、電梯、行李寄存、早餐,「老飯店來說 整體算維持的很好」 | 「很棒的服務態度！ 讓我有開心的台北行程」 | 「櫃檯服務很好」,大同區,台北大同區承德路三段49號,25.06485653913011,121.51848524808884,標準房,9290,2,#RD33712411,https://www.booking.com/hotel/tw/santos.zh-tw.html,4
三德飯店,8.0,禁菸客房、免費無線網路、機場接駁車、餐廳、家庭房、24 小時接待櫃檯、電梯、行李寄存、早餐,「老飯店來說 整體算維持的很好」 | 「很棒的服務態度！ 讓我有開心的台北行程」 | 「櫃檯服務很好」,大同區,台北大同區承德路三段49號,25.06485653913011,121.51848524808884,標準房,10296,2,無,https://www.booking.com/hotel/tw/santos.zh-tw.html,4
北投馥悅溫泉酒店,8.1,禁菸客房、免費無線網路、家庭房、電梯、行李寄存,「有一夜班員工非常友善，媽媽腳扭到願意借櫃檯的帶輪椅子，讓媽媽可以移動如廁，非常感謝」 | 「非常高的性價比 兩人僅花費不到一千就能住一晚有大溫泉浴缸的房間 內部也算整潔」 | 「溫泉大浴缸！ 小孩很愛....」,北投區,台北北投區中山路26號,25.137675712705,121.510206423279,標準房,5017,3,#RD1113642104,https://www.booking.com/hotel/tw/bei-tou-fu-yue-wen-quan-jiu-dian.zh-tw.html,3
北投馥悅溫泉酒店,8.1,禁菸客房、免費無線網路、家庭房、電梯、行李寄存,「有一夜班員工非常友善，媽媽腳扭到願意借櫃檯的帶輪椅子，讓媽媽可以移動如廁，非常感謝」 | 「非常高的性價比 兩人僅花費不到一千就能住一晚有大溫泉浴缸的房間 內部也算整潔」 | 「溫泉大浴缸！ 小孩很愛....」,北投區,台北北投區中山路26號,25.137675712705,121.510206423279,標準房,4023,2,#RD1113642101,https://www.booking.com/hotel/tw/bei-tou-fu-yue-wen-quan-jiu-dian.zh-tw.html,3
北投馥悅溫泉酒店,8.1,禁菸客房、免費無線網路、家庭房、電梯、行李寄存,「有一夜班員工非常友善，媽媽腳扭到願意借櫃檯的帶輪椅子，讓媽媽可以移動如廁，非常感謝」 | 「非常高的性價比 兩人僅花費不到一千就能住一晚有大溫泉浴缸的房間 內部也算整潔」 | 「溫泉大浴缸！ 小孩很愛....」,北投區,台北北投區中山路26號,25.137675712705,121.510206423279,標準房,4023,2,#RD1113642102,https://www.booking.com/hotel/tw/bei-tou-fu-yue-wen-quan-jiu-dian.zh-tw.html,3
雀客藏居台北南港,8.1,禁菸客房、免費無線網路、機場接駁車、家庭房、24 小時接待櫃檯、電梯、行李寄存、每日清潔服務,「地點安靜附近有公車站，可以考慮wemo代步。鄰近南港車站有豐富的餐廳及商店。房間整體感覺不錯，該有都有。」 | 「地理位置安靜，空間寬敞，離捷運站稍遠，但樓下有公車站」 | 「很乾淨很舒服配置很棒」,南港區,台北南港區重陽路59號,25.05582773028587,121.5967708826065,標準房,5454,2,#RD32123701,https://www.booking.com/hotel/tw/gallery.zh-tw.html,4
雀客藏居台北南港,8.1,禁菸客房、免費無線網路、機場接駁車、家庭房、24 小時接待櫃檯、電梯、行李寄存、每日清潔服務,「地點安靜附近有公車站，可以考慮wemo代步。鄰近南港車站有豐富的餐廳及商店。房間整體感覺不錯，該有都有。」 | 「地理位置安靜，空間寬敞，離捷運站稍遠，但樓下有公車站」 | 「很乾淨很舒服配置很棒」,南港區,台北南港區重陽路59號,25.05582773028587,121.5967708826065,標準房,5368,1,無,https://www.booking.com/hotel/tw/gallery.zh-tw.html,4
雀客藏居台北南港,8.1,禁菸客房、免費無線網路、機場接駁車、家庭房、24 小時接待櫃檯、電梯、行李寄存、每日清潔服務,「地點安靜附近有公車站，可以考慮wemo代步。鄰近南港車站有豐富的餐廳及商店。房間整體感覺不錯，該有都有。」 | 「地理位置安靜，空間寬敞，離捷運站稍遠，但樓下有公車站」 | 「很乾淨很舒服配置很棒」,南港區,台北南港區重陽路59號,25.05582773028587,121.5967708826065,標準房,5454,2,#RD32123703,https://www.booking.com/hotel/tw/gallery.zh-tw.html,4
雀客藏居台北南港,8.1,禁菸客房、免費無線網路、機場接駁車、家庭房、24 小時接待櫃檯、電梯、行李寄存、每日清潔服務,「地點安靜附近有公車站，可以考慮wemo代步。鄰近南港車站有豐富的餐廳及商店。房間整體感覺不錯，該有都有。」 | 「地理位置安靜，空間寬敞，離捷運站稍遠，但樓下有公車站」 | 「很乾淨很舒服配置很棒」,南港區,台北南港區重陽路59號,25.05582773028587,121.5967708826065,標準房,5795,2,#RD32123707,https://www.booking.com/hotel/tw/gallery.zh-tw.html,4
雀客藏居台北南港,8.1,禁菸客房、免費無線網路、機場接駁車、家庭房、24 小時接待櫃檯、電梯、行李寄存、每日清潔服務,「地點安靜附近有公車站，可以考慮wemo代步。鄰近南港車站有豐富的餐廳及商店。房間整體感覺不錯，該有都有。」 | 「地理位置安靜，空間寬敞，離捷運站稍遠，但樓下有公車站」 | 「很乾淨很舒服配置很棒」,南港區,台北南港區重陽路59號,25.05582773028587,121.5967708826065,標準房,6251,2,#RD32123708,https://www.booking.com/hotel/tw/gallery.zh-tw.html,4
西門星辰大飯店,7.9,禁菸客房、免費無線網路、客房服務、機場接駁車、家庭房、24 小時接待櫃檯、電梯、行李寄存、每日清潔服務,「乾淨整潔」 | 「性價比高 房間整潔度高 櫃臺人員服務很好 讓我們行李存放期間還可以將需冷藏的東西借冰箱放」 | 「我很感謝櫃檯小姐幫我們解開行李箱的密碼鎖！」,萬華區,台北萬華區峨眉街94號,25.04426740571061,121.50357618927956,標準房,4400,3,#RD39375808,https://www.booking.com/hotel/tw/ximen-citizen-no-94.zh-tw.html,3
美代溫泉飯店,7.9,禁菸客房、免費無線網路、免費停車、家庭房、24 小時接待櫃檯、溫泉浴、電梯、行李寄存、每日清潔服務、早餐評價很好,「室內溫泉水夠熱。但白磺水竟然是透明的。出乎意料。沒什麼硫磺味 房間夠大。」 | 「房內就溫泉水可以泡，床鋪睡起來很舒服，原以為榻榻米會有異味，但我們住的家庭房沒有任何異味，早上也有簡單的早餐可以吃，CP 值不錯👌」 | 「房間內的浴室很大，泡湯池也很大。早餐很豐盛，員工很親切，吃不飽也可以續餐。住宿地點就在地熱谷旁邊，吃完早餐再去走一圈，是一個很棒的體驗。」,北投區,台北北投區光明路281號1-3樓,25.137125,121.510889,標準房,3960,2,#RD255169501,https://www.booking.com/hotel/tw/beautyage-spring.zh-tw.html,4
美代溫泉飯店,7.9,禁菸客房、免費無線網路、免費停車、家庭房、24 小時接待櫃檯、溫泉浴、電梯、行李寄存、每日清潔服務、早餐評價很好,「室內溫泉水夠熱。但白磺水竟然是透明的。出乎意料。沒什麼硫磺味 房間夠大。」 | 「房內就溫泉水可以泡，床鋪睡起來很舒服，原以為榻榻米會有異味，但我們住的家庭房沒有任何異味，早上也有簡單的早餐可以吃，CP 值不錯👌」 | 「房間內的浴室很大，泡湯池也很大。早餐很豐盛，員工很親切，吃不飽也可以續餐。住宿地點就在地熱谷旁邊，吃完早餐再去走一圈，是一個很棒的體驗。」,北投區,台北北投區光明路281號1-3樓,25.137125,121.510889,標準房,3960,2,#RD255169502,https://www.booking.com/hotel/tw/beautyage-spring.zh-tw.html,4
幸福蘋果旅店,7.0,禁菸客房、免費無線網路、家庭房、24 小時接待櫃檯、電梯、行李寄存、每日清潔服務,無,萬華區,台北萬華區峨嵋街109-2號,25.044283,121.50407,標準房,3880,2,#RD472569906,https://www.booking.com/hotel/tw/lucky-apple.zh-tw.html,3
幸福蘋果旅店,7.0,禁菸客房、免費無線網路、家庭房、24 小時接待櫃檯、電梯、行李寄存、每日清潔服務,無,萬華區,台北萬華區峨嵋街109-2號,25.044283,121.50407,標準房,3880,2,#RD472569913,https://www.booking.com/hotel/tw/lucky-apple.zh-tw.html,3
幸福蘋果旅店,7.0,禁菸客房、免費無線網路、家庭房、24 小時接待櫃檯、電梯、行李寄存、每日清潔服務,無,萬華區,台北萬華區峨嵋街109-2號,25.044283,121.50407,標準房,4500,2,#RD472569912,https://www.booking.com/hotel/tw/lucky-apple.zh-tw.html,3
幸福蘋果旅店,7.0,禁菸客房、免費無線網路、家庭房、24 小時接待櫃檯、電梯、行李寄存、每日清潔服務,無,萬華區,台北萬華區峨嵋街109-2號,25.044283,121.50407,標準房,2600,1,#RD472569911,https://www.booking.com/hotel/tw/lucky-apple.zh-tw.html,3
尚美精旅愛行旅,8.0,禁菸客房、免費無線網路、機場接駁車、家庭房、24 小時接待櫃檯、電梯、行李寄存、每日清潔服務,「地理位置優越，價格合理」 | 「就在捷運雙連站附近，交通很方便，附近有菜市場，早上很適合逛逛，中午過後還可以去赤峰街走走，很方便」 | 「有礦泉水很棒，電視螢幕很大，沐浴乳、洗髮乳還不錯洗。」,中山區,台北中山區民生西路16號4樓,25.05775899591628,121.52217428249514,標準房,4352,2,#RD190086407,https://www.booking.com/hotel/tw/i-journey.zh-tw.html,2
尚美精旅愛行旅,8.0,禁菸客房、免費無線網路、機場接駁車、家庭房、24 小時接待櫃檯、電梯、行李寄存、每日清潔服務,「地理位置優越，價格合理」 | 「就在捷運雙連站附近，交通很方便，附近有菜市場，早上很適合逛逛，中午過後還可以去赤峰街走走，很方便」 | 「有礦泉水很棒，電視螢幕很大，沐浴乳、洗髮乳還不錯洗。」,中山區,台北中山區民生西路16號4樓,25.05775899591628,121.52217428249514,標準房,4736,2,#RD190086409,https://www.booking.com/hotel/tw/i-journey.zh-tw.html,2
尚美精旅愛行旅,8.0,禁菸客房、免費無線網路、機場接駁車、家庭房、24 小時接待櫃檯、電梯、行李寄存、每日清潔服務,「地理位置優越，價格合理」 | 「就在捷運雙連站附近，交通很方便，附近有菜市場，早上很適合逛逛，中午過後還可以去赤峰街走走，很方便」 | 「有礦泉水很棒，電視螢幕很大，沐浴乳、洗髮乳還不錯洗。」,中山區,台北中山區民生西路16號4樓,25.05775899591628,121.52217428249514,標準房,4992,2,#RD190086401,https://www.booking.com/hotel/tw/i-journey.zh-tw.html,2
帥客旅店,6.8,禁菸客房、免費無線網路、客房服務、機場接駁車、家庭房、24 小時接待櫃檯、洗衣、電梯、行李寄存、早餐評價還不錯,無,中正區,台北中正區羅斯福路1段90巷2號,25.030099510230183,121.51968821883202,標準房,4010,2,#RD36086703,https://www.booking.com/hotel/tw/taipei-saual-keh.zh-tw.html,3
帥客旅店,6.8,禁菸客房、免費無線網路、客房服務、機場接駁車、家庭房、24 小時接待櫃檯、洗衣、電梯、行李寄存、早餐評價還不錯,無,中正區,台北中正區羅斯福路1段90巷2號,25.030099510230183,121.51968821883202,標準房,4500,2,無,https://www.booking.com/hotel/tw/taipei-saual-keh.zh-tw.html,3
帥客旅店,6.8,禁菸客房、免費無線網路、客房服務、機場接駁車、家庭房、24 小時接待櫃檯、洗衣、電梯、行李寄存、早餐評價還不錯,無,中正區,台北中正區羅斯福路1段90巷2號,25.030099510230183,121.51968821883202,標準房,4330,2,#RD36086704,https://www.booking.com/hotel/tw/taipei-saual-keh.zh-tw.html,3
帥客旅店,6.8,禁菸客房、免費無線網路、客房服務、機場接駁車、家庭房、24 小時接待櫃檯、洗衣、電梯、行李寄存、早餐評價還不錯,無,中正區,台北中正區羅斯福路1段90巷2號,25.030099510230183,121.51968821883202,標準房,4860,2,無,https://www.booking.com/hotel/tw/taipei-saual-keh.zh-tw.html,3
瘋台北青旅 Fun Inn Taipei Hostel,7.5,禁菸客房、免費無線網路、洗衣、電梯、行李寄存,「離西門町很近，浴室很大，上鋪有樓梯好走，不用爬鐵梯；門禁、儲物櫃都是卡片可以感應開鎖。」 | 「住宿地點很方便，離台北車站走路不到10分鐘。」 | 「入住女子宿舍兩人房上下舖，服務人員很熱心親切，雖然從車站到住宿地方有一小段距離，但是週邊商圈便利性高，目前住的青旅這間很值得推薦。」,中正區,台北中正區延平南路21號2樓,25.04567727086611,121.5106961131096,標準房,2200,2,#RD111934613,https://www.booking.com/hotel/tw/qun-yue-qing-nian-lu-guan-beimen-hostel.zh-tw.html,4
瘋台北青旅 Fun Inn Taipei Hostel,7.5,禁菸客房、免費無線網路、洗衣、電梯、行李寄存,「離西門町很近，浴室很大，上鋪有樓梯好走，不用爬鐵梯；門禁、儲物櫃都是卡片可以感應開鎖。」 | 「住宿地點很方便，離台北車站走路不到10分鐘。」 | 「入住女子宿舍兩人房上下舖，服務人員很熱心親切，雖然從車站到住宿地方有一小段距離，但是週邊商圈便利性高，目前住的青旅這間很值得推薦。」,中正區,台北中正區延平南路21號2樓,25.04567727086611,121.5106961131096,標準房,2200,2,#RD111934616,https://www.booking.com/hotel/tw/qun-yue-qing-nian-lu-guan-beimen-hostel.zh-tw.html,4
瘋台北青旅 Fun Inn Taipei Hostel,7.5,禁菸客房、免費無線網路、洗衣、電梯、行李寄存,「離西門町很近，浴室很大，上鋪有樓梯好走，不用爬鐵梯；門禁、儲物櫃都是卡片可以感應開鎖。」 | 「住宿地點很方便，離台北車站走路不到10分鐘。」 | 「入住女子宿舍兩人房上下舖，服務人員很熱心親切，雖然從車站到住宿地方有一小段距離，但是週邊商圈便利性高，目前住的青旅這間很值得推薦。」,中正區,台北中正區延平南路21號2樓,25.04567727086611,121.5106961131096,標準房,1800,1,#RD111934612,https://www.booking.com/hotel/tw/qun-yue-qing-nian-lu-guan-beimen-hostel.zh-tw.html,4
瘋台北青旅 Fun Inn Taipei Hostel,7.5,禁菸客房、免費無線網路、洗衣、電梯、行李寄存,「離西門町很近，浴室很大，上鋪有樓梯好走，不用爬鐵梯；門禁、儲物櫃都是卡片可以感應開鎖。」 | 「住宿地點很方便，離台北車站走路不到10分鐘。」 | 「入住女子宿舍兩人房上下舖，服務人員很熱心親切，雖然從車站到住宿地方有一小段距離，但是週邊商圈便利性高，目前住的青旅這間很值得推薦。」,中正區,台北中正區延平南路21號2樓,25.04567727086611,121.5106961131096,標準房,1800,1,#RD111934615,https://www.booking.com/hotel/tw/qun-yue-qing-nian-lu-guan-beimen-hostel.zh-tw.html,4
瘋台北青旅 Fun Inn Taipei Hostel,7.5,禁菸客房、免費無線網路、洗衣、電梯、行李寄存,「離西門町很近，浴室很大，上鋪有樓梯好走，不用爬鐵梯；門禁、儲物櫃都是卡片可以感應開鎖。」 | 「住宿地點很方便，離台北車站走路不到10分鐘。」 | 「入住女子宿舍兩人房上下舖，服務人員很熱心親切，雖然從車站到住宿地方有一小段距離，但是週邊商圈便利性高，目前住的青旅這間很值得推薦。」,中正區,台北中正區延平南路21號2樓,25.04567727086611,121.5106961131096,標準房,1900,1,#RD111934614,https://www.booking.com/hotel/tw/qun-yue-qing-nian-lu-guan-beimen-hostel.zh-tw.html,4
Hotel Riverview Taipei,7.6,禁菸客房、免費無線網路、免費停車、家庭房、24 小時接待櫃檯、電梯、行李寄存、早餐評價超棒,「大熱天時，空調非常好👍餐廳位置景色一流！」 | 「我有停到車位」 | 「早餐很好吃」,萬華區,台北萬華區No,25.04448975329029,121.50147199630736,標準房,7056,2,#RD30031421,https://www.booking.com/hotel/tw/riverview-taipei.zh-tw.html,4
Hotel Riverview Taipei,7.6,禁菸客房、免費無線網路、免費停車、家庭房、24 小時接待櫃檯、電梯、行李寄存、早餐評價超棒,「大熱天時，空調非常好👍餐廳位置景色一流！」 | 「我有停到車位」 | 「早餐很好吃」,萬華區,台北萬華區No,25.04448975329029,121.50147199630736,標準房,7632,2,無,https://www.booking.com/hotel/tw/riverview-taipei.zh-tw.html,4
承攜行旅-台北信義館(豪麗旺),7.4,禁菸客房、免費無線網路、機場接駁車、電梯、行李寄存,無,信義區,台北信義區基隆路二段15-2號,25.032178623749807,121.5593245625496,標準房,5681,2,#RD43431102,https://www.booking.com/hotel/tw/holypro.zh-tw.html,3
藝築文旅-昆明館Artinn Kunming,8.2,禁菸客房、免費無線網路、客房服務、家庭房,「這是第一次入住藝築文旅-昆明館，每次挑選飯店都會找有浴缸的飯店，剛好住到1015角角房，一進房間有點驚訝到，房間很大，應該也是這棟大樓最頂層的關係，房間有挑高，讓感覺不會那麼壓迫感，一整個乾淨舒適，浴室也是一整個好大一間，地理位置剛好在昆明街跟成都路口，下樓走到西門町幾分鐘的路程，非常的方便，樓下對面就有全家，讚讚，推推」 | 「相當舒服」 | 「空間大、有大浴缸」,萬華區,台北萬華區10F,25.042863,121.5048821,標準房,12267,2,#RD1156924603,https://www.booking.com/hotel/tw/yi-zhu-wen-lu-kun-ming-guan.zh-tw.html,4
藝築文旅-昆明館Artinn Kunming,8.2,禁菸客房、免費無線網路、客房服務、家庭房,「這是第一次入住藝築文旅-昆明館，每次挑選飯店都會找有浴缸的飯店，剛好住到1015角角房，一進房間有點驚訝到，房間很大，應該也是這棟大樓最頂層的關係，房間有挑高，讓感覺不會那麼壓迫感，一整個乾淨舒適，浴室也是一整個好大一間，地理位置剛好在昆明街跟成都路口，下樓走到西門町幾分鐘的路程，非常的方便，樓下對面就有全家，讚讚，推推」 | 「相當舒服」 | 「空間大、有大浴缸」,萬華區,台北萬華區10F,25.042863,121.5048821,標準房,12933,2,#RD1156924604,https://www.booking.com/hotel/tw/yi-zhu-wen-lu-kun-ming-guan.zh-tw.html,4
君品酒店,8.6,禁菸客房、健身中心、免費無線網路、客房服務、停車場（館內）、3 間餐廳、家庭房、24 小時接待櫃檯、洗衣、早餐評價很好,「服務 設施 房間都很讚」 | 「賓至如歸，入住尊爵套房，能讓你從入住後一直吃吃喝喝！ 隔天早上的早餐也是超多國樣式可以選擇！大推！」 | 「交通便利」,大同區,台北大同區承德路一段3號,25.04903624762562,121.51709988713264,標準房,11832,2,#RD30497405,https://www.booking.com/hotel/tw/palais-de-chine.zh-tw.html,5
君品酒店,8.6,禁菸客房、健身中心、免費無線網路、客房服務、停車場（館內）、3 間餐廳、家庭房、24 小時接待櫃檯、洗衣、早餐評價很好,「服務 設施 房間都很讚」 | 「賓至如歸，入住尊爵套房，能讓你從入住後一直吃吃喝喝！ 隔天早上的早餐也是超多國樣式可以選擇！大推！」 | 「交通便利」,大同區,台北大同區承德路一段3號,25.04903624762562,121.51709988713264,標準房,10472,1,無,https://www.booking.com/hotel/tw/palais-de-chine.zh-tw.html,5
君品酒店,8.6,禁菸客房、健身中心、免費無線網路、客房服務、停車場（館內）、3 間餐廳、家庭房、24 小時接待櫃檯、洗衣、早餐評價很好,「服務 設施 房間都很讚」 | 「賓至如歸，入住尊爵套房，能讓你從入住後一直吃吃喝喝！ 隔天早上的早餐也是超多國樣式可以選擇！大推！」 | 「交通便利」,大同區,台北大同區承德路一段3號,25.04903624762562,121.51709988713264,標準房,12240,2,#RD30497403,https://www.booking.com/hotel/tw/palais-de-chine.zh-tw.html,5
君品酒店,8.6,禁菸客房、健身中心、免費無線網路、客房服務、停車場（館內）、3 間餐廳、家庭房、24 小時接待櫃檯、洗衣、早餐評價很好,「服務 設施 房間都很讚」 | 「賓至如歸，入住尊爵套房，能讓你從入住後一直吃吃喝喝！ 隔天早上的早餐也是超多國樣式可以選擇！大推！」 | 「交通便利」,大同區,台北大同區承德路一段3號,25.04903624762562,121.51709988713264,標準房,10880,1,無,https://www.booking.com/hotel/tw/palais-de-chine.zh-tw.html,5
君品酒店,8.6,禁菸客房、健身中心、免費無線網路、客房服務、停車場（館內）、3 間餐廳、家庭房、24 小時接待櫃檯、洗衣、早餐評價很好,「服務 設施 房間都很讚」 | 「賓至如歸，入住尊爵套房，能讓你從入住後一直吃吃喝喝！ 隔天早上的早餐也是超多國樣式可以選擇！大推！」 | 「交通便利」,大同區,台北大同區承德路一段3號,25.04903624762562,121.51709988713264,標準房,14960,2,#RD30497414,https://www.booking.com/hotel/tw/palais-de-chine.zh-tw.html,5
君品酒店,8.6,禁菸客房、健身中心、免費無線網路、客房服務、停車場（館內）、3 間餐廳、家庭房、24 小時接待櫃檯、洗衣、早餐評價很好,「服務 設施 房間都很讚」 | 「賓至如歸，入住尊爵套房，能讓你從入住後一直吃吃喝喝！ 隔天早上的早餐也是超多國樣式可以選擇！大推！」 | 「交通便利」,大同區,台北大同區承德路一段3號,25.04903624762562,121.51709988713264,標準房,13600,1,無,https://www.booking.com/hotel/tw/palais-de-chine.zh-tw.html,5
君品酒店,8.6,禁菸客房、健身中心、免費無線網路、客房服務、停車場（館內）、3 間餐廳、家庭房、24 小時接待櫃檯、洗衣、早餐評價很好,「服務 設施 房間都很讚」 | 「賓至如歸，入住尊爵套房，能讓你從入住後一直吃吃喝喝！ 隔天早上的早餐也是超多國樣式可以選擇！大推！」 | 「交通便利」,大同區,台北大同區承德路一段3號,25.04903624762562,121.51709988713264,標準房,18360,2,#RD30497415,https://www.booking.com/hotel/tw/palais-de-chine.zh-tw.html,5
君品酒店,8.6,禁菸客房、健身中心、免費無線網路、客房服務、停車場（館內）、3 間餐廳、家庭房、24 小時接待櫃檯、洗衣、早餐評價很好,「服務 設施 房間都很讚」 | 「賓至如歸，入住尊爵套房，能讓你從入住後一直吃吃喝喝！ 隔天早上的早餐也是超多國樣式可以選擇！大推！」 | 「交通便利」,大同區,台北大同區承德路一段3號,25.04903624762562,121.51709988713264,標準房,17000,1,無,https://www.booking.com/hotel/tw/palais-de-chine.zh-tw.html,5
瀚寓酒店,8.9,禁菸客房、健身中心、免費無線網路、機場接駁車、24 小時接待櫃檯、洗衣、電梯、行李寄存、每日清潔服務、早餐評價很好,「非常乾淨」 | 「舒適與位置」 | 「飯店地點方便 鄰近捷運站與百貨公司 室內裝潢與燈光舒適 員工親切客氣 有問必答 房間打掃得十分乾淨 地板一點灰塵都沒有」,信義區,台北信義區基隆路一段206號,25.039566,121.563322,標準房,14465,2,#RD598534906,https://www.booking.com/hotel/tw/han-yu-jiu-dian.zh-tw.html,5
瀚寓酒店,8.9,禁菸客房、健身中心、免費無線網路、機場接駁車、24 小時接待櫃檯、洗衣、電梯、行李寄存、每日清潔服務、早餐評價很好,「非常乾淨」 | 「舒適與位置」 | 「飯店地點方便 鄰近捷運站與百貨公司 室內裝潢與燈光舒適 員工親切客氣 有問必答 房間打掃得十分乾淨 地板一點灰塵都沒有」,信義區,台北信義區基隆路一段206號,25.039566,121.563322,標準房,15788,2,無,https://www.booking.com/hotel/tw/han-yu-jiu-dian.zh-tw.html,5
瀚寓酒店,8.9,禁菸客房、健身中心、免費無線網路、機場接駁車、24 小時接待櫃檯、洗衣、電梯、行李寄存、每日清潔服務、早餐評價很好,「非常乾淨」 | 「舒適與位置」 | 「飯店地點方便 鄰近捷運站與百貨公司 室內裝潢與燈光舒適 員工親切客氣 有問必答 房間打掃得十分乾淨 地板一點灰塵都沒有」,信義區,台北信義區基隆路一段206號,25.039566,121.563322,標準房,15788,2,#RD598534916,https://www.booking.com/hotel/tw/han-yu-jiu-dian.zh-tw.html,5
瀚寓酒店,8.9,禁菸客房、健身中心、免費無線網路、機場接駁車、24 小時接待櫃檯、洗衣、電梯、行李寄存、每日清潔服務、早餐評價很好,「非常乾淨」 | 「舒適與位置」 | 「飯店地點方便 鄰近捷運站與百貨公司 室內裝潢與燈光舒適 員工親切客氣 有問必答 房間打掃得十分乾淨 地板一點灰塵都沒有」,信義區,台北信義區基隆路一段206號,25.039566,121.563322,標準房,17111,2,無,https://www.booking.com/hotel/tw/han-yu-jiu-dian.zh-tw.html,5
瀚寓酒店,8.9,禁菸客房、健身中心、免費無線網路、機場接駁車、24 小時接待櫃檯、洗衣、電梯、行李寄存、每日清潔服務、早餐評價很好,「非常乾淨」 | 「舒適與位置」 | 「飯店地點方便 鄰近捷運站與百貨公司 室內裝潢與燈光舒適 員工親切客氣 有問必答 房間打掃得十分乾淨 地板一點灰塵都沒有」,信義區,台北信義區基隆路一段206號,25.039566,121.563322,標準房,16229,2,#RD598534917,https://www.booking.com/hotel/tw/han-yu-jiu-dian.zh-tw.html,5
瀚寓酒店,8.9,禁菸客房、健身中心、免費無線網路、機場接駁車、24 小時接待櫃檯、洗衣、電梯、行李寄存、每日清潔服務、早餐評價很好,「非常乾淨」 | 「舒適與位置」 | 「飯店地點方便 鄰近捷運站與百貨公司 室內裝潢與燈光舒適 員工親切客氣 有問必答 房間打掃得十分乾淨 地板一點灰塵都沒有」,信義區,台北信義區基隆路一段206號,25.039566,121.563322,標準房,17552,2,無,https://www.booking.com/hotel/tw/han-yu-jiu-dian.zh-tw.html,5
瀚寓酒店,8.9,禁菸客房、健身中心、免費無線網路、機場接駁車、24 小時接待櫃檯、洗衣、電梯、行李寄存、每日清潔服務、早餐評價很好,「非常乾淨」 | 「舒適與位置」 | 「飯店地點方便 鄰近捷運站與百貨公司 室內裝潢與燈光舒適 員工親切客氣 有問必答 房間打掃得十分乾淨 地板一點灰塵都沒有」,信義區,台北信義區基隆路一段206號,25.039566,121.563322,標準房,39690,2,#RD598534907,https://www.booking.com/hotel/tw/han-yu-jiu-dian.zh-tw.html,5
瀚寓酒店,8.9,禁菸客房、健身中心、免費無線網路、機場接駁車、24 小時接待櫃檯、洗衣、電梯、行李寄存、每日清潔服務、早餐評價很好,「非常乾淨」 | 「舒適與位置」 | 「飯店地點方便 鄰近捷運站與百貨公司 室內裝潢與燈光舒適 員工親切客氣 有問必答 房間打掃得十分乾淨 地板一點灰塵都沒有」,信義區,台北信義區基隆路一段206號,25.039566,121.563322,標準房,41013,2,無,https://www.booking.com/hotel/tw/han-yu-jiu-dian.zh-tw.html,5
寓見青旅,8.0,禁菸客房、免費無線網路、機場接駁車、洗衣、行李寄存、每日清潔服務、暖氣,「地點靠近龍山寺站3號出口這點真的很讚！ 而且附近很常有很多共享機車， 所以如果有時候計劃有變，或突有神來一筆時， 都很適合耶！」 | 「浴室很乾淨」 | 「衛浴乾淨，離龍山寺又近，目前已回住好幾次，下次上台北還是會選擇這間，」,萬華區,台北萬華區昆明街316號,25.035814,121.50327590000006,標準房,950,1,#RD155773601,https://www.booking.com/hotel/tw/da-ke-ju-qing-nian-lu-guan.zh-tw.html,1
寓見青旅,8.0,禁菸客房、免費無線網路、機場接駁車、洗衣、行李寄存、每日清潔服務、暖氣,「地點靠近龍山寺站3號出口這點真的很讚！ 而且附近很常有很多共享機車， 所以如果有時候計劃有變，或突有神來一筆時， 都很適合耶！」 | 「浴室很乾淨」 | 「衛浴乾淨，離龍山寺又近，目前已回住好幾次，下次上台北還是會選擇這間，」,萬華區,台北萬華區昆明街316號,25.035814,121.50327590000006,標準房,950,1,#RD155773603,https://www.booking.com/hotel/tw/da-ke-ju-qing-nian-lu-guan.zh-tw.html,1
享住青旅,9.2,禁菸客房、免費無線網路、早餐評價很好,「地點離台北火車站很近，附近有麥當勞、光南、百貨公司等想要買什麼吃什麼都很方便。 洗浴廁所男女分開很安全，淋浴間很大，有掛勾，不用怕東西被弄濕。」 | 「很高興入住多天，櫃檯小姐服務親切、熱忱，像回家一樣。 外宿族的家，來享住青旅，絕對值得推薦！」 | 「第一次入住，已經連續住4個晚上了！ 就是簡單方便，舒服！」,中正區,台北中正區館前路8號地下1層,25.0459235,121.5147033,標準房,1499,1,#RD1162786303,https://www.booking.com/hotel/tw/just-live-hostel.zh-tw.html,4
享住青旅,9.2,禁菸客房、免費無線網路、早餐評價很好,「地點離台北火車站很近，附近有麥當勞、光南、百貨公司等想要買什麼吃什麼都很方便。 洗浴廁所男女分開很安全，淋浴間很大，有掛勾，不用怕東西被弄濕。」 | 「很高興入住多天，櫃檯小姐服務親切、熱忱，像回家一樣。 外宿族的家，來享住青旅，絕對值得推薦！」 | 「第一次入住，已經連續住4個晚上了！ 就是簡單方便，舒服！」,中正區,台北中正區館前路8號地下1層,25.0459235,121.5147033,標準房,1749,1,#RD1162786308,https://www.booking.com/hotel/tw/just-live-hostel.zh-tw.html,4
金通商旅-貓尾口袋,8.8,禁菸客房、免費無線網路、電梯、行李寄存、暖氣,「地理位置交通方便，房間內整潔乾淨， 民宿公用空間及房間內皆有讓人放鬆舒服的香氛味道， 共用衛浴本身是整潔的」 | 「便宜而且還能保有自己的空間」 | 「住宿地點真的超讚，就在後車站走路三分鐘的地方，過個馬路就有便利商店，以獨旅來說真的很方便。 而且工作人員講話都很溫柔，在公共空間做事時，還聽到櫃檯人員中英日皆通，超級厲害的！ 房間跟衛浴也都很乾淨，整間青旅都香香的，很棒！」,大同區,台北大同區慶北路一段1號10樓之1,25.049577,121.513627,標準房,1909,1,#RD1191307102,https://www.booking.com/hotel/tw/mao-wei-kou-dai-cat-tail-pocket-inn.zh-tw.html,4
金通商旅-貓尾口袋,8.8,禁菸客房、免費無線網路、電梯、行李寄存、暖氣,「地理位置交通方便，房間內整潔乾淨， 民宿公用空間及房間內皆有讓人放鬆舒服的香氛味道， 共用衛浴本身是整潔的」 | 「便宜而且還能保有自己的空間」 | 「住宿地點真的超讚，就在後車站走路三分鐘的地方，過個馬路就有便利商店，以獨旅來說真的很方便。 而且工作人員講話都很溫柔，在公共空間做事時，還聽到櫃檯人員中英日皆通，超級厲害的！ 房間跟衛浴也都很乾淨，整間青旅都香香的，很棒！」,大同區,台北大同區慶北路一段1號10樓之1,25.049577,121.513627,標準房,2000,1,#RD1191307103,https://www.booking.com/hotel/tw/mao-wei-kou-dai-cat-tail-pocket-inn.zh-tw.html,4
安庭青年旅舍- 台北車站,8.6,禁菸客房、免費無線網路、電梯、行李寄存,「床鋪很好睡！」 | 「地點與中山站和台北站非常近。近距離便有銀行、便利店，還有很多可以購物的地方，非常好！ 很欣賞店家在床位內提供足夠的置物架和掛物位置，整體設施足夠及完善。 整體住宿的地方都很清潔，連公用地方也是很整潔。」 | 「床鋪非常好睡」,大同區,台北大同區承德路一段66號12樓,25.0521259,121.51716699999996,標準房,1200,1,#RD110175301,https://www.booking.com/hotel/tw/easymind-guesthouse.zh-tw.html,2
安庭青年旅舍- 台北車站,8.6,禁菸客房、免費無線網路、電梯、行李寄存,「床鋪很好睡！」 | 「地點與中山站和台北站非常近。近距離便有銀行、便利店，還有很多可以購物的地方，非常好！ 很欣賞店家在床位內提供足夠的置物架和掛物位置，整體設施足夠及完善。 整體住宿的地方都很清潔，連公用地方也是很整潔。」 | 「床鋪非常好睡」,大同區,台北大同區承德路一段66號12樓,25.0521259,121.51716699999996,標準房,1200,1,#RD110175303,https://www.booking.com/hotel/tw/easymind-guesthouse.zh-tw.html,2
Dan Hostel丹居青旅,8.0,禁菸客房、免費無線網路、洗衣、行李寄存,「離西門商圈極近，不怕沒東西吃.房內環境也很舒適~」 | 「老闆雖然話不多，但人很好，整體都很值得稱讚。 地理位置也很好，有寄行李的服務，謝謝老闆。」 | 「入住當天因突發事故導致抵達時間延後，櫃檯人員依舊很有耐心、客氣的幫我完成了入住程序」,萬華區,台北萬華區No,25.04137369251149,121.50669209602404,標準房,1260,1,#RD519163802,https://www.booking.com/hotel/tw/dan-ju-qing-nian-lu-guan.zh-tw.html,4
Dan Hostel丹居青旅,8.0,禁菸客房、免費無線網路、洗衣、行李寄存,「離西門商圈極近，不怕沒東西吃.房內環境也很舒適~」 | 「老闆雖然話不多，但人很好，整體都很值得稱讚。 地理位置也很好，有寄行李的服務，謝謝老闆。」 | 「入住當天因突發事故導致抵達時間延後，櫃檯人員依舊很有耐心、客氣的幫我完成了入住程序」,萬華區,台北萬華區No,25.04137369251149,121.50669209602404,標準房,1260,1,#RD519163803,https://www.booking.com/hotel/tw/dan-ju-qing-nian-lu-guan.zh-tw.html,4
Dan Hostel丹居青旅,8.0,禁菸客房、免費無線網路、洗衣、行李寄存,「離西門商圈極近，不怕沒東西吃.房內環境也很舒適~」 | 「老闆雖然話不多，但人很好，整體都很值得稱讚。 地理位置也很好，有寄行李的服務，謝謝老闆。」 | 「入住當天因突發事故導致抵達時間延後，櫃檯人員依舊很有耐心、客氣的幫我完成了入住程序」,萬華區,台北萬華區No,25.04137369251149,121.50669209602404,標準房,1260,1,#RD519163805,https://www.booking.com/hotel/tw/dan-ju-qing-nian-lu-guan.zh-tw.html,4
Dan Hostel丹居青旅,8.0,禁菸客房、免費無線網路、洗衣、行李寄存,「離西門商圈極近，不怕沒東西吃.房內環境也很舒適~」 | 「老闆雖然話不多，但人很好，整體都很值得稱讚。 地理位置也很好，有寄行李的服務，謝謝老闆。」 | 「入住當天因突發事故導致抵達時間延後，櫃檯人員依舊很有耐心、客氣的幫我完成了入住程序」,萬華區,台北萬華區No,25.04137369251149,121.50669209602404,標準房,1260,1,#RD519163809,https://www.booking.com/hotel/tw/dan-ju-qing-nian-lu-guan.zh-tw.html,4
Dan Hostel丹居青旅,8.0,禁菸客房、免費無線網路、洗衣、行李寄存,「離西門商圈極近，不怕沒東西吃.房內環境也很舒適~」 | 「老闆雖然話不多，但人很好，整體都很值得稱讚。 地理位置也很好，有寄行李的服務，謝謝老闆。」 | 「入住當天因突發事故導致抵達時間延後，櫃檯人員依舊很有耐心、客氣的幫我完成了入住程序」,萬華區,台北萬華區No,25.04137369251149,121.50669209602404,標準房,1330,1,#RD519163806,https://www.booking.com/hotel/tw/dan-ju-qing-nian-lu-guan.zh-tw.html,4
Dan Hostel丹居青旅,8.0,禁菸客房、免費無線網路、洗衣、行李寄存,「離西門商圈極近，不怕沒東西吃.房內環境也很舒適~」 | 「老闆雖然話不多，但人很好，整體都很值得稱讚。 地理位置也很好，有寄行李的服務，謝謝老闆。」 | 「入住當天因突發事故導致抵達時間延後，櫃檯人員依舊很有耐心、客氣的幫我完成了入住程序」,萬華區,台北萬華區No,25.04137369251149,121.50669209602404,標準房,1330,1,#RD519163807,https://www.booking.com/hotel/tw/dan-ju-qing-nian-lu-guan.zh-tw.html,4
Dan Hostel丹居青旅,8.0,禁菸客房、免費無線網路、洗衣、行李寄存,「離西門商圈極近，不怕沒東西吃.房內環境也很舒適~」 | 「老闆雖然話不多，但人很好，整體都很值得稱讚。 地理位置也很好，有寄行李的服務，謝謝老闆。」 | 「入住當天因突發事故導致抵達時間延後，櫃檯人員依舊很有耐心、客氣的幫我完成了入住程序」,萬華區,台北萬華區No,25.04137369251149,121.50669209602404,標準房,1330,1,#RD519163808,https://www.booking.com/hotel/tw/dan-ju-qing-nian-lu-guan.zh-tw.html,4
MEANDER Taipei,8.7,禁菸客房、免費無線網路、機場接駁車、洗衣、電梯、行李寄存、早餐評價超棒,「整體都非常的棒」 | 「早餐店的餐點我喜歡/房間很安靜，很少人走動，睡覺也不會聽到聲音/公共的廁所和浴室都很棒」 | 「早餐選擇多，地點也不遠，新鮮又好吃」,萬華區,台北萬華區No,25.043935706112865,121.50246977806091,標準房,1800,1,#RD100399002,https://www.booking.com/hotel/tw/meander-hotel-taipei.zh-tw.html,3
MEANDER Taipei,8.7,禁菸客房、免費無線網路、機場接駁車、洗衣、電梯、行李寄存、早餐評價超棒,「整體都非常的棒」 | 「早餐店的餐點我喜歡/房間很安靜，很少人走動，睡覺也不會聽到聲音/公共的廁所和浴室都很棒」 | 「早餐選擇多，地點也不遠，新鮮又好吃」,萬華區,台北萬華區No,25.043935706112865,121.50246977806091,標準房,1800,1,#RD100399004,https://www.booking.com/hotel/tw/meander-hotel-taipei.zh-tw.html,3
MEANDER Taipei,8.7,禁菸客房、免費無線網路、機場接駁車、洗衣、電梯、行李寄存、早餐評價超棒,「整體都非常的棒」 | 「早餐店的餐點我喜歡/房間很安靜，很少人走動，睡覺也不會聽到聲音/公共的廁所和浴室都很棒」 | 「早餐選擇多，地點也不遠，新鮮又好吃」,萬華區,台北萬華區No,25.043935706112865,121.50246977806091,標準房,1800,1,#RD100399011,https://www.booking.com/hotel/tw/meander-hotel-taipei.zh-tw.html,3
MEANDER Taipei,8.7,禁菸客房、免費無線網路、機場接駁車、洗衣、電梯、行李寄存、早餐評價超棒,「整體都非常的棒」 | 「早餐店的餐點我喜歡/房間很安靜，很少人走動，睡覺也不會聽到聲音/公共的廁所和浴室都很棒」 | 「早餐選擇多，地點也不遠，新鮮又好吃」,萬華區,台北萬華區No,25.043935706112865,121.50246977806091,標準房,1800,1,#RD100399014,https://www.booking.com/hotel/tw/meander-hotel-taipei.zh-tw.html,3
MEANDER Taipei,8.7,禁菸客房、免費無線網路、機場接駁車、洗衣、電梯、行李寄存、早餐評價超棒,「整體都非常的棒」 | 「早餐店的餐點我喜歡/房間很安靜，很少人走動，睡覺也不會聽到聲音/公共的廁所和浴室都很棒」 | 「早餐選擇多，地點也不遠，新鮮又好吃」,萬華區,台北萬華區No,25.043935706112865,121.50246977806091,標準房,1800,1,#RD100399017,https://www.booking.com/hotel/tw/meander-hotel-taipei.zh-tw.html,3
橙舍一館 TW Hostel I,7.7,禁菸客房、免費無線網路、家庭房、洗衣、行李寄存、每日清潔服務、花園,「有桌子可以使用 空間足夠放行李」 | 「地理位置方便 洗澡水溫／水壓都足夠 艙內比想像中寬敞 睡起來沒有壓迫感 枕頭／床鋪軟硬適中 用門禁卡出入房間／艙門 感覺很安心 艙內附梳妝鏡 兩側也有小的置物空間 很方便」 | 「環境乾淨 氣氛佳」,萬華區,台北萬華區No,25.045718125275677,121.5071609616284,標準房,1180,1,#RD86344517,https://www.booking.com/hotel/tw/taipei-backpackers-hostel-c.zh-tw.html,4
橙舍一館 TW Hostel I,7.7,禁菸客房、免費無線網路、家庭房、洗衣、行李寄存、每日清潔服務、花園,「有桌子可以使用 空間足夠放行李」 | 「地理位置方便 洗澡水溫／水壓都足夠 艙內比想像中寬敞 睡起來沒有壓迫感 枕頭／床鋪軟硬適中 用門禁卡出入房間／艙門 感覺很安心 艙內附梳妝鏡 兩側也有小的置物空間 很方便」 | 「環境乾淨 氣氛佳」,萬華區,台北萬華區No,25.045718125275677,121.5071609616284,標準房,1180,1,#RD86344518,https://www.booking.com/hotel/tw/taipei-backpackers-hostel-c.zh-tw.html,4
橙舍太空艙 TW Capsule Hostel,7.8,禁菸客房、免費無線網路、電梯、行李寄存,「每個床都能夠上鎖，且有type-c與USB充電槽。」 | 「房間隔音還不錯，膠囊的空間很足夠，進房間需要幾道密碼很安全，浴室也很乾淨，地點也還不錯離捷運站沒有很遠」 | 「服務態度」,萬華區,台北萬華區3F,25.04569291400598,121.50712341070177,標準房,1180,1,#RD167504101,https://www.booking.com/hotel/tw/hao-she-tai-kong-cang-lu-guan.zh-tw.html,4
橙舍太空艙 TW Capsule Hostel,7.8,禁菸客房、免費無線網路、電梯、行李寄存,「每個床都能夠上鎖，且有type-c與USB充電槽。」 | 「房間隔音還不錯，膠囊的空間很足夠，進房間需要幾道密碼很安全，浴室也很乾淨，地點也還不錯離捷運站沒有很遠」 | 「服務態度」,萬華區,台北萬華區3F,25.04569291400598,121.50712341070177,標準房,1180,1,#RD167504102,https://www.booking.com/hotel/tw/hao-she-tai-kong-cang-lu-guan.zh-tw.html,4
